time_ms,gps_speed,gps_heading,lat,lon,blackout,accel_y_mean,accel_y_std,accel_z_std,gyro_z_std,accel_energy,accel_x_mean,accel_x_std,gyro_x_std,accel_energy_2s,accel_z_mean
63022,5.18,280.98,52.40152,-1.505763,False,1.346,0.0,0.0,0.0,103.01330401000001,-1.3563,0.0,0.0,103.01330401000001,10.0599
63122,5.18,280.98,52.40152,-1.505763,False,0.6264500000000001,1.0175973688055606,0.1177332790675596,0.06533666658163699,103.80061429,-0.9691000000000001,0.5475834913508625,0.04369919907732865,103.80061429,10.14315
63222,5.18,280.98,52.40152,-1.505763,False,0.8247333333333334,0.7973086248958638,0.0850741049517024,0.04744473978570578,103.78717537,-0.9503,0.388566802493471,0.06886699741772784,103.78717537,10.133033333333334
63322,5.18,280.98,52.40152,-1.505763,False,0.818875,0.6511051956737355,0.2790019996941486,0.059693739202700304,101.00539564,-1.3543,0.8680553592177556,0.05622967040036188,101.00539564,9.997925
63422,5.18,280.98,52.40152,-1.505763,False,0.89474,0.5888386646612126,0.24176788868664972,0.05414856415455538,101.008339688,-1.08704,0.9603539024755406,0.04952920350661819,101.008339688,9.99418
63521,5.18,280.98,52.40152,-1.505763,False,0.9738000000000001,0.5611485364856617,0.2178008876627156,0.055065103892271615,100.92182724999999,-1.1458833333333334,0.870975844479436,0.05199567930767581,100.92182724999999,9.983566666666666
63621,5.18,280.98,52.40152,-1.505763,False,1.0310285714285714,0.534164923702676,0.3311864120458593,0.056872597803796346,99.08433067142857,-1.1803571428571427,0.8003029881595738,0.04946840742669339,99.08433067142857,9.883457142857143
63721,5.18,280.98,52.40152,-1.505763,False,1.2336125,0.7568965666975717,0.31798899323943397,0.057646056735416486,99.2062227,-1.1252125,0.7571753343607317,0.04581370467135665,99.2062227,9.8536625
63822,5.18,280.98,52.40152,-1.505763,False,1.2890333333333333,0.7272716686355931,0.31493973629886746,0.05968766855706275,98.63596195555556,-1.1007222222222222,0.7120731278769369,0.04709481865815436,98.63596195555556,9.819166666666668
63921,5.18,280.98,52.40152,-1.505763,False,1.3084,0.6884078845826473,0.3051238721131689,0.05998196858686412,99.074976258,-1.05032,0.6900096356815123,0.056556677570184205,99.074976258,9.84138
64022,5.18,280.98,52.40152,-1.505763,False,1.32991,0.6930580758894276,0.364725587714015,0.06073053048783068,97.37167478199999,-0.9457799999999998,0.7171588802737895,0.05593396503417618,97.88455016636364,9.749410000000001
64121,5.18,280.98,52.40152,-1.505763,False,1.55103,0.519648485997987,0.32812294799358416,0.05802926081823816,97.086632542,-0.98866,0.7057124645821885,0.055417647610365654,98.2056295,9.71293
64221,5.18,280.98,52.40152,-1.505763,False,1.70014,0.618962521213253,0.31101046445417335,0.058204596992944724,96.229377689,-0.85174,0.8417915672342333,0.043014107504915675,97.97348484615385,9.63883
64322,5.18,280.98,52.40152,-1.505763,False,1.7189799999999997,0.5907898306504608,0.316075060705524,0.052443524120926704,96.00764487800001,-0.70222,0.6020666164691966,0.03785336620874465,97.43557366714286,9.625420000000002
64421,5.18,280.98,52.40152,-1.505763,False,1.8512999999999997,0.6090861862021025,0.40806745847551745,0.05356470645656313,94.07596629,-0.7341,0.5693631256842059,0.033692513180889935,96.38675742266668,9.49552
64521,5.18,280.98,52.40152,-1.505763,False,1.8368299999999997,0.6233660241873238,0.3974035614670158,0.05163016344907089,93.842794545,-0.57192,0.5768496276230825,0.03424019729953536,96.497431809375,9.48562
64621,5.18,280.98,52.40152,-1.505763,False,1.96875,0.6534907348658859,0.3995947246899052,0.05254528311635381,95.306525157,-0.5749299999999999,0.5816351186287003,0.03673191769806983,96.86209213352942,9.534279999999999
64721,5.18,280.98,52.40152,-1.505763,False,2.01655,0.7228021909362355,0.4107133562473967,0.07731033853531133,95.97523997200001,-0.4082,0.7452680591572404,0.04069258190656155,97.41123229555555,9.55441
64822,5.18,280.98,52.40152,-1.505763,False,2.1881,0.8416725834775528,0.4117858641197993,0.09649984686228494,97.06967582899999,-0.47031999999999996,0.8139817535492495,0.05546003165443659,97.81160083631579,9.56513
64922,10.57,325.94,52.402145,-1.506343,False,2.24807,0.8064554793112334,0.39224334510324,0.11062079571420758,95.594562231,-0.35838,0.8697322599513024,0.05806228456484369,97.3347692445,9.47718
65022,10.57,325.94,52.402145,-1.506343,False,2.23046,0.8248363395917467,0.5106297784762134,0.11225417636378217,98.45447997,-0.33053,0.8758589575065409,0.06389973135050463,97.913077376,9.62458
65121,10.57,325.94,52.402145,-1.506343,False,2.22722,0.8253901835563052,0.5549506408481544,0.11147699364044185,99.395313166,-0.23668999999999998,0.8446006465253926,0.06483201883843095,98.24097285399999,9.67184
65221,10.57,325.94,52.402145,-1.506343,False,2.10656,0.8347241343368746,0.5512028358256348,0.1153937433312569,99.016907374,-0.21195,0.8703912763170877,0.06432485263618305,97.6231425315,9.67878
65321,10.57,325.94,52.402145,-1.506343,False,2.1850300000000002,0.7507224683966477,0.5604278866286998,0.11941621888727398,98.93685608,-0.0007400000000000074,0.8946679771475747,0.06430928825259656,97.472250479,9.662949999999999
65421,10.57,325.94,52.402145,-1.506343,False,2.0422000000000002,0.8129111117185912,0.44264686313634094,0.1156836342021732,100.640732597,0.017609999999999994,0.8888724511049565,0.06522865849370879,97.35834944349999,9.782589999999999
65522,10.57,325.94,52.402145,-1.506343,False,2.05973,0.7950092019732994,0.4630931890859294,0.1165432304149647,99.750806201,-0.05072000000000001,0.9010371626322882,0.06535102566567379,96.796800373,9.73378
65621,10.57,325.94,52.402145,-1.506343,False,1.9213700000000002,0.7928307708598491,0.46851595490441816,0.11774672630504661,98.680790725,0.06861999999999999,0.7693317284789731,0.06747131159899655,96.993657941,9.706999999999999
65722,10.57,325.94,52.402145,-1.506343,False,1.76924,0.6719523084928641,0.4667473663557183,0.10924156514603565,97.49081098,-0.02566000000000001,0.7075930205044892,0.06778764308895503,96.733025476,9.68288
65822,10.57,325.94,52.402145,-1.506343,False,1.52311,0.3730512846781264,0.5148519722535125,0.08063033892745057,97.84955799500001,0.12649,0.47423884617587164,0.05377229356792917,97.459616912,9.7553
65921,10.57,325.94,52.402145,-1.506343,False,1.5052699999999999,0.34666579823609256,0.4769418082370661,0.06748315098353562,98.55954049099999,0.12797999999999998,0.47564333229380534,0.03698011627888698,97.077051361,9.796980000000001
66021,10.57,325.94,52.402145,-1.506343,False,1.44431,0.41669049385205237,0.3808594894008361,0.07068198340297034,96.54861533900001,0.05944999999999997,0.5455495216344299,0.03485462028993512,97.5015476545,9.70442
66122,10.57,325.94,52.402145,-1.506343,False,1.30584,0.4098872370678452,0.33008775281060637,0.07361963883517915,94.087033075,0.10627999999999997,0.553031632207618,0.054711161769991926,96.7411731205,9.598569999999999
66222,10.57,325.94,52.402145,-1.506343,False,1.2086999999999999,0.4681929564233591,0.36087322735584265,0.06791828750622159,95.19501695199999,0.019729999999999977,0.515568389794754,0.05964513578006364,97.105962163,9.66538
66321,10.57,325.94,52.402145,-1.506343,False,1.0764799999999999,0.4772951888855936,0.34623505118151354,0.07853776798458176,96.15786292,0.044889999999999985,0.5737955742248277,0.059335483107122,97.5473595,9.73068
66422,10.57,325.94,52.402145,-1.506343,False,1.0186899999999999,0.5089922995488254,0.35108264554090185,0.07214753403039263,96.229559723,0.06352,0.5696552150204541,0.052287687099567035,98.43514616,9.738980000000002
66522,10.57,325.94,52.402145,-1.506343,False,0.93028,0.5122310780627575,0.3898861115761869,0.08068363182482827,95.59239851,0.11833,0.5345248441372953,0.045998574857150705,97.6716023555,9.7136
66621,10.57,325.94,52.402145,-1.506343,False,0.9017299999999999,0.4964278174003652,0.38642888392734326,0.08801415858321379,95.65217932,0.12037,0.5331106661222725,0.04806763868642704,97.1664850225,9.72023
66721,10.57,325.94,52.402145,-1.506343,False,0.8707800000000001,0.4554299185019229,0.39506214194731204,0.09202306715649552,96.38126230600001,0.04998999999999999,0.5957057783279706,0.05056348704571543,96.936036643,9.76196
66821,10.57,325.94,52.402145,-1.506343,False,0.85732,0.45361197270109527,0.36457235236796226,0.10632649978041951,95.94695524300002,0.0028199999999999835,0.6187303340084612,0.05035021902192249,96.89825661900001,9.742030000000002
66921,10.57,325.94,52.402145,-1.506343,False,0.81644,0.35691806155848743,0.41330095840951264,0.11353283665970826,94.94737764,-0.11070000000000002,0.6138305647507478,0.04095583122231953,96.7534590655,9.696
67022,10.57,325.94,52.402145,-1.506343,False,0.76684,0.39562055389813644,0.4501617413034275,0.11810719424884045,93.84860084,-0.11950000000000002,0.6240453384526193,0.03221967135496939,95.1986080895,9.6404
67122,10.57,325.94,52.402145,-1.506343,False,0.66132,0.5322584664532005,0.509540876127168,0.12469477401505911,96.312457584,-0.16098,0.599266922164072,0.029294337716054192,95.1997453295,9.7666
67221,10.57,325.94,52.402145,-1.506343,False,0.6679,0.5309201320977275,0.6047579482735187,0.12908414180938982,97.821871892,-0.17996,0.6022868072789094,0.029208615547852226,96.508444422,9.838339999999999
67321,10.57,325.94,52.402145,-1.506343,False,0.6512100000000001,0.5409822742012919,0.616165823279556,0.12048045300195194,98.34778399300001,-0.3254,0.3136015660391736,0.015377964032270056,97.2528234565,9.86502
67421,10.57,325.94,52.402145,-1.506343,False,0.66063,0.5391679166394594,0.6423136946487499,0.12349561215776945,99.333572638,-0.38463,0.2936911077608203,0.014323702190581128,97.7815661805,9.91283
67522,10.57,325.94,52.402145,-1.506343,False,0.6673199999999999,0.5375811479829519,0.582378647731289,0.12008435969952307,101.73877912,-0.44720000000000004,0.2558481667795266,0.01848140506924049,98.665588815,10.03634
67622,10.57,325.94,52.402145,-1.506343,False,0.57845,0.5453743469703496,0.5739531091958165,0.13187232714510905,103.516484619,-0.50911,0.26506425824693913,0.018879394999723124,99.5843319695,10.13004
67721,10.57,325.94,52.402145,-1.506343,False,0.5765100000000001,0.5425540289531866,0.6406408007265435,0.12823798579204213,101.993292179,-0.57782,0.38657629058756887,0.01897975529639742,99.1872772425,10.0512
67822,10.57,325.94,52.402145,-1.506343,False,0.59824,0.5589185176153454,0.6490328055396422,0.1244434918614335,101.052964268,-0.6537900000000001,0.43588980628390733,0.02622405384375222,98.49995975549999,10.00174
67921,10.57,325.94,52.402145,-1.506343,False,0.51789,0.4656113650054347,0.5950026308064992,0.11853603109041008,103.883228973,-0.77301,0.5632471954854479,0.02609448643338738,99.4153033065,10.153880000000001
68021,10.57,325.94,52.402145,-1.506343,False,0.5480799999999999,0.4581574785061497,0.5020112499845949,0.11141972745733435,107.199534946,-0.84952,0.6175299431336644,0.026042495186820547,100.524067893,10.319080000000001
68121,10.57,325.94,52.402145,-1.506343,False,0.6896800000000001,0.3556633733055919,0.5099062807135218,0.09552245809232507,106.040225818,-1.05328,0.6483630084039858,0.026809627209476956,101.176341701,10.257520000000001
68221,10.57,325.94,52.402145,-1.506343,False,0.67179,0.3650401117989966,0.5307155948967915,0.09470139093194167,103.153324175,-1.06699,0.6331431810156901,0.02317163975399465,100.48759803349999,10.11576
68322,10.57,325.94,52.402145,-1.506343,False,0.69539,0.34431762936116206,0.5295697704531167,0.09219454129418099,102.86519053100001,-1.21066,0.5641666266863603,0.022065770374547062,100.606487262,10.100620000000001
68421,10.57,325.94,52.402145,-1.506343,False,0.7413399999999999,0.36178463268144223,0.5181789888102705,0.09037946177706034,101.88541451199998,-1.33799,0.5441574597485552,0.025172259864117953,100.609493575,10.0487
68522,10.57,325.94,52.402145,-1.506343,False,0.77767,0.3623025348762817,0.5091462112639503,0.08663367064189817,101.24642457099999,-1.45767,0.487376598740646,0.024879730705938456,101.49260184549999,10.014500000000002
68621,10.57,325.94,52.402145,-1.506343,False,0.78445,0.34935937005388307,0.48954829020683516,0.0713975481994227,100.777367263,-1.48902,0.4506894318707736,0.024620607899346236,102.14692594099999,9.99182
68721,10.57,325.94,52.402145,-1.506343,False,0.76922,0.32805000567325676,0.41445487356552096,0.06324513947068712,102.020595782,-1.49373,0.4499663050347963,0.022621820832501412,102.0069439805,10.0587
68821,10.57,325.94,52.402145,-1.506343,False,0.7471099999999999,0.3126681892287048,0.45794089926781245,0.056331045318426906,101.358581312,-1.4537200000000001,0.4913263970564222,0.01860249684555559,101.20577279,10.02615
68921,10.57,325.94,52.402145,-1.506343,False,0.72378,0.32569462111343483,0.42126595980316306,0.056867711010340084,100.69306377400001,-1.56498,0.6695397055689334,0.023247243564202394,102.2881463735,9.995700000000001
69022,10.57,325.94,52.402145,-1.506343,False,0.4203799999999999,1.0595545141447167,0.46486235477706717,0.06841500485192477,101.691837094,-1.48583,0.7140777051553988,0.03126066040391509,104.44568602,10.0155
69122,10.57,325.94,52.402145,-1.506343,False,0.35461999999999994,1.035454828458383,0.5029909105650947,0.0736586601983923,100.604683309,-1.3988099999999999,0.6894173005758805,0.03502625047335553,103.32245456350002,9.96425
69221,10.57,325.94,52.402145,-1.506343,False,0.33923,1.0354973523760356,0.5105160031227589,0.08020450873998433,100.483404936,-1.36463,0.7457359050703618,0.05631343731492724,101.8183645555,9.95835
69322,10.57,325.94,52.402145,-1.506343,False,0.3557199999999999,1.0400220294675395,0.5606389260874044,0.08892537695543756,98.835535039,-1.2579,0.7839427289172486,0.06111021373078514,100.850362785,9.87181
69421,10.57,325.94,52.402145,-1.506343,False,0.28534,1.0097712185330792,0.5724042103269272,0.08490740642998504,99.37328721,-1.30714,0.8376735219244631,0.061355670751230086,100.629350861,9.9035
69522,10.57,325.94,52.402145,-1.506343,False,0.25653,0.9928010666235662,0.5980590940701366,0.08267946204738177,100.28128345500001,-1.37196,0.9006941387372054,0.061531983553271045,100.76385401299999,9.9502
69622,10.57,325.94,52.402145,-1.506343,False,0.22525,0.9995586851205894,0.6181791345017454,0.0778312198142736,98.362280698,-1.45256,0.913218694995284,0.0650924675621792,99.56982398049999,9.85233
69721,10.57,325.94,52.402145,-1.506343,False,0.11074999999999997,0.9490647492839122,0.6241053985060838,0.08025994157873664,98.67764420099999,-1.38287,0.939421984283717,0.06447317185379439,100.34911999149999,9.874419999999999
69821,10.57,325.94,52.402145,-1.506343,False,0.05220999999999998,0.9160017266480582,0.6056506404960912,0.08113065525571836,100.382260182,-1.4357099999999998,0.919889202808928,0.06561717593570905,100.870420747,9.96465
69922,10.57,325.94,52.402145,-1.506343,False,0.05476999999999997,0.9172979172548044,0.6003163081983374,0.0809542538858967,100.204777306,-1.2981,0.7661902273224613,0.06293068585533006,100.44892054,9.95591
70022,10.57,325.94,52.402145,-1.506343,False,0.2705,0.3236490074138984,0.4859590444563027,0.0678247709583715,96.763683586,-1.33383,0.7474095754299948,0.05478301541333588,99.22776034,9.817519999999998
70121,10.57,325.94,52.402145,-1.506343,False,0.25345,0.32029667584219046,0.4699962743351079,0.05981631512852956,98.085009504,-1.34761,0.7456535380307521,0.05445414074654436,99.34484640650001,9.88583
70222,10.57,325.94,52.402145,-1.506343,False,0.30145,0.3565360578616939,0.4306595005853659,0.05701455954403225,99.294916192,-1.42051,0.6438912010408111,0.038121130040380126,99.88916056400001,9.94599
70321,10.57,325.94,52.402145,-1.506343,False,0.26276,0.3301623412134661,0.3485107696406908,0.047367011492997706,101.254643517,-1.5556100000000002,0.5745653612369387,0.02821556701932885,100.045089278,10.04879
70421,10.57,325.94,52.402145,-1.506343,False,0.27626999999999996,0.33749792114586336,0.3575802853128738,0.043269400273172255,100.200738485,-1.4202000000000001,0.5310047415565665,0.028156593859659126,99.7870128475,9.99534
70522,10.57,325.94,52.402145,-1.506343,False,0.26564,0.3256141759130846,0.32466352240091667,0.042124044334692155,98.815116007,-1.33969,0.40884946007057477,0.028458359443619335,99.548199731,9.92745
70622,10.57,325.94,52.402145,-1.506343,False,0.35523,0.3341583358895091,0.3210761697444557,0.050564195720775466,98.90708744,-1.18661,0.4433579252577869,0.022322487416156403,98.634684069,9.929129999999999
70721,10.57,325.94,52.402145,-1.506343,False,0.41983999999999994,0.31598654401730697,0.32125914427105634,0.05107307292280128,98.084102426,-1.3153,0.4888510247963534,0.022401438445878004,98.3808733135,9.8856
70822,10.57,325.94,52.402145,-1.506343,False,0.48856,0.3508420258622283,0.29632714672956145,0.05206735381535471,97.593484061,-1.29599,0.49051578171462695,0.0244400150027235,98.9878721215,9.85723
70921,10.57,325.94,52.402145,-1.506343,False,0.56257,0.4208502822989577,0.2952603448182941,0.05366809107840523,96.030112442,-1.20129,0.5308664352839719,0.025789834345252623,98.117444874,9.77117
71021,10.57,325.94,52.402145,-1.506343,False,0.57116,0.40183970325381285,0.39024510830444653,0.05656408460027145,98.09007399100001,-1.2421600000000002,0.5409689931553896,0.024976913784978284,97.42687878849999,9.873270000000002
71122,10.57,325.94,52.402145,-1.506343,False,0.60078,0.384754758255179,0.38573239486001026,0.045678241842016826,97.32108197000001,-1.24675,0.5419344061374549,0.02412325065620797,97.703045737,9.83326
71221,10.57,325.94,52.402145,-1.506343,False,0.63639,0.41511380889261507,0.3841211077829999,0.05197155632330694,97.264964834,-1.32849,0.5413945007519424,0.026185451855732886,98.279940513,9.82711
71322,10.57,325.94,52.402145,-1.506343,False,0.6884599999999998,0.40053372503309886,0.3572346637715827,0.05426261246116989,96.331745157,-1.25117,0.5076929650662674,0.028202421093863044,98.793194337,9.777449999999998
71421,10.57,325.94,52.402145,-1.506343,False,0.66503,0.4191884833288681,0.3624534416077855,0.055779562167119545,96.898249929,-1.3700899999999998,0.5701804908194524,0.02805929436033656,98.549494207,9.807120000000001
71522,10.57,325.94,52.402145,-1.506343,False,0.65147,0.42541952379060294,0.36222889341163433,0.05574761479700772,96.96640456200001,-1.3072899999999998,0.5742764693265976,0.026811863046047647,97.89076028449999,9.811269999999999
71622,10.57,325.94,52.402145,-1.506343,False,0.5588599999999999,0.4887919375585316,0.3255269874458179,0.04839805322071905,97.524694794,-1.4474500000000001,0.4971626500005368,0.02416692183773362,98.215891117,9.84388
71722,10.57,325.94,52.402145,-1.506343,False,0.49833,0.5159611571297474,0.36044236155034887,0.03792419485705073,98.873215981,-1.40895,0.4594194772874912,0.026862646514775733,98.4786592035,9.913039999999999
71823,10.57,325.94,52.402145,-1.506343,False,0.4746599999999999,0.49805698736858217,0.37118088672055627,0.045133541358457055,99.279163942,-1.3925899999999998,0.47158235866071213,0.02454728996130652,98.4363240015,9.935120000000001
71921,10.57,325.94,52.402145,-1.506343,False,0.42142999999999997,0.4332951266490072,0.3207052785138662,0.04559931895202917,100.65185312999999,-1.4693999999999998,0.377581932241939,0.027966797774822076,98.340982786,10.01063
72021,10.57,325.94,52.402145,-1.506343,False,0.45347,0.3912647016762171,0.23900969389915822,0.03670258997824416,99.310582381,-1.38097,0.4537086854163393,0.03125090043147225,98.70032818600001,9.945640000000001
72122,10.57,325.94,52.402145,-1.506343,False,0.46071,0.393499576309247,0.22249080979769736,0.03759302683566015,99.977801857,-1.3840499999999998,0.45372972926867244,0.030797546799849234,98.6494419135,9.97906
72221,10.57,325.94,52.402145,-1.506343,False,0.43232,0.34978412008933174,0.22078436035591006,0.040265452520326456,100.026333528,-1.3447099999999998,0.4408278410495927,0.02695931914735429,98.645649181,9.98426
72321,10.57,325.94,52.402145,-1.506343,False,0.3997,0.3238627521377283,0.2033601774629623,0.03863520127782144,100.64208524,-1.4400499999999998,0.48506417043979344,0.02655321700535263,98.4869151985,10.017520000000001
72421,10.57,325.94,52.402145,-1.506343,False,0.38526000000000005,0.33356515338919474,0.21429351237131453,0.036193130103193125,100.254897009,-1.34809,0.41558085575092024,0.026353494391952684,98.576573469,9.99825
72521,10.57,325.94,52.402145,-1.506343,False,0.43977000000000005,0.38036630312838826,0.20933228476380455,0.03970499548755376,100.44686388599999,-1.3654300000000001,0.402440292465852,0.027698794598722837,98.706634224,10.00419
72622,10.57,325.94,52.402145,-1.506343,False,0.4898700000000001,0.32449606760158156,0.1693092243335661,0.03705995292915398,101.048318146,-1.2869,0.381496148225787,0.027711451704224566,99.28650647,10.03433
72721,10.57,325.94,52.402145,-1.506343,False,0.53854,0.2801621006964859,0.11912854122049679,0.03408676673823237,100.39864109,-1.2239099999999998,0.3651204624656247,0.025282528002995214,99.6359285355,10.00126
72821,10.57,325.94,52.402145,-1.506343,False,0.54016,0.2813293135573822,0.12774977669035711,0.03437146102994941,99.45602591100001,-1.29235,0.38371829727896367,0.02526415994601429,99.3675949265,9.95381
72921,10.57,325.94,52.402145,-1.506343,False,0.49044999999999994,0.2951370162032113,0.1155657047358904,0.03547994738816088,99.229804508,-1.32538,0.4027284577313443,0.02229081774084502,99.940828819,9.944790000000001
73022,10.57,325.94,52.402145,-1.506343,False,0.50818,0.27439955782277525,0.16113740203107466,0.03540229747723535,99.902481671,-1.40859,0.329511771666305,0.016410822987014614,99.606532026,9.97763
73121,10.57,325.94,52.402145,-1.506343,False,0.48283000000000004,0.27644031724768603,0.1602668399887858,0.03538037120589133,99.741871687,-1.40455,0.3298667281393105,0.017105051235754717,99.85983677200001,9.9708
73221,10.57,325.94,52.402145,-1.506343,False,0.47375,0.2654212553240209,0.1633052999752017,0.03293524960686748,99.999888092,-1.4441599999999999,0.33951796614219665,0.01764898801001899,100.01311081000001,9.984390000000001
73322,10.57,325.94,52.402145,-1.506343,False,0.4069400000000001,0.33482450195753677,0.19587896177654313,0.03181521124661384,100.51334114900001,-1.33345,0.29281173416833417,0.01508505146752222,100.57771319449999,10.01061
73422,10.57,325.94,52.402145,-1.506343,False,0.44933999999999996,0.3212324018526172,0.1852236953883675,0.03166831750082929,100.779769084,-1.28206,0.3503754024852019,0.010881487847615081,100.5173330465,10.02268
73521,10.57,325.94,52.402145,-1.506343,False,0.36666000000000004,0.2784949837968388,0.1885311766142275,0.028567154799407846,100.623206319,-1.1814,0.5003839969907562,0.011364100394566852,100.5350351025,10.01933
73621,10.57,325.94,52.402145,-1.506343,False,0.32783,0.30507993506256575,0.19818854210627834,0.0260770737963019,100.35983408300001,-1.052,0.6797453853384292,0.00819661854398339,100.7040761145,10.00666
73721,10.57,325.94,52.402145,-1.506343,False,0.21772999999999998,0.4120635146565549,0.20378213420761832,0.02366388716072558,100.59070867099999,-0.9216600000000001,0.7993424425391444,0.011704609728175707,100.49467488050001,10.01764
73823,4.95,314.82,52.40266,-1.507243,False,0.12938,0.3838958909797199,0.231805138472408,0.02219741976997421,100.249744654,-0.73392,0.8185763791146464,0.011676096189319387,99.8528852825,10.0026
73921,4.95,314.82,52.40266,-1.507243,False,0.08736,0.3986645490467751,0.23679473647489052,0.020894294808764258,99.818503145,-0.60174,0.7533678829835475,0.012680711511759141,99.5241538265,9.98085
74022,4.95,314.82,52.40266,-1.507243,False,0.05780999999999999,0.3930355637004561,0.2285353306019133,0.025131010060613645,98.52198585099998,-0.43047,0.7222504275603526,0.013373423063840486,99.212233761,9.91628
74122,4.95,314.82,52.40266,-1.507243,False,0.009509999999999996,0.38284843955104303,0.23923761433165777,0.036257481986481044,98.87681405,-0.28813,0.6558482108435365,0.013935330797812454,99.3093428685,9.93445
74222,4.95,314.82,52.40266,-1.507243,False,-0.05896,0.28984541933781394,0.23736169797728435,0.03147634914591515,98.251297827,-0.11064,0.4358297226109212,0.01286506466710932,99.1255929595,9.905629999999999
74322,4.95,314.82,52.40266,-1.507243,False,-0.05756,0.28925962655641674,0.18551694621604764,0.03138489374771807,97.20263087199999,0.030490000000000007,0.3524488188218119,0.012988045785773509,98.8579860105,9.85358
74422,4.95,314.82,52.40266,-1.507243,False,-0.11047,0.20188946948489184,0.2085138420664899,0.029828107549759134,96.411053488,0.13688,0.241693174638152,0.010766511866792944,98.595411286,9.81443
74521,4.95,314.82,52.40266,-1.507243,False,-0.15227,0.18845137922906158,0.22762493907497006,0.029321330877783193,96.94273149299998,0.22832,0.28658163002305,0.010747532016442655,98.782968906,9.840779999999999
74621,4.95,314.82,52.40266,-1.507243,False,-0.18736999999999998,0.1950373357419949,0.22805880455121294,0.031455753757372314,96.90731592199998,0.26972,0.3205807085067165,0.01048198984502115,98.6335750025,9.83825
74722,4.95,314.82,52.40266,-1.507243,False,-0.13864,0.13433004297046386,0.20925486560119563,0.03183760180806473,95.75046032499999,0.32145,0.36084326006361134,0.009534038435463979,98.17058449800001,9.781389999999998
74822,4.95,314.82,52.40266,-1.507243,False,-0.17804999999999999,0.18687224542749356,0.19725894684679518,0.03312168809439247,96.39331615799999,0.49143,0.6064544629786053,0.009590180162831722,98.321530406,9.81301
74922,4.95,314.82,52.40266,-1.507243,False,-0.24308000000000002,0.28994361060960755,0.20134854136821356,0.03272825656489779,96.16459323,0.67179,0.594537170971394,0.009989444428996823,97.9915481875,9.79762
75022,4.95,314.82,52.40266,-1.507243,False,-0.32065,0.32186194849483435,0.19721244861540763,0.04357922032855156,96.34927542,0.7821400000000001,0.6036212686776387,0.010203180332078069,97.4356306355,9.80399
75122,4.95,314.82,52.40266,-1.507243,False,-0.40731,0.3778737133252654,0.17936013554360372,0.04333378076692078,95.185899445,1.02804,0.7590199751433878,0.007569595615209161,97.03135674749998,9.739740000000001
75221,4.95,314.82,52.40266,-1.507243,False,-0.5112599999999999,0.3828431248203695,0.19158628923338825,0.048015951053327614,95.609381728,1.14766,0.683338442582527,0.008250521869016961,96.9303397775,9.75618
75321,4.95,314.82,52.40266,-1.507243,False,-0.5752999999999999,0.3709913296381326,0.19491912995450178,0.051720354901248586,95.30891532300001,1.21867,0.6389301058105757,0.00905170947636195,96.2557730975,9.73755
75421,4.95,314.82,52.40266,-1.507243,False,-0.5856999999999999,0.35361182421155707,0.1828310151782462,0.0529122166107853,95.89030844300001,1.3184799999999999,0.5588954956976425,0.01020527641304648,96.1506809655,9.767529999999999
75521,4.95,314.82,52.40266,-1.507243,False,-0.64016,0.34376697275270435,0.16641831362896464,0.05360762383591844,95.77487562200001,1.39231,0.5240903345586335,0.01093219506269921,96.35880355750001,9.75878
75621,4.95,314.82,52.40266,-1.507243,False,-0.64768,0.3381645122323399,0.16672926324499768,0.05061886341408044,95.61480294100002,1.4087999999999998,0.5013006416645963,0.010764184440387615,96.2610594315,9.75025
75721,4.95,314.82,52.40266,-1.507243,False,-0.7047,0.2792449541969336,0.16023696376165175,0.052797294753929684,95.80591729300002,1.46061,0.4552301333757861,0.010736728241571064,95.778188809,9.75787
75822,4.95,314.82,52.40266,-1.507243,False,-0.70583,0.27856287161868426,0.1756810522256436,0.06313912416243986,95.01181888800002,1.4432800000000001,0.4403208824886213,0.012496350578380645,95.702567523,9.71679
75922,4.95,314.82,52.40266,-1.507243,False,-0.70329,0.27695198721479747,0.18953695183554256,0.06398175868514745,95.53469614000001,1.35687,0.5173979342182725,0.016657614208257072,95.849644685,9.743649999999999
76022,4.95,314.82,52.40266,-1.507243,False,-0.68987,0.2759098365207228,0.22557843671572028,0.059221509793505094,96.346241549,1.37543,0.519377062878644,0.02242801076035686,96.3477584845,9.785499999999999
76122,4.95,314.82,52.40266,-1.507243,False,-0.6579699999999999,0.25349724982072236,0.21433532399282224,0.049930063310817265,96.464335209,1.23234,0.3314882139684642,0.02369408036713941,95.82511732700002,9.7945
76221,4.95,314.82,52.40266,-1.507243,False,-0.55381,0.307652587074018,0.2256622983328991,0.0483054413774128,95.465514913,1.20343,0.3398269790153055,0.025167845447007592,95.5374483205,9.74822
76321,4.95,314.82,52.40266,-1.507243,False,-0.57026,0.3261615250829677,0.3437800687455034,0.04610386823973303,97.45861637300001,1.1739099999999998,0.35587290943069666,0.0251563908381154,96.383765848,9.845369999999999
76422,4.95,314.82,52.40266,-1.507243,False,-0.62031,0.27883480354265255,0.3451979382261021,0.05633797712615057,97.71476460599999,1.24034,0.4411513224884809,0.02486699955094469,96.80253652450001,9.85661
76521,4.95,314.82,52.40266,-1.507243,False,-0.54247,0.31988632373253156,0.3440096169521312,0.058224771360650254,97.006013882,1.14138,0.4864018133189906,0.024681031853092165,96.39044475200001,9.824110000000001
76621,4.95,314.82,52.40266,-1.507243,False,-0.56695,0.32163233063719515,0.3417714109362129,0.05609137485686486,97.372422155,1.11331,0.5127716698926009,0.02500742334232456,96.49361254800002,9.84138
76721,4.95,314.82,52.40266,-1.507243,False,-0.5335,0.32659475058719784,0.33845388738923515,0.04986822635707028,97.96083220099999,1.03105,0.542645491499235,0.02543311271201854,96.88337474699999,9.87305
76822,4.95,314.82,52.40266,-1.507243,False,-0.54575,0.3299542569306684,0.3223169964836138,0.05024576930780671,99.433725841,0.9269999999999999,0.49525486592483264,0.024771948741357856,97.2227723645,9.94708
76921,4.95,314.82,52.40266,-1.507243,False,-0.55392,0.3392173207055759,0.45982427609781956,0.05016939748935044,101.61403773800001,0.92326,0.4982682949754876,0.022556568395431825,98.574366939,10.05054
77021,4.95,314.82,52.40266,-1.507243,False,-0.46810999999999997,0.4130488952762029,0.4821853867779669,0.05015606754033961,100.468959818,0.8403,0.45734646968500253,0.017998382643387552,98.40760068350001,9.99435
77122,4.95,314.82,52.40266,-1.507243,False,-0.54981,0.5255044210618579,0.46837358118872446,0.05140956352880483,100.999224125,0.77568,0.46356660506699016,0.028399313371981642,98.73177966700001,10.01254
77222,4.95,314.82,52.40266,-1.507243,False,-0.59243,0.487719972137932,0.4409207482328501,0.05686428385003873,102.74356309699999,0.77383,0.4626691595754181,0.029884222890645715,99.104539005,10.099680000000001
77322,4.95,314.82,52.40266,-1.507243,False,-0.42160999999999993,0.623026486774218,0.4317434990824926,0.06351808228983126,102.539895748,0.7309599999999999,0.47243368305921024,0.04461978758851796,99.9992560605,10.09183
77421,4.95,314.82,52.40266,-1.507243,False,-0.37525,0.6265000634033863,0.4666030272083484,0.05607399476485412,101.687486268,0.51886,0.27396757391260135,0.04510893481340494,99.701125437,10.04975
77521,4.95,314.82,52.40266,-1.507243,False,-0.41583000000000003,0.6161561401138534,0.45447137655864034,0.062368549766689284,102.95080732,0.50919,0.27620075810500394,0.045344758364237944,99.978410601,10.111889999999999
77621,4.95,314.82,52.40266,-1.507243,False,-0.43323999999999996,0.6273632975486483,0.5551879226392081,0.06296380000532933,101.49346572300001,0.50231,0.27552322124359235,0.047519848484607094,99.432943939,10.03365
77721,4.95,314.82,52.40266,-1.507243,False,-0.46064000000000005,0.6288058209371532,0.5617312164688292,0.0629074531885266,101.084569082,0.41781999999999997,0.38718254896395216,0.050069706964946094,99.5227006415,10.011619999999999
77821,4.95,314.82,52.40266,-1.507243,False,-0.20795000000000002,0.9537684499453278,0.8464925926695639,0.05852277904087147,97.301022274,0.42288,0.39117624274601587,0.050675088115913244,98.3673740575,9.78745
77921,4.95,314.82,52.40266,-1.507243,False,-0.12519,0.9192318537779258,0.8048686739669579,0.06145189265686704,96.58614930600001,0.17261,0.8430803513175825,0.06972643369308065,99.100093522,9.75843
78022,4.95,314.82,52.40266,-1.507243,False,-0.16263,0.9116880875606537,0.8460396000713469,0.06461604633869548,98.717995995,0.18106,0.8491226415803815,0.06946985277402323,99.5934779065,9.86404
78122,4.95,314.82,52.40266,-1.507243,False,0.05366,0.8104110825171805,0.8851897187734491,0.06235416407729139,97.173429232,0.24291999999999997,0.8919410341745945,0.060716518894504204,99.0863266785,9.79154
78221,4.95,314.82,52.40266,-1.507243,False,0.13347,0.802215976807023,0.9119046295772602,0.058561914054936555,97.817696036,0.11814,0.8661904245346724,0.07571538813213613,100.2806295665,9.82203
78321,4.95,314.82,52.40266,-1.507243,False,-0.12665,0.9837881820911575,0.9161672118729786,0.05187536773631368,98.21107484000001,0.06481,0.8604196824160226,0.07670091988438686,100.37548529400001,9.82693
78421,4.95,314.82,52.40266,-1.507243,False,-0.27019000000000004,1.0831392805175162,0.9335087285195667,0.05482999584574525,100.443012447,0.11447,0.8628122121553711,0.07300028614860218,101.0652493575,9.926219999999999
78521,4.95,314.82,52.40266,-1.507243,False,-0.21309000000000006,1.0873041273923532,0.9253641358946194,0.048947033731484776,99.91226074699999,0.10493000000000001,0.8597218116602865,0.0686132065357037,101.4315340335,9.90112
78621,4.95,314.82,52.40266,-1.507243,False,-0.1388,1.0623909847341735,0.8861029629789055,0.05311428349428342,100.96106279099999,-0.03473999999999999,0.9015993125798427,0.05876593495479447,101.227264257,9.960890000000001
78722,4.95,314.82,52.40266,-1.507243,False,-0.20793,1.117774291517648,0.8941906719362338,0.056470562636159745,102.422044467,-0.11983999999999999,0.9727023242264593,0.06167971843861393,101.7533067745,10.0267
78821,4.95,314.82,52.40266,-1.507243,False,-0.45895,0.8569479541437239,0.5302660531385227,0.060503025636005243,105.999426703,-0.18383,0.931328698449455,0.056982999414055484,101.6502244885,10.24084
78922,4.95,314.82,52.40266,-1.507243,False,-0.57928,0.8856483247379369,0.5265598081467585,0.05907050777578339,104.197050634,-0.01211,0.6969934408267814,0.053601709135271486,100.39159997,10.14426
79021,4.95,314.82,52.40266,-1.507243,False,-0.63843,0.8745962040342471,0.5523643720910606,0.05521326430809496,101.67124089299999,-0.16782999999999998,0.6781274987460366,0.04962571130192743,100.194618444,10.015020000000002
79121,4.95,314.82,52.40266,-1.507243,False,-0.85,0.7746905532748782,0.45402519276650555,0.059095064655744836,104.763793121,-0.35034,0.5417704889218927,0.039104356108580714,100.96861117649999,10.16443
79222,4.95,314.82,52.40266,-1.507243,False,-0.9821199999999999,0.634340789586589,0.4212664853351887,0.06839709301814902,103.34195653699999,-0.43473000000000006,0.5929246514805514,0.034587737069018874,100.5798262865,10.09235
79321,4.95,314.82,52.40266,-1.507243,False,-0.81823,0.5932277996969939,0.39291338612981375,0.06547318789652241,102.34828781,-0.55663,0.6380205274475456,0.03463543464911853,100.279681325,10.060970000000001
79421,4.95,314.82,52.40266,-1.507243,False,-0.76443,0.5405486596454085,0.36836193795414,0.06399241621734039,100.63812315499999,-0.6684399999999999,0.5482074550549066,0.03356953148979699,100.540567801,9.98342
79521,4.95,314.82,52.40266,-1.507243,False,-0.89484,0.45538197202397906,0.38295395951877514,0.06417185260428954,99.938469462,-0.72424,0.4582104906893527,0.025767041825643714,99.9253651045,9.94078
79621,4.95,314.82,52.40266,-1.507243,False,-0.9102400000000002,0.4284065493845294,0.3749419267625866,0.06267214160480979,100.72223592200001,-0.68647,0.4575968969640319,0.02767758017682313,100.8416493565,9.98008
79721,4.95,314.82,52.40266,-1.507243,False,-0.8509400000000001,0.40826030421779136,0.3503148629764642,0.05993537630926605,99.11755272900001,-0.66388,0.4339842106702856,0.026282324013594833,100.769798598,9.90621
79821,4.95,314.82,52.40266,-1.507243,False,-0.94079,0.4586072549942239,0.34761738481010823,0.0573059469475512,99.227187397,-0.6284799999999999,0.5094757322756183,0.027214620253745662,102.61330705,9.901720000000001
79922,4.95,314.82,52.40266,-1.507243,False,-0.8614499999999999,0.45668482506477925,0.4953493442903559,0.06457692742423994,97.34318343300001,-0.64823,0.4963723088569704,0.029429654356712773,100.77011703350001,9.80778
80022,4.95,314.82,52.40266,-1.507243,False,-0.78354,0.5361098212534888,0.4809272012362011,0.06349948468732289,97.58427907800001,-0.66796,0.5066081966262375,0.029607626645099114,99.6277599855,9.82362
80122,4.95,314.82,52.40266,-1.507243,False,-0.7126,0.4821023012690274,0.6437727566635748,0.05565395164166989,99.121759362,-0.6940200000000001,0.5185172188290585,0.030355786561672305,101.9427762415,9.9011
80222,4.95,314.82,52.40266,-1.507243,False,-0.77508,0.5458113223042913,0.665937689444154,0.051848031142304046,98.130595646,-0.74097,0.5794517908237823,0.033437012094052365,100.7362760915,9.84188
80321,4.95,314.82,52.40266,-1.507243,False,-0.72128,0.6271371351006297,0.6547869081702133,0.06592080770810448,96.75441632600001,-0.73516,0.573370594138051,0.036710442050669735,99.551352068,9.77212
80422,4.95,314.82,52.40266,-1.507243,False,-0.7257399999999999,0.6296660864652374,0.6561022738702968,0.06547669729673974,96.56447335,-0.5739299999999999,0.7654852318047101,0.03510071382623346,98.6012982525,9.76184
80521,4.95,314.82,52.40266,-1.507243,False,-0.5843499999999999,0.6714420372932033,0.6553840862001767,0.06345068863998946,96.501515971,-0.63915,0.7621133179812855,0.033372745034101335,98.2199927165,9.76564
80622,4.95,314.82,52.40266,-1.507243,False,-0.54915,0.6977140519821399,0.6686862306875381,0.06392217142744759,96.88873367900001,-0.671,0.7633834233929307,0.02592079602687175,98.80548480050001,9.78502
80721,4.95,314.82,52.40266,-1.507243,False,-0.49102000000000007,0.7067950666368753,0.6698853932659731,0.06453863700657664,96.730653373,-0.67923,0.7675363893653507,0.027144256605526898,97.924103051,9.77937
80822,4.95,314.82,52.40266,-1.507243,False,-0.2734,0.6740889126978906,0.6707372043754021,0.06450306108154005,95.231360914,-0.74965,0.6812851617837173,0.027537965712005303,97.22927415550001,9.71302
80921,4.95,314.82,52.40266,-1.507243,False,-0.21319999999999997,0.6770493466341874,0.6030486187328117,0.05932640502620508,96.27358202500001,-0.8082499999999999,0.676571540522097,0.028706408498607287,96.808382729,9.771809999999999
81022,4.95,314.82,52.40266,-1.507243,False,-0.22702,0.6731026169083665,0.5953556122184424,0.05701996628862169,96.966338977,-0.8014699999999999,0.6748754009280357,0.0286528338718688,97.2753090275,9.80755
81121,4.95,314.82,52.40266,-1.507243,False,-0.09646,0.6885167958897039,0.31238885472364775,0.05684047462465064,94.387133145,-0.8189,0.6834036809317829,0.03621651096760549,96.75444625349999,9.68831
81221,4.95,314.82,52.40266,-1.507243,False,0.10144,0.48598762947219304,0.2895908686789328,0.055439993586659866,94.863649017,-0.6858099999999999,0.6442653325903677,0.04555861791875043,96.49712233150001,9.72447
81321,4.95,314.82,52.40266,-1.507243,False,0.12774000000000002,0.5057652775744906,0.2937987188913847,0.03570287881327715,95.74097651299999,-0.67755,0.6366846651033594,0.054924636245192254,96.2476964195,9.76815
81421,4.95,314.82,52.40266,-1.507243,False,0.27352,0.2853697905058183,0.29655073689935785,0.044975059755379965,96.296263812,-0.93143,0.42084043967597223,0.055789709325884514,96.43036858100001,9.801480000000002
81521,4.95,314.82,52.40266,-1.507243,False,0.17263,0.4405955541461294,0.30959324497367463,0.03874479033080159,97.265608151,-0.9217700000000001,0.42282003539725066,0.05572992015066968,96.88356206099999,9.84758
81622,4.95,314.82,52.40266,-1.507243,False,0.16955,0.4415064118069727,0.2879578134611559,0.038572448428609976,96.936612416,-0.9683700000000002,0.438406990135877,0.05549341902924682,96.91267304750001,9.83147
81721,4.95,314.82,52.40266,-1.507243,False,0.22195,0.4329238584580707,0.2886021561865955,0.040931705993710474,96.93497729600001,-1.01186,0.46941126294303664,0.04210867026054287,96.8328153345,9.83067
81822,4.95,314.82,52.40266,-1.507243,False,0.16955,0.4115863086212246,0.2522065211950908,0.04250387694735097,97.496318043,-1.10208,0.3906504228704837,0.03202211215186597,96.3638394785,9.86194
81921,4.95,314.82,52.40266,-1.507243,False,0.14536,0.4238633249317801,0.21585193896639435,0.03802100150647736,97.861288944,-1.09452,0.39307911784892324,0.028377982466851016,97.0674354845,9.88112
82022,4.95,314.82,52.40266,-1.507243,False,0.16179,0.4157258430210432,0.24105867174241705,0.0416816093206051,98.608876466,-1.0690899999999999,0.4131164200991706,0.020974375901190924,97.7876077215,9.91841
82121,4.95,314.82,52.40266,-1.507243,False,0.09171000000000001,0.3992442567596398,0.23720642299715933,0.041340807120003494,98.487127401,-1.08215,0.419601753650608,0.021946490481269634,96.437130273,9.91386
82221,4.95,314.82,52.40266,-1.507243,False,0.10383,0.4129703272902593,0.22683319887332878,0.03975003144652842,98.929309314,-1.15337,0.3115783513018816,0.021794191377011263,96.8964791655,9.93573
82322,4.95,314.82,52.40266,-1.507243,False,0.10657999999999998,0.41658184416617405,0.25053059715553216,0.03933019196495229,98.145548689,-1.11422,0.33318716061697035,0.020731789867522908,96.943262601,9.89553
82422,4.95,314.82,52.40266,-1.507243,False,0.10756000000000002,0.4173369068004643,0.3129191134391644,0.02949277877718541,96.82559161399999,-1.0812399999999998,0.28497243999298316,0.02586860173174363,96.560927713,9.82696
82522,4.95,314.82,52.40266,-1.507243,False,0.2157,0.27723801246502433,0.35991023093728575,0.02711651608235178,97.426446015,-1.17679,0.33600127463382384,0.021745919157396244,97.346027083,9.858709999999999
82621,4.95,314.82,52.40266,-1.507243,False,0.27034,0.29184912083700826,0.47875334219894866,0.026738071068131346,99.03322997,-1.2068800000000002,0.361530708085617,0.023261470288870666,97.984921193,9.93364
82721,4.95,314.82,52.40266,-1.507243,False,0.34408000000000005,0.3996258633605536,0.477397719586786,0.02495581873809968,100.504442978,-1.1821899999999999,0.3475395467505163,0.03820966282674246,98.71971013699999,10.00186
82821,4.95,314.82,52.40266,-1.507243,False,0.39059000000000005,0.39359499333423803,0.5027602478098032,0.024025747762672314,100.006735894,-1.1529,0.36075364632021684,0.04120275745896423,98.7515269685,9.974329999999998
82921,4.62,328.8,52.40307,-1.507786,False,0.52988,0.4245850230257523,0.5463761569549735,0.031182019391523243,99.47831888600001,-1.17848,0.35354441745148496,0.042433452474302615,98.669803915,9.938139999999999
83022,4.62,328.8,52.40307,-1.507786,False,0.57465,0.3904279169492546,0.5510827318409921,0.02804052820868787,98.100003871,-1.22478,0.3065781241742811,0.04199091965334103,98.3544401685,9.86708
83122,4.62,328.8,52.40307,-1.507786,False,0.65199,0.29978501352358145,0.5704242729953026,0.028514838242571148,98.72825094,-1.18931,0.31386963482736807,0.035101003467770724,98.60768917050001,9.89593
83222,4.62,328.8,52.40307,-1.507786,False,0.7119899999999999,0.3394786016820507,0.5768757945462182,0.029039658706289502,99.29929798,-1.19642,0.30924167032705246,0.03561018736884785,99.114303647,9.919130000000001
83322,4.62,328.8,52.40307,-1.507786,False,0.74849,0.34674314685208885,0.5650218524780919,0.03618483414667283,100.070935769,-1.3191,0.3633681084275571,0.031091699499670063,99.108242229,9.95566
83421,4.62,328.8,52.40307,-1.507786,False,0.80366,0.32875231541220995,0.5242008594040994,0.039225503325146883,100.936254903,-1.31739,0.3633016697212124,0.029870723310812485,98.8809232585,9.99729
83521,4.62,328.8,52.40307,-1.507786,False,0.8294900000000001,0.2927296532449166,0.5038720820913859,0.041289386583533094,99.521531867,-1.27235,0.3292022655855597,0.030073051797987655,98.473988941,9.926120000000001
83621,4.62,328.8,52.40307,-1.507786,False,0.8732599999999999,0.28467327158613914,0.38840701175155884,0.041161428816578034,97.943169623,-1.25078,0.3113024210206725,0.025494452555626965,98.4881997965,9.84743
83721,4.62,328.8,52.40307,-1.507786,False,0.8594100000000001,0.27392273626781083,0.35450859510031396,0.04342158193545896,96.830299853,-1.28339,0.32806170303770404,0.02762508722962603,98.6673714155,9.793420000000001
83822,4.62,328.8,52.40307,-1.507786,False,0.85311,0.28233296910641636,0.34346783837791534,0.044450033120847526,98.11269013699999,-1.32264,0.2959899217503469,0.028614427208043962,99.05971301550001,9.85936
83921,4.62,328.8,52.40307,-1.507786,False,0.82562,0.25242771374527584,0.26291239795794547,0.04113691097353376,99.83216584099999,-1.3506699999999998,0.29667254694546613,0.027531646437428264,99.6552423635,9.95143
84022,4.62,328.8,52.40307,-1.507786,False,0.91205,0.2741711235706637,0.22422453627260225,0.04073009397921337,100.510409633,-1.37789,0.2866787069176898,0.02883257417112341,99.305206752,9.97826
84122,4.62,328.8,52.40307,-1.507786,False,0.9455599999999998,0.25659790074485556,0.2148539286740275,0.03868999870767636,98.957769602,-1.39507,0.2639160474679587,0.025630190531220516,98.843010271,9.89762
84222,4.62,328.8,52.40307,-1.507786,False,0.8888999999999999,0.2634330148886686,0.24811919268322444,0.0389052181590079,99.25568965000001,-1.4366700000000001,0.2338342435240039,0.0254726192868604,99.277493815,9.91704
84321,4.62,328.8,52.40307,-1.507786,False,0.8411,0.2884174020023376,0.2478429556526955,0.03462520116267274,99.07384528200001,-1.3444300000000002,0.15273212606826372,0.018371018843094458,99.5723905255,9.91142
84421,4.62,328.8,52.40307,-1.507786,False,0.7825,0.32090243931069745,0.24035422470456097,0.02812457209551024,99.195126486,-1.32084,0.1733402575540014,0.014515895501904809,100.0656906945,9.921600000000002
84521,4.62,328.8,52.40307,-1.507786,False,0.7715,0.3312587743072716,0.23878853057324698,0.022957342083864005,99.221737015,-1.29991,0.18744685439404116,0.016283584099058453,99.371634441,9.92353
84622,4.62,328.8,52.40307,-1.507786,False,0.7317500000000001,0.32151231270702935,0.23645654639559163,0.023077475791101733,99.086203744,-1.28607,0.18491030287982804,0.01816304245194371,98.5146866835,9.92005
84722,4.62,328.8,52.40307,-1.507786,False,0.66091,0.3354886070262967,0.23372816618170741,0.020385408725087817,99.0756216,-1.22545,0.17780171384000515,0.024114089933757223,97.95296072650001,9.924130000000002
84822,4.62,328.8,52.40307,-1.507786,False,0.64249,0.35059510185461085,0.2253845217992223,0.014252520244971803,98.587849191,-1.2145100000000002,0.17813502650143034,0.030350561041858085,98.35026966400001,9.90044
84921,4.62,328.8,52.40307,-1.507786,False,0.56048,0.36281481287902934,0.21179635423364715,0.015089396571396971,97.86954974700001,-1.15157,0.1837165271099253,0.03144399077018618,98.850857794,9.868970000000001
85022,4.62,328.8,52.40307,-1.507786,False,0.46166,0.23147820727758633,0.20978281388139916,0.014264859698651787,97.83574528700001,-1.1077499999999998,0.1684417225300414,0.027877342452648182,99.17307746,9.87597
85121,4.62,328.8,52.40307,-1.507786,False,0.39681,0.1490685110947342,0.17750348635073052,0.013595264698497781,98.453359954,-1.08323,0.18001179621840432,0.03548717452200941,98.705564778,9.91199
85221,4.62,328.8,52.40307,-1.507786,False,0.39474,0.14595676072043015,0.08114970322392676,0.014114929054806472,97.44805046100001,-1.03318,0.12384568175308901,0.03712561409892395,98.35187005550002,9.86241
85321,4.62,328.8,52.40307,-1.507786,False,0.37153,0.14648322657105695,0.08908406766144576,0.012867979207664533,97.597181157,-0.9893000000000001,0.1726341539531202,0.03321515049224105,98.33551321950002,9.8708
85421,4.62,328.8,52.40307,-1.507786,False,0.36241,0.14961597842476904,0.1032238645964211,0.012892896407626007,97.38107150500001,-0.9321200000000001,0.22393569414255865,0.031000329747350158,98.28809899550001,9.86002
85521,4.62,328.8,52.40307,-1.507786,False,0.35717,0.14727406839706436,0.14439232974395272,0.01679529034514663,98.281615841,-0.8858500000000001,0.23382679843564785,0.029849714310935086,98.751676428,9.90534
85622,4.62,328.8,52.40307,-1.507786,False,0.3214,0.11490439504214374,0.1354531493419933,0.020648551200185078,97.938452951,-0.83985,0.19532216833847313,0.02578025945908567,98.51232834750002,9.88973
85722,4.62,328.8,52.40307,-1.507786,False,0.29638,0.14681138920397513,0.13408050691032974,0.02036516906659773,97.97171990300001,-0.78208,0.23363439529886226,0.029862045773486043,98.5236707515,9.89183
85821,4.62,328.8,52.40307,-1.507786,False,0.31320000000000003,0.15734431458853024,0.15737499589620532,0.021325178128733652,98.565732256,-0.74815,0.1938353725888673,0.030659711167734225,98.5767907235,9.92084
85921,4.62,328.8,52.40307,-1.507786,False,0.32479,0.14741903578273782,0.22162773592971147,0.02112981306117018,99.843520337,-0.6645700000000001,0.29628873698921626,0.02443825780297037,98.856535042,9.9837
86021,4.62,328.8,52.40307,-1.507786,False,0.27226000000000006,0.20920972040302577,0.22024558414036344,0.022401726123969363,99.87697121,-0.5168600000000001,0.455074040862215,0.01965033502683006,98.85635824850002,9.98598
86121,4.62,328.8,52.40307,-1.507786,False,0.19122000000000003,0.3168246335821217,0.30417786481669196,0.02161769851045404,98.75093954100001,-0.38373,0.5208684479896141,0.020127305941045417,98.60214974750001,9.926770000000001
86221,4.62,328.8,52.40307,-1.507786,False,0.16521000000000002,0.29048677326936206,0.32775145749315243,0.024731718276110273,99.656059042,-0.2993,0.48394675326940473,0.019089394961600996,98.55205475150001,9.97277
86321,4.62,328.8,52.40307,-1.507786,False,0.10627,0.3258364758586758,0.33660188304087624,0.024696308766021382,99.163363334,-0.20457999999999998,0.501470805176575,0.015427680750304982,98.38027224550001,9.94759
86421,4.62,328.8,52.40307,-1.507786,False,0.06132,0.33084777231295653,0.32632568343093,0.026333932482635367,99.51827337499999,-0.13848,0.49961173547287724,0.011686216952746692,98.44967244,9.96595
86521,4.62,328.8,52.40307,-1.507786,False,0.01634000000000001,0.3106589884601968,0.314821247518153,0.025382592460188102,98.972570815,-0.05391,0.4775805515535785,0.01172444739280552,98.62709332800002,9.93963
86622,4.62,328.8,52.40307,-1.507786,False,-0.05885999999999999,0.33337353490908583,0.3491183474920121,0.02210070134633736,98.16280318300001,0.07181,0.4233603415269028,0.012064346001522085,98.050628067,9.89695
86722,4.62,328.8,52.40307,-1.507786,False,-0.06742999999999999,0.33183054929353045,0.36067125074104317,0.022782361598394446,98.926934553,0.12685,0.3905662875876487,0.010791539896295188,98.44932722799999,9.9351
86822,4.62,328.8,52.40307,-1.507786,False,-0.14928999999999998,0.2802156845875882,0.36223355019777886,0.021878119460116065,97.897783077,0.23754,0.20467083709105555,0.010838696108542337,98.2317576665,9.88366
86922,4.62,328.8,52.40307,-1.507786,False,-0.19354,0.24063202520769644,0.30479380443542653,0.02392812385272003,96.668635167,0.27559,0.1864199408146327,0.009997799757946619,98.256077752,9.82321
87021,4.62,328.8,52.40307,-1.507786,False,-0.18442,0.24404743983269067,0.3052213697557141,0.02264908386668207,96.704637567,0.24711000000000002,0.16716959751501223,0.009383673765286748,98.29080438849999,9.82513
87121,4.62,328.8,52.40307,-1.507786,False,-0.15887999999999997,0.22105105393199617,0.24976200427161785,0.022766068806205585,97.741936631,0.24218,0.16173672571324763,0.009385591794518382,98.246438086,9.88011
87221,4.62,328.8,52.40307,-1.507786,False,-0.18721,0.16258172953250208,0.21861579921557564,0.02073639044985619,97.36266987000002,0.26359,0.1168285300962153,0.010792904047464484,98.50936445599999,9.86209
87322,4.62,328.8,52.40307,-1.507786,False,-0.18840999999999997,0.1637542633881013,0.21817309234234272,0.01959463928958344,97.37650660700001,0.2726,0.1235467432908517,0.011301627218138776,98.2699349705,9.86276
87421,4.62,328.8,52.40307,-1.507786,False,-0.16727999999999998,0.1787779429596692,0.22468720380910331,0.018675893552919983,97.67272163,0.27953,0.11746925886280038,0.011826359447343683,98.5954975025,9.87778
87521,4.62,328.8,52.40307,-1.507786,False,-0.20088999999999996,0.18703967166828453,0.23479721842001494,0.017618995431068086,97.08801907300001,0.29653999999999997,0.11892675803945722,0.010906389564531918,98.030294944,9.84716
87622,4.62,328.8,52.40307,-1.507786,False,-0.16719,0.15836361429739843,0.19933049635661726,0.017603626520312932,98.213732174,0.26854,0.10791074707058221,0.009921475024746275,98.1882676785,9.905930000000001
87722,4.62,328.8,52.40307,-1.507786,False,-0.19441,0.15977062342969373,0.1750234844559707,0.017423789612034536,97.294727182,0.29347,0.10789662799796461,0.009692815208527607,98.11083086750001,9.85933
87821,4.62,328.8,52.40307,-1.507786,False,-0.14921999999999996,0.17585747891088027,0.1769124328273355,0.017386763803409585,98.264567294,0.28411,0.11259358033800668,0.009885320205008687,98.0811751855,9.9089
87922,4.62,328.8,52.40307,-1.507786,False,-0.17116,0.1933557642160104,0.1978329980339705,0.014788749477596447,97.86715201000001,0.29778000000000004,0.13009334939017206,0.009893819619674905,97.26789358850002,9.88782
88022,4.62,328.8,52.40307,-1.507786,False,-0.17129999999999998,0.19326819017452196,0.2005986385242321,0.015355216268964262,98.06087081000001,0.2941,0.13282550792507208,0.009566747967134083,97.3827541885,9.897560000000002
88122,4.62,328.8,52.40307,-1.507786,False,-0.18388,0.201601690910021,0.2095909677867243,0.015764178803011956,97.73697311800001,0.29914,0.13745337957123274,0.009830570233262594,97.73945487450001,9.88064
88222,4.62,328.8,52.40307,-1.507786,False,-0.19873,0.18816914406400342,0.1937030315829943,0.012155913055884378,97.44703169499999,0.30223000000000005,0.13266832536650705,0.008334693222375286,97.4048507825,9.866200000000001
88321,4.62,328.8,52.40307,-1.507786,False,-0.19104,0.18338751441809314,0.18861886791445662,0.012158586357888005,97.80370531000001,0.30639000000000005,0.13645678558917898,0.008741097058022819,97.5901059585,9.88458
88421,4.62,328.8,52.40307,-1.507786,False,-0.20833,0.16686296473454473,0.18285334165815376,0.012233360581259314,97.62464490400001,0.30785999999999997,0.13544549703354664,0.008491963521144086,97.648683267,9.875530000000001
88522,4.62,328.8,52.40307,-1.507786,False,-0.19679,0.15636324127564036,0.16331661138890108,0.012452259946603103,98.096715915,0.31387,0.1403550343474166,0.008372839688208646,97.592367494,9.900099999999998
88621,4.62,328.8,52.40307,-1.507786,False,-0.21364999999999998,0.15955114296746403,0.16458151138231464,0.013240044477937975,97.41214710199999,0.32719,0.13263154853451908,0.007835928648078362,97.812939638,9.86505
88721,4.62,328.8,52.40307,-1.507786,False,-0.21469,0.16038425005800472,0.15927072165899106,0.012615228892096972,97.584986862,0.33509,0.1399705639689131,0.0076932871171342685,97.43985702200001,9.873850000000001
88822,4.62,328.8,52.40307,-1.507786,False,-0.23556,0.12295393175224327,0.1294409625187333,0.012595347465543614,96.989494285,0.34201000000000004,0.13369103227632334,0.008579620556230112,97.62703078950001,9.84405
88921,4.62,328.8,52.40307,-1.507786,False,-0.21438000000000001,0.10840198645167251,0.11091898745379794,0.01377437637225158,97.688330698,0.32593,0.12184254912704186,0.008939606006729434,97.777741354,9.88032
89022,4.62,328.8,52.40307,-1.507786,False,-0.23291,0.0946320529442662,0.10371440701378168,0.013165818538084746,97.438754633,0.32969,0.11768052279133652,0.008803130756220115,97.7498127215,9.867460000000001
89121,4.62,328.8,52.40307,-1.507786,False,-0.22587000000000002,0.08654911322481558,0.08793056667367426,0.013823956661454634,97.868312322,0.31900000000000006,0.11191694340992367,0.008611620056644244,97.80264272000001,9.88957
89221,4.62,328.8,52.40307,-1.507786,False,-0.2523,0.08653723668650004,0.10015719921979574,0.014584009508133608,97.252292649,0.34034,0.08953754271563064,0.00811853845631491,97.349662172,9.85763
89321,4.62,328.8,52.40307,-1.507786,False,-0.25742,0.08856069858201965,0.09838084953665464,0.01741904768413648,97.188080644,0.34249999999999997,0.09230338864610214,0.007527881508100231,97.49589297700001,9.85424
89422,4.62,328.8,52.40307,-1.507786,False,-0.27486,0.07848220180398888,0.10253648889811985,0.017127654700966905,96.74422707599999,0.35709,0.08373065879485267,0.007373827590426205,97.18443599000001,9.83126
89522,4.62,328.8,52.40307,-1.507786,False,-0.26508000000000004,0.08405405403668532,0.1199727473683483,0.016997306976237223,97.02797932899999,0.35287,0.07993639207379574,0.007946942109320182,97.562347622,9.84573
89621,4.62,328.8,52.40307,-1.507786,False,-0.26094999999999996,0.08224748898566117,0.10983601918819391,0.018093611518372334,97.245489643,0.34653,0.08551402808895053,0.009137322729698458,97.32881837250001,9.857000000000001
89722,4.62,328.8,52.40307,-1.507786,False,-0.25245,0.07806467760063371,0.11752818858090587,0.017641806407886113,97.581077947,0.33942,0.07507771973094166,0.010230477343050229,97.5830324045,9.874179999999999
89821,4.62,328.8,52.40307,-1.507786,False,-0.27538,0.060204093622368615,0.12645371748851325,0.017580936645507018,97.36712802,0.35429,0.07259273685736242,0.00885061203156769,97.1783111525,9.862739999999999
89922,4.62,328.8,52.40307,-1.507786,False,-0.30269,0.07705640718909086,0.12367748380363522,0.018106809645974463,96.889105425,0.37567,0.09529452648382061,0.008707857243764116,97.28871806149999,9.8376
90022,4.62,328.8,52.40307,-1.507786,False,-0.30888,0.07465963955029434,0.12425214686273403,0.017857846081391363,96.929291338,0.38422999999999996,0.08361492490377823,0.009449397394072731,97.18402298550001,9.839459999999999
90121,4.62,328.8,52.40307,-1.507786,False,-0.32175,0.08140972164170504,0.12036497275646799,0.018819024062545455,96.72980201499999,0.3956,0.08263235847211713,0.00939172803884104,97.2990571685,9.8289
90222,4.62,328.8,52.40307,-1.507786,False,-0.28964999999999996,0.11577654963094428,0.14016652635743274,0.018196364105685096,97.59530085899999,0.38996,0.0884689926848072,0.010845254978816912,97.423796754,9.87328
90322,4.62,328.8,52.40307,-1.507786,False,-0.31011,0.13633898480544687,0.17546749493218453,0.01618296772673179,96.936296367,0.40095000000000003,0.10330454706566523,0.011100370364191443,97.0621885055,9.83848
90422,4.62,328.8,52.40307,-1.507786,False,-0.29766000000000004,0.14193010173243678,0.1860292178365714,0.016285835699909375,97.686882753,0.38932,0.11253465441561655,0.010512854565298074,97.21555491449999,9.87669
90521,4.62,328.8,52.40307,-1.507786,False,-0.32602,0.14399320045675734,0.19978256625085292,0.016616671681710993,96.804320392,0.39785,0.11660187963035215,0.011140337118377905,96.9161498605,9.83074
90621,4.62,328.8,52.40307,-1.507786,False,-0.30371,0.16803542252222983,0.22485480253314624,0.017388936457158884,97.485326831,0.40319000000000005,0.11025576780074196,0.011163511992200188,97.365408237,9.8652
90721,4.62,328.8,52.40307,-1.507786,False,-0.32269000000000003,0.1719310485178479,0.23349976183665913,0.017865733806492326,96.72595214200001,0.41001000000000004,0.11303854259105123,0.010940424529646293,97.15351504449998,9.825790000000001
90821,4.62,328.8,52.40307,-1.507786,False,-0.31472999999999995,0.1733863511865334,0.23670889764058411,0.018423562811428873,97.268001759,0.40015999999999996,0.11724319643846677,0.011043449541595923,97.3175648895,9.8535
90921,4.62,328.8,52.40307,-1.507786,False,-0.30728999999999995,0.16778972588067845,0.2404925522062276,0.017732531310184256,97.150786082,0.37707999999999997,0.10620733182474336,0.011347951356962958,97.0199457535,9.84779
91021,4.62,328.8,52.40307,-1.507786,False,-0.29718,0.17061034096574137,0.25355804617044936,0.017524842684346967,97.582366689,0.37856999999999996,0.1053076028699734,0.011245660891601094,97.2558290135,9.86965
91121,4.62,328.8,52.40307,-1.507786,False,-0.28187,0.16550624728055116,0.25528252083611697,0.016388210532100288,97.46500038799999,0.36841999999999997,0.1035739435271999,0.011408885426134496,97.09740120149999,9.864189999999999
91221,4.62,328.8,52.40307,-1.507786,False,-0.29821,0.14713965739317142,0.245891047236595,0.01639935296826604,97.272818155,0.37859,0.09936950627720552,0.01067252443322456,97.434059507,9.85444
91322,4.62,328.8,52.40307,-1.507786,False,-0.30344,0.1563877744582424,0.23990376427040366,0.017491636096527152,97.36280901299999,0.36692,0.0797037124466332,0.012465311869343559,97.14955269,9.85885
91421,4.62,328.8,52.40307,-1.507786,False,-0.30589999999999995,0.15450684990209582,0.23988202679187132,0.01739968390517478,97.363377957,0.37263,0.07294352533903678,0.012344269925758973,97.525130355,9.858830000000001
91521,4.62,328.8,52.40307,-1.507786,False,-0.29925999999999997,0.14830766969004328,0.23523005500525637,0.017479244834946343,97.428255557,0.36752,0.06558439516292504,0.011523218107610086,97.1162879745,9.86251
91621,4.62,328.8,52.40307,-1.507786,False,-0.30145999999999995,0.14434243389323984,0.23291012954451482,0.01526403179591372,97.394222884,0.36368,0.07053079390512136,0.01194029592039762,97.4397748575,9.86082
91721,4.62,328.8,52.40307,-1.507786,False,-0.31266999999999995,0.15978144135037117,0.23659847937897377,0.016672319041519706,97.350101627,0.36412,0.07135773414438015,0.012209085869866554,97.0380268845,9.85794
91821,4.62,328.8,52.40307,-1.507786,False,-0.3008799999999999,0.16896450514827688,0.24734252992784933,0.018085856966763302,97.58344583,0.35446,0.08457252246181012,0.01222649672728127,97.42572379449999,9.869760000000001
91921,4.62,328.8,52.40307,-1.507786,False,-0.31501999999999997,0.1825561636562595,0.2549369963561766,0.017644907984395275,97.44893891500001,0.3752,0.09962770698956093,0.012112294029896402,97.2998624985,9.862110000000001
92021,4.62,328.8,52.40307,-1.507786,False,-0.30165,0.19559742244382658,0.2584210623080914,0.017709021555253775,97.50947532400001,0.36755,0.10638000282006864,0.012388816641543097,97.5459210065,9.86529
92122,4.62,328.8,52.40307,-1.507786,False,-0.32270999999999994,0.20224610667864237,0.26908539247689184,0.017329707954197502,97.230197143,0.38512,0.11524420255362099,0.012116178348711079,97.34759876550001,9.85008
92222,4.62,328.8,52.40307,-1.507786,False,-0.30913999999999997,0.21455817237601424,0.28112099431462345,0.01748011250917258,97.482357413,0.37236,0.12193209585666033,0.011370996242878321,97.377587784,9.862770000000001
92321,4.62,328.8,52.40307,-1.507786,False,-0.30076,0.20471344308027226,0.2809769425099154,0.016471052047624463,97.47602306000002,0.36851,0.11979021894776451,0.010665213442673106,97.4194160365,9.8629
92421,4.62,328.8,52.40307,-1.507786,False,-0.29096999999999995,0.2117559184533034,0.2896934979901612,0.01698613813934431,97.642126706,0.36510000000000004,0.12188645900544776,0.010722997093474568,97.5027523315,9.87125
92521,4.62,328.8,52.40307,-1.507786,False,-0.30107,0.21961665616858106,0.2951422361431069,0.017401663394310537,97.554746607,0.37235999999999997,0.1284515922655432,0.011088738030592502,97.491501082,9.86622
92622,4.62,328.8,52.40307,-1.507786,False,-0.32046,0.2054434293587137,0.28157867738085934,0.017864626749218338,97.19829419599999,0.38550999999999996,0.12314541945736808,0.009564662972513729,97.29625854,9.84816
92722,4.62,328.8,52.40307,-1.507786,False,-0.30602999999999997,0.19203479459029146,0.27214942790884084,0.019293061504650336,97.383525017,0.37344,0.11799828812316646,0.009702256324060665,97.36681332200001,9.858500000000001
92822,4.62,328.8,52.40307,-1.507786,False,-0.32034999999999997,0.1827814496422858,0.2616618971964453,0.017937313684669193,97.145511633,0.38672,0.10493540658687779,0.009705674170870794,97.3644787315,9.84638
92921,4.62,328.8,52.40307,-1.507786,False,-0.2874,0.16989346334950903,0.24733141620999607,0.018116674333025013,97.65259603899999,0.36456999999999995,0.09449388046028302,0.008833578612946652,97.550767477,9.87365
93021,4.62,328.8,52.40307,-1.507786,False,-0.28468,0.17383495237341867,0.24421171711810977,0.019459644852303348,97.59559458300001,0.36573,0.0930084112086287,0.010856825809907059,97.55253495349999,9.870849999999999
93122,4.62,328.8,52.40307,-1.507786,False,-0.27387999999999996,0.16383317938277558,0.2410000885200344,0.019285357139550163,97.64218195999999,0.36879000000000006,0.09877163841687232,0.010949865549656441,97.43618955150001,9.873740000000002
93221,4.62,328.8,52.40307,-1.507786,False,-0.27663999999999994,0.16036045647229263,0.23357967020554535,0.01948933896604325,97.515741335,0.37545,0.09259859910146247,0.012325172976022944,97.499049374,9.86747
93321,4.62,328.8,52.40307,-1.507786,False,-0.27903,0.16394397450891524,0.23866969295101417,0.019295195141681102,97.44924588199999,0.37599,0.09284889097643206,0.012893361771771365,97.462634471,9.86387
93422,4.62,328.8,52.40307,-1.507786,False,-0.27765999999999996,0.16554336256368285,0.23650715375602455,0.01821867174082673,97.41824605999999,0.37506,0.09392524450622082,0.012866342828394368,97.530186383,9.86236
93522,4.62,328.8,52.40307,-1.507786,False,-0.2758,0.16288067888966332,0.2332871420945971,0.01822778404280426,97.460834848,0.37549,0.09460328218406489,0.012719451420735169,97.50779072750001,9.86468
93621,4.62,328.8,52.40307,-1.507786,False,-0.26492,0.16704749025352655,0.23979672155111809,0.017290398748695396,97.652601965,0.36588000000000004,0.09680512842244827,0.012836410886398185,97.4254480805,9.87449
93721,4.62,328.8,52.40307,-1.507786,False,-0.26469,0.1668311152033758,0.24264975765264377,0.017922688910366556,97.59540314099999,0.37113,0.09818990726590335,0.012880342473017541,97.489464079,9.87154
93821,4.62,328.8,52.40307,-1.507786,False,-0.26069,0.16701456656365782,0.24074433095897996,0.018182641294499622,97.51909735699999,0.37459000000000003,0.09788560727251439,0.01279642311134021,97.332304495,9.867819999999998
93922,4.62,328.8,52.40307,-1.507786,False,-0.28415999999999997,0.17406763181145,0.258160470336656,0.01820354055915737,96.942830894,0.39687,0.10587267037971192,0.014209703257516115,97.2977134665,9.83742
94021,4.62,328.8,52.40307,-1.507786,False,-0.28945,0.16675345906791017,0.2519073694391989,0.016828071784966883,96.82332804,0.40636,0.09635530545271848,0.013158942882229378,97.2094613115,9.83145
94122,4.62,328.8,52.40307,-1.507786,False,-0.2808,0.16457059275582034,0.25119453307037487,0.017417644310679097,96.834725825,0.39128999999999997,0.0831212695069213,0.012952563023930294,97.23845389249999,9.83233
94222,4.62,328.8,52.40307,-1.507786,False,-0.28558,0.15953021169811854,0.2545940998268927,0.017060028005708376,96.893366105,0.39228,0.08230691613978891,0.011220140621024006,97.20455371999999,9.83517
94322,4.62,328.8,52.40307,-1.507786,False,-0.24999,0.14310124193886814,0.2370581728887053,0.019732837831616806,97.74353090299999,0.37334,0.09652470265284444,0.010391791632501621,97.5963883925,9.87988
94421,4.62,328.8,52.40307,-1.507786,False,-0.27603999999999995,0.13597284205965482,0.21958251701302853,0.01962353745434856,96.863851068,0.39419,0.09509446122437075,0.010516701003641656,97.14104856399999,9.83502
94521,4.62,328.8,52.40307,-1.507786,False,-0.23318,0.1323918325779024,0.21298505842220214,0.021039645117412634,97.837643184,0.37401999999999996,0.0886938404475257,0.010548770333813937,97.649239016,9.88568
94621,4.62,328.8,52.40307,-1.507786,False,-0.26291,0.146533640051248,0.223640540948091,0.019712728544437102,96.906718423,0.38159,0.08510728458179531,0.01163202475925827,97.279660194,9.837340000000001
94722,4.62,328.8,52.40307,-1.507786,False,-0.23253,0.14528901503173214,0.2274567038165924,0.01779848932415953,97.79549437799999,0.37287,0.08544019415811033,0.010943902411845483,97.6954487595,9.883109999999999
94821,4.62,328.8,52.40307,-1.507786,False,-0.24417999999999998,0.1501691697904652,0.239275898400893,0.01730254958733599,97.138187874,0.37678,0.08680848396836968,0.011055260185892288,97.3286426155,9.8492
94922,4.62,328.8,52.40307,-1.507786,False,-0.24472999999999998,0.150957374778452,0.22078644785301874,0.017698223388552585,97.543148089,0.366,0.07090364353588949,0.009628914788282086,97.24298949150001,9.8701
95021,4.62,328.8,52.40307,-1.507786,False,-0.26014,0.1422944302806365,0.21206547311829824,0.018231538607588735,97.15399241,0.35889,0.07524897120004026,0.009556289377507573,96.988660225,9.85026
95121,4.62,328.8,52.40307,-1.507786,False,-0.26600999999999997,0.1443773331701877,0.20057813689432422,0.01851604709434491,97.534142068,0.35519,0.07421143143447227,0.010954268574395893,97.1844339465,9.86957
95221,4.62,328.8,52.40307,-1.507786,False,-0.25556999999999996,0.15668319097253336,0.19412739373926186,0.018311747898851975,97.430674288,0.34978000000000004,0.07769642920436523,0.012186700401120236,97.1620201965,9.86455
95322,4.62,328.8,52.40307,-1.507786,False,-0.27938999999999997,0.15741122683384243,0.2016817889646943,0.01535123954459555,96.719082091,0.38067,0.08484422392438475,0.012305594933470877,97.231306497,9.82762
95422,4.62,328.8,52.40307,-1.507786,False,-0.24653999999999998,0.17252619897666369,0.20940276343289227,0.01661191339571289,97.39041862600001,0.35474,0.08987529879411339,0.012061711689842628,97.127134847,9.862219999999999
95522,4.62,328.8,52.40307,-1.507786,False,-0.27696,0.16049918795226156,0.21031391378920522,0.014339413439111671,96.39993369300001,0.36354999999999993,0.08926383179465514,0.012052408703473053,97.11878843849999,9.811229999999998
95621,4.62,328.8,52.40307,-1.507786,False,-0.23042999999999997,0.16987142883173537,0.21968078760884538,0.01676812120927349,97.54374518899999,0.35275,0.0936655308353318,0.011012321382080149,97.225231806,9.87022
95721,4.62,328.8,52.40307,-1.507786,False,-0.25015,0.1645659155340424,0.21992541058782147,0.016194103865296117,96.51614170100001,0.35507999999999995,0.09334533018134591,0.0125426561071497,97.1558180395,9.817620000000002
95821,4.62,328.8,52.40307,-1.507786,False,-0.21867999999999999,0.17274796541654996,0.22304051475510123,0.01723776216463271,97.413409593,0.33594999999999997,0.09772068187781184,0.013363303816380375,97.2757987335,9.863769999999999
95922,4.62,328.8,52.40307,-1.507786,False,-0.22077,0.17584069842395478,0.24227277578978576,0.015482549316353941,96.987862226,0.32825999999999994,0.09309552083745944,0.013557224396362654,97.2655051575,9.841669999999999
96022,4.62,328.8,52.40307,-1.507786,False,-0.19627999999999998,0.18718534368077766,0.2659166137052033,0.01663911055315153,97.66492896099999,0.31535,0.10735812601857428,0.012305572360158975,97.40946068550001,9.87579
96121,4.62,328.8,52.40307,-1.507786,False,-0.20020999999999994,0.19087230431772317,0.28070113723396806,0.01583152972183459,97.175743103,0.31928999999999996,0.10976873112745351,0.01204309391772349,97.3549425855,9.85048
96221,4.62,328.8,52.40307,-1.507786,False,-0.21467999999999998,0.18346822189263848,0.2702977378949187,0.01834605921959502,96.78755191799999,0.32500999999999997,0.10906298333225245,0.010578705024718164,97.109113103,9.830839999999998
96321,4.62,328.8,52.40307,-1.507786,False,-0.19998999999999997,0.17339534435631887,0.26099677073353156,0.019707666303017964,97.33001836199999,0.29081999999999997,0.08664962396531911,0.013147268410839722,97.0245502265,9.859089999999998
96421,4.62,328.8,52.40307,-1.507786,False,-0.22666,0.1647051925242384,0.25137507522513713,0.019280894400646655,96.873261324,0.30552999999999997,0.08630469344774344,0.013294798481611672,97.131839975,9.83568
96521,4.62,328.8,52.40307,-1.507786,False,-0.18410999999999997,0.18203128211015987,0.2637403352626244,0.020360790205141262,98.18384716899999,0.2843,0.08724661088609109,0.01356376299802765,97.291890431,9.9024
96621,4.62,328.8,52.40307,-1.507786,False,-0.23042999999999997,0.18634282653217965,0.2713800172779432,0.019039785829794487,96.925857425,0.30262,0.10203162690502758,0.013275139672836993,97.234801307,9.837439999999999
96721,4.62,328.8,52.40307,-1.507786,False,-0.20203,0.1962131157129404,0.2767988487451922,0.019344310102284133,98.14333390499999,0.28089,0.1124779924152972,0.012565070632511277,97.329737803,9.89944
96821,4.62,328.8,52.40307,-1.507786,False,-0.2258,0.18831929741208087,0.2718679164594419,0.02012567183143622,97.495667946,0.29854,0.11738121371553115,0.011741668440974441,97.4545387695,9.866420000000002
96922,4.62,328.8,52.40307,-1.507786,False,-0.22668,0.18956368498915782,0.27570880048824137,0.020850688770930825,97.439981754,0.30813,0.12527784276912957,0.012941217528158178,97.21392198999999,9.86346
97021,4.62,328.8,52.40307,-1.507786,False,-0.24318999999999996,0.17528582024162648,0.25560081724786526,0.020751599670600997,97.022367343,0.32066999999999996,0.1143340918342093,0.012861782319898039,97.343648152,9.8426
97122,4.62,328.8,52.40307,-1.507786,False,-0.22586999999999996,0.16898372735595907,0.2438621650759996,0.022405911918261384,97.28674532699999,0.3111,0.11121646560748133,0.013301883742955677,97.23124421499999,9.856800000000002
97221,4.62,328.8,52.40307,-1.507786,False,-0.21169999999999994,0.177706318276975,0.2529472110056829,0.02019021765333122,97.670939072,0.30724,0.11082512952093126,0.013301883742955677,97.229245495,9.87624
97324,4.62,328.8,52.40307,-1.507786,False,-0.19543999999999997,0.1818139293038101,0.2634384726817369,0.019234055445716266,98.06716100399998,0.30747,0.11056770726069501,0.01093307418392048,97.698589683,9.8963
97422,4.62,328.8,52.40307,-1.507786,False,-0.16873999999999997,0.1848063262505485,0.2711968133211599,0.018449558862537088,98.65207129199999,0.28258,0.12234077906495484,0.01092612058834738,97.762666308,9.92606
97521,4.62,328.8,52.40307,-1.507786,False,-0.22464,0.1887666943316296,0.26631719266902326,0.018316856231958063,97.345457352,0.3015,0.12023662780810401,0.009481566912230725,97.7646522605,9.85896
97622,4.62,328.8,52.40307,-1.507786,False,-0.17407,0.1881420565542069,0.25558419378182884,0.018748454751140273,98.6609175,0.26488,0.12439153954794914,0.011687053615955545,97.7933874625,9.926730000000001
97721,4.62,328.8,52.40307,-1.507786,False,-0.19169999999999998,0.1795830912604765,0.25152167324330005,0.019269033879950114,97.531912357,0.28525,0.1175599539714764,0.011348499656097355,97.83762313099999,9.86961
97821,4.62,328.8,52.40307,-1.507786,False,-0.17540999999999998,0.17854245340161712,0.2500115232899781,0.018130358211819412,97.96183807899999,0.27420999999999995,0.10981614382431355,0.013199562282304737,97.7287530125,9.89172
97922,4.62,328.8,52.40307,-1.507786,False,-0.17510999999999996,0.17799208128453903,0.25777251297305165,0.019116543155660255,97.873329503,0.27288999999999997,0.10764372769051148,0.011483224479406551,97.65665562849999,9.887080000000001
98021,4.62,328.8,52.40307,-1.507786,False,-0.14715999999999999,0.19866802124818325,0.28365068991434783,0.017652711469409478,98.44970501499999,0.25144,0.12532472665483455,0.01207053805299856,97.736036179,9.915650000000001
98121,4.62,328.8,52.40307,-1.507786,False,-0.13382,0.19888352146699592,0.27705166465640474,0.01825212620795478,98.726694446,0.24173,0.12481015850748912,0.0111160744469938,98.00671988650001,9.92996
98221,4.62,328.8,52.40307,-1.507786,False,-0.15133,0.198577586572329,0.27620455081132544,0.01823404629928429,98.153881302,0.25101999999999997,0.1328290948717273,0.01246980798212661,97.912410187,9.90085
98321,4.62,328.8,52.40307,-1.507786,False,-0.14489999999999997,0.2021032629347948,0.26865990975787357,0.018888315023962387,97.909896286,0.24318999999999996,0.1385518150167739,0.01271908452331018,97.988528645,9.88874
98421,4.62,328.8,52.40307,-1.507786,False,-0.18314,0.2138065854925941,0.27419447680635556,0.01878053365707277,96.80073879,0.26164,0.1326304657476642,0.01327524429572234,97.72640504099999,9.8315
98522,4.62,328.8,52.40307,-1.507786,False,-0.12381,0.2017584278840022,0.28300625748872615,0.020778945005835936,98.05842661300001,0.233,0.13642002948409865,0.013270033073725747,97.7019419825,9.89618
98621,4.62,328.8,52.40307,-1.507786,False,-0.15599,0.19629703371280569,0.278576192649535,0.019549711563657937,96.834052233,0.25449,0.12761256860773768,0.012808087722650427,97.7474848665,9.83388
98722,4.62,328.8,52.40307,-1.507786,False,-0.15546,0.19620003511156595,0.27056434868211354,0.020934713330309086,97.45416880500001,0.24242,0.12424781509368063,0.012749361639792784,97.493040581,9.86557
98821,4.62,328.8,52.40307,-1.507786,False,-0.15468999999999997,0.19640280859046835,0.26887472196379925,0.020697976283255832,97.06053383000001,0.22354000000000002,0.1293889416535282,0.012221220160942185,97.51118595450001,9.845650000000001
98922,4.62,328.8,52.40307,-1.507786,False,-0.11538999999999999,0.1632416099596672,0.2396257535778976,0.01872942129971508,98.04196063900001,0.19728,0.10819425739535,0.01239765210746677,97.957645071,9.89712
99021,4.62,328.8,52.40307,-1.507786,False,-0.13692999999999997,0.14417375358304346,0.20762916970192175,0.019327688831196406,97.52691449800001,0.20448,0.10081625530305738,0.012245765708103975,97.9883097565,9.87171
99121,4.62,328.8,52.40307,-1.507786,False,-0.15252,0.14466851611721704,0.2110404289861669,0.017516531873886666,97.28285241,0.21633999999999998,0.10750750051352033,0.012395290324240886,98.00477342800001,9.85904
99222,4.62,328.8,52.40307,-1.507786,False,-0.14053,0.14276590045713033,0.21039605219151797,0.018706460559567793,97.605605294,0.18995,0.09037654870348542,0.010876805086462032,97.87974329800001,9.875609999999998
99322,4.62,328.8,52.40307,-1.507786,False,-0.16753999999999997,0.14236909933144337,0.2214644413394104,0.017677858090466316,96.878861937,0.20754,0.09207018096115664,0.01144243563815549,97.3943791115,9.83811
99421,4.62,328.8,52.40307,-1.507786,False,-0.11987999999999996,0.13053631933936458,0.2185971335076816,0.01867502491445605,98.083307209,0.18689,0.09080676002734919,0.010371306571497995,97.44202299950001,9.900030000000001
99521,4.62,328.8,52.40307,-1.507786,False,-0.16784999999999997,0.12671784273206602,0.2169876414811567,0.015318311482231499,96.706233318,0.22447,0.11882074313855263,0.01091127856852704,97.3823299655,9.829609999999999
99621,4.62,328.8,52.40307,-1.507786,False,-0.14597,0.12593072213633855,0.21379457533913776,0.017235070834396512,97.77926673300001,0.20692,0.118975728617218,0.009057869506677465,97.306659483,9.88446
99721,4.62,328.8,52.40307,-1.507786,False,-0.14825999999999998,0.1269316456470513,0.22148947830540078,0.018330245194456283,97.263360433,0.21652,0.12389295379478973,0.01020146503639974,97.35876461900001,9.85813
99821,4.62,328.8,52.40307,-1.507786,False,-0.14584,0.12807990734954722,0.22198554232201256,0.020076489843706323,97.643216357,0.23435999999999998,0.11920605130052989,0.00852045903823378,97.35187509350001,9.87739
99921,4.62,328.8,52.40307,-1.507786,False,-0.17247999999999997,0.13897320125358206,0.24165628575405176,0.023003680864881866,96.745104636,0.25416,0.1228667679507545,0.008872178737804657,97.3935326375,9.83084
100021,4.62,328.8,52.40307,-1.507786,False,-0.17171999999999998,0.139364572255656,0.24686155724300962,0.023369640799787872,96.856972976,0.25838,0.11919919649243584,0.008348419677466424,97.191943737,9.83642
100121,4.62,328.8,52.40307,-1.507786,False,-0.15683999999999998,0.14076688531043777,0.24548161370388985,0.02407414472924102,96.94667240800001,0.23369,0.12954100551990866,0.010902069120635249,97.11476240900001,9.841239999999999
100221,4.62,328.8,52.40307,-1.507786,False,-0.15855999999999998,0.14019551585792112,0.24498767973557645,0.023454172810445074,96.924612457,0.24913000000000002,0.12479093672573652,0.0118403265720727,97.2651088755,9.84011
100321,4.62,328.8,52.40307,-1.507786,False,-0.13232,0.13798194567890124,0.23742092695369824,0.023934670343341756,97.74147357700001,0.22515000000000002,0.13747776587910138,0.011419165176725084,97.310167757,9.88211
100421,4.62,328.8,52.40307,-1.507786,False,-0.16366999999999998,0.12322059757470995,0.21844681630903856,0.023632698628054373,96.86452827100001,0.24933999999999998,0.13405384656090874,0.011813833698959206,97.47391774,9.83774
100522,4.62,328.8,52.40307,-1.507786,False,-0.13216,0.10173166446862782,0.19200558701361325,0.02483062848804093,97.81055406700001,0.21134999999999998,0.11953745345194401,0.011489241344260473,97.2583936925,9.88689
100622,4.62,328.8,52.40307,-1.507786,False,-0.15386999999999998,0.10571660281674326,0.19638438187504617,0.02339647646785964,96.73647188,0.22911,0.1188038949043437,0.012194393064938481,97.2578693065,9.831990000000001
100721,4.62,328.8,52.40307,-1.507786,False,-0.12626999999999997,0.12431905235232324,0.22152844412299175,0.022107927185614735,97.788036985,0.20551,0.12305608883756183,0.01134589499922024,97.525698709,9.88504
100822,4.62,328.8,52.40307,-1.507786,False,-0.15231,0.13995529802206982,0.24316521155607393,0.020498425413783442,96.971408778,0.20863,0.12568816836387017,0.01154072980553838,97.3073125675,9.84263
100921,4.62,328.8,52.40307,-1.507786,False,-0.12498999999999998,0.12476126936407485,0.2175660637854841,0.018494924228615286,97.595560482,0.18764,0.1139480407905196,0.011105774273873019,97.170332559,9.87539
101022,4.62,328.8,52.40307,-1.507786,False,-0.14808999999999997,0.14076121980148487,0.21886931158925635,0.01655425088073214,96.74323495499999,0.19679,0.11713639201090004,0.01277353601091803,96.8001039655,9.8316
101122,4.62,328.8,52.40307,-1.507786,False,-0.13362999999999997,0.15542478030653686,0.2410703899048728,0.01721621006170892,97.455905575,0.192,0.12344760472001481,0.011170695790524507,97.2012889915,9.867320000000001
101221,4.62,328.8,52.40307,-1.507786,False,-0.14414999999999997,0.15825754852982082,0.2526181222055655,0.01771664628408983,96.833290426,0.19469,0.1259287139615025,0.010796609550121523,96.87895144149999,9.83527
101321,4.62,328.8,52.40307,-1.507786,False,-0.14361999999999997,0.15870988767070052,0.26100063537598117,0.01750569748523157,97.000082451,0.19917,0.12110351907905585,0.010705221986384742,97.37077801400001,9.843549999999999
101421,4.62,328.8,52.40307,-1.507786,False,-0.13853999999999997,0.1557329566205551,0.2663765023420786,0.01970855708118229,96.83820440299999,0.18045999999999998,0.11078756649049931,0.011613732293185308,96.851366337,9.83531
101521,4.62,328.8,52.40307,-1.507786,False,-0.14409999999999995,0.15357106208890084,0.2672929154816231,0.017892195691604346,96.863810598,0.19014999999999999,0.10552601838197757,0.012906139796408604,97.3371823325,9.83654
101621,4.62,328.8,52.40307,-1.507786,False,-0.12180999999999997,0.14960166702874564,0.2580087011883267,0.018478410826330956,97.82017698199999,0.16658,0.10342414074521873,0.012307793375653301,97.27832443100002,9.88561
101721,4.62,328.8,52.40307,-1.507786,False,-0.15741999999999998,0.1416503504329577,0.24123580810300727,0.016887737168332088,96.669467568,0.19544,0.11598984821477612,0.01289546001075132,97.22875227649999,9.82722
101821,4.62,328.8,52.40307,-1.507786,False,-0.12487,0.1318640465698656,0.22732917493752614,0.016562477672940876,97.62814062700001,0.16924999999999998,0.11503127352544965,0.012658194535117809,97.2997747025,9.87676
101922,4.62,328.8,52.40307,-1.507786,False,-0.14716999999999997,0.13984873614016657,0.246859155750353,0.01582243484563747,97.07819521200001,0.17955000000000002,0.11803640916635345,0.013609490152912405,97.33687784700001,9.84805
102021,4.62,328.8,52.40307,-1.507786,False,-0.10217999999999998,0.1450511618552483,0.24991306066087624,0.01681373776938894,98.09024156500001,0.16811,0.1132921734081992,0.012027972028197798,97.41673826000002,9.89973
102121,4.62,328.8,52.40307,-1.507786,False,-0.14118999999999998,0.14705879738693234,0.2592672032222094,0.015830564670212374,96.831841669,0.19705999999999999,0.11040621158047888,0.013422187270005907,97.143873622,9.835239999999999
102221,4.62,328.8,52.40307,-1.507786,False,-0.14545999999999998,0.150487815675119,0.24895980242244248,0.0178302769966643,97.125930517,0.19232,0.10593117052542564,0.012909944487357959,96.9796104715,9.85031
102322,4.62,328.8,52.40307,-1.507786,False,-0.13307999999999998,0.16626643143528444,0.23926609919130162,0.01681345030358461,96.933096662,0.19139,0.10687227527389945,0.013092135043605284,96.9665895565,9.84068
102422,4.62,328.8,52.40307,-1.507786,False,-0.13316999999999998,0.16630607692512062,0.23520165437815624,0.017373594267674614,97.029041035,0.20921000000000003,0.11449298328814797,0.011955291715386854,96.933622719,9.84564
102522,4.62,328.8,52.40307,-1.507786,False,-0.11495999999999999,0.17807029947623904,0.26813161548430053,0.019173943546154232,97.548825301,0.20657999999999999,0.11551306611999508,0.012632761640538625,97.2063179495,9.87129
102622,4.62,328.8,52.40307,-1.507786,False,-0.15109,0.19801520396172093,0.2961089656791166,0.023557647967863346,96.277407889,0.26159,0.1636265697658275,0.012539719117889085,97.0487924355,9.805119999999999
102722,4.62,328.8,52.40307,-1.507786,False,-0.12425,0.19550984203700653,0.3112503629627495,0.02388474408487556,97.372011069,0.2752,0.17847509630197117,0.012440989599795498,97.0207393185,9.86078
102822,4.62,328.8,52.40307,-1.507786,False,-0.10691999999999999,0.2131180935016538,0.36091083909710303,0.024432864934118698,98.21795601,0.29156,0.16288533935801483,0.013277169209670403,97.9230483185,9.90194
102921,4.62,328.8,52.40307,-1.507786,False,-0.12755,0.2410976761489964,0.3570154276156041,0.025697144242546106,98.312134297,0.34265999999999996,0.2205957297864078,0.012163903795885311,97.6951647545,9.906
103021,4.62,328.8,52.40307,-1.507786,False,-0.14570999999999998,0.2272304334566363,0.3491759276417006,0.024910586772160376,98.02553606500001,0.35603,0.21217226779723136,0.012269945214040406,98.057888815,9.89182
103121,4.62,328.8,52.40307,-1.507786,False,-0.17336999999999997,0.26497657359766263,0.32364354465985595,0.0260382112374188,98.71259807300001,0.44123,0.3320761828590241,0.011021695775958223,97.772219871,9.925980000000001
103222,4.62,328.8,52.40307,-1.507786,False,-0.17241999999999996,0.26459963802780684,0.3199886596948841,0.024977503211223193,99.26959785300001,0.52321,0.3807808189905433,0.017064742730098278,98.19776418500001,9.954130000000001
103321,4.62,328.8,52.40307,-1.507786,False,-0.24558999999999997,0.2802798341737173,0.3192392199519833,0.024817648290413514,99.200961355,0.6326799999999999,0.3993973816194119,0.019870024883952373,98.0670290085,9.94878
103421,4.62,328.8,52.40307,-1.507786,False,-0.34071999999999997,0.39913723009066265,0.32182466585945657,0.021382142081653052,99.27559959800001,0.82341,0.6291709226346102,0.02035954867432527,98.15232031650001,9.946000000000002
103522,4.62,328.8,52.40307,-1.507786,False,-0.37810999999999995,0.3733702435623117,0.3037948703026739,0.020820558750107188,98.84302617200001,0.92423,0.5896266691729586,0.018319558461442786,98.1959257365,9.92429
103622,4.62,328.8,52.40307,-1.507786,False,-0.40917999999999993,0.3886648764967378,0.24181147293798572,0.016102660235708412,99.938844104,1.00745,0.6003899496715982,0.02195278013272017,98.1081259965,9.97912
103721,4.62,328.8,52.40307,-1.507786,False,-0.45863,0.3643444159644096,0.23077849890219462,0.02209431550824275,99.54747704900001,1.14092,0.6240239343700402,0.024185323832623926,98.459744059,9.958400000000001
103821,4.62,328.8,52.40307,-1.507786,False,-0.50752,0.2994438430008429,0.15222383409526927,0.021537164261908825,98.452903283,1.2975299999999999,0.5601379652470528,0.0322600561410271,98.3354296465,9.90423
103922,4.62,328.8,52.40307,-1.507786,False,-0.49488999999999994,0.3025561194959487,0.11998225285431362,0.0200535422196567,98.821866428,1.34855,0.5288585071222291,0.036205133153555245,98.5670003625,9.92379
104021,4.62,328.8,52.40307,-1.507786,False,-0.6541,0.4398341328778918,0.22673037854587377,0.020281148882644647,97.738304231,1.6162199999999998,0.6071214244284232,0.04343226655123788,97.88192014799999,9.85343
104122,4.62,328.8,52.40307,-1.507786,False,-0.72387,0.4834875318397023,0.22749069553622395,0.018106564187240624,97.98694244200001,1.7502400000000002,0.6442882277711134,0.04370487005662717,98.34977025750001,9.85931
104221,4.62,328.8,52.40307,-1.507786,False,-0.80198,0.4633821863933371,0.21869393529161668,0.017200116278676666,97.584662854,1.88628,0.631166679517646,0.05066310952425509,98.4271303535,9.833879999999999
104322,4.62,328.8,52.40307,-1.507786,False,-0.88392,0.5000756027286747,0.2190753690704073,0.016537260958211855,97.171522702,1.99116,0.5873027578117873,0.05433645798786177,98.1862420285,9.80418
104422,4.62,328.8,52.40307,-1.507786,False,-0.91773,0.5306207246654123,0.21710066687036522,0.015970142280031276,97.32079129899999,1.9995299999999996,0.5918112049744673,0.049888435533698594,98.29819544850001,9.807279999999999
104521,4.62,328.8,52.40307,-1.507786,False,-0.9171199999999999,0.5314040120285157,0.20303650711688734,0.02414856793545595,96.487782037,2.0557100000000004,0.5266320673234122,0.04772237420749309,97.66540410450001,9.76501
104621,4.62,328.8,52.40307,-1.507786,False,-0.8968400000000001,0.5435859600835943,0.20287658673303843,0.024884720881161823,96.459597653,2.12471,0.48193339892561665,0.046840154900588384,98.19922087850001,9.76485
104722,4.62,328.8,52.40307,-1.507786,False,-0.8932400000000001,0.54651076476132,0.21525488380059157,0.031469138321006895,95.358503573,2.15421,0.47142229346709447,0.048235313251231704,97.452990311,9.70825
104821,2.09,299.53,52.403145,-1.507829,False,-0.9233100000000001,0.5197556529541364,0.23271660018143442,0.03612759640803994,95.655047171,2.1833699999999996,0.45476449595122886,0.046545758847253434,97.05397522700001,9.72166
104922,2.09,299.53,52.403145,-1.507829,False,-0.9203999999999999,0.5232592898787821,0.23502382479703543,0.03759971040077597,95.741068294,2.20123,0.4171996006443143,0.04223961410808585,97.281467361,9.72614
105022,2.09,299.53,52.403145,-1.507829,False,-0.77348,0.4986391988870002,0.19183451462133336,0.040914340056051504,96.766048117,2.08163,0.3357409254171998,0.042971216464564393,97.25217617400001,9.79341
105121,2.09,299.53,52.403145,-1.507829,False,-0.69483,0.467824530376748,0.18971886686475628,0.04124718037501336,96.553906879,1.9951800000000002,0.32443707076856493,0.04674131648409867,97.2704246605,9.78988
105221,2.09,299.53,52.403145,-1.507829,False,-0.6423300000000001,0.4535516779326894,0.19105033920700973,0.04357330477355243,96.613940602,1.9236999999999997,0.29189675115240915,0.04655143988702781,97.099301728,9.79711
105321,2.09,299.53,52.403145,-1.507829,False,-0.4957,0.39822181423590497,0.22212067415909076,0.04352268374078049,97.456329879,1.8459800000000002,0.3033973990952726,0.04301003629645332,97.31392629049999,9.85005
105421,2.09,299.53,52.403145,-1.507829,False,-0.38128999999999996,0.1922537700829642,0.23149397016385262,0.04373457315315753,97.059562867,1.8682200000000002,0.3472341374666674,0.04237054663586763,97.19017708300001,9.84036
105521,2.09,299.53,52.403145,-1.507829,False,-0.37707999999999997,0.19466051816774627,0.23100721705897415,0.036415657499365706,97.93537098499999,1.87822,0.3440639339812659,0.03898178492008246,97.211576511,9.884889999999999
105622,2.09,299.53,52.403145,-1.507829,False,-0.40515999999999996,0.2332033218745726,0.23010844810412312,0.03126756217623055,97.788822841,1.85659,0.33229202167169913,0.03832270722285814,97.124210247,9.87563
105722,2.09,299.53,52.403145,-1.507829,False,-0.39624999999999994,0.23178770099669976,0.20695024737575796,0.030169235618055967,97.989563101,1.83698,0.3196407977019734,0.04096418625525925,96.674033337,9.88664
105822,2.09,299.53,52.403145,-1.507829,False,-0.3598199999999999,0.21894291899438056,0.23238440973716312,0.028600398210125968,96.876657919,1.86383,0.3516686289044757,0.03747877176927426,96.265852545,9.83135
105921,2.09,299.53,52.403145,-1.507829,False,-0.38927999999999996,0.23550243122123657,0.23977181281840432,0.028455308038317813,96.487333654,1.9238799999999998,0.32457392857577033,0.03210763322188553,96.114200974,9.8099
106022,2.09,299.53,52.403145,-1.507829,False,-0.43282999999999994,0.23469869596759818,0.25336476318190615,0.025008063144158543,96.79368236399999,1.9470299999999998,0.32094743442916746,0.03178319087540201,96.7798652405,9.82339
106121,2.09,299.53,52.403145,-1.507829,False,-0.41674,0.23423624921101907,0.25377229163169435,0.024278177215122387,96.516327726,2.00501,0.3125846639090105,0.037557820608881236,96.5351173025,9.80996
106221,2.09,299.53,52.403145,-1.507829,False,-0.35711999999999994,0.27729090941544865,0.25332669289542925,0.015137991206820564,96.43958764999999,2.05364,0.30241496950014823,0.035165230618388665,96.526764126,9.807400000000001
106322,2.09,299.53,52.403145,-1.507829,False,-0.42501,0.25721851691596126,0.21523161168069566,0.021312166582598862,95.80708260099999,2.1526,0.24101846402298197,0.02550411949295891,96.63170624,9.773700000000002
106422,2.09,299.53,52.403145,-1.507829,False,-0.45726999999999995,0.2661170337777514,0.2117934843190453,0.023423039464975016,96.513990373,2.06201,0.24714444471918295,0.02487331457160049,96.78677662,9.808200000000001
106521,2.09,299.53,52.403145,-1.507829,False,-0.43814000000000003,0.2879644545965931,0.1885710016589761,0.023445435471418394,95.93252710200001,2.08305,0.23325298735730862,0.01855496639117928,96.9339490435,9.779259999999999
106622,2.09,299.53,52.403145,-1.507829,False,-0.42166999999999993,0.2693432384729813,0.2575527227578958,0.023037508063542312,94.681107378,2.1016900000000005,0.22656241450572576,0.017260101712073594,96.2349651095,9.714850000000002
106722,2.09,299.53,52.403145,-1.507829,False,-0.45358,0.28361939206541886,0.24857675876880506,0.024349923568212223,95.097152767,2.04183,0.3300562546327822,0.018534655228637495,96.543357934,9.734649999999998
106822,2.09,299.53,52.403145,-1.507829,False,-0.3752999999999999,0.4172584197938863,0.25935865107779,0.03529574100841818,96.34693525099999,1.9901,0.3175625677633343,0.021722840002582372,96.611796585,9.797389999999998
106921,2.09,299.53,52.403145,-1.507829,False,-0.31344,0.4200281556700189,0.25406016544643134,0.034737397394994596,96.533756823,1.91783,0.37731087109231615,0.04244025866504082,96.5105452385,9.80911
107021,2.09,299.53,52.403145,-1.507829,False,-0.2564699999999999,0.41164137857552363,0.23318720090663034,0.03524133305588134,96.01500987300001,1.8207,0.46662577201769434,0.04922815477165727,96.4043461185,9.78508
107121,2.09,299.53,52.403145,-1.507829,False,-0.34357,0.5133160799048584,0.2576615816660889,0.037868780750844815,95.57144817700001,1.7209500000000002,0.47714225982521125,0.052835346964782134,96.0438879515,9.754819999999999
107221,2.09,299.53,52.403145,-1.507829,False,-0.36501,0.49802936872348524,0.2581983914228323,0.03932432665242555,95.195253989,1.55197,0.572569716376189,0.0695035218931788,95.8174208195,9.73544
107321,2.09,299.53,52.403145,-1.507829,False,-0.35635999999999995,0.4930746871530856,0.28327036574819253,0.03653998722860568,95.693775187,1.3295400000000002,0.6169109952010896,0.07097273420124119,95.75042889400001,9.760929999999998
107421,2.09,299.53,52.403145,-1.507829,False,-0.37675999999999993,0.5112579848873886,0.2828238870942743,0.041867517241890514,95.712640858,1.2797800000000001,0.6091511011235218,0.0787283486991117,96.1133156155,9.760299999999999
107522,2.09,299.53,52.403145,-1.507829,False,-0.41888999999999993,0.5001617370633468,0.2996667601038131,0.04830999896501758,95.058226573,1.13604,0.5800369723848063,0.09789804730773083,95.4953768375,9.725060000000001
107622,2.09,299.53,52.403145,-1.507829,False,-0.45958,0.5347027435875022,0.24786730410533442,0.05135251697823583,96.627338976,0.9453000000000001,0.5356119490825422,0.09282688547326529,95.654223177,9.80324
107721,2.09,299.53,52.403145,-1.507829,False,-0.49951999999999996,0.569167895167051,0.25052888079243857,0.05151725061677021,97.170835571,0.75958,0.6849451767193572,0.09165975064819311,96.13399416899999,9.82717
107822,2.09,299.53,52.403145,-1.507829,False,-0.6398599999999999,0.4520901807776386,0.23526520826978486,0.04511969759551931,96.23564912399999,0.51619,0.6955762446426069,0.0973091779387287,96.29129218749999,9.77714
107922,2.09,299.53,52.403145,-1.507829,False,-0.61803,0.48919161674020056,0.2739485071241607,0.055983053983623764,97.171338694,0.34898999999999997,0.67785375094239,0.1117852609048063,96.8525477585,9.82377
108021,2.09,299.53,52.403145,-1.507829,False,-0.74851,0.496349732099815,0.2736951093623889,0.05711602616117865,97.19973435499999,0.13836999999999997,0.7630800803323341,0.11157967805812857,96.607372114,9.815819999999999
108121,2.09,299.53,52.403145,-1.507829,False,-0.7074499999999999,0.46912014156527615,0.24057453361114872,0.058052448508032595,97.797175823,-0.08793000000000004,0.7394574438209573,0.1135682447791736,96.68431199999999,9.851220000000001
108221,2.09,299.53,52.403145,-1.507829,False,-0.7956299999999998,0.4313328002315128,0.25207775696311546,0.05219590128651013,97.706876599,-0.3051500000000001,0.850218216760329,0.11359693315500333,96.451065294,9.841199999999999
108321,2.09,299.53,52.403145,-1.507829,False,-0.7269699999999999,0.5168883718947472,0.2329639495239108,0.05101971296578519,97.05545619899999,-0.45975,0.8836354794572017,0.10648139378418325,96.374615693,9.810080000000001
108421,2.09,299.53,52.403145,-1.507829,False,-0.7813199999999999,0.5604968763913383,0.2340605800025124,0.036977303849794106,97.213534704,-0.75258,0.7720483833427967,0.10219293300202142,96.46308778099998,9.81178
108522,2.09,299.53,52.403145,-1.507829,False,-0.84812,0.5615393936908339,0.20138857989247988,0.040952216057253826,98.446041081,-0.95739,0.6332599333782507,0.11104143420863763,96.752133827,9.86947
108622,2.09,299.53,52.403145,-1.507829,False,-0.8619299999999999,0.5683844279085165,0.23898929218225481,0.04593502173965112,99.070927879,-1.2482600000000001,0.7045847448438489,0.10151599983363369,97.84913342749999,9.898779999999999
108722,2.09,299.53,52.403145,-1.507829,False,-0.81178,0.566391289559516,0.25611774202069015,0.04569536932532416,98.26775903000001,-1.47885,0.8086119014844068,0.0860104153899727,97.7192973005,9.8621
108821,2.09,299.53,52.403145,-1.507829,False,-0.76411,0.5791797158242205,0.2417660726588547,0.0501286167994113,98.81476963399999,-1.60969,0.7558547662525339,0.0735548593454806,97.525209379,9.89325
108922,2.09,299.53,52.403145,-1.507829,False,-0.76267,0.58185509469474,0.23560675334595194,0.040787361877043335,98.728645833,-1.8164799999999999,0.6438226236058137,0.07065505879506037,97.9499922635,9.889
109021,2.09,299.53,52.403145,-1.507829,False,-0.6243299999999999,0.5884746309079302,0.29308154136500025,0.04034025973584645,99.910460332,-1.9844000000000002,0.6469910011395541,0.06383536115142954,98.5550973435,9.95649
109122,2.09,299.53,52.403145,-1.507829,False,-0.58904,0.5866283665528346,0.29242382274894535,0.0412202606601279,99.887246809,-2.19062,0.6396144564414538,0.06164424907843841,98.842211316,9.95759
109221,2.09,299.53,52.403145,-1.507829,False,-0.58729,0.5852283114781426,0.3963569154744772,0.04510267422473108,98.951116187,-2.29784,0.6282011765527267,0.05116301724227615,98.32899639299998,9.9074
109321,2.09,299.53,52.403145,-1.507829,False,-0.67521,0.5318209963052546,0.4656738798057427,0.06872738092557353,97.74559263799999,-2.4025100000000004,0.5269752206909072,0.046566904079567845,97.4005244185,9.840729999999999
109422,2.09,299.53,52.403145,-1.507829,False,-0.5749799999999999,0.46748313528701774,0.46458384962602184,0.08810329543590675,97.159834862,-2.47066,0.48045881358922315,0.03858834596668486,97.186684783,9.8203
109521,2.09,299.53,52.403145,-1.507829,False,-0.4742899999999999,0.43564267072402096,0.4857984654154471,0.09792586992209976,95.63809501,-2.5157100000000003,0.386013400602172,0.052228456483671706,97.0420680455,9.74833
109621,2.09,299.53,52.403145,-1.507829,False,-0.4844899999999999,0.45467860064983384,0.44775929905351425,0.1056643932457855,94.507213538,-2.54805,0.41599804019304343,0.06143326008315504,96.78907070849999,9.69051
109722,2.09,299.53,52.403145,-1.507829,False,-0.62322,0.6608905032857831,0.447366048108263,0.1115945319249808,95.253686911,-2.59254,0.46914876863434235,0.05763930082851567,96.7607229705,9.71041
109822,2.09,299.53,52.403145,-1.507829,False,-0.7218199999999999,0.6982562786446458,0.44268247825677687,0.12312145809908379,94.695198067,-2.58675,0.47870516616297315,0.04464287923809123,96.7549838505,9.67259
109922,2.09,299.53,52.403145,-1.507829,False,-0.76027,0.6498788452045867,0.40801576549062146,0.13290983409815843,93.276396107,-2.69354,0.5479582388791726,0.040446904839693765,96.00252097,9.60044
110021,2.09,299.53,52.403145,-1.507829,False,-0.86036,0.5900991201108152,0.28240117268408255,0.13479683848913765,91.89235819299999,-2.62252,0.5844896668604804,0.039542170175931854,95.9014092625,9.52717
110121,2.09,299.53,52.403145,-1.507829,False,-0.9031499999999999,0.572937464592198,0.27285158847502955,0.13455212992244553,90.967763265,-2.60557,0.5714850966269158,0.03813494169102546,95.427505037,9.47574
110222,2.09,299.53,52.403145,-1.507829,False,-0.7728399999999999,0.6853044873955279,0.32784447600112726,0.1367966247959194,93.26440589199998,-2.53343,0.6002972061126682,0.04885872604879545,96.10776103949999,9.59936
110322,2.09,299.53,52.403145,-1.507829,False,-0.81624,0.6984052822124307,0.34533331740669987,0.13524642899372816,95.54386677699999,-2.5581500000000004,0.5979412276024084,0.04865721940267582,96.6447297075,9.712430000000001
110421,2.09,299.53,52.403145,-1.507829,False,-0.98141,0.782577413210137,0.35861570967015194,0.12283894424091335,96.479189862,-2.6447899999999995,0.644377586771407,0.05485260654193723,96.819512362,9.73905
110521,2.09,299.53,52.403145,-1.507829,False,-1.29618,1.0106715751859712,0.40682034541606255,0.11703944254443076,100.086894397,-2.78052,0.6124583338209022,0.051391287631704384,97.8624947035,9.866029999999999
110621,2.09,299.53,52.403145,-1.507829,False,-1.19687,1.0602225469211657,0.4513274514633932,0.10772989887264867,101.590591203,-2.69622,0.6322747746563004,0.044568902960598365,98.0489023705,9.94802
110721,2.09,299.53,52.403145,-1.507829,False,-1.1894699999999998,1.0542846021513055,0.45140816218682256,0.10357177275257536,102.256888107,-2.5729800000000003,0.6284079598477479,0.047145784541145576,98.755287509,9.982899999999999
110821,2.09,299.53,52.403145,-1.507829,False,-1.2467799999999998,1.0820483762034152,0.4263499852103698,0.08727685260136274,103.58163603500002,-2.48491,0.7827156365287941,0.0509461033293476,99.138417051,10.04041
110922,2.09,299.53,52.403145,-1.507829,False,-1.46106,1.0570000779985271,0.3813772208136529,0.0878004328007556,105.84690061900001,-2.36332,0.7023631472868398,0.06614494269741684,99.56164836299999,10.127970000000001
111021,2.09,299.53,52.403145,-1.507829,False,-1.41963,1.0857869824335828,0.37863286879683355,0.0817731278871271,107.530394817,-2.3747999999999996,0.6974267352999307,0.06822386434867769,99.711376505,10.21396
111121,2.09,299.53,52.403145,-1.507829,False,-1.42373,1.0836224835143378,0.40880155481872804,0.07846692225956672,107.33482469200001,-2.14871,0.8481921892406799,0.05510320014905461,99.15129397850001,10.202969999999999
111221,2.09,299.53,52.403145,-1.507829,False,-1.5035699999999999,0.96531579064401,0.4636771673864759,0.06336288433389937,105.812545767,-1.9680199999999999,1.051833414989701,0.07202013298762823,99.53847582950002,10.125200000000001
111321,2.09,299.53,52.403145,-1.507829,False,-1.4481499999999998,0.9999981247204656,0.4639703234044089,0.05578046252945559,105.051653274,-1.7501200000000001,1.125354554302286,0.06177542121804401,100.29776002550001,10.09261
111421,2.09,299.53,52.403145,-1.507829,False,-1.28057,1.0253645953730055,0.4794029533353541,0.0543806430022056,104.035777098,-1.4331200000000002,1.0748702586307317,0.07276704153209351,100.25748348,10.06195
111521,2.09,299.53,52.403145,-1.507829,False,-1.02793,0.7465581484385542,0.45900965421945483,0.055659476581560965,101.15555483900002,-1.07492,0.9927613977632771,0.06885348050591096,100.621224618,9.97034
111621,2.09,299.53,52.403145,-1.507829,False,-0.9991199999999999,0.7830793443550647,0.4156402964102489,0.05890967096609293,99.78215316800001,-0.85876,0.9589043136135499,0.07241508437089969,100.6863721855,9.903360000000001
111721,2.09,299.53,52.403145,-1.507829,False,-0.8603900000000001,0.7224048748605066,0.4081038028356133,0.057988570712971824,99.08592264,-0.66367,0.888616382735921,0.07190591151714287,100.6714053735,9.885650000000002
111821,2.09,299.53,52.403145,-1.507829,False,-0.6688799999999999,0.6451620068720049,0.40840199422736556,0.05489293518599031,98.707097248,-0.52645,0.9395171800806373,0.07283554992813192,101.1443666415,9.8861
111922,2.09,299.53,52.403145,-1.507829,False,-0.29379,0.6729762096670123,0.4819947981508209,0.051921553007076605,95.59184132,-0.27644,0.7388118482476556,0.07628484923116963,100.7193709695,9.74109
112021,2.09,299.53,52.403145,-1.507829,False,-0.10212999999999998,0.8399332249252518,0.45035527765434685,0.04899259467851578,92.40610858800001,-0.03639,0.34591257549978466,0.07794711882637734,99.9682517025,9.56965
112122,2.09,299.53,52.403145,-1.507829,False,0.0027199999999999976,0.7894776357398184,0.4390686229585035,0.05003623575858688,93.707057345,-0.05417000000000001,0.38438607053615714,0.058238761433716806,100.5209410185,9.642230000000001
112222,2.09,299.53,52.403145,-1.507829,False,0.16069,0.8351865865382018,0.45882591578942833,0.053226172551146714,94.99691016999999,-0.05278000000000001,0.3838598610025464,0.07048570304205934,100.4047279685,9.703289999999999
112321,2.09,299.53,52.403145,-1.507829,False,0.28576,0.7936940191282782,0.4698774077707295,0.06269827305791159,95.29364697700001,-0.11158000000000001,0.48206729083074523,0.05569514640732502,100.17265012549998,9.71835
112421,2.09,299.53,52.403145,-1.507829,False,0.46412,0.8251220486153005,0.4773530979381166,0.06450806667903376,96.015212569,-0.00734999999999999,0.5734253903807701,0.07064956475449817,100.0254948335,9.74587
112522,2.09,299.53,52.403145,-1.507829,False,0.7212799999999999,0.7976898781968945,0.4954034841531884,0.06493243411423909,95.658311089,0.11251000000000003,0.7487709135643592,0.060890517415367176,98.406932964,9.71311
112622,2.09,299.53,52.403145,-1.507829,False,0.9506399999999999,0.8923681255824603,0.4958528616882765,0.06525214683569167,95.540990674,0.31282000000000004,0.9493743961156762,0.09135849106070493,97.66157192099999,9.67984
112721,2.09,299.53,52.403145,-1.507829,False,1.2669300000000001,0.8685246865934323,0.5010067868247423,0.060350771881283065,96.35060164299999,0.52835,1.084048784521355,0.09493585495246547,97.71826214149999,9.68714
112821,2.09,299.53,52.403145,-1.507829,False,1.54755,0.84691696595488,0.4860054971111245,0.05402586726127896,96.736986788,0.6071899999999999,1.1018922557229571,0.1147163947403431,97.722042018,9.66871
112922,2.09,299.53,52.403145,-1.507829,False,1.6490099999999999,0.8919261945674387,0.4179033499373899,0.05307728222967797,99.50483835200001,0.74405,1.1360008482489026,0.11844857111843937,97.548339836,9.79349
113022,2.09,299.53,52.403145,-1.507829,False,1.72083,0.8943903535680338,0.30850926170142307,0.052428140238700904,100.70919431600001,0.98788,1.2706561146816167,0.12100747497572198,96.557651452,9.84593
113122,2.09,299.53,52.403145,-1.507829,False,1.95291,0.7168128927566931,0.3402802062679834,0.04107785156125974,100.2890367,1.3200800000000001,1.168264160386874,0.11254091650990258,96.9980470225,9.79329
113222,2.09,299.53,52.403145,-1.507829,False,2.0842800000000006,0.6576282837253515,0.3219221983302526,0.04460092300988101,100.121022228,1.57545,1.0803593180563187,0.11353392836015522,97.558966199,9.76188
113322,2.09,299.53,52.403145,-1.507829,False,2.29266,0.426470598700017,0.311976894621677,0.04113368449336869,99.56362901700001,2.02326,0.7633671945910304,0.0896832797497205,97.428637997,9.69825
113422,2.09,299.53,52.403145,-1.507829,False,2.4555599999999997,0.3497492695568506,0.3891965319018782,0.03087911196189999,101.271235528,2.11037,0.6609947874227167,0.08379374479438559,98.6432240485,9.74654
113522,2.09,299.53,52.403145,-1.507829,False,2.38272,0.5304690373203235,0.470797720305071,0.04769134093312956,100.170246307,2.1989,0.6321366518931401,0.0493361530725689,97.914278698,9.69743
113621,2.09,299.53,52.403145,-1.507829,False,2.3892200000000003,0.5296955620395923,0.5012200359567178,0.044806349996401165,99.48327223,2.34673,0.738957710487475,0.0682938430607031,97.512131452,9.659
113721,2.09,299.53,52.403145,-1.507829,False,2.28026,0.5838478173101046,0.48345862985139554,0.05683239393163021,98.13669419700001,2.4437,0.76187798673191,0.06451386155961582,97.24364792,9.61353
113822,9.36,279.13,52.403263,-1.508746,False,2.26064,0.5693924953648172,0.5536056322971432,0.05997400270117043,99.176374821,2.6540999999999997,0.6591209802962338,0.07010209697291472,97.9566808045,9.669450000000001
113921,9.36,279.13,52.403263,-1.508746,False,2.2049499999999997,0.5757196216716723,0.5329518368900276,0.05993377456270655,98.309874357,2.76556,0.5479824210481382,0.06742844849665906,98.90735635450001,9.638160000000001
114022,9.36,279.13,52.403263,-1.508746,False,2.18738,0.5828779533010665,0.5351808094259248,0.07121698065302495,98.161943271,2.7774900000000002,0.5472883405177457,0.06750667539008388,99.4355687935,9.63399
114121,9.36,279.13,52.403263,-1.508746,False,2.09036,0.6155254994266611,0.5308738284920308,0.07211589823178918,98.676701196,2.87358,0.5723886069213244,0.06352083210342134,99.482868948,9.68052
114221,9.36,279.13,52.403263,-1.508746,False,1.9844300000000001,0.6472613949900311,0.579383504636135,0.07393624054999458,99.529735864,2.95165,0.5498230730577499,0.06346866243360609,99.825379046,9.74231
114322,9.36,279.13,52.403263,-1.508746,False,1.86915,0.6093403687595276,0.5739692327216821,0.07920955960825266,99.274069432,2.91962,0.5263220302776207,0.05767503696478067,99.4188492245,9.754470000000001
114422,9.36,279.13,52.403263,-1.508746,False,1.6956400000000003,0.476476475343278,0.5435169228685106,0.07480323002532858,95.916536971,3.15383,0.4651252281793472,0.055915023820873176,98.5938862495,9.62139
114521,9.36,279.13,52.403263,-1.508746,False,1.6350500000000001,0.5896473903953092,0.553947811019543,0.08531200254230219,95.712239909,3.1875,0.41454020311665907,0.036548774109247624,97.941243108,9.61508
114622,9.36,279.13,52.403263,-1.508746,False,1.5176100000000001,0.5440276452330125,0.5281989588319151,0.08612001703049837,96.318480834,3.19956,0.4249024076185035,0.04171517709419347,97.90087653200001,9.66943
114722,9.36,279.13,52.403263,-1.508746,False,1.33318,0.7915586211182758,0.5273266586176889,0.09282036713758222,96.30672155799999,3.4653800000000006,0.8903447095242261,0.05851206997990466,97.2217078775,9.68066
114822,9.36,279.13,52.403263,-1.508746,False,1.24716,0.6834172374504789,0.4464183664332134,0.09455392406217498,94.548933805,3.5643299999999996,0.9229045286485492,0.0560959188454119,96.862654313,9.61217
114922,9.36,279.13,52.403263,-1.508746,False,1.12628,0.6625252796854038,0.464232982695361,0.09648488712976992,94.700373696,3.5817900000000003,0.9067825985317542,0.05830394021371431,96.5051240265,9.6355
115021,9.36,279.13,52.403263,-1.508746,False,0.85967,0.8329312523985539,0.4684948486613586,0.08474529223240401,95.708983154,3.5478499999999995,0.9447484853417634,0.05710575374785839,96.9354632125,9.70299
115122,9.36,279.13,52.403263,-1.508746,False,0.6405800000000001,0.9356867137147051,0.46849522421377915,0.08477064219278851,94.93027094,3.4973599999999996,0.9645787430560328,0.06512356545658192,96.80348606800001,9.67132
115221,9.36,279.13,52.403263,-1.508746,False,0.6003200000000001,0.9106959936712643,0.4223654764142968,0.08539352109173415,94.20988596100001,3.44236,1.001130214862738,0.06091960184447059,96.8698109125,9.64067
115321,9.36,279.13,52.403263,-1.508746,False,0.4468200000000001,0.8635290406234194,0.42289358735056687,0.07941302999718203,93.922375844,3.3569899999999997,1.0650110186701776,0.06167356357828193,96.598222638,9.637979999999999
115421,9.36,279.13,52.403263,-1.508746,False,0.23071000000000005,0.8990358495509407,0.41713470566074007,0.0931403725566953,95.895275973,3.11587,1.1498830288821171,0.07108893022123729,95.905906472,9.74464
115521,9.36,279.13,52.403263,-1.508746,False,0.21187000000000009,0.8955174743006312,0.2421861487919345,0.08635503009218526,97.630864925,3.03962,1.2013875633338869,0.05892048879634273,96.671552417,9.839279999999999
115622,9.36,279.13,52.403263,-1.508746,False,-0.0901299999999999,1.0292568365897172,0.33878147266671305,0.09536186985489652,96.707774965,2.90723,1.2083435448304152,0.06612338298800001,96.5131278995,9.77972
115723,9.36,279.13,52.403263,-1.508746,False,-0.18546999999999988,1.093367090993081,0.3649026323707698,0.10048074718848161,96.201016185,2.44688,0.8511521234969303,0.06567872985644216,96.2538688715,9.7453
115822,9.36,279.13,52.403263,-1.508746,False,-0.5056299999999999,0.9396487973351214,0.38040065209081336,0.09509137360104404,96.669594186,2.04885,0.8300628346362968,0.1169143185794146,95.60926399549999,9.77185
115921,9.36,279.13,52.403263,-1.508746,False,-0.93657,1.2640874987735478,0.4283733575334112,0.1167928465275164,98.721839682,1.8696899999999999,0.8191925081715798,0.15095932527965558,96.71110668899999,9.81027
116021,9.36,279.13,52.403263,-1.508746,False,-0.9546499999999998,1.2627357964620607,0.4480138708170212,0.13021843571476352,97.339727283,1.6874399999999998,0.8734391452439281,0.14770085232583377,96.5243552185,9.73718
116121,9.36,279.13,52.403263,-1.508746,False,-1.0257899999999998,1.2679880935736159,0.618560133517986,0.13046250035929866,95.455174304,1.67683,0.8571237937946233,0.15275758719109314,95.19272262199999,9.62349
116222,9.36,279.13,52.403263,-1.508746,False,-1.2462699999999998,1.0645455139270616,0.6367742575757339,0.14588588576920888,93.150437579,1.67231,0.8517760627066243,0.14079236919031587,93.68016177,9.49802
116321,9.36,279.13,52.403263,-1.508746,False,-1.68376,1.3543438921567272,0.6819370832008314,0.15182088898874666,96.479926385,1.54915,0.8436124785047265,0.130077852329544,95.2011511145,9.569510000000001
116421,9.36,279.13,52.403263,-1.508746,False,-1.7370999999999999,1.3290937396921634,0.777590234063624,0.15683151929521197,98.01540630499998,1.4003700000000001,0.9432788453639304,0.1314157541714251,96.955341139,9.636590000000002
116522,9.36,279.13,52.403263,-1.508746,False,-2.58626,2.2748334987666956,0.8888864637536452,0.15721902061914914,102.140295985,1.52279,1.0944479637901672,0.11783202215206372,99.885580455,9.49121
116621,9.36,279.13,52.403263,-1.508746,False,-2.65857,2.2596606136763135,0.8809019764486434,0.15560512023852055,102.83256818,1.5054500000000002,1.0828794374772797,0.10957057035942125,99.7701715725,9.511610000000001
116721,9.36,279.13,52.403263,-1.508746,False,-2.5808399999999994,2.3256435717165864,0.8948382575142414,0.1490687108536045,104.072309636,1.4854800000000001,1.0930953163684607,0.07816872349816983,100.13666291050001,9.58244
116821,9.36,279.13,52.403263,-1.508746,False,-2.35897,2.5358001761661857,0.905041034306064,0.14521341421048767,104.190440451,1.4184800000000002,1.1902015485715942,0.0739593101343945,100.4300173185,9.59694
116922,9.36,279.13,52.403263,-1.508746,False,-1.8478399999999997,2.7582170610740575,0.8942008128926021,0.1391838995318384,102.869461976,1.36738,1.2156857230934859,0.06421019302952516,100.795650829,9.585840000000001
117021,9.36,279.13,52.403263,-1.508746,False,-1.7680799999999999,2.798274082279212,0.8983252964390086,0.12845958984140585,104.19520872799998,1.08891,1.6441091207702723,0.07458139550555183,100.76746800549999,9.658959999999999
117122,9.36,279.13,52.403263,-1.508746,False,-1.6280100000000002,2.8516253125581263,0.8746997402918721,0.1267274222714072,109.15865601600001,0.8786299999999999,1.527503962569873,0.08415949408381942,102.30691515999999,9.92477
117221,9.36,279.13,52.403263,-1.508746,False,-1.43301,2.944010516832817,0.8120941956858595,0.10052478743518382,112.549675869,0.4995000000000001,1.5338104504070162,0.08322689469155985,102.850056724,10.104560000000001
117321,9.36,279.13,52.403263,-1.508746,False,-1.2006999999999999,2.7728803900957906,0.8284680818635451,0.10117195757718639,111.82859393999999,0.2906000000000001,1.5923257406838716,0.08190584635217843,104.15426016249998,10.141459999999999
117421,9.36,279.13,52.403263,-1.508746,False,-0.9148299999999997,2.89412847217335,0.8106456661890636,0.09091943014437441,108.94572844,0.41753999999999997,1.633671127790956,0.08619331567277512,103.48056737249999,9.998949999999999
117521,9.36,279.13,52.403263,-1.508746,False,-0.2926599999999998,1.4681679197028004,0.5345298599912037,0.08276145372226267,105.991121879,0.06013000000000003,1.3158957296162253,0.09875198113343232,104.06570893199998,10.18373
117621,9.36,279.13,52.403263,-1.508746,False,-0.0377999999999998,1.2342249893939303,0.43316124069962103,0.06840476347935624,107.20034931000001,-0.29521,1.1825392147126994,0.09291298258765203,105.016458745,10.27906
117721,9.36,279.13,52.403263,-1.508746,False,-0.0419699999999998,1.2359523858592265,0.44844487286620666,0.06495431214836063,108.632883673,-0.25028,1.2399161045095821,0.08043996795402421,106.35259665449999,10.347719999999999
117822,9.36,279.13,52.403263,-1.508746,False,0.07629000000000022,1.3658223794150959,0.46561452296936484,0.053274763673285756,108.359971021,-0.40138999999999997,1.344126111353476,0.08460194967545893,106.275205736,10.31892
117921,9.36,279.13,52.403263,-1.508746,False,-0.17323999999999978,1.3056856591249089,0.4742931119044301,0.05337049642722926,108.81976348399999,-0.49211,1.299076580969042,0.08558533103802826,105.84461273,10.346639999999999
118021,9.36,279.13,52.403263,-1.508746,False,-0.32762999999999975,1.3915354389626204,0.47680602205368067,0.07099756568596796,109.039780881,-0.39999,1.197614378160922,0.059167338024360104,106.61749480450001,10.34336
118121,9.36,279.13,52.403263,-1.508746,False,-0.39707999999999977,1.3923223906680378,0.41713971760069996,0.07215671216949338,106.83508843199999,-0.6220399999999999,1.1716715800750435,0.05796223291458364,107.99687222399999,10.23602
118221,9.36,279.13,52.403263,-1.508746,False,-0.7028199999999998,1.463376604371625,0.5052652808179048,0.08265336989836262,104.43735039999999,-0.65141,1.1920935994664523,0.06200791705724178,108.49351313450002,10.088919999999998
118322,9.36,279.13,52.403263,-1.508746,False,-0.44284999999999985,1.4278666450726818,0.4890065176798056,0.07962650033472246,103.725483816,-0.77958,1.3027043348358036,0.06914729527931258,107.77703887800001,10.073690000000001
118421,9.36,279.13,52.403263,-1.508746,False,-0.7017999999999999,1.2721174246987688,0.4485401847475062,0.09038479776304567,105.656195224,-1.0921,1.0570011731308495,0.08070697064759098,107.30096183200001,10.17478
118521,9.36,279.13,52.403263,-1.508746,False,-0.6526099999999999,1.2253351001528814,0.5069579650556139,0.0902230329054985,104.156923972,-1.18034,1.0262290682125685,0.08046479975740946,105.0740229255,10.10685
118622,9.36,279.13,52.403263,-1.508746,False,-0.44255999999999984,1.4979716880576304,0.5704783513274864,0.12928482079845602,106.05193701799999,-1.0807499999999999,1.0429351798862847,0.10339342822442829,106.626143164,10.17564
118722,9.36,279.13,52.403263,-1.508746,False,0.07669000000000006,2.2021314631510993,0.730126444528611,0.16097595023964156,110.317867264,-1.57073,0.9210549531801937,0.10432348409314818,109.47537546849999,10.269749999999998
118822,9.36,279.13,52.403263,-1.508746,False,-0.34579999999999994,2.2199012200245916,0.7221605553245461,0.16774554175231537,110.982102293,-1.5686300000000002,0.9202867307408972,0.09117248671245806,109.67103665700002,10.29359
118922,9.36,279.13,52.403263,-1.508746,False,-0.3163099999999999,2.212095546685692,0.720344911907555,0.165365546592995,109.597188282,-1.6872300000000002,0.8098081693970571,0.12011128219743192,109.208475883,10.22869
119022,9.36,279.13,52.403263,-1.508746,False,-0.48529999999999995,2.3869542699152557,0.9221835156602791,0.16640155581537625,107.53741853699998,-1.63343,0.8603760238019909,0.11901128284513389,108.28859970900001,10.07019
119122,9.36,279.13,52.403263,-1.508746,False,-0.57494,2.413589273813312,0.9216130912095841,0.1697856298722336,107.990836425,-1.83324,1.0386414708112126,0.11043733718468796,107.41296242849998,10.08231
119222,9.36,279.13,52.403263,-1.508746,False,-0.47391999999999995,2.3500752738771777,0.865338015909258,0.16290575632691573,109.675037264,-1.5503300000000002,1.4401650908836774,0.10263865635216489,107.05619383199999,10.18852
119321,9.36,279.13,52.403263,-1.508746,False,-0.5807199999999999,2.3225141505608873,0.9323720511564979,0.15483071903067414,106.801590416,-1.81711,1.8014351355701534,0.11779976843968949,105.263537116,10.041279999999999
119422,9.36,279.13,52.403263,-1.508746,False,-0.56918,2.3197319144916544,0.9504633363669396,0.13489698168108383,107.37205972,-2.07806,1.9588514056286463,0.11747275617965412,106.514127472,10.06936
119521,9.36,279.13,52.403263,-1.508746,False,-0.14569999999999989,2.5096715876340836,1.150446848499404,0.13265594596549377,114.151151813,-1.9727800000000002,2.035079819783214,0.12228863170566782,109.15403789249999,10.357130000000002
119621,9.36,279.13,52.403263,-1.508746,False,-0.3426199999999999,2.3888155939246927,1.1427535035557221,0.12002851698196094,113.373242213,-2.4989,2.2715790601840506,0.12098046169159353,109.7125896155,10.34141
119722,9.36,279.13,52.403263,-1.508746,False,-0.7621499999999999,1.6709495040245845,1.0424088304925678,0.09892959561672578,107.543107164,-2.06298,2.4569296117987025,0.12899540732565298,108.93048721400001,10.17209
119821,9.36,279.13,52.403263,-1.508746,False,-0.3625999999999999,1.7308310585765838,1.0473077200878205,0.06909123115289105,107.915034115,-2.20179,2.483401334393347,0.12904986116484854,109.448568204,10.20295
119921,9.36,279.13,52.403263,-1.508746,False,-0.33219999999999994,1.7266868911299478,1.045704542986313,0.07829300309308192,108.863474167,-2.2286,2.476368848850176,0.11669833332143188,109.23033122449999,10.25113
120022,9.36,279.13,52.403263,-1.508746,False,-0.36426999999999987,1.7914943861666637,0.8467148120169332,0.08759731350522879,114.290129059,-2.3289,2.426711766522297,0.11868729268310262,110.91377379800001,10.517779999999998
120121,9.36,279.13,52.403263,-1.508746,False,-0.42581999999999987,1.8490861189006624,1.0411185737251747,0.14458314370784875,111.714352549,-2.1162400000000003,2.4062822616365387,0.12817832890157377,109.85259448699999,10.367270000000001
120221,9.36,279.13,52.403263,-1.508746,False,-0.21384999999999987,1.8506884042011091,1.0668555314047314,0.17609550470633192,113.48810173700001,-2.45651,2.0881477147888186,0.14056262384511126,111.5815695005,10.45636
120321,9.36,279.13,52.403263,-1.508746,False,-0.14776999999999985,1.8503912301336598,0.9634798078377623,0.16730767532370477,115.19008581800001,-2.55944,2.2464386349162604,0.14616099989015163,110.99583811699999,10.54757
120421,9.36,279.13,52.403263,-1.508746,False,-0.19889999999999988,1.8839579200301815,1.0098540975474217,0.20000024999984375,112.89389488100001,-2.3585000000000003,2.1644974161325377,0.15073118861809007,110.13297730049999,10.42795
120521,9.36,279.13,52.403263,-1.508746,False,-0.8494699999999998,1.8816409269275831,0.7669122983322951,0.25726127682874383,109.33192086700001,-2.39995,2.1220736086562932,0.15042321038397713,111.74153634,10.241800000000001
120621,9.36,279.13,52.403263,-1.508746,False,-0.9713199999999999,1.8507905558916664,0.7685042037765415,0.2885159516098431,106.99515697300001,-1.94895,1.7866559267401054,0.15657012663837114,110.18419959299999,10.121129999999999
120722,9.36,279.13,52.403263,-1.508746,False,-0.7783799999999998,2.1019587551720536,0.771581471466951,0.286547117707833,107.317246752,-2.34448,1.52885116549068,0.15543293802222952,107.43017695799999,10.10936
120821,9.36,279.13,52.403263,-1.508746,False,-1.40078,2.216496966837538,0.8691361506947205,0.2877855289389421,111.11136756,-2.34276,1.5277280002234217,0.15811053939148612,109.5132008375,10.200380000000001
120921,9.36,279.13,52.403263,-1.508746,False,-1.1971699999999998,2.4035089381291415,0.9020552267522793,0.2907878075160649,109.241240664,-2.4251300000000002,1.5151982048930428,0.15838869347975013,109.0523574155,10.093390000000001
121022,9.36,279.13,52.403263,-1.508746,False,-0.7287899999999999,2.314600200394589,0.8414552999285079,0.3189133544815373,106.43691204500001,-2.88723,1.9168036948408522,0.15864056507995963,110.363520552,10.02232
121121,9.36,279.13,52.403263,-1.508746,False,-0.5009999999999999,2.2612958865806725,0.6757300665041999,0.32828206774053315,108.728562251,-3.1462700000000003,1.862990187873006,0.14456248514435246,110.2214574,10.17175
121221,9.36,279.13,52.403263,-1.508746,False,-0.7139399999999998,2.2301771236084975,0.7759071680584255,0.38256105046558697,103.62044345499999,-2.9562200000000005,2.067643254636648,0.11347813543684196,108.554272596,9.90417
121322,9.36,279.13,52.403263,-1.508746,False,-0.7913899999999998,2.210506962692295,0.8270584867132728,0.4035161492018215,101.906337861,-2.474,1.820686294902126,0.1072732730511712,108.5482118395,9.81156
121421,9.36,279.13,52.403263,-1.508746,False,-0.5824699999999998,2.231341145315476,0.8798691297258081,0.40306925252781733,100.41754304999999,-2.7011600000000002,1.9299626422406295,0.10346354376730438,106.6557189655,9.74169
121521,9.36,279.13,52.403263,-1.508746,False,-0.3426399999999999,1.9633448037016388,0.8507851511006416,0.3634295225884778,98.264095432,-2.83298,1.8128968278543687,0.10094901958689631,103.79800814950002,9.696700000000002
121621,9.36,279.13,52.403263,-1.508746,False,-0.17411999999999989,1.9639722388850394,0.9059815217639865,0.3483983805294674,96.61951825999999,-3.00488,1.7230310062341978,0.09309845982733679,101.8073376165,9.6114
121721,9.36,279.13,52.403263,-1.508746,False,-0.5920399999999999,1.7911251586022072,0.9128016474934064,0.34730924356640247,96.684364893,-3.01946,1.7250290027835566,0.08917481271201103,102.00080582249998,9.62791
121821,9.36,279.13,52.403263,-1.508746,False,-0.24634999999999999,1.1642906779570903,0.6685817045557584,0.34698668642406955,90.35404241399999,-2.90461,1.7473062375172403,0.08613705100336079,100.732704987,9.41653
121921,9.36,279.13,52.403263,-1.508746,False,-0.40099,0.9748804683994189,0.6803662670454412,0.3470185632242492,90.968253929,-2.7900400000000003,1.8069527228642852,0.07731129068038307,100.1047472965,9.46232
122022,9.36,279.13,52.403263,-1.508746,False,-0.48549,0.8736389890694132,0.6093122207319913,0.31768644027300463,89.49591370399999,-2.4838100000000005,1.3447018045731216,0.07539980032393263,97.9664128745,9.39357
122121,9.36,279.13,52.403263,-1.508746,False,-0.34729,1.0565495470844934,0.7141999782196191,0.2801675221085492,91.024874333,-2.25796,1.2562342352355174,0.07582901892488873,99.87671829199999,9.4573
122221,9.36,279.13,52.403263,-1.508746,False,-0.13920999999999997,1.035965436413999,0.6586157014695537,0.19419460714562706,94.259012309,-2.3778,1.0829116974363293,0.04681906544228438,98.93972788199999,9.637599999999999
122321,9.36,279.13,52.403263,-1.508746,False,-0.01811999999999999,1.0426602118299786,0.741624233692516,0.16389834959510724,93.24287981799999,-2.3146500000000003,1.173817505454361,0.07833570847463016,97.5746088395,9.57962
122422,9.36,279.13,52.403263,-1.508746,False,-0.14962999999999999,1.0449944944565244,0.7030785908338393,0.1406891850064452,95.41713303099999,-2.0412500000000007,0.8809965332886698,0.07450129678215167,97.9173380405,9.69366
122521,9.36,279.13,52.403263,-1.508746,False,-0.06676,0.9671880515758625,0.7277362471695716,0.1381320640224821,95.96107419699999,-2.0666700000000002,0.8811100171563827,0.07810433264408448,97.1125848145,9.728209999999999
122622,9.36,279.13,52.403263,-1.508746,False,-0.06015999999999999,0.9723849754312571,0.6574952796619787,0.1365755407579751,97.022186773,-1.8633400000000002,0.8900529587239857,0.07987782615414074,96.82085251649998,9.78665
122722,9.36,279.13,52.403263,-1.508746,False,0.04155000000000001,0.8134255101455556,0.6619708164094422,0.13288432772737174,96.94695284499998,-1.8052700000000002,0.8005119168382115,0.08016939288503797,96.815658869,9.79568
122822,9.36,279.13,52.403263,-1.508746,False,0.2109,0.7197127220094304,0.6766920505091107,0.1315986697838883,99.40796805099998,-1.9911800000000004,1.0497077961667813,0.07334606025926395,94.88100523249999,9.92397
122921,15.55,264.79,52.40285,-1.510218,False,0.07499000000000004,0.8611457154409026,0.7682987715292394,0.11561567752207687,97.62549847599999,-2.09491,1.0405995349369992,0.07825465623349352,94.29687620249999,9.81943
123022,15.55,264.79,52.40285,-1.510218,True,-0.14948999999999998,1.103446534424453,0.7681285700396226,0.1449448511982708,98.644714316,-1.62029,1.4562927578462868,0.13445453424030665,94.07031400999999,9.84863
123122,15.55,264.79,52.40285,-1.510218,True,0.009940000000000015,1.4245400608227523,0.7658746329814388,0.18878524659870355,95.58944229699999,-1.5591500000000003,1.4653757449503786,0.15586923614933704,93.307158315,9.65583
123221,15.55,264.79,52.40285,-1.510218,True,-0.13344999999999999,1.4190711549382504,0.7637350197839913,0.21029990463357054,95.542130769,-1.5137200000000002,1.4780280998681954,0.15419436543964035,94.900571539,9.65334
123321,15.55,264.79,52.40285,-1.510218,True,-0.31876,1.4366558021244271,0.829405183382781,0.21915863584779552,101.82095094799999,-1.6746900000000005,1.4510687604888524,0.1502289970530176,97.531915383,9.96206
123421,15.55,264.79,52.40285,-1.510218,True,-0.24287,1.4309020108154011,0.836409829436371,0.2251312232158539,102.40238321,-1.5527200000000003,1.4899833621740692,0.14911323400542142,98.90975812049999,9.99355
123521,15.55,264.79,52.40285,-1.510218,True,-0.015999999999999993,1.5525347568125853,0.827886699239564,0.23337468800193387,101.692846831,-1.6115300000000001,1.528795694547396,0.14641853290406168,98.82696051399999,9.94517
123621,15.55,264.79,52.40285,-1.510218,True,-0.30247,1.67412971424293,0.831400732966829,0.23345939666008064,102.06368809599999,-1.6201700000000003,1.5246497157270764,0.15436317781992787,99.54293743449999,9.94121
123722,15.55,264.79,52.40285,-1.510218,True,-0.06388999999999997,1.7694891387378202,0.8292553768961128,0.23188147379402452,102.03533707599999,-1.4852700000000003,1.4757139274488993,0.1537378591412452,99.49114496050001,9.929469999999998
123822,15.55,264.79,52.40285,-1.510218,True,-0.39879,1.9403967059742084,0.7995572333068708,0.2325204433067242,101.610208569,-1.3985300000000003,1.3338195363941312,0.15363597271183307,100.50908831,9.873560000000001
123921,15.55,264.79,52.40285,-1.510218,True,-0.35682,1.9237608460744002,0.7124731091221793,0.23336567775822464,103.015578169,-1.2659700000000003,1.279251414825609,0.15064864346477796,100.32053832249998,9.954930000000001
124021,15.55,264.79,52.40285,-1.510218,True,-0.19663999999999998,1.825373860153951,0.7178656640037587,0.21070756591383547,103.110837858,-1.6020200000000002,0.8369671370158046,0.11820794718536395,100.877776087,9.980459999999999
124121,15.55,264.79,52.40285,-1.510218,True,-0.56997,1.4347093875687098,0.6244634322538214,0.17957987050025645,103.38902068899999,-1.63823,0.8199515108292071,0.07818904512639728,99.48923149299999,10.04294
124221,15.55,264.79,52.40285,-1.510218,True,-0.60149,1.4420569818068154,0.6326510719012335,0.13905086039927175,102.260066922,-1.5999700000000003,0.8638806708362172,0.0793558651476584,98.9010988455,9.98331
124322,15.55,264.79,52.40285,-1.510218,True,-0.55237,1.4248446886512867,0.3508100532260284,0.11583163499953994,99.129064714,-1.41745,0.9191597627422735,0.07325440373565728,100.475007831,9.84307
124421,15.55,264.79,52.40285,-1.510218,True,-0.55977,1.4218415570816771,0.3629718509134833,0.08990732327112047,99.29299617400001,-1.54895,0.8795016913002431,0.07451188495803883,100.84768969199999,9.85097
124521,15.55,264.79,52.40285,-1.510218,True,-0.7128,1.2161180553073163,0.3806189054976462,0.07259740123907087,99.70785084100001,-1.5029100000000002,0.8182400740478103,0.07285315824771552,100.700348836,9.88627
124622,15.55,264.79,52.40285,-1.510218,True,-0.62264,1.1227999774373605,0.314897908676593,0.05929317835974034,100.408775506,-1.6075200000000003,0.8136152582421453,0.06419652898197337,101.236231801,9.93968
124721,15.55,264.79,52.40285,-1.510218,True,-1.01871,0.9206045663946447,0.4436246316175225,0.06069179058525481,98.652957257,-1.5901100000000001,0.8211380103923454,0.0618588402017943,100.3441471665,9.83236
124822,15.55,264.79,52.40285,-1.510218,True,-0.6989099999999999,0.7964420093976319,0.46453849690969146,0.052841881537700974,98.48067323299999,-1.41779,0.6340815973603866,0.05937798787803823,100.04544090099999,9.86038
124922,15.55,264.79,52.40285,-1.510218,True,-0.6600599999999999,0.7973376925744852,0.46016363949264316,0.05654358102875634,98.580193346,-1.43594,0.6282467671579637,0.04344582961701984,100.7978857575,9.868219999999999
125022,15.55,264.79,52.40285,-1.510218,True,-0.6273899999999999,0.8106556488423454,0.5110094264188232,0.05696326789158841,96.221167028,-1.3660300000000003,0.6144494971562299,0.0384716403485882,99.666002443,9.74685
125122,15.55,264.79,52.40285,-1.510218,True,-0.45269999999999994,0.96353307156527,0.5571921393120307,0.05080313747966513,95.488108685,-1.26139,0.683616581051745,0.03874171452639201,99.43856468700001,9.70403
125222,15.55,264.79,52.40285,-1.510218,True,-0.3417699999999999,0.9515342593820684,0.6055171835345077,0.05038496799641713,94.116477043,-1.25502,0.6911563543961745,0.03703350585018336,98.1882719825,9.63612
125322,15.55,264.79,52.40285,-1.510218,True,-0.2753199999999999,0.9404038716305783,0.6157185031417508,0.04855508212329559,94.277917828,-1.2553300000000003,0.6907074232665694,0.036650464602178856,96.703491271,9.647020000000001
125422,15.55,264.79,52.40285,-1.510218,True,-0.4604199999999999,1.0695049548480122,0.5664939070967896,0.04452440154941233,92.477578909,-1.09749,0.7080129839518712,0.03070648863749243,95.88528754149999,9.536629999999999
125522,15.55,264.79,52.40285,-1.510218,True,-0.4533599999999999,1.074529051569417,0.5288636072855833,0.04445989953504894,91.75553397799999,-1.0525000000000002,0.6325103811181366,0.045164175823076656,95.7316924095,9.50048
125622,15.55,264.79,52.40285,-1.510218,True,-0.3935099999999999,1.0377821966417957,0.519032695287866,0.04414726492094361,91.124979592,-0.86894,0.5760503550520074,0.048845902819194834,95.76687754899999,9.47409
125721,15.55,264.79,52.40285,-1.510218,True,-0.2110499999999999,0.7899857667494207,0.4869167541217411,0.03307463109729569,92.031450236,-0.7994900000000001,0.5743821694268928,0.04827856207009024,95.34220374649999,9.55049
125821,15.55,264.79,52.40285,-1.510218,True,-0.3483699999999999,0.7835258643536376,0.41430308296652213,0.031511347162569515,90.184360508,-0.6998200000000002,0.5537285913594105,0.04747061781308051,94.3325168705,9.45283
125922,15.55,264.79,52.40285,-1.510218,True,-0.3827099999999999,0.796798376072087,0.45961080153636236,0.03461475119078538,91.08199971100001,-0.6281500000000001,0.5067723754858228,0.04759633622688015,94.83109652850001,9.496
126022,15.55,264.79,52.40285,-1.510218,True,-0.4099499999999999,0.7939546562059543,0.45601690222086955,0.0334591442408994,93.065647647,-0.5594400000000002,0.471748297294212,0.04847831703166088,94.64340733750001,9.59912
126121,15.55,264.79,52.40285,-1.510218,True,-0.6561799999999998,0.6690279595552576,0.414330300471611,0.03194298566717443,93.846769269,-0.40679000000000015,0.7128532067216375,0.048981317300011894,94.667438977,9.636330000000001
126222,15.55,264.79,52.40285,-1.510218,True,-0.73947,0.6193838211391173,0.3398495126114315,0.030090879016738233,95.463356014,-0.37794000000000016,0.7147624627960051,0.050986626786943934,94.7899165285,9.71943
126322,15.55,264.79,52.40285,-1.510218,True,-0.82989,0.583695882478391,0.3455320838938191,0.02976742440244929,95.637391338,-0.33071000000000017,0.731760781266657,0.04702517056499278,94.957654583,9.72289
126421,15.55,264.79,52.40285,-1.510218,True,-0.6544899999999999,0.4709721469707387,0.34195982691279186,0.02989656427677825,97.15404606599999,-0.32599000000000017,0.73200262362917,0.04727900755679577,94.8158124875,9.819410000000001
126522,15.55,264.79,52.40285,-1.510218,True,-0.7601599999999998,0.34286960657240567,0.34790915496881547,0.03422520351371974,97.548725599,-0.016400000000000147,0.6612651392931831,0.043353007072430616,94.65212978849999,9.83647
126622,15.55,264.79,52.40285,-1.510218,True,-0.7838799999999999,0.3470244909705056,0.36528615708175965,0.03187715308632292,97.30500051099999,-0.11100000000000014,0.753328780222221,0.044588813993347395,94.2149900515,9.82151
126722,15.55,264.79,52.40285,-1.510218,True,-0.66519,0.5782108582131266,0.3950697991775973,0.04028774834446132,96.634375333,-0.08464000000000013,0.7427658703940364,0.046295975347035646,94.3329127845,9.785219999999999
126822,15.55,264.79,52.40285,-1.510218,True,-0.5055799999999999,0.7029168416123109,0.3598460481002081,0.04093499046591344,97.759565677,-0.016690000000000142,0.7462052688250134,0.04168111882695407,93.9719630925,9.84595
126922,15.55,264.79,52.40285,-1.510218,True,-0.5021799999999998,0.7013499535419802,0.41481383722768783,0.04172821587367449,98.634556306,-0.03405000000000015,0.7635736874140566,0.05213588655299402,94.8582780085,9.88862
127021,15.55,264.79,52.40285,-1.510218,True,-0.5863599999999998,0.7446156476106792,0.4131560420847241,0.04371163079395055,98.69425839799999,-0.17192000000000013,0.9529593448247816,0.06168819804288155,95.87995302249999,9.884220000000001
127122,15.55,264.79,52.40285,-1.510218,True,-0.34908999999999996,0.8200574904643396,0.40671778927299457,0.04873096209461339,100.77261284,-0.17653000000000013,0.9460906499320649,0.058115422508429986,97.3096910545,9.994829999999999
127221,15.55,264.79,52.40285,-1.510218,True,-0.3784599999999999,0.8417284613618995,0.5076323849226176,0.05114897631211946,99.398180392,-0.18740000000000015,0.9470856819152516,0.05855785363401071,97.430768203,9.918940000000001
127321,15.55,264.79,52.40285,-1.510218,True,-0.2318399999999999,0.8446555566225424,0.49657599049222756,0.06727477982126721,98.304872317,-0.21064000000000016,0.9416465239143551,0.05963434878956552,96.97113182749999,9.86849
127421,15.55,264.79,52.40285,-1.510218,True,-0.2854399999999999,0.8572226084538649,0.5154871478083216,0.0693335705124147,98.740283632,-0.12964000000000014,0.970280050294753,0.06098287920027681,97.947164849,9.88728
127521,15.55,264.79,52.40285,-1.510218,True,-0.20490999999999993,0.8420708817486164,0.5153927245853966,0.0698774641783743,98.671010138,-0.2760900000000001,0.843974561820431,0.06097132750545765,98.1098678685,9.886949999999999
127622,15.55,264.79,52.40285,-1.510218,True,-0.06716999999999992,0.819922630564076,0.483885319747012,0.0754746616789737,99.73803226700001,-0.08089000000000016,0.8435350028303439,0.05908621196560532,98.521516389,9.945739999999999
127721,15.55,264.79,52.40285,-1.510218,True,-0.19534999999999988,0.7897945967148695,0.434822836975653,0.07570299861960544,101.077559931,-0.04026000000000015,0.8450281759930911,0.05700665555685385,98.855967632,10.01538
127821,15.55,264.79,52.40285,-1.510218,True,-0.38188999999999995,0.7847872839183903,0.5329040484823614,0.0837101407636294,99.51614861499999,-0.13687000000000016,0.8540606848722359,0.05959994780012624,98.637857146,9.92776
127922,15.55,264.79,52.40285,-1.510218,True,-0.4011799999999999,0.7978698665822668,0.4925730006811217,0.07525154926422878,97.827250529,0.01828999999999985,0.8627349334786628,0.050452292096373336,98.2309034175,9.84251
128022,15.55,264.79,52.40285,-1.510218,True,-0.2559499999999999,0.7467019295988664,0.49388553554667547,0.07077844069112184,97.72662606700001,0.22228999999999982,0.5585446255920525,0.043634595092528164,98.2104422325,9.8458
128122,15.55,264.79,52.40285,-1.510218,True,-0.25141999999999987,0.7548730869049028,0.5236750817274259,0.08812579960236129,98.140507189,0.07813999999999983,0.49627870574684757,0.04319094683945795,99.4565600145,9.86497
128221,15.55,264.79,52.40285,-1.510218,True,-0.09999999999999991,0.7254155927619872,0.4339365422117255,0.08220074682007314,99.863440828,0.11587999999999984,0.4770985171965005,0.037795862501366635,99.63081061,9.96044
128321,15.55,264.79,52.40285,-1.510218,True,-0.2764599999999999,0.7903426376508436,0.4324875623131347,0.08134712724559544,100.071505596,0.16765999999999986,0.4771985964401329,0.037952777676124365,99.1881889565,9.963159999999998
128422,15.55,264.79,52.40285,-1.510218,True,-0.22954999999999992,0.7757892486579953,0.4030043997554183,0.08113781417371849,99.274342573,0.07211999999999982,0.4900589846584111,0.037749313459540655,99.00731310249999,9.92642
128522,15.55,264.79,52.40285,-1.510218,True,-0.21889999999999993,0.7802164656897064,0.41314894610378594,0.08908426472852658,99.68723957899999,0.12711999999999984,0.48307329510585945,0.03667649716704737,99.17912485849999,9.94675
128621,15.55,264.79,52.40285,-1.510218,True,-0.2644299999999999,0.7507132979151696,0.46007804120605883,0.09133282299127482,98.38559809099999,0.07718999999999984,0.42906421029438463,0.03649980213036154,99.06181517899999,9.88018
128722,15.55,264.79,52.40285,-1.510218,True,-0.2915199999999999,0.7689114582750541,1.0299461947111659,0.1398465925378392,93.17162631400001,0.20214999999999983,0.60510929820799,0.04790896459838048,97.1245931225,9.57078
128821,15.55,264.79,52.40285,-1.510218,True,0.10957000000000013,1.1782055753937388,1.0436558127829132,0.14166477488932958,96.48885844499999,0.20694999999999983,0.5978057065449995,0.054621338931471225,98.00250353,9.7081
128921,15.55,264.79,52.40285,-1.510218,True,0.28883000000000014,1.1309548139612935,1.2763029863198205,0.14368450159985932,101.58137951699999,-0.05134000000000016,0.8409772215173841,0.06304092233532814,99.704315023,9.94388
129022,15.55,264.79,52.40285,-1.510218,True,0.2135600000000001,1.1655404461259837,1.2848762155683853,0.14757118960013835,102.383603884,-0.10842000000000016,0.8424028632429903,0.06733618475810584,100.0551149755,9.98146
129121,15.55,264.79,52.40285,-1.510218,True,0.16756000000000013,1.1403946677454364,1.2624551041082186,0.12989497680818907,100.668879669,-0.04572000000000016,0.844473605666071,0.06464941006863256,99.40469342899999,9.901309999999999
129221,15.55,264.79,52.40285,-1.510218,True,0.21953000000000014,1.1663341583782934,1.2851003855730516,0.12417280119074198,99.10267389399999,-0.10253000000000016,0.8553779931832537,0.0638575680714509,99.483057361,9.81549
129322,15.55,264.79,52.40285,-1.510218,True,0.46810000000000007,1.0615908303631452,1.3308528277010978,0.13615584045089238,97.136212529,0.040489999999999846,1.0470962944681246,0.06461040163936442,98.60385906249999,9.71127
129421,15.55,264.79,52.40285,-1.510218,True,0.5854000000000001,1.039589273596923,1.3251935147995086,0.13174767128450074,96.53924980100001,0.04557999999999985,1.0447496338038706,0.07097021284391852,97.906796187,9.67695
129521,15.55,264.79,52.40285,-1.510218,True,0.5554400000000002,1.0586314343423675,1.3180123284282654,0.13451584128107563,96.16585496900001,-0.24244000000000013,1.3213841414718588,0.07377529020237351,97.926547274,9.65843
129621,15.55,264.79,52.40285,-1.510218,True,0.6951,1.0659543319381828,1.3134123990159745,0.1348987274464316,96.747385777,-0.08440000000000017,1.4782077639267497,0.0733153470366955,97.566491934,9.67931
129721,15.55,264.79,52.40285,-1.510218,True,0.88543,0.9139812422704425,1.0070056868977706,0.09642682257085469,99.22152776200001,-0.1630500000000002,1.4085465031963462,0.06510839252951776,96.196577038,9.83733
129821,15.55,264.79,52.40285,-1.510218,True,0.69859,0.6212514653682693,1.0398820788382204,0.09076104401730453,95.28327663,-0.16625000000000015,1.4096730142916867,0.07056700913158896,95.8860675375,9.66823
129921,15.55,264.79,52.40285,-1.510218,True,0.6649,0.6229720664328019,0.6813330296803068,0.0876825644647275,91.298121924,0.02616999999999984,1.2841030921317065,0.06599957912323706,96.4397507205,9.49152
130022,15.55,264.79,52.40285,-1.510218,True,0.7678200000000002,0.4524630096605805,0.7692122002412672,0.08166418023425763,92.34711145899999,0.07072999999999983,1.275986260854276,0.06066222419631865,97.36535767149999,9.54153
130122,15.55,264.79,52.40285,-1.510218,True,0.7520500000000001,0.46435016061875783,0.7754502717776373,0.0841469250775094,92.56407709099999,0.05884999999999983,1.2745650057525024,0.05972982132532743,96.61647838,9.553180000000001
130222,15.55,264.79,52.40285,-1.510218,True,0.6146400000000001,0.5808837026462353,0.7729439451430773,0.08210517983389072,92.564396527,0.14986999999999984,1.2622655417497843,0.060467111354483766,95.8335352105,9.557469999999999
130322,15.55,264.79,52.40285,-1.510218,True,0.6036000000000001,0.57022991269604,0.7157871819814173,0.05675967367379358,94.122709391,-0.026600000000000172,1.1158816822982967,0.06813940041480313,95.62946096,9.64389
130422,15.55,264.79,52.40285,-1.510218,True,0.60035,0.5682146019673279,0.7266746428461397,0.0802367946906044,94.75103408599999,0.10892999999999983,1.1518709081316307,0.060388295407489384,95.64514194350001,9.67599
130522,15.55,264.79,52.40285,-1.510218,True,0.6618100000000001,0.5041140445265224,0.7184564350049413,0.13280410343392585,94.375981102,0.5037699999999998,0.7368591770330105,0.06011836842614912,95.2709180355,9.65633
130621,15.55,264.79,52.40285,-1.510218,True,0.37372000000000016,0.7926774078330286,0.7175737790948422,0.14772929597371293,94.94224962199999,0.36079999999999984,0.5577696637302585,0.061638845075343555,95.8448176995,9.68368
130721,15.55,264.79,52.40285,-1.510218,True,0.40417000000000014,0.8258641602722707,0.60125962233003,0.14671536350665146,98.090195792,0.34025999999999984,0.5503399943065388,0.06296975993813736,98.655861777,9.84823
130822,15.55,264.79,52.40285,-1.510218,True,0.51758,0.9725026293023584,0.527189378686637,0.1430674234990854,102.51467161299999,0.49829999999999985,0.46141488200243513,0.050359203064914745,98.8989741215,10.05711
130921,15.55,264.79,52.40285,-1.510218,True,0.3815500000000001,1.068055350469566,0.5722383190400475,0.14302409121076998,103.635793215,0.6282999999999999,0.5168444038371371,0.06352676076531306,97.4669575695,10.107859999999999
131021,15.55,264.79,52.40285,-1.510218,True,0.28626000000000007,1.1051940646078613,0.5138005012756538,0.14545649063093283,102.60594744800001,0.5924199999999998,0.5702654719027203,0.06818918454482994,97.4765294535,10.059180000000001
131122,15.55,264.79,52.40285,-1.510218,True,0.3239300000000001,1.1147477512872592,0.5383606607099022,0.15052006289306857,101.81625114799999,0.5465099999999998,0.6262279323235351,0.07339630705211861,97.1901641195,10.016589999999999
131221,15.55,264.79,52.40285,-1.510218,True,0.28538000000000013,1.1488093738011256,0.45351480975450875,0.1504416963477878,104.104465628,0.5188399999999997,0.6391452942102437,0.0733470593214963,98.3344310775,10.13164
131321,15.55,264.79,52.40285,-1.510218,True,0.22704000000000008,1.1199005086762548,0.41227689576033577,0.1390344865292221,105.359206087,0.5682099999999999,0.6191193807874653,0.060489158808280034,99.740957739,10.19931
131421,15.55,264.79,52.40285,-1.510218,True,0.2636600000000001,1.150055680004717,0.46845230327584536,0.10443791563518595,107.33037175199999,0.4914299999999998,0.608545700009447,0.0606113713203498,101.040702919,10.28946
131522,15.55,264.79,52.40285,-1.510218,True,0.1551400000000001,1.1828145512575792,0.4520283550594784,0.10335075337036599,107.722798968,0.4513699999999998,0.5537440464691136,0.053725455377833194,101.049390035,10.308040000000002
131622,15.55,264.79,52.40285,-1.510218,True,0.3310300000000001,1.0289168523257848,0.43176500565829906,0.09595677788578676,107.864080056,0.6207099999999999,0.7693007264176048,0.057777292733006684,101.40316483900001,10.32637
131721,15.55,264.79,52.40285,-1.510218,True,0.2182900000000001,0.9665635076565506,0.4500003334566659,0.11791310595330592,108.972331812,0.6850899999999999,0.7782863789548514,0.062223882517531366,103.53126380200001,10.38757
131821,18.82,270.95,52.40285,-1.510218,True,-0.0035299999999999026,0.7151202292854926,0.46272410654490126,0.12131239562935572,108.781566228,0.6728399999999999,0.7745508636909731,0.06266107776496234,105.6481189205,10.398489999999999
131921,18.82,270.95,52.4029,-1.512574,True,0.3508700000000001,1.0395128517724066,0.4752082188075268,0.13538542552447969,107.441002996,0.6154399999999998,0.7348440563215429,0.056332766269335165,105.53839810550001,10.302529999999999
132022,18.82,270.95,52.4029,-1.512574,True,0.43802000000000013,0.9935608372582597,0.49111994518198493,0.13794825156960527,106.301470387,0.7186299999999999,0.6611756146776985,0.04582735839842584,104.4537089175,10.247150000000001
132121,18.82,270.95,52.4029,-1.512574,True,0.35765000000000013,0.9983027588529115,0.4291620621112212,0.1366874553294648,107.447548759,0.8005499999999998,0.5619969716209323,0.04385588646667366,104.63189995349998,10.3081
132221,18.82,270.95,52.4029,-1.512574,True,0.53834,0.9289996462145006,0.4329221984247157,0.1357304698453683,107.836927267,0.7890099999999999,0.5782790511509024,0.042453583803699894,105.97069644749999,10.324810000000001
132321,18.82,270.95,52.4029,-1.512574,True,0.47531000000000007,0.9551357395679426,0.4437316135783983,0.13682147167426284,107.310887445,0.7798499999999998,0.5830035110433528,0.042439740286146284,106.335046766,10.29984
132421,18.82,270.95,52.4029,-1.512574,True,0.24007000000000006,1.0249113848415283,0.38226682667709755,0.16352990891916713,105.675561472,0.7838799999999998,0.5788433693342354,0.044816966033461456,106.502966612,10.22453
132522,18.82,270.95,52.4029,-1.512574,True,0.49345000000000006,1.0914359972582506,0.41936312943955095,0.16272238663168354,107.677005216,0.7402199999999999,0.5783193385434393,0.049935390478319235,107.699902092,10.305489999999999
132621,18.82,270.95,52.4029,-1.512574,True,0.46312000000000014,1.1030528432995004,0.4074289680422838,0.16324315061350114,108.01541534399999,0.5011599999999998,0.40249968723243745,0.04595849456000723,107.9397477,10.322619999999999
132722,18.82,270.95,52.4029,-1.512574,True,0.4475200000000001,1.1081593756214756,0.38133351456872194,0.15672379809361717,107.42050577599998,0.42152999999999985,0.35270675906321464,0.03901427801316952,108.19641879400001,10.29486
132821,18.82,270.95,52.4029,-1.512574,True,0.6077000000000001,1.12874899384722,0.31074992732635304,0.15544417933421914,106.025113556,0.35817999999999983,0.3269834273747913,0.03944839667210815,107.40333989199999,10.218720000000001
132921,18.82,270.95,52.4029,-1.512574,True,0.48012000000000005,0.9233685658741287,0.2842972390142252,0.14745446189699832,106.835992893,0.24891999999999986,0.3353597199691181,0.03843477158338084,107.1384979445,10.28423
133021,18.82,270.95,52.4029,-1.512574,True,0.43749000000000005,0.9398498774331526,0.24523646547771077,0.13574811846455426,107.656873615,0.09071999999999981,0.43821249994848227,0.035207896841475655,106.97917200100001,10.325520000000001
133121,18.82,270.95,52.4029,-1.512574,True,0.4574900000000001,0.9302391645282535,0.3630951855612768,0.12953024057038653,106.315682795,-0.06970000000000018,0.549976379290752,0.04364890223896427,106.88161577700001,10.25714
133221,18.82,270.95,52.4029,-1.512574,True,0.38051000000000007,0.910265168264477,0.43811369922024185,0.13236233309451073,104.084340526,-0.09982000000000017,0.5531763568499336,0.04545520505582017,105.96063389650001,10.14993
133321,18.82,270.95,52.4029,-1.512574,True,0.5033100000000001,0.9120905613540312,0.4360628491908529,0.12599304610440473,104.366671853,-0.12374000000000018,0.5305511163979381,0.04562092599771383,105.838779649,10.15842
133422,18.82,270.95,52.4029,-1.512574,True,0.64219,0.7316262319123217,0.4413218982657546,0.1014737300432426,104.636093394,-0.12025000000000019,0.5334793742758619,0.04236363220184649,105.15582743300001,10.176770000000001
133521,18.82,270.95,52.4029,-1.512574,True,0.4885300000000002,0.5894545087527022,0.37664514451787207,0.09226376500735987,102.605437065,-0.2424800000000002,0.5019434005277095,0.03537996294200675,105.14122114050001,10.09586
133621,18.82,270.95,52.4029,-1.512574,True,0.5299100000000001,0.5611699454413673,0.3865369489310031,0.08105914233172927,103.08921306900001,-0.1960400000000002,0.5222430940982568,0.03558958805293721,105.5523142065,10.118820000000001
133721,18.82,270.95,52.4029,-1.512574,True,0.6432500000000001,0.5682437138528974,0.37329628387589814,0.054695184634684334,101.780043253,-0.2316500000000002,0.49808454268994734,0.03461644439023476,104.6002745145,10.0474
133821,18.82,270.95,52.4029,-1.512574,True,0.4010900000000001,0.686239939331233,0.4146941203398521,0.09121324282507803,100.255467102,-0.3209600000000002,0.4926648921934536,0.03446793840335931,103.14029032900001,9.97577
133922,18.82,270.95,52.4029,-1.512574,True,0.42243000000000014,0.7228407970562327,0.37706323209774617,0.10401939402502455,99.061869986,-0.2841800000000002,0.5106575538786444,0.03421880736930747,102.9489314395,9.913889999999999
134021,18.82,270.95,52.4029,-1.512574,True,0.5377200000000002,0.7260016479932324,0.42319139142683054,0.11884406029190794,99.848406892,-0.19270000000000015,0.47952095308175197,0.03193622290336363,103.7526402535,9.94604
134122,18.82,270.95,52.4029,-1.512574,True,0.5989200000000001,0.7147478386738145,0.5246070454264902,0.12092323598051775,103.259875117,-0.08795000000000017,0.35796760017879437,0.020470564232575324,104.78777895600001,10.10909
134221,18.82,270.95,52.4029,-1.512574,True,0.5523000000000001,0.7542217372158465,0.4973600864118039,0.12095943121559387,105.94638878599999,-0.10528000000000018,0.37262862298360017,0.016080592167095023,105.01536465600002,10.2424
134321,18.82,270.95,52.4029,-1.512574,True,0.5228500000000001,0.7374057291914982,0.5539667921254655,0.12653544957836907,104.65771314600002,-0.1590500000000002,0.3573708632343664,0.015117818772707854,104.5121924995,10.17933
134421,18.82,270.95,52.4029,-1.512574,True,0.6066,0.7573306015208948,0.5699401665477218,0.12989994482934414,103.396088387,-0.2773900000000002,0.38441368182956887,0.014511608380113193,104.01609089050001,10.11037
134521,18.82,270.95,52.4029,-1.512574,True,0.70645,0.7846462249532163,0.576496466308916,0.12595311296933734,103.175926882,-0.2124200000000002,0.36464867962950703,0.021983529187906754,102.8906819735,10.090770000000001
134622,18.82,270.95,52.4029,-1.512574,True,0.7329300000000001,0.7761600365474465,0.5692278580088413,0.1259990127827286,102.339520522,-0.32449000000000017,0.3902157848905718,0.02586069518701203,102.7143667955,10.048309999999999
134721,18.82,270.95,52.4029,-1.512574,True,0.6911700000000001,0.760204763424522,0.5687456975173042,0.12611890509444731,102.276989143,-0.3211100000000002,0.39270343758219906,0.025410498705150105,102.028516198,10.04928
134822,18.82,270.95,52.4029,-1.512574,True,0.9098400000000002,0.5019168018705885,0.5300812706033339,0.10933932097425472,103.350353449,-0.31620000000000015,0.3877741438861724,0.030164799205549216,101.8029102755,10.10163
134921,18.82,270.95,52.4029,-1.512574,True,0.8125600000000001,0.44278678641330527,0.5663963979012898,0.08775516509015291,105.130347228,-0.4320600000000002,0.4205711941316482,0.03139062138778241,102.09610860699999,10.19828
135022,18.82,270.95,52.4029,-1.512574,True,0.69908,0.5087307862601683,0.5921599375731755,0.07989387474783166,102.678910273,-0.4583800000000002,0.39319275397413533,0.03951759242554009,101.2636585825,10.08175
135121,18.82,270.95,52.4029,-1.512574,True,0.8000900000000002,0.6110743298123031,0.48748949857635143,0.07903519890951534,99.724108616,-0.5802100000000002,0.4399088679614201,0.044685678789617635,101.4919918665,9.92643
135221,18.82,270.95,52.4029,-1.512574,True,0.90242,0.4967840371384281,0.3976038426206,0.07807245993306468,97.523385913,-0.7224800000000002,0.5986358655773495,0.044632386098985156,101.7348873495,9.815529999999999
135322,18.82,270.95,52.4029,-1.512574,True,0.7301900000000001,0.7698894833387164,0.5122221744516728,0.07638771643544667,96.263116129,-0.8383500000000002,0.6211666250782458,0.05080636880462042,100.46041463750001,9.74476
135422,18.82,270.95,52.4029,-1.512574,True,0.8449200000000001,0.9108980328347526,0.5228855668308318,0.09103668430302632,97.46390440799999,-0.9230100000000002,0.6830251182138897,0.05073880391004718,100.42999639749999,9.78556
135522,18.82,270.95,52.4029,-1.512574,True,0.7849600000000001,0.8938536870079901,0.5309223027482984,0.09162878550615698,97.827776636,-1.0849800000000003,0.636222090503333,0.04375442199874709,100.501851759,9.81014
135622,18.82,270.95,52.4029,-1.512574,True,0.7138200000000001,0.9351765238000079,0.580201755043499,0.0953248620944889,99.028551051,-1.07922,0.6382769214411808,0.03564426710956164,100.68403578649999,9.87061
135722,18.82,270.95,52.4029,-1.512574,True,0.6404500000000001,0.9589842430057617,0.5796852578962339,0.0846574673480005,99.090681499,-1.13586,0.5563325328534167,0.02747351249638259,100.68383532099999,9.87676
135821,18.82,270.95,52.4029,-1.512574,True,0.48545000000000005,0.9794103671200459,0.6162700606606384,0.10455864702006554,97.464916468,-1.1873500000000001,0.5291949677471203,0.03821013390886419,100.40763495849998,9.79919
135924,18.82,270.95,52.4029,-1.512574,True,0.4417800000000002,0.9818233240026214,0.537711674185668,0.10422179128079584,93.955317049,-1.3018700000000003,0.6147115566579789,0.04510701349753348,99.54283213849999,9.62457
136022,18.82,270.95,52.4029,-1.512574,True,0.6921100000000001,1.1451074073349337,0.5339773845606393,0.10488928342675324,94.875265194,-1.6191400000000002,0.7776341187645083,0.04630944708036243,98.7770877335,9.641549999999999
136121,18.82,270.95,52.4029,-1.512574,True,0.4123700000000001,1.1944602184436472,0.6022021411268607,0.1136239064242693,93.224003398,-1.5427300000000002,0.8497117838812485,0.05176250144221738,96.47405600699999,9.562610000000001
136221,18.82,270.95,52.4029,-1.512574,True,0.32300000000000006,1.1951612462109227,0.6374624402878779,0.11117547891109399,94.314451453,-1.6320000000000001,0.9324278345623609,0.05217032894493021,95.91891868299999,9.62075
136321,18.82,270.95,52.4029,-1.512574,True,0.5480400000000001,1.1396830175291923,0.5702811626245816,0.11610438024084666,96.76799443799999,-1.5343700000000002,1.0003219382334358,0.05013187497878858,96.51555528349999,9.7471
136421,18.82,270.95,52.4029,-1.512574,True,0.3644300000000001,0.9617270368688018,0.5741333342042104,0.11082528040919983,94.68011980200001,-1.4461300000000001,1.0196063151476042,0.05000257882238563,96.07201210499998,9.66531
136522,18.82,270.95,52.4029,-1.512574,True,0.41226,0.9941592597656469,0.5777165511255876,0.1177082952802298,94.861600787,-1.3256100000000002,1.0641001158516723,0.053936885956334786,96.34468871149998,9.66963
136622,18.82,270.95,52.4029,-1.512574,True,0.40635000000000004,0.9976095008123731,0.540404494183137,0.1144637060382023,94.355082161,-1.4074900000000001,1.0547871712130095,0.05456887594794511,96.69181660599999,9.64528
136721,18.82,270.95,52.4029,-1.512574,True,0.4196000000000001,0.9929792892547609,0.5355540272569236,0.11570336785648602,93.755410609,-1.4681100000000002,1.0209295714636126,0.05433831878967998,96.423046054,9.61425
136821,18.82,270.95,52.4029,-1.512574,True,0.51004,0.9579936304589926,0.5158301215839693,0.08855036231809926,94.830428705,-1.5269800000000002,1.0182610861441883,0.04912274987778634,96.1476725865,9.669789999999999
136922,18.82,270.95,52.4029,-1.512574,True,0.37111,1.0988937593477062,0.47277757984066876,0.0879311757379978,96.457002713,-1.32941,1.0634879056408828,0.04482614440504806,95.20615988099999,9.7484
137021,18.82,270.95,52.4029,-1.512574,True,0.021730000000000093,0.9053693071522447,0.4707164493266268,0.10031555767233262,96.381329416,-1.0640900000000002,0.7953911776254698,0.05233739262388478,95.628297305,9.76953
137122,18.82,270.95,52.4029,-1.512574,True,0.16027000000000008,0.828949324345786,0.32831021999864224,0.09786630392757473,99.02357565999999,-1.2217500000000001,0.8285044937181079,0.048375723939458194,96.12378952899999,9.91375
137222,18.82,270.95,52.4029,-1.512574,True,0.1596700000000001,0.829150815995901,0.33923749530708275,0.09580174029966484,97.497460447,-1.0006100000000002,0.6412975638846851,0.05749137519856546,95.90595594999999,9.83614
137322,18.82,270.95,52.4029,-1.512574,True,-0.10088999999999992,0.8397293988078689,0.3385938282892293,0.08589508846390582,96.68707743399999,-1.1940100000000002,0.752286707239252,0.05564185974206435,96.727535936,9.79485
137421,18.82,270.95,52.4029,-1.512574,True,-0.1795799999999999,0.8184817975305815,0.3324359054347511,0.08121506154785701,96.745822613,-1.2429500000000002,0.7433148925216226,0.05650740757733554,95.71297120749999,9.79853
137521,18.82,270.95,52.4029,-1.512574,True,-0.2957899999999999,0.6651435057355859,0.31902011796541463,0.0797517014795852,96.27985134399998,-1.3905100000000004,0.7113433745776666,0.04509406957806226,95.5707260655,9.78277
137621,18.82,270.95,52.4029,-1.512574,True,-0.3280099999999999,0.6647504819270352,0.2606185737816857,0.07569117077528471,95.171032,-1.3899000000000004,0.7110820221480847,0.04555998366012788,94.7630570805,9.72649
137721,18.82,270.95,52.4029,-1.512574,True,-0.43918999999999997,0.6658831052736603,0.28516243791916157,0.0756963238502665,94.843618783,-1.32295,0.7588524453995492,0.04431137802215399,94.29951469599999,9.70456
137822,18.82,270.95,52.4029,-1.512574,True,-0.5451299999999999,0.5624102319481785,0.4224169121456523,0.07827851202242174,96.74343386199999,-1.3725500000000002,0.8047124334540523,0.04599214908848886,95.7869312835,9.79801
137922,18.82,270.95,52.4029,-1.512574,True,-0.6872899999999998,0.8502976386732694,0.6031739116263817,0.08314931749569555,100.00795021399999,-1.49117,0.6971457556031898,0.04125732258238139,98.2324764635,9.92761
138021,18.82,270.95,52.4029,-1.512574,True,-0.56904,0.8759498110939687,0.6059907799995379,0.06755867326504658,100.566588349,-1.7481300000000004,0.8386386058501057,0.03878540533069979,98.4739588825,9.961009999999998
138122,18.82,270.95,52.4029,-1.512574,True,-0.6400299999999999,0.8198752277023647,0.6219438724229452,0.07088149813440575,101.076152649,-1.6381600000000003,0.8613933431107663,0.03945952778903142,100.0498641545,9.98566
138222,18.82,270.95,52.4029,-1.512574,True,-0.8415799999999999,0.9130605064531317,0.5954631862862952,0.06915397393578405,102.29876424199999,-1.6979600000000001,0.7969949856248144,0.031271941630371135,99.89811234449999,10.026019999999999
138322,18.82,270.95,52.4029,-1.512574,True,-0.8002099999999999,0.8990504094753434,0.5792876502893738,0.06922270340478372,103.394790657,-1.7022300000000001,0.8014203308986894,0.03374798759432441,100.0409340455,10.08588
138422,18.82,270.95,52.4029,-1.512574,True,-0.81938,0.8899602810113396,0.5141553527658593,0.047026688640009896,105.45476553900001,-1.75726,0.7926136472315909,0.032095475624386104,101.100294076,10.18983
138521,18.82,270.95,52.4029,-1.512574,True,-0.7936399999999998,0.9214559966584311,0.5392104339783478,0.04846348568194859,104.83884615900001,-1.7085800000000002,0.7969433254629761,0.03126285691075321,100.5593487515,10.157910000000001
138621,18.82,270.95,52.4029,-1.512574,True,-0.83659,0.914455098770121,0.5505142610929108,0.04376461787537702,104.667578102,-1.69188,0.799786512903418,0.031723913167619716,99.91930505100001,10.146049999999999
138722,18.82,270.95,52.4029,-1.512574,True,-0.8032199999999998,0.9161222623403278,0.5128661462799112,0.03567767587099177,105.10316499599999,-1.6936700000000002,0.7969612092191105,0.033918669064559696,99.9733918895,10.17182
138821,18.82,270.95,52.4029,-1.512574,True,-0.8877399999999998,0.9221627022024576,0.4903887937137297,0.03186690376480821,104.72071446499999,-1.6709500000000002,0.7825646799679373,0.03188178860171514,100.7320741635,10.14647
138921,18.82,270.95,52.4029,-1.512574,True,-0.7661299999999999,0.7291458687319662,0.3539885082880597,0.04634687571874594,102.513045493,-1.6969800000000004,0.7773094962039739,0.03022721547803509,101.2604978535,10.06652
139021,18.82,270.95,52.4029,-1.512574,True,-0.8182999999999998,0.6743841305632574,0.36590647196001896,0.04858157972821469,102.955470498,-1.4840500000000003,0.5533408779606015,0.02954041299643608,101.76102942349999,10.08742
139122,18.82,270.95,52.4029,-1.512574,True,-0.91953,0.6733718141644455,0.3523055107274007,0.04934068526299785,102.82703206900001,-1.4963700000000002,0.542255540517761,0.02873042522019719,101.95159235899999,10.07282
139221,18.82,270.95,52.4029,-1.512574,True,-0.8705099999999998,0.5898096123138236,0.3531675650452711,0.052828737970498085,102.620860954,-1.61346,0.5869437436605054,0.022187473943646924,102.45981259799998,10.07163
139321,18.82,270.95,52.4029,-1.512574,True,-0.9684899999999999,0.6694500370536374,0.42963017636619877,0.06318300052668871,104.224047183,-1.5703300000000002,0.530384242371078,0.02903083418252644,103.80941892000001,10.13492
139421,18.82,270.95,52.4029,-1.512574,True,-1.06599,0.6685043147039392,0.42700628267561885,0.07488543917211136,103.563016734,-1.6459500000000002,0.626280177361173,0.04052343766266641,104.50889113650001,10.09259
139521,18.82,270.95,52.4029,-1.512574,True,-1.1603299999999999,0.4953959315537481,0.44993383266629733,0.09495576806539388,103.263928727,-1.5013,0.819876170867005,0.043605378108669254,104.051387443,10.075439999999999
139621,18.82,270.95,52.4029,-1.512574,True,-1.1258599999999999,0.5268850880410318,0.42200328013470545,0.12089311578598855,104.03784991999999,-1.3742400000000001,0.9141048216090297,0.046503734617053566,104.35271401099999,10.11732
139721,18.82,270.95,52.4029,-1.512574,True,-1.2239999999999998,0.5116967135586008,0.44928564150957884,0.18423313159629506,107.02699871499999,-1.6594900000000004,1.0667441664033332,0.05747336484552374,106.06508185550001,10.25239
139822,18.82,270.95,52.4029,-1.512574,True,-1.2202899999999999,0.5109993551855091,0.68189783855225,0.19188881879301298,110.215259827,-1.6988000000000003,1.0884896916778202,0.05866848576725193,107.467987146,10.3958
139922,18.82,270.95,52.4029,-1.512574,True,-1.24812,0.5290315298312206,0.6861758614880713,0.1957292302022249,109.889009558,-1.7393500000000004,1.0949310026460766,0.06734507818360279,106.2010275255,10.37572
140022,18.82,270.95,52.4029,-1.512574,True,-1.3069,0.44983192910736197,0.9727215648775263,0.1954391934421889,105.94187157900001,-1.8259400000000003,1.0777499485295938,0.0723601401939556,104.4486710385,10.158750000000001
140122,18.82,270.95,52.4029,-1.512574,True,-1.1798199999999999,0.5884768376448222,0.9742402284173407,0.197943848379057,104.93666003999999,-1.86156,1.0570807382178042,0.0714830554902506,103.88184605449999,10.11824
140222,18.82,270.95,52.4029,-1.512574,True,-1.17962,0.5883113476534204,0.9718390929915675,0.1979140093856701,106.02749328,-1.7481100000000005,1.0615769898808243,0.07236805925268427,104.324177117,10.172239999999999
140322,18.82,270.95,52.4029,-1.512574,True,-1.0740399999999997,0.5436939543530034,0.9431794315564332,0.19674099753511243,104.38522625099999,-1.5295800000000002,1.210325485882936,0.08001667951121204,104.304636717,10.10767
140422,18.82,270.95,52.4029,-1.512574,True,-0.8811699999999998,0.6967757810085001,0.9437375600357485,0.19868340421663583,105.04763418300001,-1.52895,1.2096810913533222,0.07728436380594013,104.30532545850001,10.1505
140522,18.82,270.95,52.4029,-1.512574,True,-0.9805699999999999,0.7262574720212331,1.02295473257075,0.18125343705553407,103.987237615,-1.8104400000000003,1.134195471297209,0.0803080907782302,103.62558317099999,10.08014
140621,18.82,270.95,52.4029,-1.512574,True,-0.84242,0.9221364490500698,1.0388151656788853,0.18427276762693096,102.98331608999999,-2.07013,1.0223287208351486,0.08808886989852929,103.51058300499999,10.02682
140721,18.82,270.95,52.4029,-1.512574,True,-0.7767999999999999,0.8853815473819462,0.9880976315346826,0.12521415432947045,100.72601213499999,-1.9599800000000003,0.9143541883634397,0.10155886306308613,103.876505425,9.926649999999999
140822,17.71,304.26,52.40319,-1.514908,True,-0.7311699999999999,0.8675671924666408,0.7479738727611657,0.1410337174027702,94.68196198999999,-2.12503,1.1288590937067529,0.09779396766217804,102.4486109085,9.64191
140921,17.71,304.26,52.40319,-1.514908,True,-0.6090199999999999,0.8032728909488593,0.7783409493560313,0.13208719384473946,95.077913247,-1.8741700000000001,1.3892097226280962,0.09790123651471991,102.48346140250001,9.673729999999999
141021,17.71,304.26,52.40319,-1.514908,True,-0.5821399999999999,0.7940014164554985,0.5968197797027595,0.1597141561248303,98.887697391,-1.71645,1.458419370604883,0.0869955177644867,102.414784485,9.882349999999999
141122,17.71,304.26,52.40319,-1.514908,True,-0.74515,0.8490325517251349,0.6205127690511782,0.1829195560895554,98.10652682,-1.7767000000000004,1.4592946896055978,0.07922201153158837,101.52159343,9.82629
141222,17.71,304.26,52.40319,-1.514908,True,-0.77628,0.889299033321566,0.5896769553464601,0.1808879997248144,96.95228105499999,-1.7325800000000005,1.4851156773501175,0.08775586146931857,101.4898871675,9.76345
141322,17.71,304.26,52.40319,-1.514908,True,-0.6842699999999999,0.931535182194785,0.6893171068367467,0.180210466153082,98.45994558099999,-2.0710900000000003,1.3912311465828417,0.08700788023059884,101.422585916,9.83784
141422,17.71,304.26,52.40319,-1.514908,True,-0.8086199999999998,0.8453001502425072,0.8082902232490541,0.17277222127542505,100.40545825299999,-1.93353,1.3967255182907024,0.08649644822508937,102.726546218,9.925749999999999
141521,17.71,304.26,52.40319,-1.514908,True,-0.65338,0.822421912267531,0.6993807220200879,0.164824068158884,102.31943706899999,-1.6817600000000001,1.4502180013899781,0.08652999544152953,103.15333734199999,10.04209
141621,17.71,304.26,52.40319,-1.514908,True,-0.9137399999999998,0.7038620717157626,0.6744428895186224,0.16289218656658902,103.569534173,-1.5721300000000002,1.3949367465149685,0.06359014948174849,103.27642513149999,10.09353
141722,17.71,304.26,52.40319,-1.514908,True,-0.9216599999999999,0.7045993301160635,0.6739092920333533,0.16960663934855588,103.629177773,-1.6894700000000005,1.5093645955610993,0.04318457672209694,102.177594954,10.095749999999999
141822,17.71,304.26,52.40319,-1.514908,True,-1.06984,0.8289161708051231,0.5624204224204189,0.1435938964967213,105.935913854,-1.39402,1.2621137691278903,0.04253192787646594,100.30893792200001,10.19256
141921,17.71,304.26,52.40319,-1.514908,True,-1.1396199999999999,0.8002929585817693,0.5682527414999674,0.11637055946892712,104.60325064199999,-1.5574500000000002,1.094224410509811,0.040109446102715995,99.8405819445,10.12114
142021,17.71,304.26,52.40319,-1.514908,True,-1.20539,0.7879104382972623,0.5724433305285975,0.11828626340835653,103.810219865,-1.73538,1.0362518707126869,0.037900946924553106,101.348958628,10.0749
142121,17.71,304.26,52.40319,-1.514908,True,-1.15116,0.7662867104854897,0.5121587531659019,0.09545740702300451,105.05376535999999,-1.7166299999999999,1.0312711724964534,0.03588488384945537,101.58014609,10.14712
142222,17.71,304.26,52.40319,-1.514908,True,-1.1306699999999998,0.745662458712613,0.5301464985161134,0.11017157528146719,104.63834334,-1.7103100000000002,1.0379665959621827,0.01909090824915857,100.7953121975,10.12949
142322,17.71,304.26,52.40319,-1.514908,True,-1.1070499999999999,0.7915160969093885,0.4833057147281568,0.11662314855026754,101.609015836,-1.5953500000000003,0.9054960031201984,0.017664591073041885,100.0344807085,9.98045
142422,17.71,304.26,52.40319,-1.514908,True,-1.1149999999999998,0.7886363166885012,0.36631301126526733,0.11876714332395691,100.695538776,-1.6771699999999998,0.9092271835037763,0.01886971706789042,100.55049851449999,9.938400000000001
142521,17.71,304.26,52.40319,-1.514908,True,-1.02792,0.9491500230323064,1.045773354508522,0.12093615808902367,107.894310375,-1.8798900000000003,0.7789138797781809,0.016115430838520097,105.106873722,10.24903
142621,17.71,304.26,52.40319,-1.514908,True,-1.21878,1.2573801226713006,1.0809053150535983,0.12634242887222538,111.368821923,-1.6992800000000003,0.9976539121581353,0.015770774658631963,107.46917804799997,10.36383
142722,17.71,304.26,52.40319,-1.514908,True,-1.0154299999999998,1.4443044900958788,1.2643708332605614,0.15218928601507323,108.315486633,-1.2736200000000002,1.054240919967216,0.01620894471854673,105.972332203,10.196480000000001
142822,17.71,304.26,52.40319,-1.514908,True,-0.83687,1.3743888605889951,1.523182037709218,0.15311653659150526,103.492966841,-1.16783,1.1234890130007156,0.04106384730581845,104.7144403475,9.950099999999999
142921,17.71,304.26,52.40319,-1.514908,True,-0.6398499999999998,1.4624460972022957,1.5351940037011624,0.15990142831687829,102.60743772599999,-1.29821,1.20107483849536,0.0412409572579926,103.605344184,9.907169999999999
143022,17.71,304.26,52.40319,-1.514908,True,-0.67974,1.4896646559246531,1.5458280693890625,0.15124657718808415,104.10789467099998,-1.21086,1.157252392714931,0.04101705471846796,103.959057268,9.97487
143121,17.71,304.26,52.40319,-1.514908,True,-0.49820999999999993,1.5311456208052567,1.8163328923043467,0.1611401032917904,110.73102964,-1.8598100000000002,2.552391640729662,0.10477696364712587,107.89239750000002,10.266630000000001
143221,17.71,304.26,52.40319,-1.514908,True,-0.5446699999999999,1.5787577282647136,1.8004948850555278,0.3365661889666809,112.770522065,-2.3222300000000002,2.7306552209436203,0.17076145186910438,108.7044327025,10.3592
143321,17.71,304.26,52.40319,-1.514908,True,-1.36131,2.7481291957540064,1.7721245032759745,0.3365622347930452,120.873078433,-1.7759100000000003,3.275388509423982,0.2512169456421636,111.24104713450001,10.459280000000001
143421,17.71,304.26,52.40319,-1.514908,True,-1.3869699999999998,2.744468210803528,2.079175363802787,0.39218737245239177,114.07611091600002,-1.9980200000000004,3.3723691638569644,0.252229521578176,107.38582484599999,10.07387
143521,17.71,304.26,52.40319,-1.514908,True,-1.40849,2.726149823244824,1.9601712527509207,0.4350005241376152,102.36292272400001,-1.9968300000000003,3.3722513726160894,0.2515210539011706,105.1286165495,9.49907
143621,17.71,304.26,52.40319,-1.514908,True,-0.8832199999999999,2.7455636874379334,1.8805972675367442,0.4440230849854543,96.2998773,-2.16047,3.2990928948727687,0.24926094069379492,103.83434961150002,9.24946
143721,17.71,304.26,52.40319,-1.514908,True,-1.1180599999999998,2.6641794922848416,1.8635140020938943,0.4199364143666408,99.64242884000001,-2.2126900000000003,3.25143738827751,0.24780576376580823,103.9789577365,9.42756
143823,17.71,304.26,52.40319,-1.514908,True,-0.9839999999999998,2.7299748737142466,1.751917790594069,0.4347986992723056,104.633796583,-2.1179200000000002,3.334225240275299,0.24331584526198774,104.063381712,9.70545
143921,17.71,304.26,52.40319,-1.514908,True,-1.07114,2.679530718117137,1.7795152950858415,0.44233929209751793,107.57061183900001,-1.8478400000000001,3.407745996402899,0.24246891874125961,105.08902478249999,9.85451
144021,17.71,304.26,52.40319,-1.514908,True,-0.6991999999999999,2.8265175593534417,1.7859478285275379,0.4487552439805021,107.94855073000001,-1.73461,3.4447293634865797,0.24184738553246526,106.02822270050001,9.86908
144122,17.71,304.26,52.40319,-1.514908,True,-0.77999,2.7957041547703154,1.4121176115638856,0.44941994479303843,100.321227373,-0.8258100000000003,2.5936494676420696,0.1949482655019588,105.5261285065,9.5333
144221,17.71,304.26,52.40319,-1.514908,True,-0.6096699999999999,2.7519397619578174,1.403512568759778,0.33481034847275015,99.61595003699999,-0.3862700000000002,2.0663100757146764,0.1745157009809974,106.19323605100001,9.52132
144321,17.71,304.26,52.40319,-1.514908,True,0.2552900000000001,1.0896098654003554,1.3768694152557353,0.3070310740697827,90.449490125,-0.7795900000000002,1.5896630771260203,0.05869618954128697,105.661284279,9.36
144421,17.71,304.26,52.40319,-1.514908,True,0.3049700000000001,1.0280120363000524,1.0892985755368778,0.2720815786569249,95.099497821,-0.4576900000000002,1.0209365530944785,0.06764348042823094,104.5878043685,9.642999999999999
144521,17.71,304.26,52.40319,-1.514908,True,0.1514600000000001,1.0932339580854202,0.7530068968254354,0.2050683845289987,101.309127018,-0.3397500000000003,0.8370685877247732,0.06818019344192122,101.836024871,9.985
144622,17.71,304.26,52.40319,-1.514908,True,0.0452800000000001,0.9863245327984108,0.6018690150042844,0.17610702049227514,104.339226459,-0.2598300000000002,0.7407973842796333,0.07113656974830579,100.3195518795,10.15557
144722,17.71,304.26,52.40319,-1.514908,True,0.2191800000000001,0.8621572566017838,0.6229559293311959,0.17085118573386202,103.35139740700001,-0.3617900000000002,0.7341287511208188,0.0744107735628534,101.49691312350001,10.11361
144821,17.71,304.26,52.40319,-1.514908,True,0.16437000000000007,0.8374494254049698,0.8168354911214135,0.15236012492337558,99.748847689,-0.40197000000000027,0.6653252371751827,0.06365645729661344,102.191322136,9.92422
144922,17.71,304.26,52.40319,-1.514908,True,0.1634500000000001,0.8377211074629145,0.763280281999276,0.13333120873307258,98.453530761,-0.5063400000000002,0.6430415939545017,0.061344764333324545,103.0120713,9.862599999999999
145021,17.71,304.26,52.40319,-1.514908,True,-0.059149999999999904,0.5583074904467002,0.7346007157330852,0.1031211741377856,97.45091231699999,-0.4715100000000002,0.6692974201022639,0.059222420679259015,102.6997315235,9.83266
145121,17.71,304.26,52.40319,-1.514908,True,-0.020749999999999904,0.5623697957947471,0.7310830693794917,0.09703034805896757,97.989445416,-0.6358900000000002,0.5322126234462558,0.059503150243402275,99.1553363945,9.86019
145221,17.71,304.26,52.40319,-1.514908,True,0.0666000000000001,0.5500019656530559,0.7757104156835886,0.08044016478794072,94.958106095,-0.6417200000000002,0.5360274076740555,0.05927605849844546,97.287028066,9.70257
145322,17.71,304.26,52.40319,-1.514908,True,0.11354000000000011,0.6353555211235874,0.8175949176293474,0.07094590740682458,94.534298062,-0.5518600000000002,0.6206696763263868,0.06209482086114585,92.49189409350001,9.67246
145421,17.71,304.26,52.40319,-1.514908,True,0.2564600000000001,0.6037257640868285,0.8183518564773994,0.07631766651452447,94.632931863,-0.5916400000000003,0.6694463287755797,0.051384888613071805,94.866214842,9.676590000000001
145521,17.71,304.26,52.40319,-1.514908,True,0.5520800000000001,0.6702113195768116,0.7749758712372962,0.08151218041222737,94.19673168700001,-0.4874900000000002,0.6603638836109743,0.05328608427889775,97.75292935249999,9.64091
145621,17.71,304.26,52.40319,-1.514908,True,0.62433,0.7032634594833195,0.78099112820399,0.09745792254438124,91.07480040200001,-0.3682700000000002,0.712186604838298,0.051804338085188015,97.7070134305,9.47053
145721,17.71,304.26,52.40319,-1.514908,True,0.56921,0.7426197927308144,0.869919276523215,0.10069132203587994,93.155044846,-0.4876700000000002,0.870790514481584,0.04266797524035006,98.2532211265,9.57359
145821,17.71,304.26,52.40319,-1.514908,True,0.7320500000000001,0.8400385034164947,0.7973979617759572,0.11682144209576117,94.57166214200001,-0.49189000000000016,0.8655826457107063,0.042723666353283445,97.16025491549999,9.63475
145922,17.71,304.26,52.40319,-1.514908,True,0.89069,0.8227659427538048,1.1470481811540858,0.13718450714275263,89.137930494,-0.5664600000000002,0.9296411592054643,0.04949800108197431,93.7957306275,9.30329
146021,17.71,304.26,52.40319,-1.514908,True,0.90907,0.7955000692087416,1.0917817995775976,0.16294744244694345,86.30601565,-0.7691200000000002,0.9803614988586784,0.06387957767897702,91.8784639835,9.156270000000001
146122,17.71,304.26,52.40319,-1.514908,True,0.9885300000000001,0.7561129487201126,1.1752140839958607,0.1713896612984574,88.00316113,-0.6970100000000002,0.9940706004996667,0.06434050132778828,92.996303273,9.234089999999998
146221,17.71,304.26,52.40319,-1.514908,True,1.0181,0.7355553789862167,1.1727082965890947,0.17437489020307162,89.692567118,-0.6891000000000003,0.9918587399423318,0.062082830870450016,92.3253366065,9.323699999999999
146322,17.71,304.26,52.40319,-1.514908,True,1.0245700000000002,0.7385372149654276,1.1609934524171794,0.1709139692619911,92.633822258,-0.8780100000000003,0.9526080101489749,0.06012052801571941,93.58406016,9.48051
146421,17.71,304.26,52.40319,-1.514908,True,1.06171,0.7339837940233356,1.1655452021359909,0.17032018344544148,92.939251845,-0.6596700000000002,1.0444553743458789,0.06989342998848727,93.786091854,9.49234
146521,17.71,304.26,52.40319,-1.514908,True,0.8968000000000002,0.6802148255432915,1.1303927380929777,0.16244748347970442,91.281814929,-0.7435800000000002,1.0254406747020146,0.0655569506442894,92.739273308,9.429269999999999
146621,17.71,304.26,52.40319,-1.514908,True,0.7953300000000001,0.700017745886172,1.10251347484837,0.159089456316599,93.169614785,-1.0140100000000003,1.0361257661221495,0.07055130205901404,92.12220759350001,9.5395
146721,17.71,304.26,52.40319,-1.514908,True,0.82711,0.6586572172905195,1.0277129411140735,0.1587651518578444,90.796577709,-0.7927000000000002,1.0452711237866528,0.07049359387758432,91.9758112775,9.421859999999999
146825,17.71,304.26,52.40319,-1.514908,True,0.7871300000000001,0.5960717258294803,1.0198728694738843,0.1452087788132811,91.861754524,-0.8871300000000002,0.9593095480604733,0.06772253933022113,93.216708333,9.48611
146921,17.71,304.26,52.40319,-1.514908,True,0.67349,0.5464293559098028,0.4694097281574937,0.11451073506202111,97.174777507,-0.7776900000000002,0.9314766561755532,0.059432360246287175,93.1563540005,9.81092
147022,17.71,304.26,52.40319,-1.514908,True,0.78194,0.4822442078449485,0.3926162225662935,0.08890039432483446,97.982754442,-0.5750700000000002,0.8800963786237602,0.04608460938558812,92.144385046,9.85004
147121,17.71,304.26,52.40319,-1.514908,True,0.7499,0.47675907961988717,0.2998280968599674,0.04999708435943434,96.950360683,-0.7624300000000002,0.9853647717695383,0.04744140830774565,92.4767609065,9.80319
147221,17.71,304.26,52.40319,-1.514908,True,0.72834,0.48485146454008843,0.35669879855263403,0.03987029108385166,95.972110032,-0.6283200000000002,1.0529892980357245,0.04937364231607357,92.83233857500001,9.75272
147321,17.71,304.26,52.40319,-1.514908,True,0.6457100000000001,0.43299130720040235,0.36469867074675244,0.039269982882037334,95.952438829,-0.5473300000000002,1.0045716810329284,0.05172441503884916,94.2931305435,9.75946
147421,17.71,304.26,52.40319,-1.514908,True,0.6088300000000001,0.3999376730608602,0.389856435256768,0.03575056953703216,96.433459782,-0.5699300000000002,0.9754911470069214,0.034686547184111134,94.6863558135,9.78683
147521,17.71,304.26,52.40319,-1.514908,True,0.5185800000000002,0.5393178877063158,0.4105748945076928,0.029351024967905554,97.419084022,-0.47955000000000014,0.9823172436754904,0.03287667359491648,94.3504494755,9.83548
147621,17.71,304.26,52.40319,-1.514908,True,0.4968100000000001,0.5569279076625049,0.4133098186859651,0.03766386420252992,97.216627609,-0.4181700000000002,0.8710523470045948,0.029236575266835662,95.19312119700001,9.82532
147721,17.71,304.26,52.40319,-1.514908,True,0.6182200000000001,0.6087580449844876,0.49448017699848007,0.03757280488154451,96.35331914700001,-0.4840100000000002,0.8399438505704425,0.03132632723090581,93.574948428,9.76819
147821,17.71,304.26,52.40319,-1.514908,True,0.45965000000000017,0.5607560001165115,0.5101754643693173,0.044915723552250285,95.566914039,-0.4373500000000002,0.852386538881661,0.03217474682625097,93.71433428150002,9.738499999999998
147922,17.71,304.26,52.40319,-1.514908,True,0.4135400000000001,0.5858187057443646,0.5153050131286903,0.04765422215175521,95.66615579100001,-0.4632500000000002,0.8584689022388068,0.03498237651542104,96.420466649,9.74409
148021,17.71,304.26,52.40319,-1.514908,True,0.3687300000000001,0.5525059678913505,0.4884958661260359,0.0577438058246169,96.376189916,-0.4256000000000002,0.8948627442860173,0.0352948910372783,97.179472179,9.78523
148121,17.71,304.26,52.40319,-1.514908,True,0.5588600000000001,0.8933661302437366,0.5205208464178551,0.0623711828045965,94.671999772,-0.23849000000000017,0.6812822998662909,0.04236246373068197,95.81118022749999,9.66424
148222,17.71,304.26,52.40319,-1.514908,True,0.49716000000000016,0.9211441028537417,0.49647411300982575,0.0742203775552536,95.98224969200001,-0.3960500000000001,0.6896669119541952,0.04664959687809641,95.97717986199999,9.73394
148321,17.71,304.26,52.40319,-1.514908,True,0.5497500000000001,0.9382769991970519,0.5268647307948785,0.07849390917630314,96.58577930599999,-0.37838000000000016,0.6822010909141347,0.04429489060076058,96.26910906750001,9.75917
148422,17.71,304.26,52.40319,-1.514908,True,0.48424000000000006,0.9433635238985153,0.5081664486716536,0.08897990784441143,94.991149434,-0.4260600000000002,0.6306523574838921,0.044864835277135,95.712304608,9.68108
148521,17.71,304.26,52.40319,-1.514908,True,0.61858,0.87438421354053,0.4771082226404366,0.09420149562388981,93.501855127,-0.40775000000000017,0.6466486874648328,0.044978755479053195,95.46046957450001,9.60345
148621,17.71,304.26,52.40319,-1.514908,True,0.7444900000000001,0.8659944514192287,0.48547709054542376,0.08971490895547318,94.07406898400001,-0.2322600000000002,0.4900919464753442,0.04408932347456079,95.6453482965,9.624590000000001
148721,17.71,304.26,52.40319,-1.514908,True,0.6541100000000001,0.8380250612136992,0.4476430269260986,0.08999669191451155,96.318753819,-0.28728000000000015,0.541284149654004,0.04850837842865697,96.336036483,9.750820000000001
148822,17.71,304.26,52.40319,-1.514908,True,0.7184900000000001,0.797883702817788,0.43312318763450064,0.09055501029147334,96.71346078600001,-0.2554100000000002,0.5672480301126291,0.05164573769656348,96.14018741250001,9.77013
148921,17.71,304.26,52.40319,-1.514908,True,0.8155700000000001,0.7482050952483265,0.444963446189065,0.08682684172791498,94.782986513,-0.1441700000000002,0.5662426473400414,0.0533552673646714,95.224571152,9.66622
149021,17.71,304.26,52.40319,-1.514908,True,0.7972300000000001,0.7576829548769809,0.46545240370108293,0.08246456747530324,93.92876905799999,-0.30192000000000013,0.584281933088235,0.053811552869455784,95.152479487,9.62193
149121,17.71,304.26,52.40319,-1.514908,True,0.5818100000000002,0.42927680644958877,0.43731046230847126,0.07915142239193569,93.678191179,-0.3764500000000001,0.6173027336728643,0.04346299064210343,94.1750954755,9.64374
149222,17.71,304.26,52.40319,-1.514908,True,0.7469800000000001,0.4349487959646664,0.5223642237196441,0.06782001015760562,95.273456114,-0.16311000000000014,0.6893527664088593,0.042709380962760814,95.62785290299999,9.7108
149322,17.71,304.26,52.40319,-1.514908,True,0.6973800000000001,0.42354517744077236,0.530150621050286,0.06509970472709925,95.297319367,-0.06747000000000014,0.6945421066349261,0.043460057012797045,95.9415493365,9.715790000000002
149421,17.71,304.26,52.40319,-1.514908,True,0.8152500000000001,0.4099487427309278,0.5213770459082409,0.061086910763817635,95.994768655,0.11453999999999986,0.91661661463352,0.043620460285920516,95.4929590445,9.743419999999999
149521,17.71,304.26,52.40319,-1.514908,True,0.6569800000000001,0.6502500985518331,0.5183782960134246,0.05234555695886027,97.24891225399999,0.02244999999999986,0.9551180744343096,0.04329429651941611,95.3753836905,9.8079
149621,17.71,304.26,52.40319,-1.514908,True,0.6588800000000001,0.6522290477023149,0.5178812412126972,0.0707282286879382,96.95729803399999,-0.035200000000000134,0.9671658711008233,0.04537951569204391,95.515683509,9.7928
149721,17.71,304.26,52.40319,-1.514908,True,0.70943,0.6568025088766551,0.4988090533126584,0.07082054315898237,96.024957554,0.015039999999999864,0.925555832039437,0.04625895228673778,96.1718556865,9.742149999999999
149821,17.71,304.26,52.40319,-1.514908,True,0.7507400000000001,0.6585936400138317,0.5118591756202777,0.07492238650763837,97.310746463,0.07516999999999988,0.9644368674113484,0.044225407478808834,97.01210362449999,9.80413
149921,15.52,317.95,52.404137,-1.516428,True,0.7015900000000002,0.6648259161448052,0.4672670267987427,0.08406197713592009,99.209617908,0.04794999999999987,0.959590909653109,0.042562419521868934,96.99630221049999,9.905710000000001
150022,15.52,317.95,52.404137,-1.516428,True,0.5611000000000002,0.8629063667500547,0.40835860996596696,0.0905693620013594,101.157262179,-0.005220000000000136,1.039853529001931,0.0748987798446826,97.5430156185,10.00111
150121,15.52,317.95,52.404137,-1.516428,True,0.5788900000000001,0.8616605821190731,0.301853131321993,0.0920639898235036,102.78408425299999,0.025729999999999864,1.0128169770496505,0.07349083087176407,98.231137716,10.084579999999999
150222,15.52,317.95,52.404137,-1.516428,True,0.6206600000000002,0.9196411935580588,0.37574461480580024,0.09113185563298414,100.14465394199999,-0.11321000000000014,0.9588636972421476,0.08057137346615256,97.709055028,9.9434
150322,15.52,317.95,52.404137,-1.516428,True,0.5203400000000001,0.9794055773217197,0.34651997938230744,0.08883485614704748,98.196680861,-0.16731000000000013,0.942011240142891,0.08123716240462592,96.74700011399999,9.84655
150422,15.52,317.95,52.404137,-1.516428,True,0.5369800000000001,0.9954511649386825,0.36614337871629116,0.08422329843932705,99.329446,-0.39890000000000014,0.6339501294791712,0.08074586263910583,97.6621073275,9.90094
150521,15.52,317.95,52.404137,-1.516428,True,0.8440200000000001,1.017517309489678,0.4664180594940827,0.08457231028337005,101.338199328,-0.14025000000000012,0.9340651491077963,0.09036496432676652,99.29355579099999,9.97488
150621,15.52,317.95,52.404137,-1.516428,True,0.7325600000000001,1.0257229333499382,0.5313272631397327,0.07195766039059942,103.455937533,-0.08853000000000014,0.9277431649498169,0.08715687070513212,100.2066177835,10.085550000000001
150722,15.52,317.95,52.404137,-1.516428,True,0.6307200000000002,1.0476233088917672,0.5127143177898095,0.07163274313391077,104.333289853,-0.13868000000000014,0.9631900560117883,0.08320318102893265,100.1791237035,10.13465
150821,15.52,317.95,52.404137,-1.516428,True,0.5145800000000001,1.0708979781265617,0.5179832087583136,0.0858652587876297,103.668229917,-0.09882000000000017,1.0174705704725664,0.08345864178674905,100.48948819,10.105929999999999
150921,15.52,317.95,52.404137,-1.516428,True,0.52912,1.0702302149018645,0.5198392282448733,0.08655089767812257,103.227171513,-0.11774000000000015,1.015541459518021,0.08528299035824466,101.21839471050001,10.08331
151021,15.52,317.95,52.404137,-1.516428,True,0.6911900000000001,0.9180349744608509,0.5357215014455874,0.08252418433404812,102.080205761,0.046029999999999835,0.8712658275941538,0.0625771390631862,101.61873397000001,10.02924
151121,15.52,317.95,52.404137,-1.516428,True,0.7872600000000001,0.9573905475010949,0.5378138467702196,0.08173046759521987,101.93436599399999,0.09734999999999985,0.8408251730690864,0.06407946108803773,102.3592251235,10.011460000000001
151222,15.52,317.95,52.404137,-1.516428,True,0.5452000000000001,0.944729792056968,0.4517853793561754,0.08238865887433212,103.970608573,0.07693999999999984,0.8564073617930463,0.0547573648014585,102.05763125749999,10.13343
151322,15.52,317.95,52.404137,-1.516428,True,0.72696,0.9082220802816418,0.4220645258725298,0.09095137223324926,104.56982478999998,-0.02306000000000017,0.9394668774245157,0.05070207644224801,101.38325282550001,10.155719999999999
151422,15.52,317.95,52.404137,-1.516428,True,0.7446200000000001,0.925796522880584,0.4540433244134834,0.08355609160584522,103.31464489,0.030759999999999822,0.9245523207357008,0.06462017658767445,101.32204544499999,10.08976
151521,15.52,317.95,52.404137,-1.516428,True,0.6389900000000001,0.778290553356808,0.4305006218862498,0.08789143619008344,99.975364402,-0.1461700000000002,0.6749389997951196,0.05778047440288315,100.656781865,9.94259
151622,15.52,317.95,52.404137,-1.516428,True,0.5927900000000002,0.8221423794642344,0.587445942288407,0.08976935198360023,101.34192254499999,-0.2438500000000002,0.7142509755758847,0.05854245278238512,102.39893003899999,10.00358
151722,15.52,317.95,52.404137,-1.516428,True,0.65296,0.7931513841772101,0.6172039102094065,0.10183203436160045,102.281008577,-0.40066000000000024,1.0038046259661801,0.057581115731539116,103.30714921500001,10.04717
151822,15.52,317.95,52.404137,-1.516428,True,0.6306700000000001,0.8223520725469259,0.6498673745892767,0.09929334765677326,104.02505547599999,-0.5241500000000002,0.8336587061461809,0.05811958935390615,103.8466426965,10.13107
151921,15.52,317.95,52.404137,-1.516428,True,0.7113600000000001,0.852619761806061,0.6869792036315407,0.11158738678223826,103.160802956,-0.6165100000000002,0.8337904112478625,0.05840869037318954,103.19398723449999,10.078479999999999
152022,15.52,317.95,52.404137,-1.516428,True,0.7998200000000001,0.8828639140131783,0.7133006183308093,0.10983090487957667,102.78334367699999,-0.6089100000000002,0.8407064469176383,0.054430400002613046,102.43177471899999,10.04909
152121,15.52,317.95,52.404137,-1.516428,True,0.6395000000000001,0.8739328959746674,0.7623274962609963,0.1098300909991831,101.244523914,-0.5094800000000002,0.9548589666658702,0.050040011768361856,101.589444954,9.98124
152221,15.52,317.95,52.404137,-1.516428,True,0.75151,0.7783065811962118,0.7501296250204609,0.10877001220720493,100.346633726,-0.5485000000000002,0.9667765604201255,0.046953258081249914,102.15862114950001,9.936309999999999
152321,15.52,317.95,52.404137,-1.516428,True,0.7031900000000001,0.749601681561616,0.7483306994014549,0.09654145971780413,101.000224094,-0.43008000000000013,0.9581762895092787,0.046023965979090295,102.78502444200001,9.974770000000001
152422,15.52,317.95,52.404137,-1.516428,True,0.6069900000000001,0.6730702199622284,0.7446019545144043,0.09392609920097322,102.283274971,-0.42246000000000017,0.9626271000640741,0.04602806993805232,102.79895993049999,10.050279999999999
152521,15.52,317.95,52.404137,-1.516428,True,0.5482800000000001,0.6368854088452667,0.7117280801760707,0.09255494704348424,102.96458724700001,-0.3821800000000002,0.9935964190756685,0.03811989273623723,101.4699758245,10.09173
152621,15.52,317.95,52.404137,-1.516428,True,0.69113,0.5837937593401001,0.5492826842548624,0.0942841002266846,98.86506765800002,-0.29745000000000016,0.9772081198211752,0.03572083736731587,100.10349510149999,9.88985
152721,15.52,317.95,52.404137,-1.516428,True,0.58753,0.6893662259238168,0.5274220537461272,0.08805990637691515,95.995097958,-0.11264000000000016,0.6148153421059701,0.05086311586558147,99.1380532675,9.74535
152821,15.52,317.95,52.404137,-1.516428,True,0.6864900000000002,0.592578893856714,0.39903001571867974,0.07776368475494598,93.598760294,-0.07108000000000017,0.641216882705578,0.05265882220061103,98.811907885,9.626430000000001
152921,15.52,317.95,52.404137,-1.516428,True,0.5606000000000001,0.5674485155305107,0.39334199086517957,0.049134374706286114,93.677158174,0.029919999999999825,0.5451849243860017,0.05495438613573594,98.418980565,9.640220000000001
153022,15.52,317.95,52.404137,-1.516428,True,0.6172500000000001,0.6840550891558388,0.38700716100179783,0.045987578032913236,94.933060305,0.11119999999999983,0.614764862004611,0.06161917901288717,98.85820199099999,9.69516
153122,15.52,317.95,52.404137,-1.516428,True,0.69188,0.6441853353051625,0.4235717171336624,0.04754343628024045,97.60952092800001,-0.23836000000000018,1.0068961473536122,0.06350561567469631,99.42702242099999,9.82832
153222,15.52,317.95,52.404137,-1.516428,True,0.6530500000000001,0.6604436762089912,0.5213088353152867,0.04920576298677891,99.368473593,-0.2101700000000002,0.9873263403421004,0.06351355410898973,99.85755365949998,9.91488
153322,15.52,317.95,52.404137,-1.516428,True,0.70435,0.6999956067322471,0.5488163798373554,0.062133019491338586,100.23436527999999,-0.14025000000000015,1.0308039033794034,0.06433052584547687,100.617294687,9.95119
153422,15.52,317.95,52.404137,-1.516428,True,0.7270300000000001,0.7029095200980329,0.529984322199988,0.06270282290295988,99.37112379099999,-0.1583600000000002,1.0273731543223301,0.06019623096359301,100.82719938099999,9.90682
153522,15.52,317.95,52.404137,-1.516428,True,0.7905599999999999,0.7233259403616065,0.5744878430200082,0.06269542248043272,98.44061578,-0.12809000000000018,1.0522941049070904,0.06376606202884633,100.7026015135,9.85128
153622,15.52,317.95,52.404137,-1.516428,True,0.5867800000000001,0.885912157421191,0.5860291816776536,0.08768243267610651,100.48009731199998,-0.18452000000000018,1.064941982561592,0.0951220058661507,99.67258248499999,9.95592
153722,15.52,317.95,52.404137,-1.516428,True,0.9096900000000001,1.0366335037032144,0.5175648666807123,0.09137006560624131,103.10802910800001,-0.1542400000000002,1.053346873541661,0.08763965426677588,99.551563533,10.053469999999999
153822,15.52,317.95,52.404137,-1.516428,True,1.36939,1.684751014541912,0.5223304617023818,0.12618226719929987,105.663150088,-0.42193000000000025,1.2049087499336444,0.13126737599266625,99.630955191,10.04927
153922,15.52,317.95,52.404137,-1.516428,True,1.4005300000000003,1.661361956046906,0.4948307719704678,0.13676572060766282,107.057699673,-0.44883000000000023,1.198000835698091,0.13142689602969404,100.3674289235,10.11888
154022,15.52,317.95,52.404137,-1.516428,True,1.11478,1.782148064555805,0.5322025313105286,0.13773530209951404,105.89215036099999,-0.5136200000000002,1.13117426872353,0.12825870384153706,100.41260533299999,10.07651
154121,15.52,317.95,52.404137,-1.516428,True,1.0899700000000003,1.7901430582498155,0.5272624352887935,0.1381384587208708,103.958122994,-0.16313000000000022,0.9271514392062463,0.12795992471603498,100.78382196099999,9.981770000000001
154222,15.52,317.95,52.404137,-1.516428,True,1.2398700000000002,1.7730424373250508,0.4455655433765589,0.14800281378706567,102.35400237,-0.1991100000000002,0.9570709766434906,0.1279977447717993,100.8612379815,9.88983
154321,15.52,317.95,52.404137,-1.516428,True,1.1191600000000002,1.8012504497339255,0.4842071366907228,0.15313333659846157,99.164127247,-0.34245000000000025,0.9069714723554748,0.12750127188908095,99.6992462635,9.73553
154422,15.52,317.95,52.404137,-1.516428,True,1.1457000000000002,1.7997841265613563,0.5018460499883349,0.1534247267482583,99.749870939,-0.45451000000000025,0.9375132312547747,0.12748791489566552,99.560497365,9.761930000000001
154522,15.52,317.95,52.404137,-1.516428,True,1.05409,1.8152841837207387,0.5098037976625068,0.15390889404666194,102.168148094,-0.6097700000000003,0.8333890942010963,0.12417338281612532,100.30438193699999,9.89229
154621,15.52,317.95,52.404137,-1.516428,True,1.0572700000000004,1.81148898855794,0.4789021769747094,0.15124517586429717,100.13773181100001,-0.5201400000000003,0.8754778545330364,0.0956628739085569,100.3089145615,9.79082
154721,15.52,317.95,52.404137,-1.516428,True,0.8387000000000002,1.7114263732662043,0.5395327900652213,0.16788078078075377,96.989743304,-0.4263300000000002,0.9397093984016737,0.09549526108079344,100.04888620599999,9.66376
154821,15.52,317.95,52.404137,-1.516428,True,0.31226000000000015,0.7997779402920417,0.5464906318196804,0.1302401610700613,94.04556035600001,-0.3097600000000002,0.7476549058370535,0.03046126866840737,99.85435522200001,9.64902
154921,15.52,317.95,52.404137,-1.516428,True,0.2361600000000002,0.8252749039629849,0.6447820373325212,0.10610404799063962,90.437478551,-0.33391000000000026,0.7509179026734858,0.03912018518474698,98.74758911199999,9.45487
155021,15.52,317.95,52.404137,-1.516428,True,0.36307000000000017,0.7365861947751505,0.6899997559580952,0.1084502451203621,91.869703422,-0.6007300000000002,0.9561538289185197,0.05158015983776026,98.8809268915,9.530009999999999
155121,15.52,317.95,52.404137,-1.516428,True,0.20955000000000013,0.8631758636956142,0.7343628870585008,0.10491062015936317,93.438765374,-0.9989200000000003,1.0927246250644356,0.06338040005483647,98.69844418400001,9.60411
155221,15.52,317.95,52.404137,-1.516428,True,0.042800000000000164,0.6776143216379742,0.7288401406801597,0.10530332958754048,92.46619763199999,-0.9037000000000003,1.1271647183185833,0.06881148482952865,97.410100001,9.569379999999999
155321,15.52,317.95,52.404137,-1.516428,True,0.20693000000000014,0.8865214555904584,0.7412567493415846,0.10666756718369855,92.588940755,-0.5828100000000002,1.5650958553889107,0.09710183028369987,95.87653400100001,9.557419999999999
155422,15.52,317.95,52.404137,-1.516428,True,0.0007600000000001717,0.875887800019058,0.7097669601903063,0.09346148107345828,90.927059456,-0.5647300000000002,1.5583963695271965,0.10046951168278759,95.3384651975,9.475399999999999
155522,15.52,317.95,52.404137,-1.516428,True,-0.04375999999999983,0.8664906067324439,0.6634836359030428,0.09637697050874965,90.246345128,-0.6935300000000002,1.6292302995586567,0.11256899168460602,96.20724661099999,9.44312
155622,15.52,317.95,52.404137,-1.516428,True,0.8165400000000002,2.56135249003768,0.6642289254801051,0.09198721167157456,95.88923099499999,-0.2833400000000002,2.278555032471235,0.1106582346185267,98.01348140299999,9.42979
155722,15.52,317.95,52.404137,-1.516428,True,0.23503000000000016,3.2010263760411464,0.9024408397969027,0.0770422943006701,103.99266618899999,-0.5918600000000002,2.359835688347812,0.16354505189702315,100.4912047465,9.69446
155821,15.52,317.95,52.404137,-1.516428,True,0.41954000000000014,3.2326029017564855,1.123064028846485,0.10782971967154696,101.30290271,-0.5920700000000002,2.359879716355615,0.21148398126887374,97.674231533,9.51772
155921,15.52,317.95,52.404137,-1.516428,True,0.42076000000000013,3.232281944935429,1.1732918668809134,0.11452934655459349,100.69003171799999,-0.6975300000000002,2.380456060902801,0.21010948177874633,95.56375513449998,9.480039999999999
156022,15.52,317.95,52.404137,-1.516428,True,0.5733500000000001,3.2692545005619325,1.1439796698368427,0.12283895735655037,99.65034981199999,-0.5423600000000002,2.307152788467492,0.2064003415694848,95.760026617,9.40875
156121,15.52,317.95,52.404137,-1.516428,True,0.5981200000000001,3.2562913740770947,1.1232292187656538,0.12328130614348795,99.05880410699999,-0.44502000000000014,2.2052085201479983,0.2015758021192028,96.24878474049999,9.38203
156222,15.52,317.95,52.404137,-1.516428,True,0.5529300000000001,3.2676432472383254,1.1239706969786534,0.12201004330245367,98.42054532,-0.38684000000000013,2.2225219634960225,0.2011221908857068,95.443371476,9.34709
156321,15.52,317.95,52.404137,-1.516428,True,0.31532000000000016,3.249882570117813,1.1198871830084849,0.12241065857732034,98.258354134,-0.6404100000000001,1.986869931687637,0.1907636128825411,95.42364744449999,9.35546
156422,15.52,317.95,52.404137,-1.516428,True,0.38111000000000017,3.229453878994955,1.1320109522438426,0.1229247755517349,99.18679272099999,-0.6548300000000002,1.9903238273931407,0.18732382063629222,95.05692608849999,9.407540000000001
156521,15.52,317.95,52.404137,-1.516428,True,0.49105000000000015,3.230778254796617,1.102044520173508,0.1197246266322104,98.124639293,-0.6870400000000002,2.018040108730358,0.18328741849286267,94.18549221049999,9.3486
156622,15.52,317.95,52.404137,-1.516428,True,-0.09881999999999984,2.1053770223459334,1.113873458003403,0.11870807564029577,91.58232481799999,-1.05594,1.143337079877239,0.18550293079445762,93.73577790649999,9.298739999999999
156722,15.52,317.95,52.404137,-1.516428,True,0.41998000000000024,1.0970981104714406,0.8075924154203439,0.11234774388280129,84.608407019,-0.7998700000000002,1.060224301268364,0.13338137301237635,94.300536604,9.09735
156821,15.52,317.95,52.404137,-1.516428,True,0.3612200000000002,1.0320340593001573,0.6382351586819641,0.07323548320315744,88.444872704,-0.7503400000000002,1.0594170957024707,0.04463788749481765,94.873887707,9.3268
156925,15.52,317.95,52.404137,-1.516428,True,0.4223500000000002,1.003657554757711,0.41495629502128045,0.070556462023923,90.73211261600001,-0.5285700000000002,1.096001187195217,0.04640635014018375,95.71107216699998,9.46003
157021,15.52,317.95,52.404137,-1.516428,True,0.1926400000000002,0.8634425892257657,0.46638222819677216,0.07417073696696143,91.559956931,-0.4870200000000001,1.0907207971489885,0.048972056658193694,95.6051533715,9.52135
157122,15.52,317.95,52.404137,-1.516428,True,0.3612500000000002,0.8048004159072295,0.4271889480468137,0.09746791209874585,90.384791331,-0.31133000000000016,0.9249217240754265,0.04581756577267429,94.721797719,9.46082
157222,15.52,317.95,52.404137,-1.516428,True,0.41185000000000016,0.7675086669796596,0.4383066695312379,0.09463339849710074,90.144758076,-0.34656000000000015,0.8982687091164705,0.049213422965691,94.282651698,9.44839
157322,15.52,317.95,52.404137,-1.516428,True,0.4027600000000001,0.7803948647248353,0.4177932062901836,0.09362471421110491,90.45573350699999,-0.32510000000000017,0.9094024497193463,0.04863204704718898,94.3570438205,9.46511
157422,15.52,317.95,52.404137,-1.516428,True,0.4884200000000002,0.7498571594347557,0.4078105687693885,0.09212338887480061,88.94436204399999,-0.26939000000000013,0.8695540906439048,0.049290364169886206,94.0655773825,9.383500000000002
157521,15.52,317.95,52.404137,-1.516428,True,0.41221000000000013,0.7281510076137325,0.41728190364683065,0.10253732328604362,89.09877632499999,-0.12558000000000014,0.5358387398379334,0.040875242438968444,93.61170780900001,9.39654
157621,15.52,317.95,52.404137,-1.516428,True,0.07291000000000017,0.7834971154311253,0.3693568464236307,0.10657219201607457,90.319815697,-0.20815000000000014,0.460075832517488,0.03317057095947821,90.9510702575,9.4678
157721,15.52,317.95,52.404137,-1.516428,True,0.021000000000000185,0.8090452466402089,0.3998962532124322,0.1061920111035768,91.215413942,-0.22511000000000014,0.4533739796728936,0.03286720756823335,87.9119104805,9.5122
157821,15.52,317.95,52.404137,-1.516428,True,-0.1592899999999998,0.7240072597088488,0.40673294760404516,0.09285450027985814,91.24749119700002,-0.19929000000000013,0.4404257799750824,0.02631275356172371,89.8461819505,9.51848
157922,15.52,317.95,52.404137,-1.516428,True,-0.1656499999999998,0.7200643138714183,0.3982617794868191,0.09284194753570273,91.5749913,-0.24457000000000012,0.36206770407387373,0.030090677773837057,91.15355195800001,9.53615
158021,15.52,317.95,52.404137,-1.516428,True,-0.0621699999999998,0.7669383577286775,0.3787300439920636,0.0872448540348112,91.357861407,-0.26512000000000013,0.3788934555606093,0.0361483071679866,91.458909169,9.52342
158122,15.52,317.95,52.404137,-1.516428,True,-0.31713999999999987,0.8464119514489153,0.39084423225742504,0.060640049105813824,92.340496167,-0.22393000000000013,0.3877023630742097,0.048799386380477254,91.362643749,9.56335
158222,15.52,317.95,52.404137,-1.516428,True,-0.15993999999999983,1.0562080436900492,0.3511026321936927,0.06152512133718643,93.330306847,-0.19459000000000015,0.42551008722864186,0.04598318049992719,91.73753246150001,9.60155
158322,15.52,317.95,52.404137,-1.516428,True,-0.03957999999999982,1.0657824353757952,0.2977488779715849,0.06252200412654697,94.58142370300001,-0.24466000000000016,0.40366744068188054,0.04703960978674125,92.518578605,9.668389999999999
158421,15.52,317.95,52.404137,-1.516428,True,-0.1713799999999998,1.0554433568674166,0.2143572469811453,0.06337861626763365,96.18142531800001,-0.20250000000000012,0.3850269370085881,0.05806731342923388,92.562893681,9.75234
158521,15.52,317.95,52.404137,-1.516428,True,-0.19193999999999983,1.048111605804567,0.2452454120082832,0.05483885078624017,96.986226265,-0.08431000000000013,0.3043983554123959,0.06408498177333659,93.04250129500001,9.79319
158621,15.52,317.95,52.404137,-1.516428,True,-0.10333999999999981,0.9522168709560542,0.24242435337876317,0.046568773514734374,97.79300973000001,-0.061500000000000145,0.30593107429977723,0.06776559271160809,94.05641271350001,9.844460000000002
158721,15.52,317.95,52.404137,-1.516428,True,-0.21276999999999982,1.0671478925414046,0.2490075545484961,0.04650126521576188,98.231257161,-0.05830000000000014,0.3051968399428551,0.06534475155324679,94.7233355515,9.8542
158821,15.52,317.95,52.404137,-1.516428,True,-0.027739999999999786,1.1416479435934341,0.30177570110560054,0.10122908508263138,99.250707826,-0.17522000000000013,0.5373059728352529,0.061226810576195494,95.2490995115,9.89924
158922,11.94,319.72,52.40497,-1.517673,True,-0.048519999999999786,1.1387556608470129,0.3154150572393932,0.10178026440436368,101.43005329500001,-0.04478000000000013,0.748882190408548,0.07128280843076941,96.50252229750001,10.00855
159021,11.94,319.72,52.40497,-1.517673,True,0.046410000000000194,1.2434541661123775,0.35165051400502056,0.10914492149838602,102.676014825,-0.1519200000000001,0.9028242154483856,0.08545675969622166,97.016938116,10.05838
159122,11.94,319.72,52.40497,-1.517673,True,0.09294000000000022,1.1782194864380013,0.5480940738393141,0.12572505274959658,100.46641978599999,-0.1091600000000001,0.9225813233651631,0.07945774838099665,96.4034579765,9.946760000000001
159222,11.94,319.72,52.40497,-1.517673,True,0.15467000000000022,1.2827322194354454,0.5248980789956552,0.12177790166254832,102.431899965,-0.2751400000000001,0.967227721319484,0.07532942172735549,97.881103406,10.0339
159321,11.94,319.72,52.40497,-1.517673,True,0.1740300000000002,1.2912639699577761,0.5737253965676121,0.12472724909444054,101.559736589,-0.2824100000000001,0.9677685368929869,0.07451856517375757,98.070580146,9.986619999999998
159421,11.94,319.72,52.40497,-1.517673,True,0.28039000000000025,1.255533108948813,0.6464411895567567,0.12549642270244624,99.911957265,-0.35767000000000004,0.9871000433930994,0.07011176474426781,98.0466912915,9.90144
159521,11.94,319.72,52.40497,-1.517673,True,0.2675100000000002,1.2587803130632291,0.7099927017621784,0.12003654304696806,97.586221438,-0.4771700000000001,0.9795627517191265,0.06661900296128391,97.2862238515,9.77931
159621,11.94,319.72,52.40497,-1.517673,True,0.3550800000000002,1.2153359780552704,0.7448406917664423,0.11913939967766962,98.49812600499999,-0.6046800000000001,0.9849032561627519,0.06481671252248311,98.14556786749999,9.82565
159721,11.94,319.72,52.40497,-1.517673,True,0.4640400000000001,1.0525887950931079,0.7430248987154552,0.12572885994163063,98.129386573,-0.6063300000000001,0.9839902552024204,0.07060996860689478,98.180321867,9.81937
159822,11.94,319.72,52.40497,-1.517673,True,0.3908900000000002,1.0202886731487126,0.721896794793644,0.10341861480840304,96.12985810800001,-0.5429200000000001,0.942867425345562,0.06641912458856344,97.690282967,9.724770000000001
159921,11.94,319.72,52.40497,-1.517673,True,0.34682000000000024,1.0481476229785387,0.669845489646683,0.10148220643158176,94.9076887,-0.7234000000000002,0.6348247299670738,0.0634146679492301,98.16887099750001,9.664100000000001
160022,11.94,319.72,52.40497,-1.517673,True,0.28659000000000023,0.9796309933960988,0.6259937206820358,0.09415089779473965,93.94973715,-0.5869700000000002,0.5407810217125186,0.0533583274767033,98.31287598750001,9.62555
160121,11.94,319.72,52.40497,-1.517673,True,0.4977400000000003,0.8342744621659154,0.5497650719474049,0.06849425036697088,96.302103013,-0.62443,0.4680695557286234,0.060197110488055094,98.3842613995,9.75479
160222,11.94,319.72,52.40497,-1.517673,True,0.37814000000000025,0.5984045996555291,0.5232254603259825,0.0732616953120794,95.240024917,-0.5208700000000002,0.4268339595205509,0.06204306389740741,98.83596244099999,9.72257
160322,11.94,319.72,52.40497,-1.517673,True,0.35238000000000025,0.5849790096899059,0.4978954050132768,0.08417000059403563,96.09663366100001,-0.5918800000000001,0.4586571311993209,0.05944969488754525,98.828185125,9.76941
160421,11.94,319.72,52.40497,-1.517673,True,0.34767000000000026,0.584975207546824,0.4460399021761752,0.08546068881850469,98.38460426200001,-0.6692100000000002,0.5717923524613844,0.06728629132297306,99.1482807635,9.88821
160522,11.94,319.72,52.40497,-1.517673,True,0.4427900000000002,0.5858183401590222,0.339707905412867,0.08274520194213321,99.378397238,-0.5555200000000001,0.6188388783304782,0.06803187488229323,98.482309338,9.938289999999999
160622,11.94,319.72,52.40497,-1.517673,True,0.5421700000000003,0.622592520656796,0.3246318812645078,0.08348796919317154,97.086602946,-0.4926800000000002,0.5747065972205995,0.06823583613713058,97.7923644755,9.81575
160721,11.94,319.72,52.40497,-1.517673,True,0.5944200000000002,0.5345902892246908,0.33857024693719157,0.08056232990672477,97.39589601099999,-0.5554800000000001,0.5640965811710615,0.06739197858631085,97.762641292,9.83271
160822,11.94,319.72,52.40497,-1.517673,True,0.5664600000000003,0.5487361320950825,0.3423791270896412,0.0734874025485545,99.13354050999999,-0.44520000000000015,0.6123897524362083,0.06737244820976732,97.631699309,9.9215
160921,11.94,319.72,52.40497,-1.517673,True,0.7343500000000003,0.4555437733571271,0.3596445944725599,0.07475023968746385,98.573664378,-0.36931000000000014,0.6731177946276836,0.07634967874486731,96.740676539,9.885909999999999
161021,11.94,319.72,52.40497,-1.517673,True,0.6335200000000002,0.4874974206199621,0.35832047186220795,0.09416509438215394,97.49440807900001,-0.41095000000000015,0.6837408008725013,0.0746596641061587,95.7220726145,9.83685
161121,11.94,319.72,52.40497,-1.517673,True,0.6928100000000003,0.5532381212260983,0.36160706436683543,0.08379830547212731,96.719779992,-0.47702000000000017,0.6617156636770412,0.0621781142275068,96.5109415025,9.79013
161222,11.94,319.72,52.40497,-1.517673,True,0.6434400000000002,0.5334064245749042,0.35582761119521045,0.08673017929187025,96.28579341599999,-0.4981600000000001,0.6557719830686343,0.06218857076130088,95.76290916650001,9.772499999999999
161321,11.94,319.72,52.40497,-1.517673,True,0.5105200000000002,0.7067060048799206,0.35852660276315546,0.07527391757220177,96.702021792,-0.45720000000000016,0.6268520700913169,0.06515315631477704,96.39932772649999,9.79164
161421,11.94,319.72,52.40497,-1.517673,True,0.5456000000000002,0.7052838026087281,0.8270759484808885,0.12454819504468483,91.635142853,-0.42155000000000015,0.5545664457734253,0.06290009362296509,95.00987355750001,9.50127
161521,11.94,319.72,52.40497,-1.517673,True,0.7203900000000003,0.9649254760515646,0.9007587234597824,0.12443998508875213,90.406373168,-0.6093700000000002,0.6404311794928925,0.06408865474221363,94.892385203,9.39783
161621,11.94,319.72,52.40497,-1.517673,True,0.7080000000000003,0.958994184897214,0.9021409988343206,0.15407623509880486,90.223774076,-0.5588200000000001,0.6619718906418844,0.05920300386523187,93.655188511,9.389479999999999
161721,11.94,319.72,52.40497,-1.517673,True,0.4940400000000003,1.3178291730468479,0.897870517824138,0.21093206620984756,90.60767032700001,-0.2622000000000001,1.0913454703051404,0.047621475080985055,94.00178316899999,9.38483
161821,11.94,319.72,52.40497,-1.517673,True,0.5424400000000003,1.3144688510742466,0.9088156967541189,0.2211619125336809,90.836492244,-0.34864000000000017,1.077518453773398,0.045870973634992894,94.985016377,9.39382
161921,11.94,319.72,52.40497,-1.517673,True,0.5149200000000003,1.3010777650343088,0.9074601308046586,0.22502811577420465,90.62923749899998,-0.5372700000000001,1.0901065983043392,0.0419963609534603,94.6014509385,9.38613
162021,11.94,319.72,52.40497,-1.517673,True,0.6892700000000003,1.3471566039873286,0.988858011659019,0.22418137225618595,92.98502533,-0.5630500000000002,1.0988177416862341,0.04336008917579996,95.23971670450001,9.48665
162122,11.94,319.72,52.40497,-1.517673,True,0.17465000000000028,1.8868353112199994,1.059308982308752,0.23767986989973616,96.389197973,-0.4817800000000001,1.1277153401654318,0.10194634809000705,96.55448898249999,9.5992
162222,11.94,319.72,52.40497,-1.517673,True,0.17414000000000027,1.8867029361649221,1.060244670347371,0.2423621220863982,95.461776301,-0.22414000000000017,1.4025398296582419,0.10602615243419898,95.8737848585,9.550709999999999
162322,11.94,319.72,52.40497,-1.517673,True,0.3469800000000003,1.86504426864351,1.0521639371631555,0.24230240609618378,94.717444384,0.036659999999999825,1.5436503347584885,0.10674909367296753,95.709733088,9.51158
162422,11.94,319.72,52.40497,-1.517673,True,0.5310400000000003,1.9880751468023883,0.9376097326002227,0.21006023183839428,103.487288384,-0.10622000000000016,1.7389141399799517,0.10572747146424254,97.5612156185,9.94268
162521,11.94,319.72,52.40497,-1.517673,True,0.2474100000000003,1.8542144694661893,0.7637730690460296,0.20282257599521136,105.51667837999999,0.13119999999999982,1.6572313001576504,0.10134925806887345,97.961525774,10.09139
162621,11.94,319.72,52.40497,-1.517673,True,0.22854000000000027,1.845891791820722,0.6997740483740207,0.1938718064426421,107.521821251,0.22685999999999984,1.671133563516425,0.105051357281411,98.8727976635,10.19619
162721,11.94,319.72,52.40497,-1.517673,True,0.5300900000000003,1.6425265074471922,0.7300204484198376,0.1396631904897555,105.99860210299998,0.11222999999999983,1.5549014910204995,0.10659043578107745,98.303136215,10.13952
162821,11.94,319.72,52.40497,-1.517673,True,0.4517300000000003,1.6533421189618736,0.7316041908785804,0.1188577095148273,104.60746765799999,0.21521999999999983,1.5378609739216045,0.11559713375916086,97.721979951,10.07281
162922,11.94,319.72,52.40497,-1.517673,True,0.4199900000000003,1.645447183696073,0.7031571782562722,0.10579420484023562,105.930054463,0.37755999999999984,1.4238640588982565,0.11504726758066777,98.279645981,10.14258
163021,11.94,319.72,52.40497,-1.517673,True,0.4424100000000003,1.6675491460024012,0.6843223707516088,0.10278788514865596,104.535618035,0.5421799999999999,1.3379428079455897,0.11473618822711901,98.7603216825,10.070540000000001
163121,11.94,319.72,52.40497,-1.517673,False,0.8865500000000004,0.8349437748868042,0.6544575752314059,0.06794797029100003,101.349378395,0.5314199999999998,1.3410702482221664,0.06593974016731731,98.869288184,9.977500000000001
163222,11.94,319.72,52.40497,-1.517673,False,0.9391000000000004,0.8323189653011663,0.6346383663158043,0.05030912110807166,101.81908340800001,0.42013999999999985,1.2337319006440022,0.05806016419772379,98.6404298545,9.99756
163322,11.94,319.72,52.40497,-1.517673,False,1.0132100000000004,0.8622136271120875,0.613579286282993,0.05085857187665899,103.164672518,0.2971199999999999,1.1230883944631307,0.060948977750975186,98.941058451,10.05635
163421,11.94,319.72,52.40497,-1.517673,False,0.8586800000000002,0.6821727360264275,0.46348371228722635,0.04938634089165367,101.394695564,0.6186799999999998,0.3242540629403581,0.051362443045045385,102.44099197399999,10.00226
163522,11.94,319.72,52.40497,-1.517673,False,0.9828300000000002,0.5690824643425821,0.46245577037760893,0.0460864658368733,102.032348627,0.6497599999999999,0.3443941288698118,0.04481955054561664,103.7745135035,10.029079999999999
163622,11.94,319.72,52.40497,-1.517673,False,1.0589100000000002,0.6033351113233504,0.5944688020035631,0.04727035716669194,99.416729764,0.8338499999999998,0.741378296373269,0.04522188383711752,103.46927550749999,9.88179
163721,11.94,319.72,52.40497,-1.517673,False,1.2186500000000002,0.733045704577828,0.6865135027400716,0.04565013812806121,98.52406056,0.8844699999999998,0.7756609383114633,0.04386066321634625,102.2613313315,9.80465
163821,11.94,319.72,52.40497,-1.517673,False,1.3084000000000002,0.5948044421862102,0.9625839401204295,0.05417071369496787,103.332381334,0.9404399999999999,0.7607488959352254,0.043721696876696685,103.969924496,10.02338
163922,11.94,319.72,52.40497,-1.517673,False,1.4196000000000002,0.5602313530041791,1.0845546061760871,0.054282152786261785,106.65594828599998,1.0407699999999998,0.7128229763880125,0.04107813827870504,106.2930013745,10.163640000000001
164021,11.94,319.72,52.40497,-1.517673,False,1.3817400000000002,0.5275113694404066,1.0946721130599344,0.10301349695819238,105.99851410599999,1.10978,0.7024286184374884,0.03628755678986593,105.26706607050001,10.137080000000001
164121,11.94,319.72,52.40497,-1.517673,False,1.3128000000000002,0.6472139745778772,1.1084313671430712,0.10662906889461846,105.42092787899999,1.34209,0.7270636689986494,0.0320887121032367,103.385153137,10.110130000000002
164222,11.94,319.72,52.40497,-1.517673,False,1.2746600000000003,0.6695067740093812,1.0891985394469288,0.10605245033577572,106.902442719,1.3543499999999997,0.7223660064138,0.03135984870995199,104.36076306349999,10.188550000000001
164322,11.94,319.72,52.40497,-1.517673,False,1.1216200000000003,0.7438685304989522,1.097355684057509,0.10667491061892441,105.928903082,1.4077699999999997,0.687286218963961,0.031355398259310406,104.54678779999999,10.15328
164422,11.94,319.72,52.40497,-1.517673,False,1.1278500000000002,0.7427455542333036,1.04694198693146,0.10604159770790139,103.33827623099998,1.49785,0.6011004339265338,0.03338961914527678,102.36648589749998,10.02912
164521,11.94,319.72,52.40497,-1.517673,False,1.0790300000000004,0.7656842721093071,1.0657565586109308,0.10617531675906997,104.352862803,1.4316799999999998,0.6932365987004567,0.03377554835478817,103.19260571500001,10.081599999999998
164622,11.94,319.72,52.40497,-1.517673,False,0.8970700000000005,0.8312765551982242,0.9660844685866931,0.10564855996284178,106.48542124299999,1.3196999999999999,0.5351646226473992,0.035073929856169854,102.95107550350001,10.20876
164721,11.94,319.72,52.40497,-1.517673,False,0.6801700000000003,0.6516355969575527,0.8233609485247281,0.10379378272966684,108.856231383,1.4762199999999999,0.7874300996137868,0.033911348477398,103.69014597149999,10.36346
164822,11.94,319.72,52.40497,-1.517673,False,0.8887300000000004,0.9546647672816321,1.0109410085547892,0.10651470425355447,101.181465422,1.7030299999999996,0.9479087720403859,0.10089147139377033,102.256923378,9.93235
164921,11.94,319.72,52.40497,-1.517673,False,0.7665100000000002,0.9080527131664178,0.8612139912807866,0.10702556340530132,95.490397178,1.6884099999999997,0.9580226237760087,0.09944851487634741,101.073172732,9.66919
165021,11.94,319.72,52.40497,-1.517673,False,0.5532200000000003,0.9317324709021024,0.8732096457577931,0.062080973109497686,94.439069967,1.7502900000000001,0.9518630532335586,0.09976091418987688,100.21879203649999,9.62629
165121,11.94,319.72,52.40497,-1.517673,False,0.6759900000000003,0.9439425081951663,0.9157418762948448,0.053383735558896354,96.70441610499999,1.69039,0.9208829802001031,0.10261499998646496,101.062671992,9.730920000000001
165221,11.94,319.72,52.40497,-1.517673,False,0.5815200000000003,0.9814935294969848,0.9049155137973474,0.0534434956025724,94.543506144,1.7225199999999998,0.9057871859450339,0.10806414555973476,100.7229744315,9.622959999999999
165321,11.94,319.72,52.40497,-1.517673,False,0.3444200000000003,1.3291382703758785,0.9427021139610704,0.05566513470945862,96.44383689300001,1.8128699999999998,0.896390442025994,0.10719023380057632,101.1863699875,9.692029999999999
165422,11.94,319.72,52.40497,-1.517673,False,0.17081000000000027,1.342189017529864,0.9731061141748351,0.059106190689112506,97.5993703,1.8879100000000002,0.8845278758875968,0.10833612765626963,100.46882326549999,9.75175
165522,11.94,319.72,52.40497,-1.517673,False,-0.027589999999999736,1.425534578441834,0.9423708965511777,0.059348396028124153,97.035437465,1.89511,0.8705560310641836,0.10726415783268681,100.69415013400001,9.7163
165621,11.94,319.72,52.40497,-1.517673,False,-0.05008999999999973,1.429990151830892,0.9344930033624318,0.060061250218237466,96.36415800500001,1.80878,0.9432708516410102,0.10280532249515746,101.424789624,9.681700000000001
165722,11.94,319.72,52.40497,-1.517673,False,-0.12999999999999973,1.433258898842465,0.9109248838405972,0.056649354218148734,95.469249582,1.5881399999999999,0.8508619749668243,0.09258631108322654,102.1627404825,9.63622
165821,11.94,319.72,52.40497,-1.517673,False,-0.4367199999999998,0.9721577316007497,0.578856465513401,0.04424123893181761,98.69247150300001,1.3644599999999998,0.6206570446801603,0.07421919787584157,99.9369684625,9.86659
165922,11.94,319.72,52.40497,-1.517673,False,-0.6360199999999997,0.9546727697663411,0.4857100210573735,0.03755004956351156,100.543708683,1.3672499999999999,0.6190436302160862,0.07441009788104473,98.0170529305,9.95523
166021,11.94,319.72,52.40497,-1.517673,False,-0.7234099999999997,0.9803386324802962,0.5298782783705026,0.05907780275008314,100.273877958,1.23138,0.6276329196096844,0.06839730014164785,97.3564739625,9.931410000000001
166122,11.94,319.72,52.40497,-1.517673,False,-0.7642099999999998,0.8905785353727489,0.5141286424621752,0.05672480253136343,99.89432088200002,1.1976099999999996,0.5986655316433179,0.0815020388293037,98.2993684935,9.91759
166221,11.94,319.72,52.40497,-1.517673,False,-0.7144999999999998,0.9388785686480816,0.453239940012153,0.058781028685565596,101.164800483,1.1738799999999998,0.5908406906923188,0.08171773165394802,97.8541533135,9.98379
166321,11.94,319.72,52.40497,-1.517673,False,-0.5324699999999998,0.7699924978711038,0.48875113014930144,0.1381571552817859,101.219201226,1.2354999999999996,0.720198600695977,0.08492331442738987,98.83151905950001,10.009350000000001
166421,11.94,319.72,52.40497,-1.517673,False,-0.6857199999999997,0.9407814775198587,0.5951579537306751,0.15662001291164673,103.147820815,1.0853699999999997,0.6752975394430043,0.07768094360909884,100.37359555750001,10.07781
166522,11.94,319.72,52.40497,-1.517673,False,-0.3489899999999998,1.2049180612528545,0.6626365906152637,0.16438585232447586,100.968851736,1.2348799999999998,0.6709354262685949,0.07295216164644393,99.0021446005,9.95717
166622,11.94,319.72,52.40497,-1.517673,False,-0.4359899999999997,1.2403631730263536,0.8408779262043805,0.17012111502625923,98.601677456,1.0901099999999997,0.9062353943037575,0.07656130804060814,97.4829177305,9.81787
166722,11.94,319.72,52.40497,-1.517673,False,-0.3320699999999997,1.2735556298542037,0.844035227016294,0.17058056421787576,98.043528311,0.8992499999999998,1.1189298103793432,0.08217441139971059,96.7563889465,9.7894
166822,11.94,319.72,52.40497,-1.517673,False,-0.4052999999999997,1.2854578665466523,0.8436148595314243,0.17068579319908245,98.07868643700002,0.8584999999999997,1.1206775559653372,0.08147118099876378,98.38557897000001,9.78707
166921,11.94,319.72,52.40497,-1.517673,False,-0.2869599999999997,1.231228796501015,0.8464355895295435,0.17182489924338656,97.29151054500001,0.8044799999999999,1.123052517620316,0.07926220621035811,98.917609614,9.757050000000001
167022,11.94,319.72,52.40497,-1.517673,False,-0.12873999999999972,1.1766984870107287,0.8341871946192113,0.16251772176870075,97.33937264900001,0.7202599999999998,1.171899108474975,0.08126508065173707,98.8066253035,9.769870000000001
167121,11.94,319.72,52.40497,-1.517673,False,-0.3478699999999997,1.1669214350875001,0.8054304477869129,0.16880734614083312,96.167504451,0.6050999999999999,1.1408590340421343,0.06665907373427196,98.0309126665,9.70758
167222,11.94,319.72,52.40497,-1.517673,False,-0.42480999999999963,1.1439300682296991,0.8315203382292536,0.1753734811449235,97.168196619,0.5163299999999997,1.1200025436975063,0.05893616980353497,99.16649855099999,9.75642
167321,11.94,319.72,52.40497,-1.517673,False,-0.22759999999999966,1.3025443315125824,0.797769271085878,0.11918156270534816,96.75227071500001,0.17645999999999984,0.849425408666872,0.049883482013365635,98.9857359705,9.72629
167421,11.94,319.72,52.40497,-1.517673,False,-0.031489999999999685,1.098694223410481,0.6906826221612654,0.07268166206134768,94.889735174,0.16265999999999986,0.8429193110190811,0.04937004940019579,99.01877799450001,9.66297
167522,11.94,319.72,52.40497,-1.517673,False,-0.24638999999999966,0.8574597657551598,0.6615441297953377,0.0680004215673203,95.748920214,-0.04835000000000016,0.5880444262317385,0.04472738286304903,98.35888597499999,9.72793
167622,11.94,319.72,52.40497,-1.517673,False,-0.1714299999999997,0.7873693133890038,0.45346841908903673,0.06335587318210216,99.114542781,0.019959999999999836,0.5397003967223064,0.03089040843584502,98.8581101185,9.91676
167721,11.94,319.72,52.40497,-1.517673,False,-0.035869999999999666,1.0025199605106259,0.4402354775193216,0.056724011180842894,99.86337951,0.04885999999999983,0.4855071900142658,0.024329371823648194,98.9534539105,9.938970000000001
167821,11.94,319.72,52.40497,-1.517673,False,0.13878000000000032,0.9829321427918299,0.4503339068587487,0.05693735446377254,100.510309539,-0.12399000000000018,0.557257852643931,0.03122722458937955,99.29449798800002,9.97191
167921,10.81,300.95,52.40553,-1.518683,False,-0.023489999999999678,1.1739264177678848,0.429454146562816,0.06564977870826672,101.404432483,-0.10477000000000017,0.584472234964533,0.041223429152741624,99.34797151400001,9.99988
168022,10.81,300.95,52.40553,-1.518683,False,-0.1478899999999997,1.2117611604144167,0.4149550851196587,0.06714491459191455,101.623207939,-0.11325000000000018,0.5875447032637816,0.04016654910079612,99.481290294,10.006240000000002
168122,10.81,300.95,52.40553,-1.518683,False,0.10689000000000033,1.213512028462111,0.4656286546165235,0.056921392190360486,103.63444178699999,-0.3479400000000002,0.8033229379686958,0.05669962668895333,99.900973119,10.10458
168222,10.81,300.95,52.40553,-1.518683,False,-0.06567999999999967,1.4099384933787418,0.47645010651693176,0.0391130782333586,102.63235561799999,-0.2615000000000002,0.9247952866565731,0.054953666342150896,99.9002761185,10.03168
168322,10.81,300.95,52.40553,-1.518683,False,-0.01437999999999966,1.4825299913024073,0.5038324430469532,0.054126502032019075,103.335542298,-0.3645200000000002,1.024559856502072,0.05744272896643331,100.04390650650001,10.05628
168422,10.81,300.95,52.40553,-1.518683,False,-0.06722999999999965,1.502033929968888,0.47905104448505076,0.06758850658375407,102.57162804,-0.3502500000000002,1.0382162536988309,0.0650052100476057,98.730681607,10.016490000000001
168521,10.81,300.95,52.40553,-1.518683,False,-0.043609999999999656,1.5011289258791585,0.4697861835156684,0.0781321394959985,103.07958308299999,-0.2700600000000002,1.0795323433989532,0.06538909525125562,99.4142516485,10.04246
168622,10.81,300.95,52.40553,-1.518683,False,-0.000619999999999657,1.4919001380044787,0.48675880052535847,0.0864490916345822,101.794676153,-0.3135100000000002,1.0776194962869632,0.05781810942756416,100.454609467,9.97889
168721,10.81,300.95,52.40553,-1.518683,False,-0.06397999999999966,1.4159772673944249,0.5470704859115959,0.10047031623541545,103.690189889,-0.2102200000000002,1.0873855074341248,0.05507324012419992,101.7767846995,10.08029
168821,10.81,300.95,52.40553,-1.518683,False,-0.19069999999999965,1.3839708225890395,0.5485738200096639,0.10476479688648573,102.833447318,-0.1117500000000002,1.041830604966295,0.0549592374199077,101.6718784285,10.04004
168921,10.81,300.95,52.40553,-1.518683,False,0.03725000000000033,1.2534382387390846,0.7028002078194836,0.10379254362000699,100.315727358,-0.13944000000000017,1.0210595381486998,0.05381541394226919,100.8600799205,9.92249
169022,10.81,300.95,52.40553,-1.518683,False,-0.20947999999999967,1.663528922902556,0.8955464479547866,0.10684902172900035,107.31137714400002,-0.20999000000000018,1.0602692587262874,0.05413450840268159,104.4672925415,10.20074
169121,10.81,300.95,52.40553,-1.518683,False,-0.5974899999999996,1.7334990891578557,0.8744092522637421,0.12460251691768576,106.580600983,0.06530999999999981,0.8941615656269493,0.05430778949653538,105.107521385,10.140559999999999
169221,10.81,300.95,52.40553,-1.518683,False,-0.2322499999999997,1.7463437094875316,0.8601917190048013,0.16897207823253568,107.932849334,-0.4003800000000002,1.3315164344126966,0.06281165496944019,105.28260247600001,10.22097
169321,10.81,300.95,52.40553,-1.518683,False,-0.46276999999999974,1.5516889644298364,0.9186168359126733,0.204706575913482,108.92860526199999,-0.2757400000000002,1.254801081358224,0.05826634248574957,106.13207378,10.28533
169421,10.81,300.95,52.40553,-1.518683,False,-0.5263299999999997,1.5798316725032604,0.9216543746015695,0.236775990946905,110.09837808500001,-0.21898000000000017,1.3105315111731455,0.052901565824337055,106.33500306250001,10.33492
169521,10.81,300.95,52.40553,-1.518683,False,-0.4156099999999997,1.6585052771496804,0.9533574843094683,0.25385108408058615,109.26975066099999,-0.3637500000000002,1.2920745130301938,0.052637312494718674,106.17466687199999,10.28608
169621,10.81,300.95,52.40553,-1.518683,False,-0.32598999999999967,1.7013375793115788,0.9550192789793364,0.26669560030533346,109.29472685200001,-0.3398700000000002,1.2921753381625676,0.052769881982475994,105.54470150250002,10.28409
169721,10.81,300.95,52.40553,-1.518683,False,-0.42896999999999974,1.6269784476138598,0.9392799133733554,0.2673524766628836,107.471190364,-0.38442000000000015,1.2734181165491347,0.05259089063495481,105.5806901265,10.20347
169821,10.81,300.95,52.40553,-1.518683,False,-0.3677699999999997,1.6378785025147637,0.9331266530684126,0.2679623939204072,107.822981859,-0.40697000000000016,1.270048205603057,0.05336009849232955,105.32821458849999,10.222019999999999
169921,10.81,300.95,52.40553,-1.518683,False,-0.3625999999999997,1.6405923889457343,0.7834967534499778,0.26625983654234353,109.774758496,-0.5548900000000001,1.2473765808020136,0.053404410970547274,105.045242927,10.32804
170023,10.81,300.95,52.40553,-1.518683,False,0.007000000000000295,1.216347724405596,0.5464394126219843,0.26420393554138344,103.936827859,-0.48448000000000013,1.2362721129805212,0.053956135476473426,105.62410250149999,10.116150000000001
170121,10.81,300.95,52.40553,-1.518683,False,0.3618300000000003,0.8171641179510222,0.5636026856059276,0.2506789511617509,104.167199676,-0.6286200000000002,1.1546372425042275,0.0383948911532077,105.3739003295,10.15625
170221,10.81,300.95,52.40553,-1.518683,False,0.3222400000000003,0.7656717721495759,0.5686053116568974,0.23029715490113092,102.614747102,-0.37450000000000017,0.6271039786191684,0.026164598644393907,105.273798218,10.08426
170322,10.81,300.95,52.40553,-1.518683,False,0.41669000000000034,0.7456575121625543,0.3750447085941082,0.19706722513452654,99.89210083,-0.3772500000000002,0.6274404553421706,0.025938953975311548,104.410353046,9.954469999999999
170422,10.81,300.95,52.40553,-1.518683,False,0.5890000000000003,0.37865819239344645,0.30790523073034615,0.1591913314222855,97.68822798199999,-0.5637100000000002,0.31667750665655364,0.025442667575027014,103.8933030335,9.855300000000002
170521,10.81,300.95,52.40553,-1.518683,False,0.46365000000000034,0.3913112664136157,0.3341487700943259,0.10965531906843345,99.42095130199999,-0.47609000000000024,0.3438277716467148,0.025067972040478656,104.34535098149999,9.94825
170622,10.81,300.95,52.40553,-1.518683,False,0.4486800000000003,0.3797098886723402,0.3379303394685464,0.09228420413772491,101.191482201,-0.4737700000000002,0.3457643418733357,0.024011487991283505,105.24310452649999,10.037809999999999
170721,10.81,300.95,52.40553,-1.518683,False,0.5407900000000003,0.41939120016731796,0.3948158812802568,0.08096763756794,100.122994492,-0.4751100000000001,0.3441719901121642,0.028692585182315652,103.797092428,9.976569999999999
170822,10.81,300.95,52.40553,-1.518683,False,0.6540400000000004,0.4589694475428441,0.4219631607142923,0.08224191956255207,99.256829867,-0.3800100000000002,0.4878495383938593,0.028806488466624546,103.53990586300002,9.92367
170921,10.81,300.95,52.40553,-1.518683,False,0.6505700000000003,0.4609356066138199,0.46018245946580405,0.0773488641014057,98.505225137,-0.15850000000000017,0.6327646288751824,0.027055531371196026,104.13999181650001,9.88434
171022,10.81,300.95,52.40553,-1.518683,False,0.7340400000000002,0.44445261264716923,0.46379921769374427,0.0772634713173046,99.104622453,-0.03151000000000016,0.7136776559172552,0.031007076253296947,101.520725156,9.909310000000001
171121,10.81,300.95,52.40553,-1.518683,False,0.7173100000000002,0.43941456115559174,0.45701233827253435,0.07629348596046683,98.98095137499999,0.07008999999999983,0.6847471625027362,0.04066474858864579,101.5740755255,9.904779999999999
171221,10.81,300.95,52.40553,-1.518683,False,0.5947800000000003,0.49704270730883326,0.490374061304222,0.07555453144730746,98.112727614,0.2705799999999998,0.6638396640421163,0.06466031326177674,100.363737358,9.8651
171322,10.81,300.95,52.40553,-1.518683,False,0.6080500000000002,0.5018410400161092,0.4881491585570923,0.07498043003936986,97.740580614,0.4308699999999998,0.6616966106574452,0.06527305807996969,98.81634072199999,9.84529
171422,10.81,300.95,52.40553,-1.518683,False,0.7434100000000002,0.581752288731596,0.4867085325599541,0.0692505467286878,98.05808139,0.6686399999999998,0.6391102864312377,0.07296765569605315,97.87315468599999,9.84823
171521,10.81,300.95,52.40553,-1.518683,False,0.7871800000000003,0.5216463697861962,0.45401482415836764,0.06837723467808693,97.453996411,0.9577699999999998,0.9063292791989739,0.06683590934353895,98.43747385649999,9.818549999999998
171622,10.81,300.95,52.40553,-1.518683,False,0.6205800000000004,0.7748442263520564,1.065204671047876,0.06918691992630427,103.16575263899999,0.9399799999999999,0.9330263147414429,0.07267376494383022,102.17861742,10.060770000000002
171721,10.81,300.95,52.40553,-1.518683,False,0.6429700000000003,0.7935729400768576,1.17838965900267,0.054339898376381805,108.53593243099999,1.2215699999999998,1.002526760019679,0.09922153888031442,104.3294634615,10.31048
171822,10.81,300.95,52.40553,-1.518683,False,0.6726700000000003,0.8258702629482599,1.1513652975682511,0.058767719786366024,109.53888175099999,1.1771099999999997,1.041582573085569,0.11357293544972158,104.39785580899999,10.35758
171922,10.81,300.95,52.40553,-1.518683,False,0.9343400000000003,1.0992959567125,1.1922332023932536,0.08642631350848315,109.775302244,1.30768,1.1192829041647852,0.10690894568120395,104.1402636905,10.3216
172021,10.81,300.95,52.40553,-1.518683,False,1.0465600000000004,1.1653501020914063,1.2998712919191433,0.09257739644931307,107.51745673600001,1.5913499999999998,1.347916287583667,0.09514171243174252,103.31103959449999,10.1823
172122,10.81,300.95,52.40553,-1.518683,False,1.1646000000000003,1.1927613191432942,1.2958393096968248,0.09879671665709427,106.783321761,1.7245099999999998,1.2752657313064,0.09014850464033682,102.882136568,10.13091
172222,10.81,300.95,52.40553,-1.518683,False,1.2994000000000003,1.0996164624288105,1.266085749290127,0.10919484369185589,108.29669224900002,1.8327199999999997,1.2631339286781038,0.08957388322248562,103.20470993149999,10.20183
172322,10.81,300.95,52.40553,-1.518683,False,1.4382600000000003,1.1212597936646511,1.2626793876515077,0.10936839326077893,108.94120235400001,1.95241,1.2472502809068537,0.0821676632799596,103.34089148400001,10.213040000000001
172421,10.81,300.95,52.40553,-1.518683,False,1.4802300000000004,1.137405494047262,1.2612862586352893,0.10918287207962385,111.62171147500001,1.95145,1.2474843568380163,0.08380935773793029,104.8398964325,10.336079999999999
172521,10.81,300.95,52.40553,-1.518683,False,1.6513800000000003,1.067055968333228,1.260014108607071,0.10887501294807911,112.648107721,1.8325799999999997,1.2027180003826532,0.04946986624872353,105.05105206599998,10.36665
172622,10.81,300.95,52.40553,-1.518683,False,1.6724900000000003,1.008932298631692,0.9682162155795069,0.10063111071852678,104.060289638,2.15652,0.9495027795875318,0.04262145521265518,103.61302113849999,9.97513
172721,10.81,300.95,52.40553,-1.518683,False,1.8336200000000002,1.075363646813903,0.6963790589741858,0.09580475573906638,100.33800707,2.23875,1.0340025545315557,0.04173122465386127,104.4369697505,9.77234
172821,10.81,300.95,52.40553,-1.518683,False,1.87372,1.0731085694270575,0.8093610114020632,0.0960305512729034,102.80711997099999,2.5070299999999994,0.7449589996920826,0.06302174580606579,106.17300086100002,9.88283
172921,10.81,300.95,52.40553,-1.518683,False,1.8043100000000003,1.0116221972104489,0.7658809960503675,0.08107159798597749,103.20952193000001,2.68893,0.934049318291067,0.07089694320318388,106.492412087,9.92497
173021,10.81,300.95,52.40553,-1.518683,False,1.7469100000000004,1.0060088528989786,0.6310349069407865,0.12124702287295759,105.46900394500001,2.29084,1.2277214443386144,0.08928091496942502,106.49323034049999,10.05724
173121,10.81,300.95,52.40553,-1.518683,False,1.5698400000000003,1.117473586265021,0.6423947107849136,0.13202529597686088,106.036344878,2.53057,1.3253037480349785,0.08927321422340354,106.4098333195,10.103299999999999
173221,10.81,300.95,52.40553,-1.518683,False,1.4691300000000003,1.1976912327474085,0.6766386040157856,0.1489595038182449,107.45798613500001,2.6132599999999995,1.3275988719823828,0.08470309190211238,107.877339192,10.17824
173321,10.81,300.95,52.40553,-1.518683,False,1.3440600000000003,1.1757989890566642,0.6727369738612452,0.16032247676341424,108.005420778,2.49492,1.4050389150798972,0.07650756026549071,108.473311566,10.224839999999999
173421,10.81,300.95,52.40553,-1.518683,False,1.2605700000000002,1.1486338736371453,0.6690874897118294,0.1641707447886023,104.854326345,2.50352,1.3997048949292472,0.08176189074243388,108.23801891000001,10.083400000000001
173522,10.81,300.95,52.40553,-1.518683,False,1.1284700000000003,1.1281617900618521,0.6640306820220406,0.1672026996725164,103.005851985,2.5810299999999997,1.3722506663223846,0.07415152654456146,107.82697985299998,10.0095
173621,10.81,300.95,52.40553,-1.518683,False,1.1546900000000002,1.0802705848793452,0.554885652284413,0.16660046151730107,105.53587806499999,2.5285,1.3705574251214583,0.0755974433724075,104.7980838515,10.14274
173721,10.81,300.95,52.40553,-1.518683,False,0.9608500000000003,0.8782742804310469,0.6198528751064771,0.1738019182223767,103.59042355199999,2.32985,1.3537743708691738,0.08527732276389599,101.964215311,10.081030000000002
173821,10.81,300.95,52.40553,-1.518683,False,0.7422200000000003,0.8628953558289193,0.5190545160834812,0.1776509339500732,100.366918716,2.24062,1.3449267975122925,0.09124165045513864,101.5870193435,9.94502
173921,10.81,300.95,52.40553,-1.518683,False,0.2733200000000003,1.1384584907281934,0.49138812460212017,0.1795993615430372,102.27274964099999,1.95474,1.149917890015535,0.09590149402149836,102.7411357855,10.04063
174021,10.81,300.95,52.40553,-1.518683,False,0.14518000000000034,1.04352398449783,0.5608374699203474,0.15735405372033526,100.452148165,2.1661099999999998,0.8651184086586088,0.10162124449805406,102.960576055,9.95831
174121,10.81,300.95,52.40553,-1.518683,False,0.07723000000000033,1.0635506622734185,0.5345726953994726,0.14478802283184714,99.58642366299999,1.9430800000000001,0.5466023433701871,0.09773090265281138,102.8113842705,9.9149
174222,10.81,300.95,52.40553,-1.518683,False,-0.06845999999999966,1.1437431988383115,0.438598384249941,0.1194118252100684,97.619899446,1.7305099999999995,0.4925745232957149,0.09766483274728689,102.5389427905,9.81146
174321,10.81,300.95,52.40553,-1.518683,False,-0.18042999999999965,1.0842404110712736,0.39036839011374047,0.0963462327003785,96.118700699,1.79225,0.44962028980018365,0.1063750539887576,102.0620607385,9.741200000000001
174421,10.81,300.95,52.40553,-1.518683,False,-0.40826999999999963,0.9914644914916986,0.4574539423082153,0.09451016406244907,95.14822735499999,1.2515699999999998,1.7790381302827656,0.10773528721413007,100.00127685,9.690639999999998
174522,10.81,300.95,52.40553,-1.518683,False,-0.5756299999999996,0.9239022495793486,0.46705002872639745,0.12046192759540221,94.56630455899999,1.2398899999999997,1.770380937946532,0.08907933043703861,98.786078272,9.657659999999998
174622,10.81,300.95,52.40553,-1.518683,False,-0.6926999999999996,0.9909744003869247,0.5390624067149629,0.1427771025059688,95.66960549899999,1.0008299999999999,1.7679426618718899,0.13843208724055925,100.602741782,9.69765
174722,10.81,300.95,52.40553,-1.518683,False,-0.9269199999999996,0.8037072736872425,0.5979203417773195,0.12751616411698963,94.91991870400001,0.9836799999999999,1.7629614767329547,0.13220292524919589,99.255171128,9.651819999999999
174821,10.81,300.95,52.40553,-1.518683,False,-0.9535999999999996,0.7804901835812345,0.6362975422097876,0.12365460004023722,96.18767014,0.7176399999999998,1.7996947520189193,0.12896693848511045,98.277294428,9.7142
174921,10.81,300.95,52.40553,-1.518683,False,-0.8576699999999995,0.6325332262682617,0.5986932366041485,0.11600586383646463,94.69833110100001,0.49629999999999985,1.8375016637936514,0.1215491674636695,98.485540371,9.658159999999999
175021,10.81,300.95,52.40553,-1.518683,False,-0.9712399999999997,0.4877694746952158,0.5799876708459647,0.1152790026173213,96.19439034300001,0.28917999999999977,1.7780309863566597,0.12770886160847808,98.323269254,9.733149999999998
175122,10.81,300.95,52.40553,-1.518683,False,-0.8684199999999995,0.6704355131803028,0.585249552565204,0.11787608795303245,96.36747808700001,0.040909999999999815,1.708353894152689,0.11983372554409655,97.97695087500001,9.74169
175221,10.81,300.95,52.40553,-1.518683,False,-0.7338999999999996,0.7142515569928214,0.5908271043395142,0.11726795005930239,96.689603791,-0.0718000000000002,1.6828958434793253,0.10979082586648366,97.1547516185,9.76615
175321,10.81,300.95,52.40553,-1.518683,False,-0.8579599999999996,0.709579392159736,0.593330378644322,0.11866420456247272,97.452811486,-0.3654300000000002,1.5777203230892594,0.1118384032631213,96.78575609250001,9.79524
175422,10.81,300.95,52.40553,-1.518683,False,-0.8774899999999997,0.7181855879769381,0.5201314535768717,0.11912697054450365,99.71214561000001,-0.16677000000000017,1.1979060972751068,0.09834381243598679,97.43018648249999,9.911330000000001
175521,10.81,300.95,52.40553,-1.518683,False,-0.7965599999999996,0.7501382927315635,0.4903145629763145,0.0753967292246667,101.12904249600001,-0.46014000000000016,0.8006568209219701,0.08828211659850044,97.8476735275,9.988579999999999
175621,10.81,300.95,52.40553,-1.518683,False,-0.5818399999999997,0.765750856204406,0.4317287600128246,0.03980849853430151,99.78196931200002,-0.5293800000000002,0.7919753065735122,0.06882659692622141,97.7257874055,9.9372
175721,10.81,300.95,52.40553,-1.518683,False,-0.5456399999999996,0.7340811583953878,0.2554131415743453,0.044685380408162056,100.845822976,-0.8217600000000003,0.4992939997859045,0.03232388865495448,97.88287084,10.00022
175822,10.81,300.95,52.40553,-1.518683,False,-0.6425999999999996,0.7829376546769955,0.2479736132915691,0.05523507842747052,100.916395648,-0.8965200000000003,0.5339533683342953,0.030147985007295614,98.55203289399999,9.99482
175922,10.81,300.95,52.40553,-1.518683,False,-0.6010699999999995,0.7481449325572648,0.272551776120892,0.05970387666549651,102.173319059,-0.9667600000000002,0.5622686510912587,0.031202644118730135,98.43582508,10.06188
176021,10.81,300.95,52.40553,-1.518683,False,-0.7203899999999996,0.8748528643911136,0.29872153811421137,0.061082331506108645,101.980899411,-1.0466000000000002,0.48942687797961404,0.03441918715548888,99.087644877,10.034580000000002
176121,10.81,300.95,52.40553,-1.518683,False,-0.8308999999999995,0.7634335596500869,0.33640918272575526,0.06515880515240301,100.866105508,-1.10393,0.46914338734428696,0.03347738208270234,98.6167917975,9.97744
176221,10.81,300.95,52.40553,-1.518683,False,-0.9600299999999997,0.6998539165822808,0.33849572851398047,0.06716068294272524,101.21255525299999,-1.1905300000000003,0.3574012530289295,0.0334211576367113,98.95107952200001,9.98734
176321,10.81,300.95,52.40553,-1.518683,False,-0.9292099999999996,0.6853482577006641,0.36825712107468006,0.06749707483373663,100.274447134,-1.2399500000000003,0.38592477750057824,0.033208414261718465,98.86362931,9.94315
176421,10.81,300.95,52.40553,-1.518683,False,-0.9912599999999996,0.7431223335808641,0.4204246769636524,0.07134942264034827,98.793811621,-1.22629,0.3715222124359664,0.0296976261677618,99.2529786155,9.85673
176522,10.81,300.95,52.40553,-1.518683,False,-1.0903899999999997,0.6855029920511749,0.4085721772220823,0.07191267852982021,98.00566711500001,-1.27723,0.2980546297800372,0.03005129688457015,99.5673548055,9.81038
176622,10.81,300.95,52.40553,-1.518683,False,-1.2034899999999997,0.46335777981071263,0.48354562050659416,0.08790685790464017,95.514575943,-1.2571600000000003,0.34107185362224657,0.015452349695475025,97.6482726275,9.67794
176722,10.81,300.95,52.40553,-1.518683,False,-1.1155799999999998,0.5804916399053496,0.5778740401006265,0.08677368072558983,94.058647656,-1.1765500000000002,0.35750993226293587,0.021945589280970047,97.452235316,9.60262
176821,10.81,300.95,52.40553,-1.518683,False,-1.1813199999999997,0.651984706364601,0.6016022126141326,0.07654438146156299,94.63475778400002,-1.21766,0.411773986550853,0.024166204593286517,97.775576716,9.619299999999999
176921,10.6,253.31,52.405643,-1.519874,False,-1.3004199999999995,0.7187952865733062,0.5306662269679918,0.06687960991380076,93.59102936400001,-1.1258700000000001,0.4471616760809654,0.02490713641598692,97.8821742115,9.5489
177021,10.6,253.31,52.405643,-1.519874,False,-1.1622599999999996,0.6947379956981397,0.5291550287434152,0.07381298365162793,92.921056532,-1.1080400000000001,0.45732495910698445,0.025973510009668653,97.45097797150001,9.5333
177121,10.6,253.31,52.405643,-1.519874,False,-1.0763999999999996,0.8164193571116921,0.5601470700727705,0.09125656201671771,94.03912680100001,-1.0241900000000004,0.510476473394095,0.03276715157321979,97.4526161545,9.59157
177222,10.6,253.31,52.405643,-1.519874,False,-1.0725699999999996,0.8157765898550642,0.6352593185288777,0.10186830768747974,95.15053285100001,-1.00942,0.5101663057822801,0.03569930749406342,98.181544052,9.645620000000001
177322,10.6,253.31,52.405643,-1.519874,False,-1.2314199999999995,0.9601167426701593,0.6459271896532363,0.10801303676460099,96.764788509,-1.02557,0.5348470706659832,0.04209346214741298,98.5196178215,9.69759
177421,10.6,253.31,52.405643,-1.519874,False,-0.9354899999999997,1.17400299493277,0.6817440322030213,0.10346143672349048,99.196415226,-0.99741,0.51262860597771,0.04259849240942324,98.9951134235,9.83171
177522,10.6,253.31,52.405643,-1.519874,False,-1.1098699999999995,1.3305833407862055,0.6916200698360268,0.0993953212625666,99.431206478,-1.04454,0.5411118578137517,0.04606835983381554,98.71843679650001,9.806909999999998
177622,10.6,253.31,52.405643,-1.519874,False,-1.2262999999999995,1.3413382289506424,0.6337670971614362,0.09191352215836085,100.572687859,-1.03312,0.5537566087892415,0.04369473525367809,98.043631901,9.85333
177722,10.6,253.31,52.405643,-1.519874,False,-1.1368999999999996,1.4505317109406626,0.5383192238604939,0.09223631244435819,101.58315503499999,-1.0808700000000002,0.5471498840963503,0.03656093847567851,97.8209013455,9.906369999999999
177822,10.6,253.31,52.405643,-1.519874,False,-0.9171699999999996,1.458150621735172,0.5089322159624329,0.0926744337272508,100.40005697899998,-0.9710800000000003,0.4794983021635857,0.04295786566185927,97.5174073815,9.86976
177921,10.6,253.31,52.405643,-1.519874,False,-0.7829899999999996,1.3888781407628574,0.5742709016173716,0.10629449917825234,102.02333813499999,-0.98357,0.46922738636091416,0.04361872813877736,97.8071837495,9.968820000000001
178022,10.6,253.31,52.405643,-1.519874,False,-0.7643899999999996,1.392079479252373,0.5819557314206242,0.0988649072668802,104.219435047,-0.9779600000000002,0.472048649093602,0.04528456813431299,98.57024578949999,10.078999999999999
178122,10.6,253.31,52.405643,-1.519874,False,-1.0099799999999994,1.4051641800476167,0.590483719692765,0.09029176718960681,103.97656663299999,-1.1084600000000002,0.4658927206032456,0.03240408239027415,99.00784671699999,10.04319
178221,10.6,253.31,52.405643,-1.519874,False,-0.8766099999999997,1.4499609377497045,0.5530425068051434,0.09653940415993612,102.64028229799999,-1.1371900000000001,0.4640682719169482,0.034179044912215316,98.8954075745,9.985209999999999
178321,10.6,253.31,52.405643,-1.519874,False,-0.6559499999999996,1.3071799699692817,0.5632416612786938,0.09895085480513344,102.50439198199999,-0.8908000000000001,0.671025930944538,0.04102054905098862,99.6345902455,10.01253
178421,10.6,253.31,52.405643,-1.519874,False,-0.7763399999999996,1.177487541995905,0.5893941499539918,0.09773281036694972,99.441554414,-0.9577500000000001,0.7398911049757293,0.04978542401591614,99.31898482,9.862979999999999
178522,10.6,253.31,52.405643,-1.519874,False,-0.4358799999999996,0.9663848356978033,0.6596106141757604,0.10671240738025181,97.552848043,-0.86211,0.7172735205081854,0.04995818807318447,98.49202726050001,9.80463
178621,10.6,253.31,52.405643,-1.519874,False,-0.13358999999999957,0.9434820017714546,0.6732396915908363,0.11522049200458097,97.06768668999999,-1.0807100000000003,0.8862523849834605,0.0496752341603842,98.8201872745,9.78983
178721,10.6,253.31,52.405643,-1.519874,False,-0.32480999999999954,0.9268970570313282,0.6628658443958727,0.11194189018315576,99.488422186,-1.04759,0.8863582627182262,0.05052667502309054,100.5357886105,9.910309999999999
178821,10.6,253.31,52.405643,-1.519874,False,-0.31854999999999956,0.9304171636063777,0.6615708222774617,0.11411713475392016,98.83001502900001,-1.0570100000000002,0.8834781849158502,0.04981923880947671,99.61503600399999,9.87702
178922,10.6,253.31,52.405643,-1.519874,False,-0.3165699999999996,0.9292030361193064,0.6047074660987287,0.10854052801705984,97.742524105,-1.11617,0.8758494569400639,0.049832725748805574,99.88293112,9.82528
179021,10.6,253.31,52.405643,-1.519874,False,-0.2207499999999996,0.9610220765761163,0.5446472098727889,0.10738684018279135,96.498428512,-1.0944000000000003,0.8888556588233012,0.04540014806632857,100.3589317795,9.76481
179121,10.6,253.31,52.405643,-1.519874,False,-0.0992999999999996,0.7359965322985972,0.5519860670544272,0.0990508264590566,95.587781822,-1.08461,0.8822551463279797,0.04869430265555947,99.78217422750001,9.737359999999999
179221,10.6,253.31,52.405643,-1.519874,False,-0.2180699999999996,0.7846077902720311,0.5413911709660529,0.08957571843604305,94.79832254099999,-1.11162,0.8916223388358401,0.045939139691070274,98.7193024195,9.6919
179321,10.6,253.31,52.405643,-1.519874,False,-0.2638099999999996,0.813456353332975,0.5061300118436826,0.085831416807082,92.802420901,-1.2487000000000001,0.6687188696804125,0.04346081760237356,97.6534064415,9.5868
179422,10.6,253.31,52.405643,-1.519874,False,-0.29625999999999963,0.8132708366699138,0.4762807528711937,0.08554224167691094,93.811013606,-1.2413500000000002,0.6609762615505305,0.033273947099129585,96.62628400999999,9.639700000000001
179521,10.6,253.31,52.405643,-1.519874,False,-0.3826599999999996,0.7639117316665462,0.3980792943064827,0.07294164257968248,95.86368955700001,-1.27974,0.6291161669799443,0.03374971440208554,96.7082688,9.74933
179622,10.6,253.31,52.405643,-1.519874,False,-0.5622099999999995,0.5383153525376932,0.38349805287060174,0.06010771442446687,98.092396366,-1.1474800000000003,0.4197026534742373,0.027347892463996982,97.58004152800001,9.86829
179722,10.6,253.31,52.405643,-1.519874,False,-0.48975999999999964,0.5036952985464338,0.34110246244915543,0.05971424546212604,97.198083353,-1.25482,0.4810225677311289,0.031013516766441426,98.3432527695,9.82981
179821,10.6,253.31,52.405643,-1.519874,False,-0.5351299999999996,0.45476033260511445,0.3686834874101029,0.05114934668856089,98.28333920600001,-1.2383000000000002,0.49875506123857327,0.031773645613238616,98.5566771175,9.883750000000001
179921,10.6,253.31,52.405643,-1.519874,False,-0.5573899999999996,0.47528220961632983,0.3493950861449116,0.05357091250545016,97.580963729,-1.2525600000000001,0.5021165406998919,0.030473976147236598,97.661743917,9.846680000000001
180022,10.6,253.31,52.405643,-1.519874,False,-0.5511699999999996,0.49071112128782923,0.3457134948993813,0.0709151300264379,97.08502363400001,-1.3956500000000003,0.47388464430818206,0.03207550813661951,96.791726073,9.821250000000001
180121,10.6,253.31,52.405643,-1.519874,False,-0.7241899999999996,0.8368439313542563,0.3251762045414567,0.07542903655460197,98.579562489,-1.2539400000000003,0.6066229035497199,0.030289347228946294,97.08367215550001,9.86558
180222,10.6,253.31,52.405643,-1.519874,False,-0.6600199999999996,0.8351684790773939,0.4205965077521723,0.0827406013460806,97.37179645500001,-1.2889700000000002,0.632609835961738,0.029847382166989875,96.08505949799999,9.80557
180321,10.6,253.31,52.405643,-1.519874,False,-0.6187899999999995,0.8308985383306454,0.37689530523886655,0.0823425797776847,98.554921361,-1.22069,0.7297752507145864,0.0418827198522534,95.678671131,9.8703
180422,10.6,253.31,52.405643,-1.519874,False,-0.4499999999999996,1.0213069241581283,0.3689558638162986,0.08161652950774624,98.99182969900001,-1.1926500000000002,0.7084713641982088,0.04340095877077303,96.40142165249999,9.88575
180521,10.6,253.31,52.405643,-1.519874,False,-0.4671199999999997,1.0211772833352706,0.36874898478201273,0.08173488579275975,98.69126452399999,-1.2211500000000002,0.7042707863851357,0.044533378243491656,97.2774770405,9.86976
180622,10.6,253.31,52.405643,-1.519874,False,-0.3787099999999996,1.0431680661970713,0.3426430997083786,0.07053397053902412,98.22417463100001,-1.2075500000000003,0.7039005662891629,0.04431048157916923,98.15828549849999,9.84864
180722,10.6,253.31,52.405643,-1.519874,False,-0.41107999999999967,1.048490179893611,0.33760176671468656,0.0710488751963505,97.92171454000001,-1.1716100000000003,0.6689891054585301,0.043791323341503596,97.5598989465,9.83162
180822,10.6,253.31,52.405643,-1.519874,False,-0.5012899999999997,1.0738948618618755,0.3168813805406139,0.0732421258566402,96.355528963,-1.23929,0.6488631467591638,0.0423647599885684,97.3194340845,9.74556
180922,10.6,253.31,52.405643,-1.519874,False,-0.40499999999999964,1.062999681195731,0.3157518681214956,0.05580770157922182,96.17339304800001,-1.3278800000000004,0.7318824720464826,0.0513089292640408,96.8771783885,9.7418
181021,10.6,253.31,52.405643,-1.519874,False,-0.41671999999999965,1.0518253824238673,0.315822668949229,0.05506198527316415,96.186346256,-1.2616200000000002,0.6982299808961256,0.05075947749490411,96.63568494500001,9.74306
181122,10.6,253.31,52.405643,-1.519874,False,-0.2245599999999996,0.7081502229204099,0.36764015558694135,0.05952795888394641,96.382932676,-1.3532300000000002,0.589361126889847,0.05101499670576299,97.4812475825,9.785680000000001
181221,10.6,253.31,52.405643,-1.519874,False,-0.07835999999999962,0.813129215097114,0.2898322704599771,0.06411756649572142,99.131817971,-1.25665,0.576016502946442,0.05202882214055446,98.251807213,9.922450000000001
181321,10.6,253.31,52.405643,-1.519874,False,-0.10066999999999963,0.8292170122738972,0.31680205965237446,0.05955630016118206,98.38014393,-1.2379700000000002,0.6210856767700176,0.04812955779283092,98.4675326455,9.88235
181422,10.6,253.31,52.405643,-1.519874,False,-0.09449999999999963,0.8405343459173283,0.32322693249306184,0.059612094224055764,99.07597710299999,-1.2513,0.6300874789353403,0.051639477792351694,99.033903401,9.916509999999999
181521,10.6,253.31,52.405643,-1.519874,False,-0.04898999999999963,0.8260979730032052,0.3666235527682738,0.06904376711751543,98.21468194399999,-1.2663400000000002,0.6319962855024314,0.050528655236411334,98.452973234,9.873050000000001
181621,10.6,253.31,52.405643,-1.519874,False,0.06289000000000038,0.9391456157948412,0.36287248142807177,0.07911397474529974,97.27993123499999,-1.2727800000000002,0.6311606113607812,0.05004127296542443,97.75205293299999,9.816500000000001
181721,10.6,253.31,52.405643,-1.519874,False,0.17978000000000038,0.9041432983769803,0.3656083789764218,0.07544228478335781,96.904244493,-1.3394700000000002,0.7020080358039463,0.044736841640868164,97.4129795165,9.79877
181822,10.6,253.31,52.405643,-1.519874,False,0.39265000000000033,0.7932040514408812,0.3447969766559727,0.08663797281407999,97.366304059,-1.3532300000000004,0.703964312621333,0.04593094454359482,96.860916511,9.82542
181922,10.6,253.31,52.405643,-1.519874,False,0.43719000000000036,0.7760022214315322,0.35778073732383797,0.08958245177860782,96.826376935,-1.1430500000000001,0.7007190469637313,0.03567974993684331,96.4998849915,9.79684
182021,10.6,253.31,52.405643,-1.519874,False,0.4560300000000003,0.7783049717173892,0.37593514275144013,0.09131543620269694,96.210959423,-1.1352300000000004,0.6993281268474636,0.03534084825744381,96.1986528395,9.76374
182122,10.6,253.31,52.405643,-1.519874,False,0.6268000000000004,0.6555356706965396,0.31582221598725974,0.08856454331917069,94.730427335,-1.1896400000000003,0.715270274014565,0.04015816092513457,95.5566800055,9.68819
182221,10.6,253.31,52.405643,-1.519874,False,0.6035400000000004,0.6420061668101239,0.210764945693842,0.08140350047073418,92.90313372300001,-1.21663,0.7079507924676245,0.03758398742963855,96.017475847,9.59833
182321,10.6,253.31,52.405643,-1.519874,False,0.6799800000000004,0.49335503736041403,0.21116143613620691,0.08545345451699901,93.208443651,-1.2708400000000002,0.6053545778210244,0.03272545051043959,95.7942937905,9.617009999999999
182421,10.6,253.31,52.405643,-1.519874,False,0.5885500000000004,0.4457385014407809,0.12078854296292629,0.08543112950727515,92.199621038,-1.2529800000000002,0.5940946329406375,0.019910301632854146,95.6377990705,9.57399
182522,10.6,253.31,52.405643,-1.519874,False,0.7848800000000005,0.5399447724845017,0.10199342516933343,0.08093753695837808,93.18819076500002,-1.2547600000000003,0.5946308027301793,0.02409413022109811,95.70143635449999,9.60731
182622,10.6,253.31,52.405643,-1.519874,False,0.5857300000000004,0.6554708469659261,0.24268968961296475,0.07040662531955937,94.47761567,-1.1802500000000002,0.6430661349261606,0.03681872862794021,95.8787734525,9.67961
182721,10.6,253.31,52.405643,-1.519874,False,0.6593900000000004,0.6803629855533865,0.24820039954304182,0.0690375614349813,94.945439702,-1.0476900000000002,0.5159523911068455,0.03685756518153686,95.9248420975,9.69735
182821,10.6,253.31,52.405643,-1.519874,False,0.6656500000000003,0.683639637447168,0.3603355602767927,0.054388692656551475,96.631712725,-0.9999800000000001,0.4903811642204508,0.03686317644720683,96.999008392,9.78014
182921,10.6,253.31,52.405643,-1.519874,False,0.6611500000000003,0.6859833481134184,0.3519927096782766,0.0498513389990673,97.46524129000001,-1.0665000000000002,0.4092709670187061,0.03671076136502928,97.1458091125,9.82309
183022,10.6,253.31,52.405643,-1.519874,False,0.6243100000000004,0.6978524652261597,0.3316488854529881,0.04857140105041163,98.70533224200001,-1.0140200000000001,0.4219763416222186,0.03625875526453522,97.4581458325,9.88829
183122,10.6,253.31,52.405643,-1.519874,False,0.6209400000000003,0.6962843308112998,0.3530567925670918,0.04893787898959178,100.35472293500001,-0.9170800000000001,0.37587323454115107,0.03651680891498407,97.542575135,9.97099
183221,10.6,253.31,52.405643,-1.519874,False,0.5495500000000003,0.7079989442082566,0.3494184667256061,0.06115205456710107,100.330536151,-0.9775300000000001,0.4593974678254409,0.03499819042941308,96.616834937,9.973339999999999
183321,10.6,253.31,52.405643,-1.519874,False,0.5425600000000004,0.7140134704611714,0.33836761993755593,0.05887188444221662,100.69271536000001,-1.0435800000000002,0.41153421566942533,0.044667407954049214,96.9505795055,9.99182
183422,10.6,253.31,52.405643,-1.519874,False,0.6517900000000003,0.7706123848386249,0.3261273311317142,0.06913883054325419,101.218078862,-1.0578200000000002,0.43155481382243405,0.04476394382387227,96.70884995,10.00815
183522,10.6,253.31,52.405643,-1.519874,False,0.5295100000000004,0.6397622639178864,0.31218875059806867,0.06216458084078941,101.250321089,-0.9791800000000002,0.42907754492112277,0.044969589724614185,97.21925592699999,10.02566
183621,10.6,253.31,52.405643,-1.519874,False,0.7678400000000003,0.6059517696245451,0.3105486285055043,0.06155977763298169,101.487009504,-1.05733,0.39874110801647306,0.03546870451539107,97.982312587,10.02398
183721,10.6,253.31,52.405643,-1.519874,False,0.7247900000000003,0.5873170059213773,0.30417274130917465,0.05563268823272817,101.798762966,-1.0461900000000002,0.4035595356050458,0.03700213357212003,98.372101334,10.043890000000001
183821,10.6,253.31,52.405643,-1.519874,False,0.6696900000000003,0.5828846530642098,0.2576757266625933,0.05947415965498459,100.324022586,-1.01455,0.4173130166779745,0.04637345505063711,98.47786765549999,9.97547
183922,10.6,253.31,52.405643,-1.519874,False,0.7171200000000003,0.5704232654597674,0.2575716418137894,0.07317901945837223,100.413728744,-1.2553800000000002,0.8233823450998958,0.04662438679966279,98.93948501700001,9.977319999999999
184021,10.6,253.31,52.405643,-1.519874,False,0.7594100000000004,0.5478235734857284,0.30239728559185086,0.0684917059050051,99.211541918,-1.22559,0.8511403076004591,0.05207435389261644,98.95843708,9.91375
184122,10.6,253.31,52.405643,-1.519874,False,0.8525900000000004,0.6446479977476133,0.31899509592187775,0.06833732102185727,99.643153902,-1.1262100000000002,0.9746620798455592,0.055126968596747566,99.99893841849999,9.922229999999999
184221,10.6,253.31,52.405643,-1.519874,False,0.9517700000000003,0.5945492149519728,0.28319995468452613,0.06470188388121098,100.894791626,-0.9936500000000003,0.9676598131000749,0.05558417940385667,100.61266388850001,9.97991
184322,10.6,253.31,52.405643,-1.519874,False,0.9654500000000003,0.5702855293622723,0.3420185285753898,0.06518683916251755,99.904195138,-0.9722000000000002,0.9684814860847221,0.04915472284305859,100.298455249,9.92845
184421,10.6,253.31,52.405643,-1.519874,False,0.9883300000000004,0.597583098916894,0.3418650116964409,0.05905311733233562,100.276965701,-1.0109000000000001,1.0058229908333134,0.05110799132990754,100.74752228150001,9.94352
184521,10.6,253.31,52.405643,-1.519874,False,0.8979600000000003,0.7106547719454896,0.3416108110440998,0.05988494895306368,100.264536746,-1.02801,1.0002049350563582,0.04775275326559269,100.7574289175,9.94478
184621,10.6,253.31,52.405643,-1.519874,False,0.7747900000000003,0.6485135301424206,0.3196146014255777,0.061358078341630845,99.28935538799999,-1.0504200000000001,1.0085654243087523,0.04821618100919276,100.388182446,9.91053
184721,10.6,253.31,52.405643,-1.519874,False,0.7730700000000004,0.648569607418258,0.34586166084784536,0.06160374808222068,99.887076167,-0.9956900000000001,1.0357421756080594,0.04947292076367652,100.8429195665,9.93998
184821,10.6,253.31,52.405643,-1.519874,False,0.7838500000000004,0.6437414633738247,0.35742216573058483,0.057641401016205726,99.51927461199999,-0.9679000000000002,1.0478687089092287,0.04022553224563432,99.92164859900001,9.920530000000001
184921,10.6,253.31,52.405643,-1.519874,False,0.7910000000000004,0.6442660527039068,0.38939407417163535,0.03742336762564767,100.416016445,-0.7095000000000002,0.6616555901675611,0.04124964646313293,100.4148725945,9.96395
185021,10.6,253.31,52.405643,-1.519874,False,0.8801500000000002,0.6875493634803461,0.43975335208120064,0.028430156133544326,100.074808879,-0.7749400000000002,0.6588341237873536,0.03577976616282993,99.6431753985,9.93482
185122,10.6,253.31,52.405643,-1.519874,False,0.8054000000000003,0.6090173797921498,0.42115869059851435,0.027239931881133973,97.607123446,-0.9592700000000001,0.5623455542042776,0.026642622493543197,98.625138674,9.82166
185221,10.6,253.31,52.405643,-1.519874,False,0.7330200000000003,0.6109567829778741,0.4119516240477085,0.035076597136361395,96.976834121,-0.9582900000000002,0.5633522826201346,0.027038573269397275,98.9358128735,9.795449999999999
185321,10.6,253.31,52.405643,-1.519874,False,0.8222400000000004,0.5716888920849696,0.4783459343287815,0.033247014903595926,99.822370464,-0.9314500000000002,0.5757497802382796,0.022571673496764977,99.863282801,9.93208
185421,10.6,253.31,52.405643,-1.519874,False,0.6959300000000004,0.48461971127427533,0.4799700112159647,0.03287407624388582,99.08238639599999,-0.8444900000000002,0.43868284025399995,0.02371563010150123,99.6796760485,9.90855
185521,10.6,253.31,52.405643,-1.519874,False,0.7251200000000003,0.42699223984622414,0.515980428569393,0.0375194779044452,97.968944112,-0.7433200000000002,0.5503318933960418,0.028088518809097254,99.116740429,9.85086
185621,10.6,253.31,52.405643,-1.519874,False,0.7759000000000004,0.4312640593521509,0.5199419524224569,0.0364993820343416,98.292471603,-0.6312200000000002,0.49284548807014045,0.025205654127598443,98.7909134955,9.86305
185721,10.6,253.31,52.405643,-1.519874,False,0.8811100000000003,0.5382932749801875,0.5094492068237237,0.044496942466745036,98.32494275399999,-0.6395500000000002,0.4871573992732231,0.032281050512992,99.1060094605,9.85161
185821,10.6,253.31,52.405643,-1.519874,False,0.8847700000000003,0.536077138002448,0.5196521191036145,0.051432289900843156,98.008964493,-0.7113000000000003,0.5059459632982176,0.033245893647856156,98.7641195525,9.834859999999999
185922,10.12,278.75,52.405594,-1.52145,False,0.9201900000000004,0.5462814668282341,0.4802004350037254,0.05125804001975295,96.990824945,-0.6207500000000002,0.5839113217489883,0.03807910479806929,98.703420695,9.781
186021,10.12,278.75,52.405594,-1.52145,False,0.9746800000000004,0.6380268938950304,0.42803792459182494,0.052088092049270354,98.37693988,-0.6483900000000002,0.6120267958004466,0.03895577121699985,99.2258743795,9.84356
186122,10.12,278.75,52.405594,-1.52145,False,0.8852600000000004,0.682430952469842,0.4166766010815541,0.056883691277318335,98.456655039,-0.5532100000000002,0.5336773212552753,0.041420853577772095,98.0318892425,9.85381
186221,10.12,278.75,52.405594,-1.52145,False,0.9474500000000005,0.6605318719705324,0.4205258492517149,0.06212807202330733,99.012324624,-0.5650400000000001,0.5320375262453931,0.04442031567250021,97.9945793725,9.87739
186322,10.12,278.75,52.405594,-1.52145,False,0.9488200000000002,0.6606429760300073,0.3128414985615122,0.06753114836873374,96.34597654299999,-0.4843900000000002,0.5886597025824247,0.04516088400867024,98.0841735035,9.744989999999998
186421,10.12,278.75,52.405594,-1.52145,False,0.9363400000000004,0.6720836062409086,0.313963483545444,0.06953445508842629,96.450660783,-0.3529300000000002,0.5641447214835592,0.04790735155833031,97.7665235895,9.75083
186521,10.12,278.75,52.405594,-1.52145,False,1.1086200000000004,0.6386457091203112,0.29284361032998385,0.06445840691657025,98.357847263,-0.5047000000000001,0.6008911807566286,0.0573692571563096,98.16339568750001,9.832830000000001
186621,10.12,278.75,52.405594,-1.52145,False,1.15084,0.647274822621742,0.2956752655645318,0.06641294719823448,97.374995516,-0.4651200000000002,0.6235410791065155,0.05609251881193052,97.83373355949999,9.777260000000002
186722,10.12,278.75,52.405594,-1.52145,False,1.0771800000000005,0.6059903259220549,0.3401949704050336,0.06357355232764238,94.807630765,-0.4413400000000001,0.6318015057489584,0.05560707788682322,96.5662867595,9.65467
186821,10.12,278.75,52.405594,-1.52145,False,0.9949200000000005,0.7215026369398231,0.3352134790779571,0.05819903111068216,95.01406902100001,-0.33284000000000014,0.5879970317385268,0.055777340082391706,96.51151675700001,9.667190000000002
186922,10.12,278.75,52.405594,-1.52145,False,0.9743400000000003,0.7172951510903895,0.3316131080708932,0.057765872277668655,94.224581777,-0.42257000000000017,0.5641031309373472,0.04901143177305224,95.607703361,9.62877
187021,10.12,278.75,52.405594,-1.52145,False,0.8877400000000003,0.6079234129394975,0.3289780987306573,0.06233446077411697,93.813493049,-0.31583000000000017,0.4682187334284246,0.044110075694538155,96.0952164645,9.62265
187122,10.12,278.75,52.405594,-1.52145,False,0.8855400000000004,0.6107709921802899,0.32705220531284146,0.05564119277417819,94.339650009,-0.2526200000000002,0.47580360514255426,0.034061813091954114,96.39815252400001,9.65005
187221,10.12,278.75,52.405594,-1.52145,False,0.8881400000000003,0.6114359386813291,0.3009667107837584,0.037676495767696584,93.159732465,-0.26624000000000014,0.487133755759119,0.03813590317681252,96.08602854450001,9.58921
187322,10.12,278.75,52.405594,-1.52145,False,0.8560700000000004,0.6131384945054837,0.29488562170591304,0.03998077871511,93.489838726,-0.2990300000000002,0.4601112137298817,0.04149465962961846,94.9179076345,9.609390000000001
187422,10.12,278.75,52.405594,-1.52145,False,0.8915900000000002,0.5891202187254465,0.2977212732667074,0.038028094877339394,93.58894976600001,-0.36187000000000014,0.43545098474006894,0.0407488731950563,95.0198052745,9.61259
187521,10.12,278.75,52.405594,-1.52145,False,0.7831500000000003,0.5031125768652642,0.2510965728338072,0.04321109554012378,92.72410126100002,-0.24600000000000022,0.28028332094504843,0.024585578428558137,95.54097426199999,9.582600000000001
187621,10.12,278.75,52.405594,-1.52145,False,0.7330900000000004,0.4505403630950107,0.26074509135678936,0.04239851805586207,93.205679445,-0.3253700000000002,0.30524463067438273,0.02466672072066385,95.2903374805,9.61376
187721,10.12,278.75,52.405594,-1.52145,False,0.7170900000000004,0.4402943925501634,0.2962133022746185,0.04457447700197871,96.094372725,-0.2943200000000002,0.340201322095521,0.01801875874378657,95.451001745,9.76354
187821,10.12,278.75,52.405594,-1.52145,False,0.7755800000000004,0.3271634854659497,0.29079290530851587,0.051557967376535806,96.425490776,-0.3835300000000002,0.3874243898993369,0.018628580192814447,95.7197798985,9.78016
187921,10.12,278.75,52.405594,-1.52145,False,0.7887700000000003,0.3402454899693028,0.2829854179595961,0.06677727907005443,96.60082021600002,-0.3658500000000002,0.37583162083865007,0.01742242807418418,95.4127009965,9.787870000000002
188021,10.12,278.75,52.405594,-1.52145,False,0.6507700000000003,0.40545668915160815,0.301054768734472,0.0690675353870715,97.24929493900001,-0.3259800000000002,0.40885426036939737,0.02228230239450403,95.53139399400001,9.82834
188122,10.12,278.75,52.405594,-1.52145,False,0.7300600000000004,0.376579943408812,0.3397390869803026,0.06968896692526759,98.52221175700001,-0.31863000000000014,0.41758684273119406,0.02290221968864124,96.430930883,9.88725
188222,10.12,278.75,52.405594,-1.52145,False,0.7090600000000004,0.36295351462382064,0.33808842630292346,0.07142842260301907,98.50426024200002,-0.2528100000000002,0.4045676415082409,0.029080852807304693,95.8319963535,9.888380000000002
188322,10.12,278.75,52.405594,-1.52145,False,0.6549300000000003,0.40525386570231836,0.3263512994713728,0.07098394888987179,98.83352964900001,-0.2618800000000002,0.4016502508401868,0.02943737042906345,96.16168418750001,9.90762
188422,10.12,278.75,52.405594,-1.52145,False,0.6719300000000004,0.4102186491508123,0.326006098102454,0.07054800178286758,98.983213409,-0.26593000000000017,0.40436187876700863,0.03030487492870686,96.28608158750001,9.91386
188522,10.12,278.75,52.405594,-1.52145,False,0.7308200000000004,0.4524047838434633,0.4611173267184702,0.06893205994955337,97.33165830300001,-0.09271000000000015,0.7112766182482397,0.030911845985355575,95.027879782,9.81947
188622,10.12,278.75,52.405594,-1.52145,False,0.6059600000000004,0.5453408785134154,0.47003152660219283,0.06802628985260802,97.80969477000001,-0.08190000000000017,0.7006593180711903,0.03967438160268758,95.5076871075,9.847640000000002
188722,10.12,278.75,52.405594,-1.52145,False,0.6162200000000004,0.5524441164296926,0.41205854074389586,0.07105948994406756,96.553635857,-0.09189000000000017,0.6973349417604037,0.03979729331946678,96.32400429100001,9.78501
188822,10.12,278.75,52.405594,-1.52145,False,0.6742000000000004,0.5542475098926728,0.45001533504733776,0.06854484420192809,95.57800631,0.03041999999999983,0.6327583614619295,0.03979729331946678,96.00174854299999,9.72958
188921,10.12,278.75,52.405594,-1.52145,False,0.49174000000000034,0.6699310747300012,0.5245331665183515,0.05751678016022741,94.229243749,-0.15178000000000016,0.9755864547371761,0.05485096980809922,95.4150319825,9.66105
189022,10.12,278.75,52.405594,-1.52145,False,0.5972500000000004,0.6439218124551781,0.4983222634221894,0.04474200611406513,93.23360309099999,-0.4105700000000002,1.2042836506497159,0.065228773473744,95.241449015,9.60626
189121,10.12,278.75,52.405594,-1.52145,False,0.5841800000000003,0.6370599933374541,0.44804020466917066,0.05600435002945889,92.44051490900002,-0.2126700000000002,1.4461120427239018,0.06649130352493147,95.481363333,9.56835
189222,10.12,278.75,52.405594,-1.52145,False,0.5282600000000003,0.6375786490918461,0.44708963568095084,0.05238488437623051,92.820344181,-0.2325300000000002,1.444684593066746,0.10479465847286573,95.6623022115,9.591429999999999
189322,10.12,278.75,52.405594,-1.52145,False,0.5646600000000004,0.6232553894227071,0.514472190804423,0.07193615688001823,94.050002106,-0.09528000000000018,1.5131691407256593,0.10477090350962116,96.44176587749999,9.651079999999999
189421,10.12,278.75,52.405594,-1.52145,False,0.5081900000000004,0.6195370466010219,0.5062153429563709,0.07260563568575967,93.208917958,-0.19705000000000017,1.5782547493636363,0.10768716832669688,96.0960656835,9.61117
189521,10.12,278.75,52.405594,-1.52145,False,0.5040800000000003,0.6140045508336645,0.512865076907273,0.08994402950971439,93.12572744799999,-0.2704700000000002,1.501819267902909,0.11024874350506025,95.2286928755,9.607059999999999
189621,10.12,278.75,52.405594,-1.52145,False,0.6883700000000003,0.6256088608529966,0.48397296813859497,0.09911622806920466,92.542394132,-0.23312000000000016,1.4957621630608358,0.10665563953417825,95.17604445100001,9.56585
189721,10.12,278.75,52.405594,-1.52145,False,0.7094700000000003,0.6408251261719844,0.4748720651103991,0.1014772711278515,92.25050810100001,-0.24595000000000017,1.4933977941816614,0.10918209865480141,94.402071979,9.54854
189822,10.12,278.75,52.405594,-1.52145,False,0.6261000000000003,0.6599159491935364,0.48873934259479407,0.09650440174186606,93.88514595699999,-0.41846000000000017,1.527100233339859,0.10933739829841749,94.7315761335,9.63775
189922,10.12,278.75,52.405594,-1.52145,False,0.7375000000000004,0.4864184686735006,0.4167357654704149,0.09338924277809833,94.94418395400001,-0.26264000000000015,1.3826493877094506,0.101609166253182,94.5867138515,9.69696
190021,10.12,278.75,52.405594,-1.52145,False,0.7962800000000003,0.5438890385200175,0.41833685536364773,0.09013716769457494,95.679527865,-0.024830000000000158,1.1513193195923763,0.09541680553119505,94.456565478,9.72737
190121,10.12,278.75,52.405594,-1.52145,False,0.8400300000000003,0.5639501752026664,0.4166052866789845,0.08834111915372851,95.712823503,-0.2006400000000002,0.8892069203009481,0.09468029772755204,94.076669206,9.724440000000001
190221,10.12,278.75,52.405594,-1.52145,False,0.9777100000000004,0.5775738229871638,0.41985481630888544,0.08840476420042791,95.742988026,-0.21395000000000017,0.8906635656757312,0.030724418446717507,94.2816661035,9.71227
190321,10.12,278.75,52.405594,-1.52145,False,1.0296300000000005,0.5532008958978917,0.3707438115164815,0.07654182299022277,95.175998869,-0.3643000000000002,0.7425812458355324,0.024452348217163866,94.61300048749999,9.68074
190421,10.12,278.75,52.405594,-1.52145,False,1.1049300000000002,0.4889969098970841,0.4053037565963365,0.07814109460883303,94.57754112900001,-0.20873000000000017,0.6207815719809153,0.021805007070245096,93.8932295435,9.64332
190522,10.12,278.75,52.405594,-1.52145,False,1.1267700000000003,0.5000937824270868,0.32450804629639013,0.047542365901956124,97.157495262,-0.3053300000000002,0.5030975917034018,0.019360945798754994,95.141611355,9.77589
190622,10.12,278.75,52.405594,-1.52145,False,1.1091600000000004,0.4863362398816588,0.3232945311768786,0.04309210935761692,97.25111119099999,-0.23874000000000017,0.548302315637385,0.01747380261356647,94.8967526615,9.78335
190722,10.12,278.75,52.405594,-1.52145,False,1.1344500000000004,0.4988882311923488,0.325373823300028,0.034477019721675724,97.212804815,-0.21816000000000021,0.5596760217601953,0.015050743798530174,94.731656458,9.77786
190821,10.12,278.75,52.405594,-1.52145,False,1.2814700000000003,0.3641337393199373,0.30535162172302,0.03457670378223425,96.903625103,-0.0746100000000002,0.3507999634169294,0.013600473847958145,95.39438553000001,9.74978
190921,10.12,278.75,52.405594,-1.52145,False,1.3493000000000004,0.2259900833616091,0.2920223790891341,0.03552124403477032,97.347575819,0.026159999999999805,0.26018973077349916,0.014732884608554844,96.14587988650001,9.76751
191022,10.12,278.75,52.405594,-1.52145,False,1.3729200000000004,0.2555400764394423,0.3085197706612618,0.03662179072021853,97.84603594800001,-0.019530000000000197,0.31259966250779264,0.020810211168774545,96.76278190650001,9.788599999999999
191122,10.12,278.75,52.405594,-1.52145,False,1.3352900000000003,0.29739468518752477,0.3153310281804232,0.03698577053708832,96.944012019,-0.0368400000000002,0.2923252115937302,0.020345733923576872,96.328417761,9.746379999999998
191221,10.12,278.75,52.405594,-1.52145,False,1.3200800000000004,0.28316790386233204,0.3221643755738326,0.03739344713835323,97.890572402,-0.025970000000000198,0.2807013638489355,0.0218063828576275,96.816780214,9.79706
191321,10.12,278.75,52.405594,-1.52145,False,1.3606700000000003,0.2645547330474114,0.31822137106107395,0.037665930671274564,96.783369944,0.0498499999999998,0.2953720676254263,0.02266829651003278,95.97968440650001,9.73539
191422,10.12,278.75,52.405594,-1.52145,False,1.3872500000000003,0.24154424600430296,0.2453393805866793,0.031652749573385965,97.889929656,0.0412399999999998,0.2978746537275694,0.021097761861288797,96.2337353925,9.79075
191522,10.12,278.75,52.405594,-1.52145,False,1.3962600000000003,0.24583702912478092,0.21533625410813304,0.020121688133287022,97.473752793,0.0506199999999998,0.29354199321010926,0.020271424880031547,97.31562402750001,9.76873
191622,10.12,278.75,52.405594,-1.52145,False,1.3638600000000003,0.26896424462909235,0.22540453731997778,0.01794615712500828,97.80937005700001,-0.0327700000000002,0.30704868615034403,0.02052475199471458,97.530240624,9.789710000000001
191721,10.12,278.75,52.405594,-1.52145,False,1.3297600000000003,0.27578185904404035,0.22294405277256235,0.01967531165925507,98.28595859,-0.0139700000000002,0.3247291488473078,0.019183024903401947,97.7493817025,9.81858
191821,10.12,278.75,52.405594,-1.52145,False,1.3101100000000003,0.262068080425272,0.2293363807936798,0.019592121432406236,98.54882662100002,-0.029230000000000193,0.3288540001952694,0.01877654861197532,97.726225862,9.8348
191922,10.12,278.75,52.405594,-1.52145,False,1.3339800000000004,0.2529011436202961,0.22624299154274327,0.0189422983469957,99.364593525,-0.07287000000000018,0.3190880026645159,0.018940679326080893,98.35608467200001,9.87327
192021,10.12,278.75,52.405594,-1.52145,False,1.2778800000000001,0.20863811199727306,0.23250481595965444,0.01839767195417025,98.128658373,-0.0025300000000001875,0.28509274533812734,0.015729876032572462,97.98734716050001,9.81875
192121,10.12,278.75,52.405594,-1.52145,False,1.3406200000000004,0.16941755648235998,0.21415046216254732,0.016219977394145664,98.577038188,-0.04621000000000018,0.2833732734594017,0.01791859369482159,97.7605251035,9.83426
192221,10.12,278.75,52.405594,-1.52145,False,1.2749300000000003,0.22174769972503028,0.2049493327629742,0.016129062795667837,98.23871965000001,-0.004600000000000185,0.2801992941540544,0.014079697755597965,98.064646026,9.825030000000002
192321,10.12,278.75,52.405594,-1.52145,False,1.2825300000000002,0.22885294186444033,0.166422052491679,0.015990914086857665,99.176884125,-0.05475000000000019,0.23233582614632817,0.013658326723614066,97.98012703449999,9.87218
192421,10.12,278.75,52.405594,-1.52145,False,1.2788600000000003,0.22866300871711726,0.17190674119025579,0.01234412140791165,99.988404417,-0.05960000000000019,0.23331199902464209,0.013225732493896202,98.93916703650001,9.913590000000001
192521,10.12,278.75,52.405594,-1.52145,False,1.2170000000000003,0.23340226124775254,0.1773210612921236,0.013943122557970875,99.467660345,-0.05765000000000018,0.23366717189671282,0.010963094656370872,98.470706569,9.89491
192622,10.12,278.75,52.405594,-1.52145,False,1.2128500000000004,0.23698956024828438,0.18716227658843412,0.014407775678428995,98.859466875,-0.021080000000000182,0.18958570504007252,0.010951007056689293,98.33441846600002,9.8644
192722,10.12,278.75,52.405594,-1.52145,False,1.2344300000000004,0.23815628878721123,0.18577376952743427,0.011436316423274757,98.802453674,-0.014650000000000185,0.20368368314070623,0.011516794500018595,98.544206132,9.858830000000001
192822,10.12,278.75,52.405594,-1.52145,False,1.2563100000000003,0.26286706589708436,0.18862301143930513,0.0123379495865371,98.93472464300001,-0.004720000000000185,0.19718453736985475,0.012742862926189686,98.741775632,9.86216
192922,10.12,278.75,52.405594,-1.52145,False,1.2311100000000004,0.26470446602454967,0.181080614337584,0.011116599200191974,98.666167851,-0.03345000000000019,0.24466056418363064,0.016485764903229318,99.01538068800001,9.8518
193021,10.12,278.75,52.405594,-1.52145,False,1.1982800000000005,0.28964946937828073,0.14788740499293035,0.011077805639101494,99.13499318900001,-0.05702000000000018,0.2325898144325402,0.016743635606804055,98.631825781,9.879470000000001
193122,10.12,278.75,52.405594,-1.52145,False,1.1705600000000005,0.2682765124104595,0.13392799889819948,0.01267843751326277,99.26718485,-0.03162000000000019,0.225018803164899,0.014733186273779349,98.922111519,9.8902
193222,10.12,278.75,52.405594,-1.52145,False,1.1694000000000004,0.2698891871367611,0.13729821395612812,0.012669403213163144,99.347586498,-0.042600000000000186,0.21698621563998835,0.01477679863089025,98.793153074,9.894319999999999
193321,10.12,278.75,52.405594,-1.52145,False,1.1087900000000004,0.25337562563647414,0.13604617516771658,0.013795252806669793,99.104480193,-0.04267000000000019,0.21699267294334354,0.0162138521024494,99.14068215900001,9.88942
193422,10.12,278.75,52.405594,-1.52145,False,1.0773700000000006,0.25021163952854675,0.11824020748736211,0.01512042400933761,98.242304317,-0.011660000000000188,0.2261084803559449,0.016316603677103234,99.11535436700001,9.8495
193521,10.12,278.75,52.405594,-1.52145,False,1.0625700000000005,0.26435428689546114,0.14151079464121452,0.014992235027207984,97.889012152,-0.012250000000000188,0.22611310468678492,0.016457973413789177,98.6783362485,9.832550000000001
193621,10.12,278.75,52.405594,-1.52145,False,1.0709000000000004,0.2638676983304892,0.17044321439506058,0.01948756013460716,98.948070358,0.02498999999999981,0.2426598737602064,0.01791233280917844,98.9037686165,9.88496
193721,10.12,278.75,52.405594,-1.52145,False,1.0314400000000004,0.24764523550166334,0.17097857565590055,0.02375622491521226,98.965386286,-0.03173000000000019,0.2085607081882534,0.016574629206514337,98.88391998,9.8904
193822,10.12,278.75,52.405594,-1.52145,False,0.9074200000000004,0.23633025761986903,0.2127688847865717,0.024148938324948195,97.607226949,-0.032990000000000186,0.20890974366933152,0.017110649705181755,98.270975796,9.833250000000001
193922,10.12,278.75,52.405594,-1.52145,False,0.9185800000000004,0.2487636441819297,0.22873093363160968,0.02889176160930342,97.996652248,0.03203999999999981,0.1403616851802965,0.01258957240471009,98.3314100495,9.851400000000002
194021,10.12,278.75,52.405594,-1.52145,False,0.9173400000000003,0.24911321031924943,0.2473743586819797,0.02948115028661793,98.64787180399999,0.021489999999999815,0.15103141284730348,0.015058629862422285,98.8914324965,9.8841
194121,10.12,278.75,52.405594,-1.52145,False,0.8774100000000005,0.22231505397122583,0.2443029139772284,0.02953537239010459,98.805986665,0.02814999999999982,0.15248354556034122,0.015368615205458023,99.0365857575,9.89636
194222,10.12,278.75,52.405594,-1.52145,False,0.8616500000000004,0.23163704007204913,0.2457409919225904,0.029474699131438464,98.222899361,0.03516999999999982,0.15536890186473185,0.015703998075511136,98.7852429295,9.868019999999998
194322,10.12,278.75,52.405594,-1.52145,False,0.8215000000000003,0.25755858880393256,0.24570234046727907,0.028884561428015824,98.037488271,0.03652999999999982,0.1544905969809864,0.013788840093032183,98.57098423199999,9.86147
194422,10.12,278.75,52.405594,-1.52145,False,0.7613400000000003,0.29012617638232585,0.24160404797930723,0.028090941600450677,98.396246126,0.002879999999999819,0.15484232697233702,0.013338419863107638,98.31927522149999,9.88374
194522,10.12,278.75,52.405594,-1.52145,False,0.7116300000000003,0.3277319095778767,0.22062977435813255,0.0282391788517682,98.82288861299999,0.006559999999999819,0.15476784190804888,0.013702509907964943,98.3559503825,9.90838
194621,10.12,278.75,52.405594,-1.52145,False,0.6507900000000004,0.3043997972331145,0.20312853730250297,0.02544008429405884,97.74314830099999,-0.02775000000000018,0.11998426980227787,0.010379167168477926,98.3456093295,9.85896
194721,10.12,278.75,52.405594,-1.52145,False,0.6333500000000003,0.2901083523635896,0.20901635262977455,0.01875472088716562,97.904082206,3.999999999981796e-05,0.1168301825537453,0.00887806910939589,98.434734246,9.868530000000002
194821,10.12,278.75,52.405594,-1.52145,False,0.6485300000000003,0.2784897127563543,0.1488205257646806,0.01807940510328864,98.754104063,0.0003699999999998177,0.11654972281766605,0.008997561398023926,98.180665506,9.9118
194922,1.01,286.22,52.405693,-1.522239,False,0.5947300000000004,0.19782555755571013,0.13891029119538817,0.011710470149017969,97.947000804,-0.029870000000000185,0.10985662423757019,0.008843855368439539,97.971826526,9.87627
195021,1.01,286.22,52.405693,-1.522239,False,0.5629100000000002,0.17694249191319095,0.10220631693887747,0.009373485062779574,97.13144346800001,-0.023930000000000184,0.10354746683948725,0.007014595893966749,97.88965763600001,9.837530000000001
195121,1.01,286.22,52.405693,-1.522239,False,0.49668000000000034,0.18540918591652103,0.1007554470542377,0.009740317129216422,96.865146831,-0.029040000000000184,0.09855611148526974,0.007704226834096421,97.83556674799999,9.82743
195221,1.01,286.22,52.405693,-1.522239,False,0.4813800000000004,0.1755790027942606,0.0951072751043045,0.011472406509143595,97.003886158,-0.030100000000000182,0.09677166711151233,0.007766516450628171,97.61339275949999,9.83546
195322,1.01,286.22,52.405693,-1.522239,False,0.45263000000000037,0.19490268255381007,0.10437632766947519,0.011751576726358248,97.25757773299999,-0.006510000000000182,0.1184176174017067,0.008419316414590303,97.647533002,9.8493
195421,1.01,286.22,52.405693,-1.522239,False,0.4314200000000003,0.21675707754689613,0.09907773659544762,0.011988216436704096,97.067369695,0.015379999999999816,0.10878631245595066,0.0083780732338177,97.7318079105,9.84023
195521,1.01,286.22,52.405693,-1.522239,False,0.3959400000000004,0.2677681592555683,0.10512129501987161,0.012656768062096533,96.83851894,0.016569999999999818,0.10891112635736717,0.007040233581990783,97.83070377649999,9.8289
195621,1.01,286.22,52.405693,-1.522239,False,0.4015500000000004,0.27044131115231285,0.15631376885393264,0.016056622033013064,97.900807622,0.04655999999999982,0.12635636729322985,0.006837811540746625,97.8219779615,9.881890000000002
195722,1.01,286.22,52.405693,-1.522239,False,0.3366400000000004,0.24805909779728688,0.16376361995941022,0.01831870931891876,97.091075961,0.03641999999999982,0.12448699887488213,0.006761336159870165,97.4975790835,9.84369
195821,1.01,286.22,52.405693,-1.522239,False,0.2733600000000004,0.2750486995263106,0.16649937737617768,0.01889357327535056,96.77582365999999,0.054189999999999815,0.1173253070170828,0.00800028471716208,97.7649638615,9.82894
195921,1.01,286.22,52.405693,-1.522239,False,0.27383000000000035,0.27581233172818237,0.21054327187854,0.02498658528979848,97.779170173,0.08445999999999983,0.09816687832454574,0.010313965720758982,97.8630854885,9.879059999999999
196021,1.01,286.22,52.405693,-1.522239,False,0.22240000000000038,0.2705545991313295,0.2351546583279208,0.02498324104941676,97.30978795399999,0.09457999999999982,0.08081194631150067,0.010701614623768597,97.220615711,9.8562
196122,1.01,286.22,52.405693,-1.522239,False,0.21661000000000036,0.2722294720349869,0.23789229215477786,0.025267115211496563,97.704667895,0.10269999999999982,0.07840476176006718,0.011341570535967396,97.284907363,9.87624
196221,1.01,286.22,52.405693,-1.522239,False,0.17730000000000035,0.25165382307183354,0.25357800815963755,0.027578262373751643,98.40158086199999,0.1258099999999998,0.10964545336871358,0.011370527203652012,97.70273351,9.91238
196321,1.01,286.22,52.405693,-1.522239,False,0.03470000000000033,0.5058999044606903,0.3036453933272769,0.027730250229266014,97.387464358,0.11860999999999981,0.1074126875393718,0.011017642417711044,97.3225210455,9.85256
196422,1.01,286.22,52.405693,-1.522239,False,-0.04454999999999966,0.5470810467075865,0.3051192235103247,0.03280626803252927,97.240773876,0.1403699999999998,0.11776547362348662,0.011582822530708102,97.15407178550001,9.84305
196522,1.01,286.22,52.405693,-1.522239,False,-0.01914999999999966,0.5512770270522412,0.3400921672461886,0.04039667753114709,98.485022871,0.1712999999999998,0.12649296862315138,0.013064714990304234,97.66177090549999,9.904900000000001
196621,1.01,286.22,52.405693,-1.522239,False,-0.12328999999999968,0.5314592102044262,0.32767435748856366,0.04065691276468841,98.19534722,0.1581399999999998,0.12503030032750623,0.014316517267365362,98.04807742099999,9.89087
196722,1.01,286.22,52.405693,-1.522239,False,-0.22417999999999969,0.5732104282993392,0.36621450848131337,0.037651088223906254,97.681933256,0.16307999999999984,0.11944843424855289,0.014436158307069485,97.3865046085,9.859779999999999
196825,1.01,286.22,52.405693,-1.522239,False,-0.20145999999999967,0.5825857193962494,0.38985815711185745,0.03838489865095872,98.852343144,0.1963299999999998,0.14123002552962183,0.014429583808585509,97.814083402,9.91814
196922,1.01,286.22,52.405693,-1.522239,False,-0.34319999999999967,0.512910865117474,0.39826375473211384,0.04020431154324863,97.235352459,0.1927799999999998,0.14270273531594685,0.01660687943126422,97.50726131600001,9.835550000000001
197022,1.01,286.22,52.405693,-1.522239,False,-0.3944799999999996,0.4984272348542405,0.3852700439662621,0.0447654182005105,97.727855367,0.2089599999999998,0.12697398858728645,0.01726225490613976,97.5188216605,9.859770000000001
197122,1.01,286.22,52.405693,-1.522239,False,-0.4236499999999997,0.4728586921880335,0.3994342270984864,0.04429793198082397,98.164002501,0.2310299999999998,0.1285774479101905,0.016711635999443027,97.93433519800001,9.88128
197221,1.01,286.22,52.405693,-1.522239,False,-0.5188999999999997,0.44547059511387527,0.4180396520267605,0.04194241555063503,96.616132482,0.21087999999999982,0.12459889245088246,0.017158295693664182,97.50885667200001,9.79852
197321,1.01,286.22,52.405693,-1.522239,False,-0.4528399999999997,0.37406572565674945,0.3906821420427338,0.04244999149325835,97.489881001,0.21135999999999983,0.12420352651992847,0.01739374089212343,97.4386726795,9.849950000000002
197422,1.01,286.22,52.405693,-1.522239,False,-0.4142299999999996,0.3716708760598693,0.3907037765366333,0.04009040339587983,97.860263966,0.20816999999999983,0.12245659593862412,0.01864676319841814,97.550518921,9.87051
197522,1.01,286.22,52.405693,-1.522239,False,-0.4950199999999996,0.3119293110804279,0.3563668560782543,0.03380427487759396,96.525136111,0.19295999999999983,0.1131481545977459,0.018021024758138354,97.505079491,9.80195
197621,1.01,286.22,52.405693,-1.522239,False,-0.47701999999999967,0.3168165006926098,0.3614506795923419,0.028694174786297606,96.61585270600001,0.2026399999999998,0.10948622642946614,0.016219316330299615,97.405599963,9.80716
197721,1.01,286.22,52.405693,-1.522239,False,-0.4463599999999997,0.28644538824083715,0.3333967433020791,0.028751968048580556,97.02325513000001,0.20740999999999982,0.10350545288903547,0.015770580909475834,97.35259419299999,9.83108
197821,1.01,286.22,52.405693,-1.522239,False,-0.4971499999999997,0.21081561322107284,0.29578516302657054,0.028843333525943555,96.420401547,0.1927199999999998,0.07642023873867057,0.015864989407150257,97.6363723455,9.800740000000001
197922,1.01,286.22,52.405693,-1.522239,False,-0.44527999999999973,0.20857978915619782,0.2967503739583695,0.02721080055174042,98.01607045,0.2045399999999998,0.07366734841304373,0.013671885182539612,97.62571145449999,9.8843
198021,1.01,286.22,52.405693,-1.522239,False,-0.47406999999999966,0.23469960966686143,0.3341717923131241,0.022642673575940554,97.31794683,0.19370999999999983,0.08706459224167275,0.013086044305123588,97.5229010985,9.84597
198121,1.01,286.22,52.405693,-1.522239,False,-0.48466999999999966,0.2215566947758503,0.32968480047866133,0.021082591554801706,97.24403575400001,0.18646999999999983,0.07597164748910425,0.014075921126365343,97.7040191275,9.84211
198221,1.01,286.22,52.405693,-1.522239,False,-0.4422799999999997,0.18614205328189415,0.28214241557528047,0.020357693058561332,98.511296342,0.19312999999999983,0.07461535513692032,0.012795902121820614,97.563714412,9.910239999999998
198322,1.01,286.22,52.405693,-1.522239,False,-0.45586999999999966,0.1996890808231623,0.3019818206448657,0.01783654488215874,97.912517291,0.1979699999999998,0.07091639913766914,0.012168611716675493,97.701199146,9.8786
198421,1.01,286.22,52.405693,-1.522239,False,-0.4586699999999996,0.1968336130395966,0.3147603442832673,0.02111209237485415,98.32045742400001,0.19327999999999984,0.06825603432817308,0.012914802015950995,98.090360695,9.89879
198521,1.01,286.22,52.405693,-1.522239,False,-0.4548599999999997,0.19346504823582045,0.3138178742873164,0.021996578016691026,98.338028968,0.18859999999999982,0.0701303231292194,0.01285966994565615,97.4315825395,9.89994
198622,1.01,286.22,52.405693,-1.522239,False,-0.47860999999999965,0.1894980647805008,0.30186247070845074,0.02273938335917414,97.749043478,0.1896299999999998,0.07052632369066063,0.013051777231051328,97.182448092,9.86943
198722,1.01,286.22,52.405693,-1.522239,False,-0.4534399999999996,0.19163701335829764,0.2858202620917728,0.024784080912283128,98.613460094,0.19788999999999982,0.06458113673673417,0.012941921547182792,97.818357612,9.9147
198821,1.01,286.22,52.405693,-1.522239,False,-0.4849499999999997,0.20587955621349574,0.3135548195912111,0.02526428308897623,97.606258005,0.18795999999999982,0.05861187213817741,0.012868346177090303,97.013329776,9.86126
198921,1.01,286.22,52.405693,-1.522239,False,-0.5062899999999997,0.18540720020778065,0.29378718469136295,0.02519960317147733,97.284837774,0.18889999999999982,0.05964118636561161,0.01279008296385616,97.65045411199999,9.84479
199022,1.01,286.22,52.405693,-1.522239,False,-0.48676999999999965,0.16159722941794152,0.25343919301391277,0.02451145990484037,97.893732294,0.20258999999999983,0.03705276867729611,0.012109706850295828,97.605839562,9.878029999999999
199121,1.01,286.22,52.405693,-1.522239,False,-0.5381399999999997,0.1692552720334292,0.26776619071286395,0.0244532569973349,96.47440185999999,0.1831199999999998,0.049063197340978706,0.011021594964235298,96.85921880699999,9.80278
199222,1.01,286.22,52.405693,-1.522239,False,-0.5130899999999996,0.20577892371290987,0.30444633261780824,0.026423735121623285,97.01663965200001,0.19405999999999982,0.06511910796539479,0.011564605964373045,97.763967997,9.83015
199322,1.01,286.22,52.405693,-1.522239,False,-0.5236599999999996,0.21822003268871934,0.3061146083486268,0.025963352377275876,96.999449583,0.18487999999999982,0.0747005101870711,0.010887041226465919,97.455983437,9.828429999999999
199422,1.01,286.22,52.405693,-1.522239,False,-0.5779999999999996,0.22101598735536185,0.30989331784411606,0.02506304051786076,95.53828807799998,0.1741399999999998,0.07867022873282717,0.011242286244358921,96.92937275099999,9.750580000000001
199522,1.01,286.22,52.405693,-1.522239,False,-0.5359099999999997,0.2552660331236134,0.3590181612552491,0.025808448229212275,96.83789027399999,0.1989799999999998,0.10304490714671652,0.011716754385640881,97.587959621,9.81713
199622,1.01,286.22,52.405693,-1.522239,False,-0.5599599999999997,0.26843226830369254,0.37237165201208833,0.02517557016898056,96.21322400099999,0.18585999999999983,0.10847840747759614,0.011655942690323313,96.9811337395,9.78315
199721,1.01,286.22,52.405693,-1.522239,False,-0.6020499999999996,0.26048242103194863,0.37106328076666906,0.02227029910490996,95.24662217,0.18166999999999983,0.10905261777890032,0.012723298838486559,96.930041132,9.73135
199821,1.01,286.22,52.405693,-1.522239,False,-0.5911699999999998,0.2578427257500606,0.3612801073958956,0.02315493947783396,95.917951123,0.18148999999999985,0.10906340103091837,0.012629348536030833,96.762104564,9.766839999999998
199922,1.01,286.22,52.405693,-1.522239,False,-0.5614399999999996,0.29282236632849806,0.3891611885410161,0.023562738946620736,96.347726344,0.18775999999999984,0.11516090385961844,0.0147114467903999,96.816282059,9.788720000000001
200022,1.01,286.22,52.405693,-1.522239,False,-0.5753899999999997,0.29758649704282797,0.40312948898446893,0.026130061444838617,95.84313898100001,0.18694999999999984,0.115153127520551,0.0149107157589616,96.86843563749999,9.76146
200121,1.01,286.22,52.405693,-1.522239,False,-0.5410199999999997,0.28959401006696545,0.39139608256142977,0.02627927785241396,96.979111751,0.2014899999999998,0.10792252828347591,0.014544628638171658,96.7267568055,9.82207
200222,1.01,286.22,52.405693,-1.522239,False,-0.5328999999999997,0.3024932763256421,0.39611290211530753,0.023289329936449867,97.047409983,0.1981899999999998,0.10438693458042365,0.013816318853687707,97.0320248175,9.82547
200322,1.01,286.22,52.405693,-1.522239,False,-0.5338699999999996,0.30344404225124744,0.4131685909596043,0.022543589874826415,96.71387746399999,0.20260999999999982,0.09955139878468083,0.014008271366116758,96.85666352349999,9.807770000000001
200422,1.01,286.22,52.405693,-1.522239,False,-0.47929999999999967,0.2926072756747124,0.3988801630119408,0.021966643904893068,98.19484001200001,0.21989999999999985,0.09470451121478349,0.012411088232351425,96.86656404499999,9.8866
200521,1.01,286.22,52.405693,-1.522239,False,-0.4876899999999996,0.28389322895138547,0.38288546082490427,0.02548453997579137,97.899689716,0.20686999999999983,0.0755808037062021,0.013055271391710442,97.368789995,9.87205
200622,1.01,286.22,52.405693,-1.522239,False,-0.48319999999999963,0.2787628821138922,0.39135029562896356,0.027137110711675034,97.754552221,0.2139599999999998,0.06582417995427861,0.012802760119082447,96.983888111,9.86475
200721,1.01,286.22,52.405693,-1.522239,False,-0.42293999999999965,0.280646797396458,0.39219501724976424,0.025949106171716994,99.294009464,0.2293299999999998,0.06700827560821603,0.010700472471401115,97.270315817,9.94514
200821,1.01,286.22,52.405693,-1.522239,False,-0.3997699999999996,0.2740005070960429,0.39063321870463424,0.02867307874024648,99.613336353,0.23047999999999985,0.06606042351924636,0.011206292874992238,97.76564373800001,9.96236
200921,1.01,286.22,52.405693,-1.522239,False,-0.41181999999999963,0.26356746047686147,0.38094280483498133,0.028563887457182663,99.392089239,0.22555999999999982,0.06076016970194247,0.009316079289778217,97.86990779150001,9.95135
201021,1.01,286.22,52.405693,-1.522239,False,-0.39407999999999965,0.24518336811455993,0.34987017338179754,0.02787707341566099,99.897217566,0.22844999999999982,0.05924810826785922,0.010115334893126451,97.8701782735,9.978860000000001
201122,1.01,286.22,52.405693,-1.522239,False,-0.41844999999999966,0.2626082432911125,0.3548811508409673,0.0301940925053586,99.43601414,0.2310999999999998,0.05927170957161772,0.01013342105225692,98.2075629455,9.954170000000001
201222,1.01,286.22,52.405693,-1.522239,False,-0.42526999999999965,0.2533658270827638,0.34764524206915376,0.02832102673907649,99.30234559600001,0.22628999999999982,0.056221732650362614,0.010029229504032,98.1748777895,9.947610000000001
201321,1.01,286.22,52.405693,-1.522239,False,-0.4156099999999997,0.23867368448713897,0.32611594410575345,0.029514215030876544,99.52789044400001,0.2260199999999998,0.056781389752355034,0.011278637624587792,98.12088395399999,9.960329999999999
201422,1.01,286.22,52.405693,-1.522239,False,-0.4235599999999996,0.23521276042482542,0.32193812811364914,0.029824637466362106,99.399614417,0.2261499999999998,0.05690276794661774,0.01134166360519629,98.7972272145,9.95375
201521,1.01,286.22,52.405693,-1.522239,False,-0.4207999999999997,0.23754772152138118,0.32172414840458213,0.02950039547757392,99.392977633,0.21951999999999985,0.056289051629246155,0.01115909693678414,98.64633367450001,9.95349
201621,1.01,286.22,52.405693,-1.522239,False,-0.4243699999999996,0.24328228254437198,0.3196684673219848,0.029928821114993214,99.419985112,0.21759999999999985,0.05887721687251586,0.011468294458108368,98.58726866650001,9.954629999999998
201721,1.01,286.22,52.405693,-1.522239,False,-0.43150999999999967,0.235044551096169,0.31672909016309553,0.02984508893156902,99.37229360799999,0.21016999999999983,0.05105757207949907,0.012014787185431633,99.333151536,9.95219
201822,1.01,286.22,52.405693,-1.522239,False,-0.44717999999999963,0.2354963495824642,0.3239833399351621,0.027290095883548367,98.82159285899999,0.20335999999999982,0.058582158831165375,0.01152728164930152,99.217464606,9.92357
201921,1.01,286.22,52.405693,-1.522239,False,-0.47632999999999975,0.22717923931947906,0.3093026881371659,0.02786482450051272,98.052501613,0.19484999999999983,0.05470174179623608,0.011812258227982738,98.72229542599999,9.88398
202021,1.01,286.22,52.405693,-1.522239,False,-0.4534599999999996,0.2302617409239599,0.3109928359303271,0.029253231540386865,98.762265092,0.19588999999999981,0.05518609828961433,0.012208835598318465,99.329741329,9.920779999999999
202121,1.01,286.22,52.405693,-1.522239,False,-0.4572199999999997,0.23484207837987053,0.3447497875271106,0.02759524113562451,98.117235588,0.16805999999999982,0.0885786681116333,0.012597305708412904,98.776624864,9.88694
202221,1.01,286.22,52.405693,-1.522239,False,-0.46157999999999966,0.2286481664041928,0.33248667492094797,0.029151565614520737,97.88648355699999,0.17672999999999983,0.09968788012808232,0.012586324147885943,98.5944145765,9.87557
202321,1.01,286.22,52.405693,-1.522239,False,-0.4541699999999997,0.22080880643669876,0.31994780477097473,0.02667997376310422,98.097027613,0.17873999999999982,0.09860020509324975,0.011229133735268564,98.8124590285,9.8871
202421,1.01,286.22,52.405693,-1.522239,False,-0.49596999999999963,0.24100904570391207,0.3323247175412599,0.02821344045348158,96.923764364,0.1484299999999998,0.11161986133493813,0.01196134514918286,98.1616893905,9.824770000000001
202521,1.01,286.22,52.405693,-1.522239,False,-0.4875999999999997,0.252512833557248,0.3547723470370981,0.027403527753434635,97.24661290399999,0.14590999999999982,0.11074775593406311,0.011370214500082224,98.3197952685,9.840639999999999
202621,1.01,286.22,52.405693,-1.522239,False,-0.4857999999999996,0.25018699228998786,0.3666945480308436,0.02632607705932015,97.07882528,0.13318999999999984,0.11864040392897678,0.011269447388605452,98.249405196,9.83186
202722,1.01,286.22,52.405693,-1.522239,False,-0.5484599999999996,0.25335876714431627,0.3413416895135882,0.03173313900500612,95.602593149,0.12256999999999982,0.11378485595381634,0.011779497253943278,97.48744337849999,9.75393
202822,1.01,286.22,52.405693,-1.522239,False,-0.48497999999999963,0.328582520668535,0.40045955559413987,0.034009843346366274,96.984342365,0.1364299999999998,0.1213811906533742,0.012013515536913292,97.902967612,9.82383
202922,1.01,286.22,52.405693,-1.522239,False,-0.5233099999999997,0.3578194841288291,0.4230464651390636,0.033072237433968976,96.238658344,0.1126699999999998,0.1344947338910736,0.0114096693885343,97.1455799785,9.782050000000002
203022,1.01,286.22,52.405693,-1.522239,False,-0.5913099999999997,0.379441028795427,0.4320806176063714,0.032504146744,94.77469548000002,0.09387999999999982,0.13033622162182262,0.015049636392805552,96.768480286,9.70193
203121,1.01,286.22,52.405693,-1.522239,False,-0.5412299999999998,0.39207277683273595,0.4870263803030597,0.038777633874294316,96.837302623,0.1282499999999998,0.13773963562536579,0.016279216470364663,97.4772691055,9.80778
203222,1.01,286.22,52.405693,-1.522239,False,-0.5735499999999997,0.37225592525692286,0.4731845945881441,0.041262002967485924,95.863020426,0.09612999999999983,0.12367513043807594,0.015131574787696743,96.8747519915,9.75745
203322,1.01,286.22,52.405693,-1.522239,False,-0.6266399999999998,0.41711640315117826,0.47120170486391194,0.04239350579196372,96.12189592600001,0.09527999999999984,0.12337277567504099,0.015195412319369937,97.1094617695,9.765899999999998
203421,1.01,286.22,52.405693,-1.522239,False,-0.5901899999999997,0.41771456615466085,0.462007545032174,0.04198069000544491,96.883542526,0.10932999999999982,0.11544287716821312,0.014968129104500415,96.903653445,9.80745
203521,1.01,286.22,52.405693,-1.522239,False,-0.6813899999999997,0.40911353612957213,0.42313988545947473,0.04141814417216923,96.050459395,0.10505999999999982,0.1137597780900497,0.015877170892689235,96.64853614949999,9.760860000000001
203622,1.01,286.22,52.405693,-1.522239,False,-0.6406399999999997,0.41947035969978275,0.3991228554941038,0.04212744684617984,97.06678988399999,0.1227199999999998,0.11137338401365454,0.01632040304513519,97.072807582,9.816040000000001
203722,1.01,286.22,52.405693,-1.522239,False,-0.6582199999999997,0.4323291616349727,0.38409354821158675,0.037556430134457315,97.796938452,0.1255599999999998,0.11173150555380357,0.015027619017443731,96.69976580049999,9.852039999999999
203821,1.01,286.22,52.405693,-1.522239,False,-0.8225799999999996,0.41963945053395774,0.3365020151829878,0.0329487548238833,97.2237619,0.10932999999999982,0.10190519613830422,0.01431642413454225,97.1040521325,9.81258
203922,1.01,286.22,52.405693,-1.522239,False,-0.8291399999999995,0.4220354940312719,0.3042047256554374,0.03302014368364888,97.93937868399999,0.14304999999999984,0.09608040903319656,0.014437408970375612,97.089018514,9.849279999999998
204021,1.01,286.22,52.405693,-1.522239,False,-0.9176299999999997,0.5390436285166921,0.24096370150799135,0.03217531835290895,99.02904295,0.17627999999999983,0.11111513348268702,0.011315422121064704,96.901869215,9.893089999999999
204121,1.01,286.22,52.405693,-1.522239,False,-0.9964399999999995,0.48161554561473036,0.11569576195056845,0.02631427369318654,97.914173462,0.18476999999999982,0.12477768719690517,0.008398280247241841,97.3757380425,9.833639999999999
204221,1.01,286.22,52.405693,-1.522239,False,-1.2443799999999996,0.760020711413691,0.11922961041616016,0.015967466924967463,98.74346893799999,0.19641999999999982,0.11055976563725299,0.007955878329895496,97.303244682,9.831700000000001
204321,1.01,286.22,52.405693,-1.522239,False,-1.3745299999999996,0.8510380146229238,0.11074854852317075,0.014735535280400567,99.44650594999999,0.24467999999999984,0.1688129326272395,0.008952125756246765,97.784200938,9.84349
204422,1.01,286.22,52.405693,-1.522239,False,-1.6121299999999994,0.8858958529834795,0.12220837214451313,0.015589187848560525,99.740922321,0.2712999999999998,0.16652139668986182,0.00896154748541982,98.31223242349999,9.81948
204521,1.01,286.22,52.405693,-1.522239,False,-1.7708099999999996,0.9169230749874479,0.1204951916974777,0.01707355329807336,100.24699660799999,0.28059999999999985,0.16000544435177516,0.008188365730317317,98.14872800149999,9.815369999999998
204621,1.01,286.22,52.405693,-1.522239,False,-1.8724199999999995,0.7912000053364739,0.11696222562097572,0.014947407802021365,100.29814750599999,0.26705999999999985,0.17379943868975997,0.008027618991131141,98.682468695,9.809
204721,1.01,286.22,52.405693,-1.522239,False,-1.99395,0.7367913382438087,0.12051420202149873,0.015050289772032679,100.787761125,0.30455999999999983,0.1860028984242157,0.008570783705906746,99.29234978849999,9.81378
204822,1.01,286.22,52.405693,-1.522239,False,-2.1429399999999994,0.7823642490695832,0.09690082902977144,0.016457082230926748,100.870747378,0.3526399999999998,0.18780361610525304,0.010068520800555312,99.04725463899999,9.78362
204921,1.01,286.22,52.405693,-1.522239,False,-2.27898,0.6713659505482429,0.12710006556511436,0.01556780509755582,101.89517913,0.38010999999999984,0.19581959072344687,0.009639415611614474,99.917278907,9.8123
205022,1.01,286.22,52.405693,-1.522239,False,-2.2953799999999998,0.6626928831165484,0.12496040973040001,0.015514881744811505,102.20830061,0.4252799999999999,0.2398604307137997,0.009343238791297993,100.61867178,9.82498
205121,1.01,286.22,52.405693,-1.522239,False,-2.3965599999999996,0.5039486420040908,0.12222890001955225,0.016761360989554292,102.280090038,0.4198899999999998,0.2412480210626689,0.008579465147800705,100.09713174999999,9.81298
205222,1.01,286.22,52.405693,-1.522239,False,-2.2965799999999996,0.4718373679328161,0.15258755628596757,0.018845854244956706,101.495817935,0.43649999999999983,0.22332821387164326,0.008189865010425682,100.1196434365,9.79797
205321,1.01,286.22,52.405693,-1.522239,False,-2.3128299999999995,0.4810742193836055,0.1642502007439711,0.020149620895246467,101.14958186300001,0.40690999999999977,0.21676222738800563,0.008389947688891059,100.2980439065,9.77588
205422,1.01,286.22,52.405693,-1.522239,False,-2.2697,0.45135929516663703,0.21594140048734004,0.021440719307998395,102.09857588,0.3946899999999998,0.22194931578575539,0.011002025066125838,100.9197491005,9.83472
205521,1.01,286.22,52.405693,-1.522239,False,-2.20985,0.43569489133259715,0.23930362605784558,0.02287545020807574,102.45344858000001,0.39488999999999985,0.2217747428260097,0.017731766848107934,101.350222594,9.866489999999999
205621,1.01,286.22,52.405693,-1.522239,False,-2.1660199999999996,0.5385206377970335,0.24039813828080642,0.02893264976150909,102.256602298,0.45408999999999977,0.19815666333032966,0.020174835810982575,101.27737490199999,9.86164
205721,1.01,286.22,52.405693,-1.522239,False,-2.28942,0.6787101603613783,0.2544765409401766,0.03265550829832775,103.38384733299999,0.4938199999999998,0.24778952000076548,0.020343232562973258,102.085804229,9.88279
205821,1.01,286.22,52.405693,-1.522239,False,-2.17806,0.6350158374227908,0.25109930859674967,0.03256186590340058,103.414329365,0.42216999999999977,0.31585351756081936,0.02012180685503206,102.1425383715,9.91215
205922,1.01,286.22,52.405693,-1.522239,False,-2.13469,0.6362156019079551,0.24846755567319187,0.03333774804098762,102.73704043699999,0.37092999999999987,0.3331612090598323,0.021190566559467317,102.31610978350001,9.88738
206022,1.01,286.22,52.405693,-1.522239,False,-2.11168,0.6436679644385256,0.24919949081450946,0.0349689401866529,102.571137284,0.3134999999999998,0.29445783323855124,0.025984704902865252,102.389718947,9.88348
206121,1.01,286.22,52.405693,-1.522239,False,-2.03394,0.699403430233376,0.2640206094648885,0.033722766790403334,101.9541758,0.2958799999999998,0.29795360861865006,0.026355874318853677,102.117132919,9.8648
206221,1.01,286.22,52.405693,-1.522239,False,-1.9159999999999997,0.8002390795533766,0.22688668145620672,0.03195382780061007,102.42296237600002,0.33638999999999986,0.3229094728660862,0.028176367165885084,101.9593901555,9.906020000000002
206322,1.01,286.22,52.405693,-1.522239,False,-1.7936899999999998,0.7720079568530596,0.202475563408934,0.030276510880731286,102.39432559500001,0.3205899999999998,0.3277547167216976,0.028597699985218092,101.77195372899999,9.92994
206421,1.01,286.22,52.405693,-1.522239,False,-1.7372599999999998,0.7458116923489706,0.16842426718785528,0.02965167411425039,101.436241462,0.34508999999999984,0.33151718390184426,0.028614217522842433,101.76740867100001,9.89404
206522,1.01,286.22,52.405693,-1.522239,False,-1.7537999999999996,0.7551701471265281,0.1415288902583742,0.031125023873260573,100.789822677,0.35578999999999983,0.32880061993045834,0.028647142576143245,101.6216356285,9.858130000000001
206622,1.01,286.22,52.405693,-1.522239,False,-1.91532,0.7342865846823263,0.27023250071824245,0.030011384876778874,100.110530616,0.32994999999999985,0.31332743345507186,0.025577585673573426,101.18356645700001,9.7924
206722,1.01,286.22,52.405693,-1.522239,False,-1.69316,0.5164109500517241,0.2747903784907716,0.02601129028368548,99.12873707700001,0.31761999999999985,0.2888539069418007,0.026122202136200985,101.256292205,9.79561
206821,1.01,286.22,52.405693,-1.522239,False,-1.7371999999999996,0.5542465516356335,0.275077949558529,0.04193331875993304,98.34402746900001,0.3604499999999998,0.24106264861139856,0.029101212269519897,100.879178417,9.74585
206922,1.01,286.22,52.405693,-1.522239,False,-1.7595599999999998,0.5669708226864665,0.29528661330983513,0.041174648349033866,97.658237426,0.36079999999999984,0.24055042899333176,0.03126292799254044,100.1976389315,9.70538
207021,1.01,286.22,52.405693,-1.522239,False,-1.7084699999999997,0.5835359344357198,0.29303319038405723,0.03982581658505695,97.117723187,0.3652699999999999,0.23857495933607387,0.027515781330398878,99.8444302355,9.685820000000001
207122,1.01,286.22,52.405693,-1.522239,False,-1.7886599999999997,0.5685611258059845,0.30484949291958174,0.039839572733093985,97.03056935600002,0.3954099999999998,0.2291320504764507,0.02650201040592322,99.492372578,9.667300000000001
207222,1.01,286.22,52.405693,-1.522239,False,-1.8679899999999996,0.4619173818624465,0.2958297303066857,0.05190773438408596,96.910861379,0.4325199999999999,0.30105289605351676,0.029972290907141725,99.6669118775,9.65146
207321,1.01,286.22,52.405693,-1.522239,False,-1.84306,0.49511990736250683,0.3423363331578937,0.055530393079425325,97.596788585,0.42345999999999984,0.3113622620392676,0.026664499911974063,99.99555709,9.688849999999999
207421,1.01,286.22,52.405693,-1.522239,False,-1.7724599999999995,0.5492542240772096,0.3349956311489473,0.058570853578284315,97.002140466,0.4062199999999999,0.31137087496708005,0.023937659776086435,99.219190964,9.66892
207521,1.01,286.22,52.405693,-1.522239,False,-1.7767499999999998,0.5532081630513577,0.3317655102293949,0.06339362393455265,96.735687403,0.39595999999999987,0.3158742056226893,0.02561800582056167,98.76275504,9.654239999999998
207622,1.01,286.22,52.405693,-1.522239,False,-1.7280699999999996,0.49547275527743523,0.28699606578796377,0.06051163708099586,98.071385359,0.34814999999999985,0.35159393955715496,0.025540303661296237,99.0909579875,9.73602
207721,1.01,286.22,52.405693,-1.522239,False,-1.7177199999999995,0.5076080044898951,0.26143729989764186,0.06107757271608639,97.671449876,0.28129999999999983,0.31809227522142425,0.02315383577533592,98.4000934765,9.71738
207821,1.01,286.22,52.405693,-1.522239,False,-1.6428799999999995,0.45676839937396935,0.3504932342031896,0.05825732190510895,99.35615334699999,0.3063799999999998,0.32832303131043933,0.025378109552221577,98.850090408,9.81625
207922,5.76,289.45,52.40572,-1.522383,False,-1.4829699999999997,0.5339485015741922,0.3195184162662964,0.058512623519297466,99.616474262,0.2659099999999998,0.384269449590877,0.025811472470806965,98.637355844,9.85235
208021,5.76,289.45,52.40572,-1.522383,False,-1.5062199999999997,0.5306656298147246,0.343358346014433,0.05851051567405961,99.263834072,0.25490999999999986,0.3850736277360012,0.025823643343952655,98.19077862949999,9.83034
208122,5.76,289.45,52.40572,-1.522383,False,-1.3541799999999997,0.5728265450087476,0.31796763357295943,0.05911371715224384,100.20358356799998,0.14944999999999986,0.4585200328835609,0.035112595081159284,98.617076462,9.89866
208222,5.76,289.45,52.40572,-1.522383,False,-1.2804399999999998,0.5847753722584359,0.3147870666550969,0.051623246270991976,100.611189524,0.055389999999999814,0.3286200387816828,0.03426692769031752,98.76102545149999,9.928479999999999
208321,5.76,289.45,52.40572,-1.522383,False,-1.2397099999999996,0.6080272224351593,0.29870952984832955,0.04797465650389378,99.80177476200001,-0.0013500000000001787,0.37209773880286856,0.03174442383229791,98.6992816735,9.89201
208421,5.76,289.45,52.40572,-1.522383,False,-1.2110299999999998,0.6222408037800812,0.2949787956597501,0.0610605164297404,99.858033402,-0.04197000000000018,0.3538108410184849,0.03246210782504065,98.430086934,9.89771
208521,5.76,289.45,52.40572,-1.522383,False,-1.1758699999999997,0.5640122734086096,0.30311154969011567,0.06028556488358771,99.560988887,-0.10036000000000019,0.3528716644270842,0.026366833122106494,98.148338145,9.88986
208621,5.76,289.45,52.40572,-1.522383,False,-1.0080299999999998,0.51653339797366,0.31210337318834463,0.06585215427168768,99.502474471,-0.1137900000000002,0.3550417642099566,0.02586141699306155,98.786929915,9.9075
208721,5.76,289.45,52.40572,-1.522383,False,-1.0123099999999998,0.5179412975103065,0.3118229314138765,0.06324955511481606,99.485526414,-0.12769000000000016,0.3470014679763802,0.025806547403498453,98.578488145,9.90615
208821,5.76,289.45,52.40572,-1.522383,False,-0.9088199999999999,0.4899003658341541,0.23825459048857256,0.06022732952922747,98.316391485,-0.23179000000000016,0.27350496420436143,0.02558894075355626,98.836272416,9.86019
208921,5.76,289.45,52.40572,-1.522383,False,-0.9080799999999997,0.49051081945253105,0.2642609905209243,0.06299236373473233,97.80762298799999,-0.18528000000000017,0.2885086280242399,0.022442878108163908,98.712048625,9.8338
209021,5.76,289.45,52.40572,-1.522383,False,-0.7626099999999997,0.49689329605727295,0.2666635418566712,0.06346094949739597,97.545251466,-0.19157000000000018,0.2802243190731039,0.023335583224864325,98.404542769,9.832469999999999
209121,5.76,289.45,52.40572,-1.522383,False,-0.8602799999999997,0.5406567586432822,0.2630804695229855,0.06311807277722477,96.664370237,-0.18601000000000018,0.27187894140179847,0.024924884932312406,98.4339769025,9.77747
209221,5.76,289.45,52.40572,-1.522383,False,-0.8264699999999998,0.5508596636167816,0.25899234844980606,0.06410315991517924,96.536066754,-0.2012100000000002,0.2566092552673688,0.022997490201230257,98.57362813900001,9.77341
209322,5.76,289.45,52.40572,-1.522383,False,-0.8110399999999997,0.555382111103092,0.3117709502895285,0.06032903207503864,95.29551380299999,-0.09134000000000017,0.33767781225433524,0.024101028101632525,97.54864428249999,9.70941
209421,5.76,289.45,52.40572,-1.522383,False,-0.7675399999999997,0.5724546468207422,0.32822818096222117,0.0466030626079915,95.80595550299999,-0.10358000000000016,0.3393427071396614,0.02344246858446136,97.8319944525,9.73781
209521,5.76,289.45,52.40572,-1.522383,False,-0.6521899999999997,0.4123560771145828,0.32776194884565524,0.042860353345356594,95.516958825,-0.08046000000000017,0.327761014561909,0.02563097301660437,97.53897385600001,9.73868
209622,5.76,289.45,52.40572,-1.522383,False,-0.7089799999999997,0.4113855336947661,0.30421130978316896,0.032928071441990336,95.119287661,-0.09729000000000017,0.3401348962788909,0.02931971085199453,97.31088106600001,9.71499
209721,5.76,289.45,52.40572,-1.522383,False,-0.6153599999999997,0.39738419473126607,0.3490026195380705,0.03402261339494885,95.66210575,-0.02919000000000017,0.4191134305491201,0.02903853569923381,97.573816082,9.74842
209821,5.76,289.45,52.40572,-1.522383,False,-0.5685299999999998,0.43009466154427406,0.3459213243884486,0.03755309722394469,94.39391826300002,-0.0060500000000001716,0.39577917875163526,0.028920982386882055,96.355154874,9.684859999999999
209922,5.76,289.45,52.40572,-1.522383,False,-0.5878699999999997,0.4330473416511245,0.3748523976180366,0.03659515602432072,95.83402591500001,0.02003999999999983,0.4122150630704898,0.029152596606288914,96.82082445149999,9.756699999999999
210022,5.76,289.45,52.40572,-1.522383,False,-0.6394099999999997,0.396105043447365,0.3555989651278393,0.04944194800189567,96.359601051,0.07271999999999983,0.45721688459148296,0.031147250636650747,96.95242625850001,9.78242
210121,5.76,289.45,52.40572,-1.522383,False,-0.49130999999999975,0.3000726151006259,0.35548903968100476,0.047902706952042566,97.16181135100001,0.14123999999999984,0.40451103597084764,0.01800183941219164,96.913090794,9.83492
210222,5.76,289.45,52.40572,-1.522383,False,-0.5110699999999998,0.30899161459315344,0.3513452978671029,0.04848181904361377,96.77772301,0.17434999999999984,0.4024188565550792,0.016961197546822446,96.656894882,9.814250000000001
210321,5.76,289.45,52.40572,-1.522383,False,-0.5293499999999998,0.3197737646454919,0.28614394221554923,0.045328015619481216,98.46246578600001,0.07711999999999983,0.4054903966529463,0.016826860141521814,96.8789897945,9.90033
210421,5.76,289.45,52.40572,-1.522383,False,-0.5514899999999997,0.31534894411675196,0.2863566356447272,0.052950119084956206,97.89519909399999,0.10476999999999984,0.3937436448869682,0.018368647806039938,96.8505772985,9.87055
210521,5.76,289.45,52.40572,-1.522383,False,-0.6649099999999997,0.5269398288440689,0.2711138967297491,0.05640217095900495,98.563333926,0.24337999999999985,0.5251977464621069,0.01929103418689923,97.04014637549999,9.88965
210622,5.76,289.45,52.40572,-1.522383,False,-0.6390899999999997,0.5172078680547815,0.2825746029320594,0.056777817460303005,99.021932677,0.21931999999999982,0.5618719541753935,0.023529274909735238,97.070610169,9.91468
210722,5.76,289.45,52.40572,-1.522383,False,-0.6905299999999996,0.4993154693066129,0.2509784012397842,0.057108240308304414,98.402542308,0.16761999999999982,0.5387473965907582,0.03053697940385119,97.032324029,9.881530000000001
210821,5.76,289.45,52.40572,-1.522383,False,-0.8050199999999996,0.4791308932733128,0.27684333736688305,0.05655430428652859,98.335215255,0.2608099999999999,0.5348964644364865,0.030599266512634463,96.364566759,9.86973
210921,5.76,289.45,52.40572,-1.522383,False,-0.8339799999999997,0.4831103067048333,0.34979009324639837,0.054586165320934354,96.16323545999998,0.23703999999999978,0.5349594152830537,0.030141510689857435,95.9986306875,9.75436
211022,5.76,289.45,52.40572,-1.522383,False,-0.9282199999999998,0.5234725203442381,0.35087514715191737,0.04522590825818438,96.308817492,0.23481999999999986,0.5331258675647368,0.024711715620106482,96.33420927149999,9.7514
211121,5.76,289.45,52.40572,-1.522383,False,-0.9532199999999996,0.4798554546249594,0.4561458124571706,0.08258651288867354,97.631461692,0.19789999999999983,0.5520021799473741,0.03356095780649016,97.3966365215,9.8147
211221,5.76,289.45,52.40572,-1.522383,False,-1.0456999999999996,0.5182835624550559,0.4591068973803509,0.09494734213119242,98.248040129,0.24121999999999982,0.5773560114868354,0.03547914724016088,97.5128815695,9.83479
211321,5.76,289.45,52.40572,-1.522383,False,-1.0912099999999998,0.5121587892874992,0.4515870434121953,0.10044479080569549,97.805255409,0.3221399999999998,0.537185095764112,0.034508036101112485,98.1338605975,9.8079
211421,5.76,289.45,52.40572,-1.522383,False,-1.0851599999999997,0.5189964958134682,0.4512112499828668,0.10239019267271394,98.069213609,0.3313999999999998,0.5332621494162014,0.03483105255691175,97.9822063515,9.82171
211521,5.76,289.45,52.40572,-1.522383,False,-0.9940299999999997,0.4369830356483389,0.4852532172885404,0.11448124737265894,96.82790443900001,0.21857999999999983,0.4231042472015456,0.03551845998913981,97.6956191825,9.77016
211621,5.76,289.45,52.40572,-1.522383,False,-0.9978799999999998,0.43426582693603394,0.46993242351071857,0.12047532527451392,96.31640749200001,0.24257999999999985,0.37319468199138817,0.03697328765473964,97.6691700845,9.74434
211722,5.76,289.45,52.40572,-1.522383,False,-1.1167299999999998,0.5174738684760304,0.4862738740211597,0.12135914743712811,95.286211832,0.24278999999999984,0.37314144905114294,0.037800471778362627,96.84437707000001,9.67395
211821,5.76,289.45,52.40572,-1.522383,False,-0.9943999999999997,0.619038313300014,0.47177677160094783,0.12424996534763628,96.31010103000001,0.24346999999999985,0.3739918687470031,0.03784971598308396,97.3226581425,9.7353
211922,5.76,289.45,52.40572,-1.522383,False,-0.9139099999999999,0.6653842155727221,0.4243352841012913,0.12422144921246238,98.388700667,0.21864999999999984,0.3903266957875557,0.04143644262938001,97.27596806350002,9.848500000000001
212021,5.76,289.45,52.40572,-1.522383,False,-0.8363799999999998,0.6276076743387405,0.42227177715041303,0.12287025858377759,98.281542974,0.20309999999999984,0.37528906488493474,0.04137211084239814,97.295180233,9.852260000000001
212121,5.76,289.45,52.40572,-1.522383,False,-0.8780299999999996,0.5996310922373617,0.30468774927053793,0.0990839716828326,96.001475098,0.2195199999999998,0.3580170722186117,0.03317365253062056,96.816468395,9.73773
212221,5.76,289.45,52.40572,-1.522383,False,-0.7716699999999996,0.5390520177950203,0.2984600291496176,0.08243978341121971,95.605588762,0.1736999999999998,0.31116905373122566,0.030353086974622745,96.9268144455,9.729769999999998
212321,5.76,289.45,52.40572,-1.522383,False,-0.7525799999999997,0.5240470034050112,0.3029058286002278,0.08331272078406977,95.05616317100001,0.13697999999999982,0.29799329522656426,0.030417547932441023,96.43070929000001,9.70361
212421,5.76,289.45,52.40572,-1.522383,False,-0.7410599999999997,0.5306230430143153,0.297169707593324,0.08124494103908483,94.61891747600001,0.13042999999999982,0.2979311331685518,0.030729914849650843,96.34406554249999,9.68178
212522,5.76,289.45,52.40572,-1.522383,False,-0.7222799999999998,0.5248688996099616,0.2975314183223001,0.05693894293207547,96.41478305199999,0.06220999999999982,0.36769698409301255,0.0319014123685964,96.62134374550001,9.77576
212622,5.76,289.45,52.40572,-1.522383,False,-0.6728999999999997,0.5459774089750468,0.36485542403044396,0.042350579164345314,97.50242249600001,0.07053999999999981,0.3569858546839503,0.027726740001508238,96.909414994,9.831660000000001
212721,5.76,289.45,52.40572,-1.522383,False,-0.4586499999999997,0.38524524728483145,0.3073521642820816,0.051147986818207015,98.064693117,0.033819999999999815,0.3657004080452062,0.021687449007307614,96.6754524745,9.88108
212821,5.76,289.45,52.40572,-1.522383,False,-0.5292299999999998,0.35961042516712993,0.32355901213430016,0.058862593290550935,97.4302742,0.026919999999999812,0.35285142545330644,0.0244918784724903,96.87018761499999,9.84579
212921,5.76,289.45,52.40572,-1.522383,False,-0.5720799999999997,0.3437012811536517,0.3022593081003863,0.05821651159441061,96.92150911,0.08987999999999981,0.379040829814748,0.017187320908161365,97.6551048885,9.818639999999998
213021,5.76,289.45,52.40572,-1.522383,False,-0.6164799999999998,0.3968260878520901,0.31809688950240017,0.05421388608506465,96.658718598,0.07283999999999981,0.3637606300852059,0.01758888853794127,97.470130786,9.800299999999998
213122,5.76,289.45,52.40572,-1.522383,False,-0.6609899999999997,0.4301155541117799,0.32384032502315413,0.06404692377034488,96.623166754,0.10171999999999981,0.3640621979826883,0.01824872598293154,96.31232092600001,9.794149999999998
213221,5.76,289.45,52.40572,-1.522383,False,-0.6511999999999998,0.4331434070964323,0.34894961495575405,0.0719079975462468,95.545559368,0.1217599999999998,0.3798576698361105,0.019642190984378124,95.575574065,9.738740000000002
213321,5.76,289.45,52.40572,-1.522383,False,-0.49877999999999967,0.5360283342427957,0.3464936196301969,0.07607605551171896,95.541865992,0.09893999999999979,0.3900244983758321,0.01954585491720842,95.2990145815,9.74302
213422,5.76,289.45,52.40572,-1.522383,False,-0.5333999999999998,0.5414057853813898,0.3814233636437654,0.07846493625959397,96.802185059,0.1290199999999998,0.4018357674473319,0.021150623841603492,95.7105512675,9.80423
213521,5.76,289.45,52.40572,-1.522383,False,-0.4370299999999997,0.5766060354445716,0.3929571818630733,0.07874867547386949,96.932604466,0.1088699999999998,0.4427035929628405,0.02340483330900561,96.673693759,9.81343
213621,5.76,289.45,52.40572,-1.522383,False,-0.3154499999999997,0.729557931977377,0.3348065119504632,0.07473191271322915,96.113566383,0.1262599999999998,0.427520006549385,0.02278240305343149,96.80799443949999,9.76904
213721,5.76,289.45,52.40572,-1.522383,False,-0.32801999999999976,0.7208919441297059,0.3349933506802653,0.06928940595630549,96.069624589,0.1926899999999998,0.4212719165416241,0.025755062069859953,97.067158853,9.766950000000001
213823,5.76,289.45,52.40572,-1.522383,False,-0.23182999999999976,0.7261764937748312,0.37523668397424864,0.06126214709481371,97.6513673,0.1700199999999998,0.4027290647017445,0.029724370846534964,97.54082075,9.84867
213922,5.76,289.45,52.40572,-1.522383,False,-0.20548999999999973,0.7141047253574045,0.3964317019781882,0.0622808727548919,98.300298624,0.18911999999999982,0.4245910393150721,0.02844514408861971,97.610903867,9.88219
214021,5.76,289.45,52.40572,-1.522383,False,-0.15854999999999975,0.6532044741120475,0.4119013043867976,0.0655361003145928,97.97815079600001,0.15004999999999982,0.43159161574081123,0.02721623085995441,97.318434697,9.86997
214122,5.76,289.45,52.40572,-1.522383,False,0.006080000000000263,0.5820607887306746,0.4441888757424295,0.06076899885815257,97.396312104,0.09489999999999983,0.4541620831572841,0.0272199599967071,97.009739429,9.84448
214222,5.76,289.45,52.40572,-1.522383,False,0.04597000000000026,0.5576720184042844,0.4097531283861196,0.05419480192375906,98.28517905700001,0.02219999999999982,0.44449925384262734,0.03194779769840002,96.9153692125,9.89202
214322,5.76,289.45,52.40572,-1.522383,False,-0.013769999999999737,0.5374641653170908,0.39538631235791316,0.05437132516317701,98.835839545,0.031009999999999822,0.44139084079001817,0.030828623063641963,97.1888527685,9.92144
214422,5.76,289.45,52.40572,-1.522383,False,0.08068000000000027,0.4695805239194253,0.4209963854423765,0.04957790838669908,96.86386273299999,-0.03367000000000018,0.4277928030405828,0.029889678634756254,96.83302389600001,9.823409999999999
214522,5.76,289.45,52.40572,-1.522383,False,0.039430000000000257,0.4778917172795965,0.3893679107077006,0.0606634028426066,96.05826369399999,0.009919999999999828,0.3638230485643431,0.027884157190461025,96.49543408000001,9.78339
214622,5.76,289.45,52.40572,-1.522383,False,-0.07774999999999974,0.35083493190450876,0.3936174713827737,0.0776240197647891,96.091747933,0.02110999999999983,0.3604941252410628,0.027905801865882568,96.10265715800001,9.78956
214722,5.76,289.45,52.40572,-1.522383,False,-0.055629999999999735,0.3674434803098555,0.3932267369681993,0.07968623469583641,96.29593263699999,-0.11373000000000018,0.4260889475475836,0.024958420979258537,96.18277861300001,9.7996
214821,5.76,289.45,52.40572,-1.522383,False,-0.09647999999999973,0.35377364326170974,0.38526191437340324,0.0789197630508349,93.901022914,-0.14605000000000018,0.3964362278825724,0.021644812054832093,95.776195107,9.67706
214921,5.76,289.45,52.40572,-1.522383,False,0.006080000000000263,0.4059708413174488,0.35728887176748475,0.0815832335716103,93.539642383,-0.24623000000000017,0.2624982457083946,0.02373588235375352,95.91997050350001,9.65797
215022,5.76,289.45,52.40572,-1.522383,False,0.011050000000000271,0.39592606001625763,0.35214759216365493,0.07434341934562816,93.643774147,-0.21980000000000016,0.29117823865572695,0.023167544347885212,95.8109624715,9.663900000000002
215121,5.76,289.45,52.40572,-1.522383,False,-0.012989999999999734,0.36886032119970924,0.3631652277774677,0.07904975648286287,93.482360667,-0.1452900000000002,0.3525724809642954,0.024098768986543378,95.4393363855,9.65614
215221,5.76,289.45,52.40572,-1.522383,False,0.025260000000000265,0.37987394166427474,0.36156654850800823,0.07969578617049496,92.818929867,-0.28642000000000023,0.5972435457071709,0.018558738582616377,95.552054462,9.62137
215321,5.76,289.45,52.40572,-1.522383,False,-0.04826999999999973,0.47057025464382307,0.3878852535078931,0.07547958443623407,93.37636777,-0.24600000000000016,0.6264798019267716,0.018456197393351043,96.1061036575,9.64569
215421,5.76,289.45,52.40572,-1.522383,False,-0.09670999999999973,0.4693918440090528,0.36788018596034144,0.07908906652909975,93.964683746,-0.1440200000000002,0.7051732581429795,0.021945915843781423,95.4142732395,9.67653
215521,5.76,289.45,52.40572,-1.522383,False,-0.10467999999999973,0.4726117006121964,0.36230872424861693,0.07610570207868009,93.25683241300001,-0.20248000000000022,0.7442298641324814,0.021924945204545812,94.6575480535,9.63985
215622,5.76,289.45,52.40572,-1.522383,False,-0.03508999999999974,0.5068930271763433,0.3488934063578642,0.05686377093057027,93.043689292,-0.2796600000000002,0.7636043335538418,0.022224113530630116,94.56771861249999,9.62817
215722,5.76,289.45,52.40572,-1.522383,False,-0.14617999999999973,0.5485762335355011,0.39907145684283135,0.056977216694237935,93.962043341,-0.20942000000000022,0.732625021261056,0.022045813409557007,95.128987989,9.67091
215821,5.76,289.45,52.40572,-1.522383,False,-0.12493999999999975,0.5515820120344723,0.35440518807337695,0.06183113203628746,95.09911387,-0.2945500000000002,0.7486611579642882,0.02296537490320074,94.500068392,9.73122
215921,5.76,289.45,52.40572,-1.522383,False,-0.2622699999999997,0.5088290785934098,0.37371239922342087,0.05562467577932909,95.431115863,-0.28037000000000023,0.7498757305195354,0.021792325356523156,94.485379123,9.74698
216021,5.76,289.45,52.40572,-1.522383,False,-0.22325999999999974,0.4863475396599942,0.3663002079351371,0.052142434201371636,96.671976351,-0.3775900000000002,0.748090222499923,0.02204496415158265,95.157875249,9.81267
216122,5.76,289.45,52.40572,-1.522383,False,-0.34976999999999975,0.5088713940345463,0.2899096236568891,0.051233430925952735,98.403222618,-0.4740700000000002,0.692715171625383,0.02569760256868136,95.9427916425,9.89809
216222,5.76,289.45,52.40572,-1.522383,False,-0.43313999999999975,0.45728813236295063,0.2614385918974536,0.053949565954385506,98.849281854,-0.3826200000000002,0.5674239582925881,0.026255642779751145,95.83410586049999,9.92028
216322,5.76,289.45,52.40572,-1.522383,False,-0.3765999999999997,0.4342271704483164,0.2638408619687905,0.054355766330107594,98.839311434,-0.5381500000000001,0.5622426843553366,0.026736252957778962,96.107839602,9.92296
216422,5.76,289.45,52.40572,-1.522383,False,-0.4515299999999997,0.4823651960219857,0.23730108395124103,0.04943795775177804,99.643657739,-0.6706800000000002,0.3230235347462829,0.028502132473828753,96.8041707425,9.9589
216521,5.76,289.45,52.40572,-1.522383,False,-0.4351899999999998,0.49032630960298706,0.1825494806590198,0.046672804358283325,100.471363287,-0.5674200000000003,0.3975561310473237,0.027974551927701787,96.86409785,10.00178
216621,5.76,289.45,52.40572,-1.522383,False,-0.43273999999999974,0.4955253490544666,0.22060964419331347,0.04767985947965791,99.824643712,-0.5194800000000002,0.3956556971239645,0.03399866010431912,96.434166502,9.96858
216721,5.76,289.45,52.40572,-1.522383,False,-0.47959999999999975,0.5552282553649002,0.19682660756217424,0.046800883182548915,99.141871249,-0.6143500000000002,0.42088970117542535,0.031501818289674806,96.551957295,9.929730000000001
216821,5.76,289.45,52.40572,-1.522383,False,-0.4954099999999998,0.5408309377450752,0.20820024042037244,0.043996509962596034,98.96063927600001,-0.6285900000000002,0.4302928884944209,0.03153450491128939,97.029876573,9.92033
216922,12.31,313.84,52.406147,-1.52351,False,-0.47227999999999976,0.5345117082180871,0.2292823480146271,0.03992074926929787,99.174501938,-0.7379700000000001,0.43657934508579116,0.03083814557041908,97.3028089005,9.93212
217021,12.31,313.84,52.406147,-1.52351,False,-0.42513999999999974,0.5704071064696745,0.4122159390955574,0.040244397815788965,101.149984942,-0.6866900000000002,0.4577352569383611,0.08121964458594247,98.9109806465,10.02614
217121,12.31,313.84,52.406147,-1.52351,False,-0.37764999999999976,0.5360755694033321,0.5926615732814423,0.049213412805859384,98.575772479,-0.8739000000000001,0.7052294803820826,0.08424773587462245,98.4894975485,9.892339999999999
217222,12.31,313.84,52.406147,-1.52351,False,-0.27620999999999973,0.5948430464323216,0.6712552169050261,0.0655946949074384,97.068158623,-0.7026500000000001,0.9157107564315423,0.08834837670646145,97.9587202385,9.811620000000001
217321,12.31,313.84,52.406147,-1.52351,False,-0.3973599999999997,0.709361202773309,0.663195992817267,0.07062640441081454,96.890662348,-0.6194900000000001,0.9010396691846745,0.08657146116873068,97.864986891,9.79204
217421,12.31,313.84,52.406147,-1.52351,False,-0.30523999999999973,0.6735682365828494,0.6830001419391374,0.07388615567208734,95.387100907,-0.6293000000000001,0.9007088122386877,0.08660847790167311,97.515379323,9.71935
217521,12.31,313.84,52.406147,-1.52351,False,-0.4061999999999998,0.7214121290912675,0.6800886478165054,0.07494934289238248,94.686246426,-0.6489400000000001,0.8842724105161164,0.08211923309703155,97.5788048565,9.676599999999999
217621,12.31,313.84,52.406147,-1.52351,False,-0.5761199999999997,0.6778965142261721,0.6820892448124973,0.07452392904295857,94.59249432300001,-0.6674400000000001,0.878493468261296,0.08257492220873075,97.20856901750001,9.66583
217721,12.31,313.84,52.406147,-1.52351,False,-0.5092599999999997,0.6306732120872421,0.6798760870759993,0.07670071707617813,94.30526983,-0.5462600000000001,0.8897251425768055,0.08589043666853294,96.7235705395,9.65774
217821,12.31,313.84,52.406147,-1.52351,False,-0.6458599999999997,0.682197200554531,0.6799455422638188,0.08198050242452593,94.58391171000001,-0.4594500000000001,0.888782013331844,0.0864382991246109,96.772275493,9.66084
217922,12.31,313.84,52.406147,-1.52351,False,-0.6925499999999998,0.6870955525495182,0.6458684953868924,0.08541633723513666,93.810879763,-0.37189000000000016,0.8439618704525472,0.08903225383097058,96.4926908505,9.6193
218022,12.31,313.84,52.406147,-1.52351,False,-0.8100799999999998,0.6213723499909914,0.4276042152375094,0.08367200514176991,91.162724844,-0.39831000000000016,0.8452443899711858,0.054557929457291626,96.156354893,9.48654
218122,12.31,313.84,52.406147,-1.52351,False,-0.8418099999999997,0.6131824007222886,0.3375869336597209,0.08585926210309994,93.497861951,-0.2417500000000002,0.5101816849580662,0.050334145688810165,96.03681721500001,9.609800000000002
218221,12.31,313.84,52.406147,-1.52351,False,-0.9550299999999996,0.4157472604305996,0.22557459101393668,0.0772128580253598,94.944627236,-0.41187000000000024,0.30606761435267804,0.027165329210433835,96.0063929295,9.68665
218321,12.31,313.84,52.406147,-1.52351,False,-0.8547399999999998,0.3906055788416442,0.22172840844398992,0.0707430216424987,94.68347732599999,-0.36511000000000016,0.34331742179955765,0.023342571980542418,95.787069837,9.68356
218422,12.31,313.84,52.406147,-1.52351,False,-0.8392199999999997,0.4241352111453694,0.15320417785133675,0.06997988917459656,95.67058653500001,-0.3360000000000002,0.3288827180351783,0.0203149206250021,95.528843721,9.73567
218521,12.31,313.84,52.406147,-1.52351,False,-0.7407699999999997,0.45505243910271204,0.1688536499786228,0.06660960891643133,96.630713385,-0.4394300000000001,0.39099441328771717,0.0202046226833839,95.6584799055,9.79132
218621,12.31,313.84,52.406147,-1.52351,False,-0.6661699999999997,0.4358814493516366,0.28001583367927907,0.07251142515340397,98.711976529,-0.4073200000000002,0.3983192376864256,0.02131332394953702,96.652235426,9.900839999999999
218722,12.31,313.84,52.406147,-1.52351,False,-0.5580799999999997,0.5629247666330588,0.27724937110436915,0.06445711408025873,98.92864046,-0.5458700000000002,0.45032835440127605,0.02594062665224648,96.616955145,9.91276
218822,12.31,313.84,52.406147,-1.52351,False,-0.47311999999999965,0.46299664457626916,0.27284801304428086,0.060100134960099326,99.628410252,-0.4309300000000002,0.6741956459366851,0.035685572870716775,97.10616098099999,9.957139999999999
218921,12.31,313.84,52.406147,-1.52351,False,-0.3469299999999997,0.48479480206692277,0.27339573677890183,0.05937783443526846,99.75619137099999,-0.5142900000000001,0.7169647356119371,0.03917366036850259,96.783535567,9.9678
219021,12.31,313.84,52.406147,-1.52351,False,-0.22832999999999976,0.4483401438144389,0.2547765646382692,0.05940723487552241,100.20008345800001,-0.43049000000000015,0.7595059745942941,0.037207974055751214,95.68140415100001,9.99543
219121,12.31,313.84,52.406147,-1.52351,False,-0.15516999999999975,0.39356536672944864,0.3469806949480861,0.05484327670735884,98.86760271099999,-0.2813200000000001,0.8140984758887767,0.03424380073661522,96.182732331,9.92954
219222,12.31,313.84,52.406147,-1.52351,False,0.01648000000000025,0.5080083787585458,0.3341227658610776,0.05888184119252854,99.53381427399998,-0.43655000000000016,1.029954231183754,0.03095971576097104,97.23922075499999,9.959959999999999
219322,12.31,313.84,52.406147,-1.52351,False,-0.013739999999999752,0.5491023830863495,0.3716065033517615,0.07048283084868522,100.716089126,-0.4855500000000002,1.014285981203847,0.024847132631354393,97.699783226,10.016
219421,12.31,313.84,52.406147,-1.52351,False,0.05435000000000025,0.5944658821160363,0.3902919774561801,0.08248277665333757,102.34269624800001,-0.5614400000000002,1.0316745806912313,0.025357490675014468,99.0066413915,10.09379
219521,12.31,313.84,52.406147,-1.52351,False,-0.010849999999999749,0.6549145122329557,0.4052633340050366,0.08329149349656792,101.747815432,-0.5137500000000002,1.0149305375793432,0.024392722047549362,99.18926440850001,10.06051
219621,12.31,313.84,52.406147,-1.52351,False,-0.048389999999999746,0.6915662922349183,0.4868860383429822,0.0845860147358227,98.58704152800001,-0.5351600000000001,1.0093931017090227,0.02867510728450527,98.64950902849999,9.896510000000001
219721,12.31,313.84,52.406147,-1.52351,False,-0.05600999999999974,0.6857794226685081,0.48690892703072597,0.0803206912597518,98.594143364,-0.4800800000000002,0.9767505320079235,0.032244911743303635,98.761391912,9.89719
219821,12.31,313.84,52.406147,-1.52351,False,-0.08812999999999974,0.7223930555990793,0.4865713920439084,0.07951061494472805,97.625955535,-0.6155200000000002,0.8187612876914769,0.043156625601794195,98.6271828935,9.84558
219921,12.31,313.84,52.406147,-1.52351,False,-0.1801899999999997,0.7268453135907841,0.5337496275304362,0.07895217680483639,98.726035887,-0.6024,0.809160986591794,0.04379039087897525,99.241113629,9.897559999999999
220021,12.31,313.84,52.406147,-1.52351,False,-0.17006999999999975,0.7330384150158062,0.5463936964822579,0.08561269700744635,99.351572683,-0.5238000000000002,0.9334496070430758,0.04197098998117753,99.7758280705,9.92826
220121,12.31,313.84,52.406147,-1.52351,False,-0.12785999999999975,0.748888673227794,0.4923778933795445,0.08727892771008446,100.80310156699998,-0.6095900000000002,0.8493059172053279,0.04421180837740191,99.835352139,10.00319
220221,12.31,313.84,52.406147,-1.52351,False,-0.18066999999999972,0.6703668018331431,0.5453887135693944,0.09323518410747889,99.36730050700001,-0.4090900000000001,0.6124153700262825,0.04204581628018144,99.4505573905,9.9329
220322,12.31,313.84,52.406147,-1.52351,False,-0.08109999999999973,0.6420659779181551,0.603151547291385,0.08564573025616071,96.165143605,-0.4764900000000001,0.6487688810354454,0.040490752030557575,98.44061636549999,9.77037
220422,12.31,313.84,52.406147,-1.52351,False,-0.013509999999999734,0.7588114001515772,0.6132021740194795,0.06253482229925925,92.928897979,-0.43140000000000017,0.6142993244339311,0.044093775070865794,97.63579711349999,9.59542
220522,12.31,313.84,52.406147,-1.52351,False,0.09692000000000027,0.7060313335822975,0.6329140661346567,0.06212300432743573,93.56931561799999,-0.4817100000000002,0.6511832315101364,0.042759727938019396,97.658565525,9.63072
220621,12.31,313.84,52.406147,-1.52351,False,0.16353000000000026,0.6393494159430072,0.7736681240830683,0.09206691769215077,98.24525060099998,-0.5966800000000001,0.7309562972192166,0.04215268015731087,98.4161460645,9.86468
220721,12.31,313.84,52.406147,-1.52351,False,0.09328000000000025,0.6513543459592462,0.9405358076354322,0.10121737938164976,101.75368569499999,-0.5987600000000002,0.7315080696752315,0.042873961276696376,100.17391452949998,10.02831
220821,12.31,313.84,52.406147,-1.52351,False,0.17180000000000026,0.5504572422591544,0.9307968094296597,0.1011401030474281,102.903381764,-0.6654700000000002,0.7298784206975728,0.037222490214625405,100.2646686495,10.09066
220922,12.31,313.84,52.406147,-1.52351,False,0.22996000000000025,0.4834437028008285,0.9364430622781502,0.10117581452325637,100.642880932,-0.5127000000000003,0.79093906353284,0.03663897287497889,99.6844584095,9.979499999999998
221021,12.31,313.84,52.406147,-1.52351,False,0.18442000000000025,0.49964555614733086,0.9449839352543937,0.09936833220118155,99.00052620099999,-0.7084200000000002,0.565970222616766,0.036719053485744904,99.176049442,9.89637
221122,12.31,313.84,52.406147,-1.52351,False,0.16721000000000025,0.4977039022685386,0.9461445682346813,0.09855328451598566,98.384263661,-0.6821700000000002,0.596956797338695,0.03211364542094725,99.59368261399999,9.86548
221222,12.31,313.84,52.406147,-1.52351,False,0.15275000000000025,0.4879555973651677,0.9708978236663174,0.08359712182711619,97.839192629,-0.7092100000000002,0.582875150439597,0.037984318401737195,98.60324656799999,9.83632
221321,12.31,313.84,52.406147,-1.52351,False,0.15591000000000024,0.4883912376363827,0.9475004827908429,0.07444043405449856,98.25354801299999,-0.6098700000000001,0.596046463606455,0.03871993600775381,97.20934580899998,9.85934
221421,12.31,313.84,52.406147,-1.52351,False,0.04999000000000024,0.2504207856566346,0.9014828300577222,0.07473660117743837,98.84826453299999,-0.6390000000000002,0.6059671919978514,0.03478109320370116,95.888581256,9.90242
221521,12.31,313.84,52.406147,-1.52351,False,0.05105000000000024,0.25151695878320574,0.9020643276519772,0.07055759585851305,97.92612,-0.7478100000000001,0.776693169004183,0.0477489325069751,95.74771780899998,9.85567
221621,12.31,313.84,52.406147,-1.52351,False,0.14735000000000026,0.33839884833662365,0.7523539713606985,0.0482087774396131,94.04565907499999,-0.7965100000000002,0.8445755060646897,0.0604890844147392,96.145454838,9.664959999999999
221722,12.31,313.84,52.406147,-1.52351,False,0.08581000000000025,0.46538735705980294,0.38166889431663553,0.041414726312695625,88.916502899,-0.6637900000000002,0.9452654647123001,0.0594078081287871,95.335094297,9.41186
221822,12.31,313.84,52.406147,-1.52351,False,0.18709000000000026,0.5115002301509182,0.24713977174419466,0.04228810707515682,87.20778811,-0.5271800000000002,0.9966865882066914,0.05584818807366299,95.05558493699999,9.32107
221921,12.31,313.84,52.406147,-1.52351,False,0.057840000000000245,0.7036882709457818,0.3230003102853606,0.04308616173823401,88.438026268,-0.6300400000000002,0.9360624447356211,0.05658604951752795,94.5404536,9.37524
222022,12.31,313.84,52.406147,-1.52351,False,0.10385000000000025,0.701600511924935,0.3476507060893722,0.04315539878676099,89.106350138,-0.6200300000000001,0.9335375170107787,0.0604464170429767,94.0534381695,9.40977
222121,12.31,313.84,52.406147,-1.52351,False,0.15293000000000023,0.7213308041391258,0.3451734444851927,0.04719174127370564,89.08923616199999,-0.4997900000000001,1.0936587802722797,0.0589451911147609,93.73674991149998,9.40693
222221,12.31,313.84,52.406147,-1.52351,False,-0.08788999999999977,0.9875006525454931,0.5001664407419172,0.0980806493543844,92.875037443,-0.8006700000000002,1.4621527728736845,0.09535705998450776,95.35711503600001,9.579379999999999
222321,12.31,313.84,52.406147,-1.52351,False,-0.2582899999999998,1.0699905258666738,0.616778750985034,0.09574535671944233,96.71445349400001,-0.8994500000000001,1.4422255134571182,0.0921678426688091,97.4840007535,9.76089
222422,12.31,313.84,52.406147,-1.52351,False,-0.012819999999999786,1.4363319082533341,0.6493219000533409,0.10058736611633765,96.977193385,-0.7958500000000001,1.474691948434574,0.09143223416522518,97.91272895899999,9.73349
222522,12.31,313.84,52.406147,-1.52351,False,0.15299000000000024,1.565035752839744,0.7133467102328238,0.09840059225205651,95.81542747,-0.46190000000000014,1.4959077942469827,0.10189075631391858,96.87077373499999,9.65037
222622,12.31,313.84,52.406147,-1.52351,False,0.1016400000000002,1.5490542463781636,0.7663893881920116,0.10136572727833898,94.590147987,-0.3066500000000002,1.3917162979173858,0.09913118412823879,94.317903531,9.58601
222722,12.31,313.84,52.406147,-1.52351,False,0.24516000000000018,1.508022737965917,0.7795505756524029,0.09691472998924786,94.26736418600001,-0.2958500000000003,1.399452840894924,0.09766889019084442,91.59193354249999,9.5715
222821,12.31,313.84,52.406147,-1.52351,False,0.2596700000000002,1.5150957058512469,0.7767991803977778,0.1012643646874629,95.12276928700001,-0.2569800000000002,1.4265721968722347,0.09324656740777885,91.1652786985,9.6149
222921,12.31,313.84,52.406147,-1.52351,False,0.3861200000000002,1.4166068095589857,0.7684196295716968,0.1008842025955167,94.509187142,-0.2791200000000002,1.4338470535203098,0.08919328325483868,91.473606705,9.59284
223021,12.31,313.84,52.406147,-1.52351,False,0.48757000000000017,1.444391806686199,0.7745637597311672,0.10087001591707537,94.991467632,-0.16758000000000023,1.4333153850038989,0.07822860800954606,92.04890888499999,9.60917
223122,12.31,313.84,52.406147,-1.52351,False,0.3664400000000002,1.4813272616137187,0.8251018574158607,0.09945226046255076,96.67575073200001,-0.39920000000000017,1.3631167676403246,0.07976469840168152,92.882493447,9.69298
223221,12.31,313.84,52.406147,-1.52351,False,0.6213800000000002,1.2212398961711004,0.7464205371861937,0.037827097870881704,94.21231211900002,-0.023650000000000185,0.7924213332845294,0.054393554560976144,93.543674781,9.59075
223321,12.31,313.84,52.406147,-1.52351,False,0.7658500000000001,1.0137343419807339,0.602832062573533,0.03783169746830379,91.855504206,0.11707999999999982,0.7039397856193137,0.05409202960387766,94.28497885,9.48773
223421,12.31,313.84,52.406147,-1.52351,False,0.4389800000000002,0.797931934997521,0.5708870506111943,0.06652176001546777,92.12350937100001,0.12009999999999983,0.703835908906795,0.055491726109995726,94.55035137799999,9.54277
223521,12.31,313.84,52.406147,-1.52351,False,0.3199500000000002,0.6159192159330267,0.5089931145572193,0.06522203870880812,93.45661755500001,-0.15555000000000016,0.7994792614223527,0.03275767085737507,94.63602251249999,9.63222
223621,12.31,313.84,52.406147,-1.52351,False,0.2865500000000002,0.6256960324310828,0.47545916567273455,0.0651140034435326,96.879113419,-0.09315000000000016,0.7956760790533822,0.04666391539508995,95.734630703,9.810260000000001
223721,12.31,313.84,52.406147,-1.52351,False,0.18200000000000022,0.6721200537602379,0.3630793968878347,0.05800569033388917,99.584322206,-0.22480000000000017,0.7669899593721964,0.047162386142632545,96.92584319599999,9.951179999999999
223822,12.31,313.84,52.406147,-1.52351,False,0.0877100000000002,0.6097102489434343,0.3572648169697565,0.06526506296974191,99.84707261,-0.33633000000000013,0.6763011378076966,0.049034051660273144,97.48492094849999,9.96945
223921,12.31,313.84,52.406147,-1.52351,False,0.1334100000000002,0.6134911797790289,0.37854637232443444,0.06525010429961813,99.427115497,-0.4411800000000001,0.8220399406354806,0.04911682332290482,96.96815131950001,9.94694
224022,12.31,313.84,52.406147,-1.52351,False,0.06533000000000022,0.49671665978816226,0.4518527267447382,0.06555038859110125,100.916716593,-0.5492600000000001,0.7795989669909248,0.051985383629547445,97.95409211249999,10.0253
224122,12.31,313.84,52.406147,-1.52351,False,0.02804000000000023,0.5604618754007944,0.42610823990049784,0.06730468780107321,99.41338768899999,-0.5365100000000002,0.7713147051193288,0.055368426622640965,98.0445692105,9.94819
224221,12.31,313.84,52.406147,-1.52351,False,-0.033359999999999786,0.5325542167495957,0.4212867443914994,0.0690956052630455,100.43990116900001,-0.5984200000000002,0.7300594462857765,0.0552879382063685,97.32610664399999,10.00119
224322,12.31,313.84,52.406147,-1.52351,False,-0.11624999999999978,0.5928277344876629,0.46684407592065474,0.06949647872774195,102.15191950599998,-0.7852000000000002,0.7055093794163383,0.05926608642385721,97.003711856,10.08097
224422,12.31,313.84,52.406147,-1.52351,False,0.01030000000000022,0.6367467471452034,0.41705935309016545,0.06181052499372524,103.505892056,-0.9461100000000002,0.6602126483186924,0.05806318397516144,97.8147007135,10.14812
224522,12.31,313.84,52.406147,-1.52351,False,-0.06486999999999979,0.5806773746620767,0.41287527589385964,0.06834424628306271,105.409441128,-0.92634,0.640088235584216,0.06248275228679865,99.4330293415,10.24443
224621,12.31,313.84,52.406147,-1.52351,False,0.03286000000000021,0.6639707158870437,0.41410940972430027,0.07728910804390327,105.53291004299999,-1.0984600000000002,0.5446200371716684,0.05202795829594467,101.206011731,10.24601
224721,12.31,313.84,52.406147,-1.52351,False,0.0932200000000002,0.631984609165619,0.4177748910065583,0.07669244204396282,105.787090812,-1.1343100000000002,0.5242625581603833,0.05173415055196565,102.68570650899998,10.25972
224821,12.31,313.84,52.406147,-1.52351,False,0.22195000000000017,0.7425508426288986,0.46763040486643087,0.08605745432235593,105.178452117,-1.0205300000000002,0.7827560497654589,0.05289138661235772,102.5127623635,10.219399999999998
224922,12.31,313.84,52.406147,-1.52351,False,0.2358200000000002,0.7472073054603601,0.5493806339870262,0.0963075173020716,104.39719690299998,-1.0055800000000001,0.7664062743306023,0.053785702354602505,101.9121562,10.17681
225021,12.31,313.84,52.406147,-1.52351,False,0.1870800000000002,0.7354643065589387,0.5368845645636076,0.09971528858594209,102.12109466300001,-0.9901300000000001,0.7735963088071072,0.04725759315825584,101.518905628,10.06677
225121,12.31,313.84,52.406147,-1.52351,False,0.32063000000000025,0.6171817903448967,0.5466344059586495,0.09801412369880362,101.808328491,-1.0769500000000003,0.8140816410737401,0.047616752420878344,100.61085809,10.05454
225222,12.31,313.84,52.406147,-1.52351,False,0.37875000000000025,0.6017983609334785,0.5515233917674344,0.09447649678329727,100.928242512,-1.0198300000000002,0.8819759458171073,0.05029205813158994,100.6840718405,10.009249999999998
225322,12.31,313.84,52.406147,-1.52351,False,0.45250000000000024,0.46254108286003376,0.510965885358297,0.09594683771061244,100.002478372,-0.9089200000000002,0.8789141656991587,0.045416125379038594,101.077198939,9.968459999999999
225421,12.31,313.84,52.406147,-1.52351,False,0.3945200000000002,0.4543358077702233,0.5072054806047978,0.0879015332946786,99.390870732,-0.85945,0.85574022830139,0.042752044785406944,101.448381394,9.940719999999999
225521,12.31,313.84,52.406147,-1.52351,False,0.30877000000000016,0.5950475388105081,0.4395246954254985,0.07410724136157115,97.87591653199999,-0.8477200000000001,0.8477716264812408,0.03972746181449723,101.64267883,9.86347
225621,12.31,313.84,52.406147,-1.52351,False,0.18877000000000022,0.5719151220048094,0.37005302683082475,0.06274987029645687,96.441520617,-0.8755200000000001,0.8783603826321855,0.039671377871487334,100.98721533,9.79736
225721,12.31,313.84,52.406147,-1.52351,False,0.2552500000000002,0.5929913232454949,0.30257053631249853,0.07457280484346931,95.41832724,-0.86165,0.8768754076580876,0.04096044162088455,100.602709026,9.74445
225821,12.31,313.84,52.406147,-1.52351,False,0.2667800000000002,0.6169032803716737,0.30147090609578026,0.07384426555634156,96.283785619,-1.0141900000000001,0.6549373158300325,0.038242920913550915,100.731118868,9.78715
225922,13.31,320.18,52.40694,-1.524657,False,0.3759200000000002,0.7495996958377177,0.23914712812174338,0.07884468628611248,98.930383234,-1.0774400000000002,0.7519583147429728,0.03908532546451131,101.66379006849999,9.9112
226021,13.31,320.18,52.40694,-1.524657,False,0.44727000000000017,0.7573493998442486,0.21838585856737835,0.08139837904473926,99.75353506799999,-0.9985000000000002,0.8437081433239175,0.04037786109573881,100.9373148655,9.94959
226122,13.31,320.18,52.40694,-1.524657,False,0.5112500000000002,0.7780126366440183,0.2759923638234903,0.08332880054338918,101.928264917,-0.7998900000000001,0.8672964832679024,0.04223016431151894,101.868296704,10.05254
226222,13.31,320.18,52.40694,-1.524657,False,0.3736900000000002,0.8941297860676224,0.2716122614234205,0.08501046994341306,102.055736704,-0.8293300000000002,0.8361176805131252,0.038955872471299016,101.49198960800001,10.05635
226322,13.31,320.18,52.40694,-1.524657,False,0.3396900000000002,0.9210478253356632,0.2728137307150349,0.08709900879650279,102.10420514399999,-0.9757500000000002,0.8854947622029562,0.05617596263329969,101.053341758,10.05775
226422,13.31,320.18,52.40694,-1.524657,False,0.2757400000000002,0.9540511053164574,0.2679071804437544,0.08460513512127278,102.75339245800001,-0.9925600000000003,0.8876519565685534,0.05518921392204674,101.072131595,10.08928
226525,13.31,320.18,52.40694,-1.524657,False,0.4203400000000002,0.8700141712766645,0.2728477955849094,0.08815718537551699,102.61036180199999,-0.9792700000000002,0.8832603442171781,0.05094073353744951,100.24313916700001,10.08392
226622,13.31,320.18,52.40694,-1.524657,False,0.4037500000000002,0.8856580268679072,0.2761908309685538,0.08601305391883478,103.603553483,-0.7667000000000002,0.9045395403187094,0.05078780365402799,100.02253705,10.13242
226722,13.31,320.18,52.40694,-1.524657,False,0.3375500000000002,0.8840827930686124,0.3011296931740545,0.08411660227195172,103.16589687599999,-0.6904200000000003,0.9254882024579629,0.044955785686235795,99.29211205799999,10.11271
226821,13.31,320.18,52.40694,-1.524657,False,0.0737200000000002,0.9092512497165505,0.34534062025772316,0.08630180183518729,102.31450648399999,-0.6578900000000002,0.930905021351674,0.047706491521945185,99.2991460515,10.072619999999999
226922,13.31,320.18,52.40694,-1.524657,False,0.008830000000000204,0.8041365805080057,0.35908961756702634,0.07530217718558226,100.668703024,-0.4956500000000001,0.7251187737957794,0.05262835737508913,99.799543129,9.998529999999999
227021,13.31,320.18,52.40694,-1.524657,False,0.017810000000000204,0.8149039295115288,0.36913659681898214,0.08247865784552956,100.122710817,-0.5479600000000001,0.68797272911067,0.048616413552078915,99.93812294249999,9.97006
227121,13.31,320.18,52.40694,-1.524657,False,-0.1033999999999998,0.7351340648707079,0.2857550242583275,0.0911684497083402,98.31047810700001,-0.5668500000000002,0.6679028160343763,0.0507690292731054,100.119371512,9.88635
227221,13.31,320.18,52.40694,-1.524657,False,-0.0554399999999998,0.693254728236468,0.30162146788462724,0.09341416975550895,97.82960225500001,-0.5846800000000002,0.657842486719516,0.050448429113304404,99.9426694795,9.86469
227321,13.31,320.18,52.40694,-1.524657,False,0.1075200000000002,0.7743752791049612,0.2737227187826504,0.09290845912928333,97.459437823,-0.37302000000000013,0.5138255363231397,0.03695756726000618,99.78182148350001,9.840770000000001
227421,13.31,320.18,52.40694,-1.524657,False,0.09806000000000019,0.7824447217961562,0.28765640402703596,0.0895021886759073,95.765262159,-0.3149500000000002,0.44137814034879697,0.036766585070929274,99.25932730849999,9.75347
227521,13.31,320.18,52.40694,-1.524657,False,0.10676000000000019,0.7890277663048352,0.29288629117038445,0.08793142593331806,95.984996734,-0.3450300000000001,0.5117359454727343,0.035330234140811274,99.297679268,9.76402
227621,13.31,320.18,52.40694,-1.524657,False,0.18874000000000019,0.7710739151771797,0.20260476466918043,0.08511721917450037,94.73685817399999,-0.40821000000000013,0.4640952810456846,0.03611497227220761,99.1702058285,9.702020000000001
227722,13.31,320.18,52.40694,-1.524657,False,0.1856400000000002,0.7717173074816093,0.2235603483029153,0.08461633412054632,95.340107034,-0.4627100000000001,0.4585876226705759,0.03777385339093835,99.253001955,9.73266
227822,13.31,320.18,52.40694,-1.524657,False,0.35284000000000015,0.6031529992004044,0.23636774291107557,0.07474321671191558,94.98856355900001,-0.49614000000000014,0.46343200915678534,0.03458683757346779,98.6515350215,9.72041
227921,13.31,320.18,52.40694,-1.524657,False,0.21552000000000016,0.6044114617635152,0.2563481532343354,0.05282587749704935,95.827295327,-0.5792900000000001,0.5688346419557024,0.036840611648923216,98.2479991755,9.766929999999999
228021,13.31,320.18,52.40694,-1.524657,False,0.1744500000000002,0.562857154268389,0.315351195582866,0.06204192937038574,94.751121876,-0.41671000000000014,0.8229889434251132,0.03701651883506577,97.4369163465,9.71319
228121,13.31,320.18,52.40694,-1.524657,False,0.16991000000000017,0.5662942432065567,0.3293773209490036,0.05739696565731153,95.183018753,-0.5151600000000002,0.8269555841895052,0.037134543666691854,96.74674843,9.73488
228222,13.31,320.18,52.40694,-1.524657,False,0.2254800000000002,0.5301704690212578,0.32447788762185775,0.04780182353564837,95.53284473599999,-0.49591000000000013,0.8339991719287025,0.03753826048180856,96.6812234955,9.75368
228321,13.31,320.18,52.40694,-1.524657,False,0.1740500000000002,0.4467983319624665,0.3281818176627583,0.046859795608222385,94.154354752,-0.4949500000000001,0.8349207164622048,0.03451268526852925,95.8068962875,9.68749
228421,13.31,320.18,52.40694,-1.524657,False,0.20581000000000021,0.3989629680670714,0.3560669450164124,0.04710612604652441,96.105835927,-0.4768700000000002,0.8345936656707632,0.036703934091291746,95.935549043,9.78806
228522,13.31,320.18,52.40694,-1.524657,False,0.1173600000000002,0.37947890645521026,0.38932963411483024,0.038062318782636544,96.784485736,-0.42731000000000013,0.7811747513271887,0.03463440165179544,96.38474123499999,9.82368
228622,13.31,320.18,52.40694,-1.524657,False,0.07504000000000019,0.36737796522563915,0.4048399047085552,0.038223314583872924,97.656372696,-0.3912000000000001,0.7928191625108645,0.03456065360750416,96.196615435,9.868219999999999
228721,13.31,320.18,52.40694,-1.524657,False,-0.012559999999999816,0.4700416534733887,0.4072214025154551,0.038290713988873494,97.838595976,-0.27806000000000014,0.8291429272313444,0.03924260723018199,96.589351505,9.87372
228821,13.31,320.18,52.40694,-1.524657,False,-0.04953999999999982,0.4404697573172399,0.5615352471374925,0.038391389370244375,96.30221492799998,-0.12974000000000013,0.8753207833576003,0.04033561426057483,95.6453892435,9.789860000000001
228922,13.31,320.18,52.40694,-1.524657,False,-0.015889999999999814,0.42258354979288154,0.581932380187851,0.04898088516055061,94.575541469,-0.10662000000000012,0.836036855646918,0.03606605205884363,95.201418398,9.70102
229021,13.31,320.18,52.40694,-1.524657,False,-0.018649999999999816,0.4187594702080015,0.5716551229155058,0.04862300438635493,94.787269253,-0.30536000000000013,0.6894617162846728,0.03651531794253683,94.7691955645,9.71262
229122,13.31,320.18,52.40694,-1.524657,False,-0.058519999999999815,0.4587395697875713,0.6707606928786882,0.06348984958243274,96.531155894,-0.26112000000000013,0.6540705666991956,0.038443008322567564,95.8570873235,9.79456
229221,13.31,320.18,52.40694,-1.524657,False,-0.11105999999999983,0.4616711099665807,0.7051727495995327,0.0650761639243667,98.011956699,-0.2744900000000001,0.6525890581198572,0.04173025148365394,96.7724007175,9.86713
229322,13.31,320.18,52.40694,-1.524657,False,-0.23718999999999985,0.3967691896920491,0.6959079847380762,0.06562666209535353,99.903340266,-0.2670100000000001,0.6594108843000075,0.046933522726891844,97.028847509,9.96341
229422,13.31,320.18,52.40694,-1.524657,False,-0.2819499999999998,0.4197596144091104,0.6889057590765784,0.07382721569839752,98.626900107,-0.1652000000000001,0.7115675668706433,0.040290257989854195,97.366368017,9.89756
229522,13.31,320.18,52.40694,-1.524657,False,-0.3205899999999998,0.42940935002499064,0.6795770914489463,0.07361900494362053,97.250175324,-0.13652000000000014,0.6797897024488829,0.04024798131583896,97.01733053,9.826789999999999
229622,13.31,320.18,52.40694,-1.524657,False,-0.45425999999999983,0.5230416410021459,0.7312162854526003,0.07262561225597683,98.561021403,-0.22623000000000015,0.7179391804169505,0.03939603617963093,98.1086970495,9.88065
229722,13.31,320.18,52.40694,-1.524657,False,-0.39891999999999983,0.5056948218924973,0.7463810228175751,0.07674813714713531,97.12421727899999,-0.2871300000000001,0.6774394241881918,0.02333778290907766,97.4814066275,9.80987
229822,13.31,320.18,52.40694,-1.524657,False,-0.49822999999999984,0.49159317880178083,0.6257878718507921,0.07977570223236272,100.379661818,-0.3975200000000001,0.5655647065838862,0.023732464871753494,98.340938373,9.97805
229921,13.31,320.18,52.40694,-1.524657,False,-0.4841099999999998,0.5070170245881469,0.6110298047831391,0.0691735249611836,100.583263274,-0.23438000000000017,0.5047839445412775,0.02821622858490623,97.5794023715,9.98907
230021,13.31,320.18,52.40694,-1.524657,False,-0.6365999999999998,0.39789297835249227,0.5755840358569034,0.07135293811594386,101.355160469,-0.3232700000000001,0.6515311982808788,0.03585168367346705,98.071214861,10.02543
230122,13.31,320.18,52.40694,-1.524657,False,-0.4427999999999998,0.7314820723860685,0.5218996924697198,0.0796218346658471,100.57966742900001,-0.2849100000000001,0.6482645112572029,0.04431468780839682,98.5554116615,9.98283
230222,13.31,320.18,52.40694,-1.524657,False,-0.44704999999999984,0.731139356301744,0.49087777625617796,0.08224150344496886,99.43581003400001,-0.32837000000000016,0.6615484328452335,0.05024499532844708,98.72388336649999,9.92663
230322,13.31,320.18,52.40694,-1.524657,False,-0.41045999999999977,0.7314565183400977,0.4873971459588953,0.08254683855578898,97.680941351,-0.28323000000000015,0.7221956830081029,0.041183309726151314,98.7921408085,9.83957
230421,13.31,320.18,52.40694,-1.524657,False,-0.3177999999999998,0.7530025306140126,0.4904393046601621,0.06681748274216813,97.51449505400001,-0.33634000000000014,0.6666861017166975,0.04120798331499612,98.07069758050001,9.832939999999999
230521,13.31,320.18,52.40694,-1.524657,False,-0.3409999999999998,0.7657829181809774,0.48482298315982075,0.0537165037747033,98.342599725,-0.34752000000000016,0.6743775101693462,0.03851816454609574,97.7963875245,9.87355
230621,13.31,320.18,52.40694,-1.524657,False,-0.20468999999999976,0.6817425181107574,0.3962731141523322,0.06229443081938423,95.513737158,-0.15312000000000017,0.7714599576272301,0.03878057360185632,97.0373792805,9.74229
230722,13.31,320.18,52.40694,-1.524657,False,-0.1541999999999998,0.6929159256360015,0.43230168748223424,0.06197625799897484,95.025332107,-0.17072000000000015,0.773224242018077,0.03725515773390154,96.07477469300001,9.71603
230824,13.31,320.18,52.40694,-1.524657,False,0.006090000000000195,0.6913990750644647,0.450158271426085,0.0670454605307303,95.233788199,-0.15296000000000015,0.771262774358452,0.03560207390963021,97.8067250085,9.72734
230921,13.31,320.18,52.40694,-1.524657,False,-0.016699999999999805,0.6928020223860634,0.4596116342449582,0.060062193692130894,97.290795277,-0.24569000000000013,0.7637484438245549,0.035768454444292656,98.9370292755,9.83201
231021,13.31,320.18,52.40694,-1.524657,False,0.0769400000000002,0.5970857079738756,0.46825942963749534,0.06122228080255262,98.214215645,-0.10125000000000013,0.6024273515444617,0.03656865840823099,99.784688057,9.88383
231122,13.31,320.18,52.40694,-1.524657,False,-0.07713999999999979,0.4168191726236494,0.4479255246875919,0.04824887908887904,96.08852642899998,-0.02041000000000014,0.6460173414424959,0.03858473503573513,98.334096929,9.78497
231222,13.31,320.18,52.40694,-1.524657,False,-0.016289999999999798,0.4066155308013777,0.4476508043851306,0.0452871100130409,96.059206959,0.05227999999999986,0.5997816617551458,0.034228610514858586,97.74750849649999,9.78416
231321,13.31,320.18,52.40694,-1.524657,False,-0.07924999999999979,0.48609599017752003,0.48858535248885093,0.04467823730731579,98.263687835,-0.10165000000000016,0.5964832795458422,0.036447795238915205,97.972314593,9.890899999999998
231422,13.31,320.18,52.40694,-1.524657,False,-0.1221599999999998,0.47209858716161907,0.5038833596290906,0.061939450720485824,99.917316407,-0.06122000000000014,0.62311292859141,0.03399804079322643,98.7159057305,9.97363
231521,13.31,320.18,52.40694,-1.524657,False,-0.040859999999999806,0.403180211154595,0.5946400376137831,0.05951480114690372,97.908966607,0.07465999999999985,0.5881320584887451,0.03131723700030776,98.12578316599999,9.871310000000001
231622,13.31,320.18,52.40694,-1.524657,False,-0.1577199999999998,0.5354084418045275,0.650455778324356,0.06066151626488982,97.178953634,-0.06514000000000016,0.48927533988768324,0.051630203262131316,96.34634539599999,9.82422
231722,13.31,320.18,52.40694,-1.524657,False,-0.1111199999999998,0.5885973945651524,0.5993675477812602,0.05857641163471809,99.144755346,0.10672999999999985,0.6615108247203585,0.05140063121099774,97.0850437265,9.92458
231821,13.31,320.18,52.40694,-1.524657,False,-0.3105199999999998,0.6124600554775401,0.633419317321112,0.06454253033637711,99.899929706,-0.1573400000000002,1.1337829267054935,0.056532497045702235,97.56685895249998,9.95514
231921,13.31,320.18,52.40694,-1.524657,False,-0.3798699999999998,0.6321668082432359,0.7016319916214302,0.06113017076516075,101.28631861199999,-0.2335000000000002,1.1914569391202365,0.059374390289268095,99.2885569445,10.01695
232022,13.31,320.18,52.40694,-1.524657,False,-0.4185299999999998,0.6245857276805304,0.7473204109052178,0.06091617282061511,102.667763168,-0.2667000000000002,1.193121486782552,0.05742672625954749,100.4409894065,10.081610000000001
232122,13.31,320.18,52.40694,-1.524657,False,-0.4425499999999998,0.6214267888407163,0.7108057637482731,0.060720986670361,104.113213775,-0.4142400000000002,1.1583942038682427,0.05547713843457501,100.100870102,10.15456
232221,13.31,320.18,52.40694,-1.524657,False,-0.5118199999999998,0.5796143656681432,0.8555473648164853,0.07504429876931168,101.785270333,-0.39106000000000024,1.1703686049939734,0.05387801551241162,98.92223864600001,10.02807
232321,13.31,320.18,52.40694,-1.524657,False,-0.38093999999999983,0.6349497201441282,0.8370639895890005,0.07467543177719863,100.66034195,-0.24730000000000024,1.2046925647465168,0.051803291401223826,99.46201489250001,9.97606
232422,13.31,320.18,52.40694,-1.524657,False,-0.3394299999999998,0.6628918967507248,0.8259453197531965,0.08591050899369349,100.163583278,-0.3240200000000002,1.1771882241642988,0.051717288104549716,100.0404498425,9.951830000000001
232521,13.31,320.18,52.40694,-1.524657,False,-0.3403099999999998,0.6624100248335586,0.7517174856435164,0.08499773853200737,102.467697559,-0.3683300000000002,1.1488070334530056,0.05174100136470431,100.188332083,10.07216
232621,13.31,320.18,52.40694,-1.524657,False,-0.2036499999999998,0.613319099925422,0.6464106090988483,0.08222939796015062,104.13413586700001,-0.36795000000000017,1.148813884210815,0.027679788053140593,100.65654475049999,10.1675
232721,13.31,320.18,52.40694,-1.524657,False,-0.40161999999999975,0.6173638829734014,0.6783413988873399,0.0825306946266387,105.81148871300002,-0.49760000000000015,0.989321902449678,0.029157343271752033,102.47812202949999,10.24173
232822,13.31,320.18,52.40694,-1.524657,False,-0.4265999999999998,0.66009217874812,0.6748772444756899,0.08582088647616902,105.780628922,-0.1931000000000002,0.5953413530628049,0.024688944894428265,102.84027931400001,10.237020000000001
232921,13.31,320.18,52.40694,-1.524657,False,-0.3169799999999998,0.6726655398074443,0.6358055993077596,0.08124422714534478,103.30354079700001,-0.03673000000000019,0.4364331641589158,0.028774131901184757,102.2949297045,10.12087
233021,13.31,320.18,52.40694,-1.524657,False,-0.1923299999999998,0.7498369245672294,0.6170100234193827,0.08465817805215893,100.469485822,-0.07896000000000018,0.4989571462337853,0.02948597406677924,101.568624495,9.97917
233121,13.31,320.18,52.40694,-1.524657,False,-0.053899999999999816,0.8162989689241704,0.6275238832108199,0.08509059812275868,99.336045122,-0.11540000000000021,0.5683147367436332,0.038908690831513854,101.7246294485,9.91862
233221,13.31,320.18,52.40694,-1.524657,False,0.004350000000000192,0.8017973341187892,0.589035627671751,0.07653607428308955,99.622524169,-0.1637000000000002,0.55371220563272,0.03892874544886246,100.703897251,9.93638
233322,13.31,320.18,52.40694,-1.524657,False,0.015440000000000198,0.8092113557175403,0.6339993396421271,0.08118119719354792,98.038071384,-0.25592000000000026,0.47318554218542824,0.03895955880425662,99.349206667,9.85326
233421,13.31,320.18,52.40694,-1.524657,False,-0.0717599999999998,0.8290053024894066,0.6647602492628346,0.07240565432186712,95.94802346099999,-0.34953000000000023,0.5635442880160703,0.04328844983236288,98.0558033695,9.74303
233522,13.31,320.18,52.40694,-1.524657,False,0.022620000000000206,0.887504264528094,0.6501454836333745,0.0751970566799876,95.465031133,-0.4453400000000002,0.5595470791432667,0.04676071594357454,98.966364346,9.714690000000001
233622,13.31,320.18,52.40694,-1.524657,False,-0.10641999999999978,0.9496577708721045,0.6961903287814869,0.07422774563613095,96.816670609,-0.38641000000000025,0.6005164267343247,0.044259587787407344,100.47540323800001,9.77535
233722,13.31,320.18,52.40694,-1.524657,False,-0.008049999999999797,0.8584108473090114,0.9276207714721858,0.24733291127547083,99.142403418,-0.6762500000000002,0.9411303455006668,0.09056403504948617,102.47694606550002,9.88457
233821,13.31,320.18,52.40694,-1.524657,False,-0.17844999999999983,1.2651587974549972,1.045623537735572,0.3262430329609438,101.92590966499999,-0.5661200000000003,1.1112146715294058,0.09679728875909298,103.8532692935,9.97344
233921,13.31,320.18,52.40694,-1.524657,False,0.12087000000000021,1.6668167392767963,1.044351932805959,0.3264145156086045,103.139383353,-0.7088900000000002,1.094130267939885,0.10056771571654877,103.221462075,9.98212
234021,13.31,320.18,52.40694,-1.524657,False,0.1330700000000002,1.672491199146417,1.025326727384435,0.33020822067295647,104.30566884,-0.5769000000000002,1.1478535553128837,0.11685329311196681,102.38757733100002,10.04113
234121,13.31,320.18,52.40694,-1.524657,False,0.1516200000000002,1.6830292450089968,1.0114733258415052,0.3254098170000406,105.15594361999999,-0.5643000000000002,1.1410042000117384,0.11261939047566911,102.245994371,10.0828
234221,13.31,320.18,52.40694,-1.524657,False,0.1888100000000002,1.6855056085802724,0.9112207023791942,0.3177782813710072,108.03810243699999,-0.7536200000000002,1.2324748866497053,0.11421966361163771,103.830313303,10.232220000000002
234321,13.31,320.18,52.40694,-1.524657,False,0.2794700000000002,1.7308637317503905,0.8340457454147419,0.3104192176181536,110.239363852,-0.7873000000000002,1.2222712074021975,0.1191924498913888,104.13871761799999,10.336290000000002
234422,13.31,320.18,52.40694,-1.524657,False,0.49803000000000014,1.7410129197618776,0.7697514952531321,0.29470954835038654,111.25994098700001,-0.7645200000000002,1.2153914054511108,0.12393592654629651,103.60398222399999,10.380300000000002
234521,13.31,320.18,52.40694,-1.524657,False,0.4874500000000002,1.7384421041393483,0.7537002289445716,0.2974773546936901,111.884402787,-0.7490100000000002,1.2150923992757752,0.12897140122264872,103.67471696,10.412279999999999
234621,13.31,320.18,52.40694,-1.524657,False,0.7609000000000001,1.6775643726678409,0.7693506240835619,0.2966253268949829,110.801136879,-0.8746300000000001,1.1652000610767725,0.1348712806098223,103.808903744,10.35165
234722,13.31,320.18,52.40694,-1.524657,False,0.90507,1.635770074205623,0.5524218331834523,0.23245790443289566,107.952009167,-0.5421000000000002,1.021662344743433,0.10539416439674908,103.54720629250001,10.22008
234822,13.31,320.18,52.40694,-1.524657,False,1.47493,0.8314833612954113,0.2977428840459297,0.09852785562130764,104.650220432,-0.7672100000000002,0.7753226016024152,0.08841254373045132,103.28806504849999,10.088249999999999
234921,12.83,323.56,52.40779,-1.525684,False,1.3249100000000003,0.5731982310781454,0.38728838307733204,0.09761125618151446,102.775947464,-0.6959600000000001,0.7603972721910157,0.04178231949308567,102.95766540849999,10.02945
235022,12.83,323.56,52.40779,-1.525684,False,1.4076800000000003,0.5625835953685301,0.5089880443913402,0.051790004398102406,101.055625652,-0.6732000000000002,0.8001352469009946,0.038140414552313,102.680647246,9.927539999999999
235121,12.83,323.56,52.40779,-1.525684,False,1.5299200000000002,0.6167805440799509,0.5177212013558269,0.054390669134409445,100.79709736499998,-0.6031800000000002,0.7923959473226222,0.045640337908964955,102.9765204925,9.89307
235221,12.83,323.56,52.40779,-1.525684,False,1.6206,0.49644910447430396,0.4950775863998922,0.04610569981635097,99.98509758899999,-0.4812400000000002,0.6042573094303313,0.04498426885528432,104.01160001299999,9.84461
235321,12.83,323.56,52.40779,-1.525684,False,1.8129000000000002,0.7390344692006405,0.48085232706562975,0.04291539998130586,100.45676359,-0.4995000000000003,0.6111060591710237,0.04476928014212983,105.34806372099999,9.82194
235421,12.83,323.56,52.40779,-1.525684,False,1.5518900000000002,1.1736881607896463,0.4699523550318554,0.045278963719982225,101.12095659299999,-0.41598000000000024,0.59292262526871,0.048848747282925924,106.19044879,9.86276
235521,12.83,323.56,52.40779,-1.525684,False,1.5368800000000002,1.1849892365193329,0.473758696665986,0.04800754107429281,101.18823402800001,-0.18850000000000022,0.8516465372702628,0.0488684674520407,106.53631840749999,9.867140000000001
235621,12.83,323.56,52.40779,-1.525684,False,1.3418400000000001,1.3175445050041652,0.49945028681540204,0.09720241423613535,101.863465651,0.052739999999999766,0.9297632915006959,0.05081993156670415,106.332301265,9.913430000000002
235721,12.83,323.56,52.40779,-1.525684,False,1.3929600000000002,1.317966920171622,0.5585008027448609,0.09736995658027356,102.72124240600002,0.02805999999999977,0.918914122695301,0.05547550109933454,105.33662578650001,9.946700000000002
235821,12.83,323.56,52.40779,-1.525684,False,1.13137,1.3393646811081747,0.5898670231501227,0.10137445656793609,102.862952408,0.11799999999999977,0.8606662044925093,0.06679030951002168,103.75658642,9.98275
235922,12.83,323.56,52.40779,-1.525684,False,1.108,1.3296051318593312,0.5712802215686652,0.13188078328551098,105.521591476,0.33984999999999976,0.9582991393899626,0.06812308223600412,104.14876947,10.119739999999998
236021,12.83,323.56,52.40779,-1.525684,False,1.23361,1.4473944893036832,0.48343252327035585,0.1315622830956245,106.93525578399999,0.3536799999999998,0.9643364348377298,0.066250693078136,103.99544071800001,10.164530000000001
236121,12.83,323.56,52.40779,-1.525684,False,1.3462100000000001,1.578734076157928,0.5330184170259755,0.1355318859571836,106.96289044700002,0.49597999999999975,0.9510245852646324,0.06852086543528213,103.87999390600001,10.13172
236221,12.83,323.56,52.40779,-1.525684,False,1.5081000000000002,1.6615802959833161,0.5450664807566434,0.1341021070345691,107.35349936600001,0.7388799999999998,0.8600845123849363,0.05533573890353355,103.6692984775,10.11568
236321,12.83,323.56,52.40779,-1.525684,False,1.48415,1.6330890104679279,0.5655351935212334,0.13429141612346024,106.48755344700001,0.9762899999999999,0.7060209525534176,0.061920902950637395,103.47215851850001,10.07952
236421,12.83,323.56,52.40779,-1.525684,False,1.8729100000000003,1.4084953969474763,0.564129810120556,0.13557890855307975,107.295783415,1.1624899999999996,0.6130127340529744,0.06372728702142547,104.20837000399999,10.08544
236521,12.83,323.56,52.40779,-1.525684,False,2.1229800000000005,1.393143934336214,0.5668435469039536,0.13389026352452438,107.35864603600001,1.2281199999999999,0.6920599328574504,0.063166696569914,104.27344003200001,10.0407
236621,12.83,323.56,52.40779,-1.525684,False,2.38755,1.1025273886746698,0.5684491769523162,0.0972795062350403,106.410966414,1.3088499999999998,0.7580097701657013,0.06608178770786012,104.1372160325,9.96623
236721,12.83,323.56,52.40779,-1.525684,False,2.53785,1.0905874759861252,0.5043885945710128,0.09964432525515673,103.54719000200001,1.565,0.8041142041609062,0.06725378138893855,103.134216204,9.78811
236821,12.83,323.56,52.40779,-1.525684,False,2.78928,0.568626410845576,0.4532367475539926,0.08903575810999832,103.4054564,1.8056599999999996,0.6253020784655435,0.0308007287071087,103.134204404,9.75446
236921,12.83,323.56,52.40779,-1.525684,False,2.90267,0.3579772464836434,0.32099648596205566,0.05097280865542072,101.856834185,1.9439899999999999,0.741203652401504,0.028707724473466454,103.6892128305,9.655220000000002
237021,12.83,323.56,52.40779,-1.525684,False,2.8616400000000004,0.3725311983952334,0.3158370502859371,0.04816233659890867,102.417436217,2.1430499999999997,0.6608708518143126,0.027996793467189463,104.6763460005,9.69607
237121,12.83,323.56,52.40779,-1.525684,False,2.59238,0.7189896998180532,0.29933187750200835,0.049849105642260465,102.76573611400002,2.2813299999999996,0.542063920072571,0.030481836121424025,104.8643132805,9.77238
237221,12.83,323.56,52.40779,-1.525684,False,2.37692,0.8912032363296563,0.29754872710194624,0.047545721854511544,102.12688235700001,2.3779499999999993,0.4745329944037363,0.024005934451483125,104.7401908615,9.78175
237321,12.83,323.56,52.40779,-1.525684,False,2.13327,0.9872572422288634,0.30823149741710143,0.047924812640912605,102.112182031,2.44413,0.39077004334746135,0.03330358839524675,104.299867739,9.82846
237421,12.83,323.56,52.40779,-1.525684,False,1.97648,0.988531341379167,0.304194925810536,0.06435248764940309,100.93627898400001,2.4082799999999995,0.47384080495926406,0.03809229143365731,104.1160311995,9.80138
237521,12.83,323.56,52.40779,-1.525684,False,1.6779200000000003,1.0373606378154576,0.30436588526163655,0.08215780547215164,99.98394693100002,2.2364299999999995,0.766568309705301,0.03703429191678697,103.67129648350002,9.80391
237622,12.83,323.56,52.40779,-1.525684,False,1.5581100000000003,1.0208762080248097,0.3002034645221466,0.0828275859843803,99.71172965,2.2537299999999996,0.7677364479067295,0.04422744371742273,103.061348032,9.81147
237722,12.83,323.56,52.40779,-1.525684,False,1.3062400000000003,0.8907988427373625,0.1965768393727153,0.08317019297801292,100.33140916400001,2.09875,0.791359203803457,0.04837079123235906,101.93929958300001,9.89324
237822,12.83,323.56,52.40779,-1.525684,False,1.1672,0.8111407454251637,0.2018642459123613,0.08571512507525482,98.220221404,2.0579099999999997,0.7839752865294197,0.05859697470385708,100.812838902,9.809639999999998
237921,12.83,323.56,52.40779,-1.525684,False,0.9026700000000002,0.7020915578944573,0.28752768059979855,0.09805416020410987,99.171464375,1.81496,0.8075465493290953,0.06645429590661893,100.51414928,9.89134
238021,12.83,323.56,52.40779,-1.525684,False,0.5922200000000002,0.5595311187850828,0.3458469417402732,0.09786104718198894,99.89473556,1.6529599999999995,0.7520937636580481,0.08527883741650762,101.1560858885,9.95764
238121,12.83,323.56,52.40779,-1.525684,False,0.5177100000000001,0.5853912052826035,0.42964256992164734,0.09213771154575526,101.30475961,1.3463299999999996,0.9851891403854015,0.08711574420785788,102.035247862,10.02807
238222,12.83,323.56,52.40779,-1.525684,False,0.29738000000000014,0.8222609977643595,0.4302049487033798,0.09107385037551742,101.408846839,1.1632099999999999,0.9161379486736657,0.08919940520479341,101.76786459799999,10.02723
238322,12.83,323.56,52.40779,-1.525684,False,0.21715000000000018,0.81734764023639,0.4412409431239101,0.08922510919640851,101.848442016,1.0041799999999999,0.8417010300575801,0.0713662704332768,101.9803120235,10.05111
238422,12.83,323.56,52.40779,-1.525684,False,0.09462000000000018,0.7302254702030926,0.43846054731930484,0.06275633655478695,103.097737668,0.8407499999999999,0.9228384212128671,0.07393440711573741,102.017008326,10.12106
238521,12.83,323.56,52.40779,-1.525684,False,0.09170000000000017,0.7298808730805892,0.43161864597760874,0.052781352978321164,103.32105732,0.8321299999999997,0.9266420225140231,0.0582008600547377,101.6525021255,10.1324
238621,12.83,323.56,52.40779,-1.525684,False,0.001050000000000162,0.6343791124661396,0.40995438242157545,0.053453867961073785,104.63445437200001,0.5807799999999999,0.7917497553590404,0.05984764359976506,102.17309201100001,10.20397
238722,12.83,323.56,52.40779,-1.525684,False,-0.03554999999999984,0.6047537170893015,0.4277359133338518,0.060932188173045826,104.18938400699999,0.4970999999999998,0.7511254858913684,0.054936330824368905,102.26039658549999,10.183040000000002
238822,12.83,323.56,52.40779,-1.525684,False,-0.11396999999999984,0.5001951909005053,0.33397839401173113,0.06207536727416224,105.81576572200001,0.2346499999999998,0.6124732089378717,0.05114637491227243,102.017993563,10.27021
238921,12.83,323.56,52.40779,-1.525684,False,-0.15113999999999983,0.5051490829448201,0.3534231212960676,0.04702744352443958,106.244079306,0.0945599999999998,0.6643700461506439,0.03979818672586394,102.7077718405,10.28976
239022,12.83,323.56,52.40779,-1.525684,False,-0.2272599999999998,0.6161083566314478,0.34856626103701094,0.04784017372692256,106.204671581,0.04180999999999983,0.5863681483883914,0.039834239878109044,103.04970357049999,10.28115
239122,12.83,323.56,52.40779,-1.525684,False,-0.1141499999999998,0.7520346878081221,0.43514145145891053,0.052001902742965074,103.306305074,0.14307999999999982,0.5437754352671575,0.04122812551321488,102.30553234199999,10.12985
239222,12.83,323.56,52.40779,-1.525684,False,-0.1000299999999998,0.7266251487374841,0.466471071390749,0.04468195758170452,105.48415770699998,-0.11760000000000018,0.8214277908346788,0.051247383673055966,103.446502273,10.23734
239321,12.83,323.56,52.40779,-1.525684,False,0.0026600000000002065,0.7960778691671886,0.4835820307294655,0.045748053996255984,104.495917558,-0.15227000000000018,0.7917994682297241,0.05024876007314966,103.172179787,10.184059999999999
239421,12.83,323.56,52.40779,-1.525684,False,0.009170000000000206,0.7966685718945101,0.48721907472693177,0.045633687605149256,103.31210882999999,-0.10182000000000017,0.7981733406834403,0.052292952573831195,103.20492324899999,10.12557
239521,12.83,323.56,52.40779,-1.525684,False,0.03483000000000021,0.806004618197408,0.5110205650351842,0.04840860919758337,102.684926318,-0.10138000000000018,0.7984978435927097,0.049225088454297426,103.002991819,10.09277
239621,12.83,323.56,52.40779,-1.525684,False,0.01961000000000021,0.8031338652083091,0.528694572718704,0.04907471514605638,100.867875446,-0.1447800000000002,0.8122227537921866,0.0512923819338166,102.751164909,10.00177
239722,12.83,323.56,52.40779,-1.525684,False,-0.1947899999999998,0.9971988171874215,0.6244928005100447,0.043859914627265524,104.020977174,-0.3850900000000002,0.956823106198601,0.05542000140342496,104.1051805905,10.135929999999998
239821,12.83,323.56,52.40779,-1.525684,False,-0.37585999999999975,1.0793440046826757,0.7661952133032922,0.042464986884620845,106.98283268600001,-0.2754700000000002,0.9888963062705511,0.05561320886264403,106.399299204,10.25986
239922,12.83,323.56,52.40779,-1.525684,False,-0.4287899999999998,1.0923979936614432,0.7989058812595508,0.0683736011435206,107.88809320499999,-0.3837100000000002,1.0995010094987965,0.05500408469680595,107.0660862555,10.29834
240022,12.83,323.56,52.40779,-1.525684,False,-0.23514999999999983,1.0913871359675942,0.9302522288784494,0.09057697831126797,104.59274733700002,-0.21210000000000023,1.3756967010694319,0.0787817068445042,105.398709459,10.133439999999998
240121,12.83,323.56,52.40779,-1.525684,False,-0.4157799999999998,0.9836361418510132,0.9006897865278283,0.1040947218215747,105.130685876,-0.24169000000000018,1.3645662415825224,0.07711280985961094,104.21849547500001,10.16646
240222,12.83,323.56,52.40779,-1.525684,False,-0.2649799999999998,0.9595756131401659,1.060456383146213,0.10995572038072578,99.912122391,0.3791899999999998,1.8348970509722484,0.06886810340547161,102.69814004899999,9.89955
240321,12.83,323.56,52.40779,-1.525684,False,-0.37560999999999983,0.8659322445267312,1.1318996826377985,0.11293548010553005,97.700758609,0.30145999999999984,1.8544151088685583,0.07468754246860762,101.0983380835,9.78426
240421,12.83,323.56,52.40779,-1.525684,False,-0.41046999999999983,0.8513963785713654,1.2063368354466952,0.1129794479835451,100.351580962,0.06700999999999988,2.00829691056875,0.08329583422957039,101.831844896,9.91065
240521,12.83,323.56,52.40779,-1.525684,False,-0.36384999999999984,0.912080286731621,1.2287722644529697,0.11482547917020235,102.71514449000001,-0.02739000000000013,2.0114964470651047,0.08211608652795586,102.700035404,10.02373
240621,12.83,323.56,52.40779,-1.525684,False,-0.40942999999999985,0.8982921660944495,1.3289620623713132,0.1168966666191409,100.72102902600001,0.21226999999999988,2.081316383686052,0.08812291983360553,100.794452236,9.911489999999999
240722,12.83,323.56,52.40779,-1.525684,False,-0.028479999999999818,1.0011583644292548,1.2985911763223306,0.1580035544607213,99.97750938099999,0.2189499999999999,2.0737148348100076,0.09475231395591387,101.9992432775,9.877089999999999
240821,12.83,323.56,52.40779,-1.525684,False,0.3682000000000002,1.0852123714329407,1.1650955949811324,0.22852961490557144,96.97706266899999,0.03501999999999987,2.129400908341224,0.10136427214096068,101.9799476775,9.72419
240921,12.83,323.56,52.40779,-1.525684,False,0.46019000000000015,1.000711672816455,1.0729649359498072,0.21767296468683348,94.625102955,0.34350999999999987,2.051029391657865,0.10162894163464387,101.25659807999999,9.61644
241021,12.83,323.56,52.40779,-1.525684,False,0.4671000000000002,1.0022603210299745,1.1532723434740901,0.19906841621245003,93.46335233799999,0.2543099999999999,1.9718017234386278,0.11461119830879461,99.02804983749999,9.546940000000001
241121,12.83,323.56,52.40779,-1.525684,False,0.6248000000000001,0.9242118600311401,1.2030510453749568,0.19796506453861418,91.484723522,0.20113999999999993,1.9838862922164746,0.11635702767297279,98.307704699,9.435199999999998
241221,12.83,323.56,52.40779,-1.525684,False,1.21137,1.9589991469852384,1.2841789861403448,0.19899648796454206,94.313407117,0.026579999999999958,1.6323497792378212,0.12069666109714912,97.112764754,9.375919999999999
241321,12.83,323.56,52.40779,-1.525684,False,0.9865600000000002,2.244375493044285,1.5070567539265238,0.20788779559068749,101.99275424,0.23680999999999996,1.6961083819208633,0.11877672985713836,99.8467564245,9.718119999999999
241421,12.83,323.56,52.40779,-1.525684,False,0.7150300000000002,2.5529767736463596,1.6994001124579858,0.20664753137219455,106.128917495,0.11423000000000001,1.9161058455164235,0.11915407625796506,103.24024922849999,9.8566
241522,12.83,323.56,52.40779,-1.525684,False,0.5119500000000001,2.6184255881264895,1.8159774802813167,0.22958585806234258,109.05692273499999,0.15163999999999997,1.9061142161184557,0.11872284999574083,105.8860336125,9.982800000000001
241621,12.83,323.56,52.40779,-1.525684,False,0.8826700000000003,2.7396132934939716,1.778866692275978,0.25701781369305016,110.888609355,-0.023440000000000044,1.8132451621946237,0.11200254213384854,105.80481919049998,10.0253
241721,12.83,323.56,52.40779,-1.525684,False,0.8035200000000001,2.717769567862588,1.841109452839056,0.23748728714513423,105.83168865600001,0.11836999999999995,1.7042020159658913,0.11231010838052162,102.9045990185,9.77178
241822,12.83,323.56,52.40779,-1.525684,False,0.5173900000000001,2.687053333817134,1.8569241118940016,0.17586200429756121,106.43291273300001,0.08772999999999995,1.7362931921193452,0.12570479571864684,101.70498770100001,9.82668
241922,12.83,323.56,52.40779,-1.525684,False,0.6727300000000002,2.6994565428577983,1.961140508989601,0.181862910518396,110.643662877,-0.24269000000000002,1.8028537048246547,0.13003589418994219,102.634382916,10.00856
242022,12.83,323.56,52.40779,-1.525684,False,0.3882800000000001,2.8423264343765218,1.8472820806375057,0.18010040440450586,113.94397672699999,-0.24895000000000006,1.7963785565223487,0.10235337968691313,103.70366453250001,10.17109
242121,12.83,323.56,52.40779,-1.525684,False,0.4855900000000002,2.8784260017701797,1.7508564621667575,0.18252039429426298,118.596989277,-0.37735,1.8566434368684388,0.09832985813068211,105.04085639949999,10.3993
242222,12.83,323.56,52.40779,-1.525684,False,-0.3966799999999998,2.232419237210309,1.5268688299916182,0.1859044225760464,124.91125587399999,-0.6066900000000001,1.5803139677151299,0.09746131768268122,109.6123314955,10.87062
242322,12.83,323.56,52.40779,-1.525684,False,-0.2710599999999998,2.138912740519245,1.4745455484091736,0.2261726272857377,120.410841153,-0.5289900000000001,1.7161564254331647,0.09700356465386012,111.2017976965,10.68939
242422,12.83,323.56,52.40779,-1.525684,False,-0.0039999999999998205,1.9214901774982396,1.3622798179277695,0.24945411713490606,113.17541086899999,-0.2609,1.4072963180036568,0.09032718552265706,109.652164182,10.40107
242522,12.83,323.56,52.40779,-1.525684,False,0.12070000000000017,1.878704223069127,1.2511802870356672,0.2722678125996124,107.97363459,-0.35041,1.4270373602911206,0.09186851957492813,108.51527866249998,10.16728
242622,12.83,323.56,52.40779,-1.525684,False,-0.24418999999999985,1.5004277386058182,1.1559012249226848,0.2566756849065024,109.831551813,-0.36669000000000007,1.4225474883305436,0.09236668771802994,110.360080584,10.32198
242721,12.83,323.56,52.40779,-1.525684,False,-0.33442999999999984,1.4346176099496928,0.8985757275946208,0.27154588235180827,114.78897361700001,-0.40495000000000003,1.4304768678466724,0.08870247146751047,110.31033113649998,10.58764
242823,12.83,323.56,52.40779,-1.525684,False,-0.30409999999999987,1.4337203415512279,0.986433452224046,0.2674461243773114,112.28694033899998,-0.38343,1.4107857291043266,0.060121326406600104,109.35992653599999,10.46273
242921,12.83,323.56,52.40779,-1.525684,False,-0.39560999999999985,1.326326484400509,0.8758540340718802,0.273040781650735,107.89626519000001,-0.12902000000000002,1.3019716218105462,0.04976132925162825,109.26996403350002,10.26967
