lat,lon, GPS ALTITUDE (m),gps_speed, GPS ACCURACY (m),gps_heading,GPS SATELLITES IN RANGE,time_ms, DATE (YYYY-MO-DD HH-MI-SS_SSS),accel_x,accel_y,accel_z, GRAVITY X (m/s²), GRAVITY Y (m/s²), GRAVITY Z (m/s²),gyro_z,gyro_x,gyro_y, MAGNETIC FIELD X (Î¼T), MAGNETIC FIELD Y (Î¼T), MAGNETIC FIELD Z (Î¼T),yaw,pitch,roll,blackout
52.403114,-1.557199,167.45,6.68,2,58.12,28 / 29,60011,2019-09-08 12:04:51:741,-0.4937,0.0047,9.9085,-0.009,-0.0035,9.8066,0.0037,-0.0172,0.0109,-29.19,-35.69,5.5,277.24,-81.38,-173.84,False
52.403114,-1.557199,167.45,6.68,2,58.12,28 / 29,60111,2019-09-08 12:04:51:841,-0.3157,-0.1151,9.9028,-0.0009,-0.0063,9.8066,-0.0119,-0.0101,-0.0035,-29.31,-35.94,5.19,275.64,-81.44,-173.52,False
52.4034,-1.556838,167.08,0.71,2,40.34,29 / 29,60211,2019-09-08 12:04:51:941,-0.3313,-0.2533,9.7702,0.0003,-0.0038,9.8065,-0.012,-0.0289,0.0141,-29.56,-35.94,5.5,278.11,-81.48,-173.06,False
52.4034,-1.556838,167.08,0.71,2,40.34,29 / 29,60311,2019-09-08 12:04:52:041,-0.0852,-0.259,9.8017,-0.0065,-0.0069,9.8066,0.008,-0.0282,0.0049,-29.44,-35.62,5.31,276.53,-81.5,-172.72,False
52.4034,-1.556838,167.08,0.71,2,40.34,29 / 29,60411,2019-09-08 12:04:52:141,0.123,-0.1871,9.9559,0.0001,-0.0016,9.8066,-0.0017,-0.0076,0.0084,-29.75,-36.06,5.25,277.26,-81.57,-172.1,False
52.4034,-1.556838,167.08,0.71,2,40.34,29 / 29,60511,2019-09-08 12:04:52:241,0.2197,-0.1225,9.8545,-0.0014,-0.0014,9.8066,-0.0062,-0.0035,0.0151,-29.5,-35.81,5.75,279.59,-81.63,-171.84,False
52.4034,-1.556838,167.08,0.71,2,40.34,29 / 29,60611,2019-09-08 12:04:52:341,-0.0729,-0.2424,9.8807,-0.0072,-0.0043,9.8066,-0.0024,-0.0298,-0.0018,-29.75,-35.81,5.63,280.0,-81.69,-171.46,False
52.4034,-1.556838,167.08,0.71,2,40.34,29 / 29,60711,2019-09-08 12:04:52:441,-0.0883,-0.176,9.8559,-0.0072,-0.0009,9.8066,-0.0133,0.0011,0.0103,-29.94,-36.06,5.75,280.54,-81.78,-171.05,False
52.4034,-1.556838,167.08,0.71,2,40.34,29 / 29,60811,2019-09-08 12:04:52:541,-0.4881,-0.2312,9.8834,-0.0076,-0.0021,9.8066,0.0019,-0.0117,0.0005,-29.62,-36.0,5.19,278.91,-81.84,-170.81,False
52.4034,-1.556838,167.08,0.71,2,40.34,29 / 29,60910,2019-09-08 12:04:52:640,-0.1178,0.0219,9.8664,-0.0083,-0.0004,9.8066,0.0034,-0.0002,-0.0121,-30.0,-36.19,5.56,281.19,-81.92,-170.58,False
52.4034,-1.556838,167.08,0.71,2,40.34,29 / 29,61011,2019-09-08 12:04:52:741,-0.0469,-0.1797,9.8783,-0.0029,0.0017,9.8066,-0.0294,-0.0157,-0.0083,-29.75,-36.12,5.06,279.53,-82.02,-170.42,False
52.4034,-1.556838,167.08,0.71,2,40.34,29 / 29,61111,2019-09-08 12:04:52:841,-0.1449,-0.0925,9.7883,-0.0011,0.0005,9.8066,-0.027,-0.0111,0.0084,-29.87,-36.0,5.0,279.52,-82.1,-170.53,False
52.4034,-1.556838,167.08,0.71,2,40.34,29 / 29,61211,2019-09-08 12:04:52:941,-0.1382,-0.0652,9.851,-0.0076,-0.0023,9.8066,0.0052,-0.0102,-0.0014,-30.19,-36.31,5.5,281.81,-82.16,-170.28,False
52.4034,-1.556838,167.08,0.71,2,40.34,29 / 29,61311,2019-09-08 12:04:53:041,-0.2107,-0.0571,9.844,-0.0047,-0.0027,9.8066,0.0093,-0.0162,-0.005,-29.87,-36.37,5.44,280.39,-82.25,-169.86,False
52.4034,-1.556838,167.08,0.71,2,40.34,29 / 29,61411,2019-09-08 12:04:53:141,-0.3033,-0.1942,9.8624,-0.0052,-0.0031,9.8066,-0.0003,-0.004,-0.0008,-30.0,-35.87,5.56,282.64,-82.28,-169.61,False
52.4034,-1.556838,167.08,0.71,2,40.34,29 / 29,61510,2019-09-08 12:04:53:240,-0.2164,-0.1008,9.9374,-0.0002,-0.0001,9.8065,-0.0066,-0.0021,0.0092,-29.56,-36.37,5.94,282.97,-82.33,-169.35,False
52.4034,-1.556838,167.08,0.71,2,40.34,29 / 29,61611,2019-09-08 12:04:53:341,-0.3813,-0.1037,9.8657,-0.0058,-0.0012,9.8066,0.0205,-0.0089,-0.0084,-29.87,-36.75,5.5,283.01,-82.37,-169.11,False
52.4034,-1.556838,167.08,0.71,2,40.34,29 / 29,61711,2019-09-08 12:04:53:441,-0.2435,-0.1366,9.9226,-0.0025,-0.0019,9.8066,0.0002,-0.0152,-0.0033,-30.19,-36.44,5.06,281.73,-82.43,-168.78,False
52.4034,-1.556838,167.08,0.71,2,40.34,29 / 29,61811,2019-09-08 12:04:53:541,-0.0884,-0.0476,9.8062,-0.0029,-0.0006,9.8065,-0.0047,0.008,0.011,-30.19,-36.25,5.44,281.95,-82.46,-168.6,False
52.4034,-1.556838,167.08,0.71,2,40.34,29 / 29,61911,2019-09-08 12:04:53:641,-0.1882,-0.0546,9.8369,-0.0056,-0.0036,9.8066,0.0109,-0.0123,-0.0007,-29.44,-36.31,5.19,282.5,-82.53,-168.17,False
52.4034,-1.556838,167.08,0.71,2,40.34,29 / 29,62011,2019-09-08 12:04:53:741,0.0798,-0.0462,9.8613,-0.0019,-0.0014,9.8066,0.0021,0.004,-0.0009,-30.06,-35.87,5.19,282.86,-82.57,-167.85,False
52.4034,-1.556838,167.08,0.71,2,40.34,29 / 29,62111,2019-09-08 12:04:53:841,0.0981,-0.1005,9.8977,-0.0037,-0.0021,9.8066,0.0026,-0.0043,0.0014,-30.5,-36.44,5.56,285.0,-82.6,-167.71,False
52.4034,-1.556838,167.08,0.71,2,40.34,29 / 29,62210,2019-09-08 12:04:53:940,0.4139,-0.0946,9.9117,0.0,-0.0032,9.8066,0.0003,-0.0017,0.0038,-30.0,-36.19,5.5,285.47,-82.64,-167.3,False
52.4034,-1.556838,167.08,0.71,2,40.34,28 / 28,62311,2019-09-08 12:04:54:041,0.4918,-0.1408,9.8164,0.0003,-0.0032,9.8066,0.0111,0.0026,0.0049,-29.69,-36.12,5.31,283.88,-82.63,-166.92,False
52.4034,-1.556838,167.08,0.71,2,40.34,28 / 28,62411,2019-09-08 12:04:54:141,0.1074,-0.2059,9.9279,-0.002,-0.0012,9.8066,0.0048,-0.0016,0.0086,-30.12,-36.12,5.38,284.11,-82.62,-166.7,False
52.4034,-1.556838,167.08,0.71,2,40.34,28 / 28,62511,2019-09-08 12:04:54:241,0.3328,-0.1366,9.9147,-0.0008,-0.0007,9.8066,0.0086,-0.0077,-0.009,-29.5,-36.31,5.75,286.35,-82.65,-166.57,False
52.4034,-1.556838,167.08,0.71,2,40.34,28 / 28,62611,2019-09-08 12:04:54:341,0.4178,-0.1005,9.7779,-0.0016,-0.0017,9.8066,0.004,-0.0043,0.0077,-29.69,-36.31,5.94,286.53,-82.68,-166.32,False
52.4034,-1.556838,167.08,0.71,2,40.34,28 / 28,62711,2019-09-08 12:04:54:441,0.332,-0.0105,9.8901,-0.0031,-0.0012,9.8066,0.0057,-0.0029,-0.002,-30.06,-36.62,4.94,284.55,-82.69,-166.11,False
52.4034,-1.556838,167.08,0.71,2,40.34,28 / 28,62811,2019-09-08 12:04:54:541,0.1713,-0.0899,9.9031,0.0003,-0.0014,9.8066,0.0074,-0.0109,-0.0076,-29.94,-36.12,5.13,285.07,-82.72,-165.88,False
52.4034,-1.556838,167.08,0.71,2,40.34,28 / 28,62911,2019-09-08 12:04:54:641,0.3182,-0.0876,9.939,-0.0008,-0.0023,9.8066,-0.004,0.0049,0.0124,-29.87,-36.37,5.38,285.36,-82.72,-165.61,False
52.4034,-1.556838,167.08,0.71,2,40.34,28 / 28,63010,2019-09-08 12:04:54:740,0.3652,-0.1197,9.8282,-0.0017,0.0003,9.8066,0.0018,0.006,-0.0019,-30.12,-36.25,5.38,285.59,-82.74,-165.4,False
52.4034,-1.556838,167.08,0.71,2,40.34,28 / 28,63110,2019-09-08 12:04:54:840,0.4636,-0.1002,9.8648,-0.0032,-0.0006,9.8066,0.0011,-0.0018,-0.0025,-30.19,-36.69,5.56,287.45,-82.77,-165.32,False
52.4034,-1.556838,167.08,0.71,2,40.34,29 / 29,63211,2019-09-08 12:04:54:941,0.326,-0.0628,9.7871,-0.0012,-0.0021,9.8065,0.015,-0.0015,0.0082,-30.56,-36.56,6.0,287.47,-82.76,-165.2,False
52.4034,-1.556838,167.08,0.71,2,40.34,29 / 29,63311,2019-09-08 12:04:55:041,0.3887,-0.1457,9.8729,-0.0025,-0.0001,9.8066,-0.0217,0.0036,-0.0095,-29.75,-36.0,6.0,287.87,-82.78,-165.15,False
52.4034,-1.556838,167.08,0.71,2,40.34,29 / 29,63411,2019-09-08 12:04:55:141,0.1565,-0.1346,9.8865,-0.0005,-0.0014,9.8066,-0.0101,-0.0015,0.0083,-29.56,-36.25,5.75,288.19,-82.8,-164.87,False
52.4034,-1.556838,167.08,0.71,2,40.34,29 / 29,63511,2019-09-08 12:04:55:241,0.4575,-0.1564,9.8493,-0.0008,0.0001,9.8066,0.0271,-0.0166,-0.0113,-29.94,-36.75,5.94,288.06,-82.79,-164.76,False
52.4034,-1.556838,167.08,0.71,2,40.34,29 / 29,63613,2019-09-08 12:04:55:343,0.129,-0.0212,9.9415,-0.0016,-0.0029,9.8066,-0.016,-0.004,-0.0022,-29.94,-36.25,6.06,288.35,-82.82,-164.73,False
52.4034,-1.556838,167.08,0.71,2,40.34,29 / 29,63711,2019-09-08 12:04:55:441,0.3837,-0.0392,9.7671,0.0001,-0.0023,9.8065,0.0038,0.0029,0.0142,-30.19,-36.25,5.81,288.68,-82.81,-164.42,False
52.4034,-1.556838,167.08,0.71,2,40.34,29 / 29,63811,2019-09-08 12:04:55:541,0.1663,-0.0523,9.9635,0.0008,0.0002,9.8066,0.0073,0.0014,-0.0172,-30.19,-35.75,5.63,288.75,-82.82,-164.36,False
52.4034,-1.556838,167.08,0.71,2,40.34,29 / 29,63911,2019-09-08 12:04:55:641,0.2743,-0.0759,9.8789,0.0035,-0.0016,9.8066,0.0091,-0.0066,0.0079,-30.06,-35.87,6.06,288.81,-82.82,-164.3,False
52.4034,-1.556838,167.08,0.71,2,40.34,29 / 29,64011,2019-09-08 12:04:55:741,0.2634,0.0211,9.789,-0.0047,-0.0009,9.8066,-0.0105,-0.0035,-0.0071,-30.31,-36.44,5.19,286.85,-82.8,-164.26,False
52.4034,-1.556838,167.08,0.71,2,40.34,29 / 29,64111,2019-09-08 12:04:55:841,0.2273,0.0398,9.929,-0.0013,-0.0023,9.8066,-0.0041,0.0023,0.0119,-30.25,-36.37,5.75,289.14,-82.81,-163.98,False
52.4034,-1.556838,167.08,0.71,2,40.34,28 / 28,64211,2019-09-08 12:04:55:941,0.2743,-0.14,9.8508,-0.0014,-0.0008,9.8066,-0.0167,0.0077,0.0044,-30.25,-35.87,5.75,289.31,-82.81,-163.81,False
52.4034,-1.556838,167.08,0.71,2,40.34,28 / 28,64311,2019-09-08 12:04:56:041,0.3199,0.0477,9.8005,-0.0005,-0.0023,9.8066,0.0112,-0.0035,0.008,-30.12,-36.0,5.38,287.47,-82.81,-163.69,False
52.4034,-1.556838,167.08,0.71,2,40.34,28 / 28,64411,2019-09-08 12:04:56:141,0.2789,0.0231,9.9687,0.0009,0.0007,9.8066,0.0085,-0.0066,-0.0032,-29.69,-36.44,5.44,287.51,-82.81,-163.64,False
52.4034,-1.556838,167.08,0.71,2,40.34,28 / 28,64511,2019-09-08 12:04:56:241,0.1938,-0.0968,9.8691,0.002,-0.0022,9.8065,0.022,-0.0097,0.0024,-30.44,-36.31,5.5,289.51,-82.81,-163.63,False
52.4034,-1.556838,167.08,0.71,2,40.34,28 / 28,64611,2019-09-08 12:04:56:341,0.3816,-0.0317,9.7616,-0.0027,-0.0006,9.8066,0.0028,-0.0001,-0.0045,-30.0,-36.06,5.63,289.64,-82.8,-163.48,False
52.4034,-1.556838,167.08,0.71,2,40.34,28 / 28,64711,2019-09-08 12:04:56:441,0.306,0.0332,9.9418,-0.001,-0.0013,9.8066,0.0027,0.0006,0.0068,-30.5,-36.12,5.56,289.84,-82.81,-163.31,False
52.4034,-1.556838,167.08,0.71,2,40.34,28 / 28,64811,2019-09-08 12:04:56:541,0.2483,-0.0266,9.909,0.0003,-0.0008,9.8066,-0.0098,0.0028,0.0002,-30.12,-36.25,5.88,289.92,-82.8,-163.22,False
52.4034,-1.556838,167.08,0.71,2,40.34,28 / 28,64910,2019-09-08 12:04:56:640,0.3283,-0.0284,9.7696,0.0009,-0.0013,9.8066,-0.002,0.0076,0.009,-30.75,-36.25,5.5,289.91,-82.79,-163.11,False
52.4034,-1.556838,167.08,0.71,2,40.34,28 / 28,65011,2019-09-08 12:04:56:741,0.2877,0.0187,9.9195,0.001,0.0012,9.8066,-0.0043,0.002,-0.0017,-30.06,-35.81,5.25,288.09,-82.79,-163.06,False
52.4034,-1.556838,167.08,0.71,2,40.34,28 / 28,65113,2019-09-08 12:04:56:843,0.2055,-0.044,9.9575,0.0026,-0.0011,9.8066,0.0051,-0.0081,0.0013,-29.94,-36.06,5.69,290.05,-82.78,-163.07,False
52.4034,-1.556838,167.08,0.71,2,40.34,29 / 29,65213,2019-09-08 12:04:56:943,0.4537,-0.132,9.7985,0.002,0.0004,9.8066,0.0021,-0.0108,-0.0125,-29.37,-36.5,5.88,290.11,-82.75,-163.1,False
52.4034,-1.556838,167.08,0.71,2,40.34,29 / 29,65313,2019-09-08 12:04:57:043,0.4335,-0.0205,9.8311,-0.0003,-0.0002,9.8066,-0.0141,0.0057,0.001,-30.37,-36.31,5.88,289.93,-82.74,-163.14,False
52.4034,-1.556838,167.08,0.71,2,40.34,29 / 29,65411,2019-09-08 12:04:57:141,0.2912,-0.0157,9.929,0.0022,-0.0004,9.8066,-0.0079,0.0017,0.0034,-30.0,-36.44,6.19,289.9,-82.74,-163.17,False
52.4034,-1.556838,167.08,0.71,2,40.34,29 / 29,65511,2019-09-08 12:04:57:241,0.2604,-0.0135,9.8395,0.0044,-0.0014,9.8065,-0.0114,-0.0009,-0.0052,-30.44,-36.19,6.06,289.85,-82.7,-163.17,False
52.4034,-1.556838,167.08,0.71,2,40.34,29 / 29,65611,2019-09-08 12:04:57:341,0.4759,-0.0345,9.7569,0.0003,0.0,9.8066,0.0105,-0.0179,-0.0007,-30.19,-36.37,4.94,287.83,-82.7,-163.2,False
52.4034,-1.556838,167.08,0.71,2,40.34,29 / 29,65710,2019-09-08 12:04:57:440,0.3192,-0.0331,9.848,-0.0001,-0.0012,9.8066,0.0142,-0.0129,-0.0059,-29.87,-36.0,5.19,287.88,-82.69,-163.15,False
52.4034,-1.556838,167.08,0.71,2,40.34,29 / 29,65811,2019-09-08 12:04:57:541,0.2172,0.0025,9.9237,0.0015,-0.001,9.8065,0.0081,-0.005,0.0004,-30.31,-36.25,5.63,289.92,-82.68,-163.09,False
52.4034,-1.556838,167.08,0.71,2,40.34,29 / 29,65910,2019-09-08 12:04:57:640,0.3439,-0.1119,9.7663,-0.0013,-0.0002,9.8066,0.0023,0.0078,-0.0007,-30.06,-35.81,5.75,289.98,-82.66,-163.0,False
52.4034,-1.556838,167.08,0.71,2,40.34,29 / 29,66011,2019-09-08 12:04:57:741,0.3143,-0.032,9.8151,0.0034,-0.001,9.8066,-0.0145,0.0045,-0.0027,-30.25,-36.31,5.75,289.92,-82.66,-163.05,False
52.4034,-1.556838,167.08,0.71,2,40.34,29 / 29,66111,2019-09-08 12:04:57:841,0.2636,-0.0722,9.9658,0.0037,0.0006,9.8066,-0.0223,0.0174,0.0083,-29.75,-35.81,6.0,289.89,-82.63,-163.05,False
52.4034,-1.556838,167.08,0.71,2,40.34,29 / 29,66211,2019-09-08 12:04:57:941,0.4071,-0.093,9.7837,-0.0004,-0.0015,9.8066,0.0035,0.0047,-0.007,-30.44,-36.0,5.44,287.82,-82.62,-163.11,False
52.4034,-1.556838,167.08,0.71,2,40.34,27 / 27,66311,2019-09-08 12:04:58:041,0.4037,-0.015,9.7887,-0.0026,0.0013,9.8065,0.0116,-0.0073,0.0027,-29.81,-36.19,6.0,289.82,-82.61,-163.09,False
52.4034,-1.556838,167.08,0.71,2,40.34,27 / 27,66410,2019-09-08 12:04:58:140,0.2881,-0.0713,9.97,0.0018,-0.0012,9.8066,0.0042,-0.0064,-0.0131,-30.0,-36.19,5.81,289.81,-82.6,-163.09,False
52.4034,-1.556838,167.08,0.71,2,40.34,27 / 27,66511,2019-09-08 12:04:58:241,0.3438,-0.1315,9.8063,-0.0005,-0.0008,9.8066,0.0139,-0.0077,0.0005,-29.75,-36.0,6.56,291.8,-82.58,-163.06,False
52.4034,-1.556838,167.08,0.71,2,40.34,27 / 27,66610,2019-09-08 12:04:58:340,0.3774,-0.0771,9.7938,0.003,-0.0005,9.8066,-0.0081,0.0008,-0.0049,-30.25,-36.0,6.19,289.69,-82.57,-163.16,False
52.4034,-1.556838,167.08,0.71,2,40.34,27 / 27,66711,2019-09-08 12:04:58:441,0.3807,-0.0731,9.9264,0.0036,0.001,9.8066,-0.0118,0.0084,0.0109,-30.12,-36.0,5.69,289.56,-82.54,-163.26,False
52.4034,-1.556838,167.08,0.71,2,40.34,27 / 27,66811,2019-09-08 12:04:58:541,0.2599,-0.0631,9.8322,0.0001,-0.0005,9.8066,-0.0079,0.0054,-0.0049,-30.12,-35.87,5.56,289.41,-82.51,-163.36,False
52.4034,-1.556838,167.08,0.71,2,40.34,27 / 27,66910,2019-09-08 12:04:58:640,0.3903,-0.093,9.8348,-0.0007,0.0008,9.8066,0.0047,0.0085,0.0114,-29.81,-36.06,6.06,289.33,-82.49,-163.42,False
52.4034,-1.556838,167.08,0.71,2,40.34,27 / 27,67011,2019-09-08 12:04:58:741,0.4046,-0.1113,9.8882,0.0041,-0.0008,9.8066,-0.0087,-0.0039,-0.0106,-30.0,-36.12,6.5,291.31,-82.47,-163.4,False
52.4034,-1.556838,167.08,0.71,2,40.34,27 / 27,67110,2019-09-08 12:04:58:840,0.1254,-0.0209,9.9168,0.0009,0.0011,9.8066,0.0082,-0.0079,-0.001,-29.75,-35.5,6.19,289.43,-82.45,-163.51,False
52.4034,-1.556838,167.08,0.71,2,40.34,28 / 28,67212,2019-09-08 12:04:58:942,0.3154,-0.0572,9.9183,0.0018,-0.0015,9.8066,0.0119,-0.0105,-0.0054,-30.0,-36.0,6.19,289.19,-82.44,-163.49,False
52.4034,-1.556838,167.08,0.71,2,40.34,28 / 28,67311,2019-09-08 12:04:59:041,0.3092,-0.1326,9.8004,0.0011,0.0003,9.8066,0.0105,-0.0132,0.0046,-30.06,-36.12,6.13,289.21,-82.42,-163.45,False
52.4034,-1.556838,167.08,0.71,2,40.34,28 / 28,67412,2019-09-08 12:04:59:142,0.2443,-0.0024,9.9483,0.002,0.0005,9.8066,-0.0073,0.0007,-0.0003,-29.75,-36.62,5.81,288.93,-82.4,-163.45,False
52.4034,-1.556838,167.08,0.71,2,40.34,28 / 28,67511,2019-09-08 12:04:59:241,0.2992,-0.0325,9.9773,-0.0006,-0.0007,9.8066,0.0095,-0.0035,0.0038,-29.81,-35.87,6.56,291.06,-82.39,-163.53,False
52.4034,-1.556838,167.08,0.71,2,40.34,28 / 28,67611,2019-09-08 12:04:59:341,0.3382,-0.0939,9.7761,0.0019,0.0,9.8066,-0.0178,0.013,0.0024,-30.25,-36.31,5.69,288.97,-82.35,-163.59,False
52.4034,-1.556838,167.08,0.71,2,40.34,28 / 28,67711,2019-09-08 12:04:59:441,0.2702,-0.0386,9.8873,0.0033,-0.0013,9.8066,-0.0146,0.0124,0.0058,-29.81,-35.87,5.75,288.88,-82.32,-163.65,False
52.4034,-1.556838,167.08,0.71,2,40.34,28 / 28,67810,2019-09-08 12:04:59:540,0.2224,-0.0327,9.9702,0.0033,-0.001,9.8066,0.0051,-0.0069,0.0046,-30.12,-35.5,6.94,291.12,-82.3,-163.61,False
52.4034,-1.556838,167.08,0.71,2,40.34,28 / 28,67911,2019-09-08 12:04:59:641,0.2888,-0.0351,9.8133,0.0001,-0.0015,9.8066,0.0167,-0.0119,-0.006,-30.25,-36.37,6.25,288.91,-82.31,-163.6,False
52.4034,-1.556838,167.08,0.71,2,40.34,28 / 28,68011,2019-09-08 12:04:59:741,0.2526,-0.0406,9.8416,-0.0004,0.0011,9.8066,0.0151,-0.0111,-0.0008,-30.31,-35.75,6.31,288.94,-82.27,-163.53,False
52.4034,-1.556838,167.08,0.71,2,40.34,28 / 28,68111,2019-09-08 12:04:59:841,0.2927,-0.0297,9.9175,0.0019,-0.0012,9.8066,0.0109,-0.011,-0.0082,-30.12,-36.0,6.81,290.85,-82.26,-163.59,False
52.4034,-1.556838,167.08,0.71,2,40.34,26 / 28,68212,2019-09-08 12:04:59:942,0.3672,-0.1097,9.8051,0.0035,0.0008,9.8066,-0.0022,0.0023,0.0077,-29.81,-35.44,6.56,291.05,-82.24,-163.62,False
52.4034,-1.556838,167.08,0.71,2,40.34,26 / 28,68311,2019-09-08 12:05:00:041,0.1186,0.0304,9.9229,0.0029,-0.0011,9.8066,-0.0214,0.009,0.0002,-30.44,-35.19,5.81,288.93,-82.2,-163.7,False
52.4034,-1.556838,167.08,0.71,2,40.34,26 / 28,68411,2019-09-08 12:05:00:141,0.181,-0.0061,9.8543,-0.0014,0.0011,9.8066,0.0017,0.0054,0.0108,-29.81,-35.44,6.06,288.88,-82.18,-163.73,False
52.4034,-1.556838,167.08,0.71,2,40.34,26 / 28,68511,2019-09-08 12:05:00:241,0.3695,-0.0332,9.7975,0.0001,-0.0007,9.8066,0.0023,0.0051,-0.0023,-30.12,-35.62,6.0,288.6,-82.18,-163.75,False
52.4034,-1.556838,167.08,0.71,2,40.34,26 / 28,68611,2019-09-08 12:05:00:341,0.1857,-0.0051,9.9082,0.0009,-0.0006,9.8066,0.0144,-0.0034,0.0011,-30.25,-35.94,7.06,290.63,-82.16,-163.67,False
52.4034,-1.556838,167.08,0.71,2,40.34,26 / 28,68711,2019-09-08 12:05:00:441,0.1283,0.0042,9.9167,0.0017,-0.0014,9.8066,0.0103,-0.0132,-0.0098,-29.87,-36.25,6.88,290.62,-82.13,-163.66,False
52.4034,-1.556838,167.08,0.71,2,40.34,26 / 28,68815,2019-09-08 12:05:00:545,0.2232,0.0151,9.8969,0.0027,0.0005,9.8066,0.0155,-0.014,-0.0016,-30.0,-36.56,6.75,290.24,-82.11,-163.74,False
52.4034,-1.556838,167.08,0.71,2,40.34,26 / 28,68911,2019-09-08 12:05:00:641,0.2734,-0.0116,9.8159,0.003,-0.0003,9.8066,0.0022,-0.0113,-0.0026,-30.0,-36.19,6.5,290.43,-82.08,-163.77,False
52.4034,-1.556838,167.08,0.71,2,40.34,26 / 28,69011,2019-09-08 12:05:00:741,0.1879,-0.0318,9.9462,0.0011,-0.0002,9.8066,0.0044,-0.0013,0.0042,-30.44,-36.37,6.5,290.45,-82.08,-163.75,False
52.4034,-1.556838,167.08,0.71,2,40.34,26 / 28,69111,2019-09-08 12:05:00:841,0.1332,-0.0023,9.9508,0.0004,0.0004,9.8066,-0.0088,0.0077,0.0028,-29.75,-36.25,6.56,290.37,-82.05,-163.79,False
52.4034,-1.556838,167.08,0.71,2,40.34,27 / 27,69211,2019-09-08 12:05:00:941,0.2955,-0.0886,9.8032,0.002,0.0,9.8066,-0.0199,0.0195,0.0026,-29.87,-35.5,6.44,288.54,-82.03,-163.87,False
52.4034,-1.556838,167.08,0.71,2,40.34,27 / 27,69311,2019-09-08 12:05:01:041,0.387,-0.0458,9.84,0.0006,0.0003,9.8066,-0.0193,0.0086,0.0019,-30.0,-35.87,6.44,288.18,-82.01,-163.94,False
52.4034,-1.556838,167.08,0.71,2,40.34,27 / 27,69411,2019-09-08 12:05:01:141,0.2332,0.0262,9.9144,0.0005,-0.001,9.8066,-0.0084,0.0061,-0.0025,-30.5,-36.06,6.63,290.11,-82.0,-163.98,False
52.4034,-1.556838,167.08,0.71,2,40.34,27 / 27,69511,2019-09-08 12:05:01:241,0.2598,-0.0702,9.9078,-0.0015,0.0004,9.8066,0.012,-0.001,-0.0023,-29.5,-36.5,6.44,288.24,-81.99,-163.94,False
52.4034,-1.556838,167.08,0.71,2,40.34,27 / 27,69611,2019-09-08 12:05:01:341,0.2867,-0.0811,9.8171,0.0024,-0.0012,9.8066,0.0076,-0.0077,-0.0107,-29.87,-35.69,6.44,288.13,-81.99,-163.96,False
52.4034,-1.556838,167.08,0.71,2,40.34,27 / 27,69711,2019-09-08 12:05:01:441,0.2654,0.0067,9.8664,0.0005,0.0008,9.8066,0.0172,-0.0135,-0.0003,-30.19,-36.37,6.5,290.09,-81.96,-163.95,False
52.4034,-1.556838,167.08,0.71,2,40.34,27 / 27,69811,2019-09-08 12:05:01:541,0.2298,-0.1092,9.952,0.002,-0.0009,9.8066,-0.0086,0.0005,-0.0089,-30.25,-36.37,6.88,290.02,-81.95,-164.01,False
52.4034,-1.556838,167.08,0.71,2,40.34,27 / 27,69911,2019-09-08 12:05:01:641,0.3182,-0.075,9.7773,0.0021,0.0011,9.8066,-0.0063,-0.0021,0.0058,-29.69,-36.37,6.5,289.85,-81.92,-164.14,False
52.4034,-1.556838,167.08,0.71,2,40.34,27 / 27,70011,2019-09-08 12:05:01:741,0.2686,-0.0185,9.7556,-0.0005,-0.0001,9.8066,-0.0091,0.0169,-0.0032,-30.19,-36.62,6.44,287.51,-81.9,-164.19,False
52.4034,-1.556838,167.08,0.71,2,40.34,27 / 27,70113,2019-09-08 12:05:01:843,0.1404,-0.0499,9.9765,0.0006,0.0008,9.8066,-0.0018,0.0066,0.0159,-29.75,-36.19,6.63,289.68,-81.88,-164.25,False
52.4034,-1.556838,167.08,0.71,2,40.34,27 / 27,70211,2019-09-08 12:05:01:941,0.1544,-0.0409,9.8924,0.0034,-0.0015,9.8066,-0.0143,0.0088,-0.0003,-29.94,-35.44,6.94,289.92,-81.86,-164.25,False
52.4034,-1.556838,167.08,0.71,2,40.34,27 / 27,70310,2019-09-08 12:05:02:040,0.153,-0.0567,9.7691,0.0028,0.0008,9.8066,-0.0161,0.0018,0.0034,-30.12,-36.0,6.38,287.59,-81.82,-164.28,False
52.4034,-1.556838,167.08,0.71,2,40.34,27 / 27,70411,2019-09-08 12:05:02:141,0.1843,-0.0129,9.912,0.0002,0.0003,9.8066,0.0106,-0.0123,-0.0015,-29.62,-36.0,5.88,287.61,-81.82,-164.26,False
52.4034,-1.556838,167.08,0.71,2,40.34,27 / 27,70510,2019-09-08 12:05:02:240,0.1365,0.0278,9.93,0.0018,0.0003,9.8066,0.0125,-0.0186,-0.0009,-30.19,-36.12,6.69,289.58,-81.81,-164.26,False
52.4034,-1.556838,167.08,0.71,2,40.34,27 / 27,70611,2019-09-08 12:05:02:341,0.118,-0.0816,9.8313,0.0017,-0.0001,9.8066,0.006,-0.0012,-0.0018,-30.25,-35.69,6.19,287.53,-81.79,-164.3,False
52.4034,-1.556838,167.08,0.71,2,40.34,27 / 27,70711,2019-09-08 12:05:02:441,0.1927,0.0165,9.809,0.0004,0.0,9.8066,0.0035,0.0034,0.001,-29.81,-36.37,6.69,289.42,-81.78,-164.37,False
52.4034,-1.556838,167.08,0.71,2,40.34,27 / 27,70811,2019-09-08 12:05:02:541,0.076,0.0483,9.9724,0.0032,0.0013,9.8066,-0.0048,0.0013,0.0035,-30.06,-35.75,5.88,287.42,-81.76,-164.36,False
52.4034,-1.556838,167.08,0.71,2,40.34,27 / 27,70911,2019-09-08 12:05:02:641,0.112,-0.0115,9.9011,0.0024,-0.0003,9.8066,-0.0176,0.0063,0.0045,-30.06,-36.12,6.38,287.25,-81.73,-164.5,False
52.4034,-1.556838,167.08,0.71,2,40.34,27 / 27,71010,2019-09-08 12:05:02:740,0.1276,0.0228,9.8814,-0.0022,0.0012,9.8066,0.0064,0.0061,0.0082,-30.0,-36.31,5.81,287.16,-81.71,-164.56,False
52.4034,-1.556838,167.08,0.71,2,40.34,27 / 27,71111,2019-09-08 12:05:02:841,0.0964,0.0077,9.9576,0.0015,-0.0003,9.8065,-0.0164,0.0012,0.0012,-29.75,-35.5,6.94,289.36,-81.7,-164.6,False
52.4034,-1.556838,167.08,0.71,2,40.34,27 / 27,71211,2019-09-08 12:05:02:941,0.2685,-0.0431,9.7804,0.001,0.0009,9.8066,0.0023,0.0016,0.0055,-30.06,-35.44,6.38,287.3,-81.68,-164.66,False
52.4034,-1.556838,167.08,0.71,2,40.34,27 / 27,71311,2019-09-08 12:05:03:041,0.131,0.0141,9.746,0.0017,-0.0025,9.8066,-0.0076,-0.0075,-0.0074,-30.0,-36.31,6.13,287.07,-81.66,-164.58,False
52.4034,-1.556838,167.08,0.71,2,40.34,27 / 27,71411,2019-09-08 12:05:03:141,0.1654,0.0783,9.909,0.0014,0.0003,9.8066,0.019,-0.0204,-0.0023,-29.69,-36.06,6.44,287.06,-81.66,-164.59,False
52.4034,-1.556838,167.08,0.71,2,40.34,27 / 27,71511,2019-09-08 12:05:03:241,0.1919,-0.0816,9.94,0.0017,0.0001,9.8066,0.0068,-0.0124,-0.0068,-30.06,-35.62,5.81,287.06,-81.65,-164.58,False
52.4034,-1.556838,167.08,0.71,2,40.34,27 / 27,71611,2019-09-08 12:05:03:341,0.0593,0.0316,9.8644,0.0013,-0.0003,9.8066,0.0108,-0.009,-0.0095,-30.44,-36.06,6.5,288.99,-81.64,-164.63,False
52.4034,-1.556838,167.08,0.71,2,40.34,27 / 27,71710,2019-09-08 12:05:03:440,0.2418,-0.019,9.7798,-0.0005,0.0013,9.8066,0.0063,-0.0001,-0.0018,-29.87,-35.75,6.44,286.93,-81.63,-164.69,False
52.4034,-1.556838,167.08,0.71,2,40.34,27 / 27,71811,2019-09-08 12:05:03:541,0.127,-0.0496,9.9901,0.0015,-0.0009,9.8066,-0.0078,-0.0053,-0.0019,-29.94,-35.81,6.13,286.9,-81.62,-164.7,False
52.4034,-1.556838,167.08,0.71,2,40.34,27 / 27,71911,2019-09-08 12:05:03:641,0.0806,0.0262,9.9093,0.0015,0.0011,9.8066,-0.0049,0.0076,0.0043,-30.0,-36.0,6.5,288.77,-81.59,-164.77,False
52.4034,-1.556838,167.08,0.71,2,40.34,27 / 27,72011,2019-09-08 12:05:03:741,0.2036,-0.0679,9.7683,0.0013,0.0002,9.8066,-0.018,0.0125,-0.0005,-29.87,-36.25,6.38,286.74,-81.58,-164.8,False
52.4034,-1.556838,167.08,0.71,2,40.34,27 / 27,72111,2019-09-08 12:05:03:841,0.1227,0.009,9.9013,-0.0009,0.0,9.8066,0.0053,0.0041,0.0071,-29.81,-35.87,6.13,286.67,-81.56,-164.85,False
52.4034,-1.556838,167.08,0.71,2,40.34,28 / 28,72210,2019-09-08 12:05:03:940,0.1139,-0.034,9.9591,0.0027,-0.0005,9.8065,-0.008,0.0004,-0.01,-30.06,-36.25,6.38,286.68,-81.55,-164.83,False
52.4034,-1.556838,167.08,0.71,2,40.34,28 / 28,72311,2019-09-08 12:05:04:041,0.1593,-0.079,9.8042,0.0006,-0.0008,9.8066,0.0115,-0.0188,0.0031,-29.69,-36.06,6.56,288.63,-81.54,-164.85,False
52.4034,-1.556838,167.08,0.71,2,40.34,28 / 28,72411,2019-09-08 12:05:04:141,0.165,0.0243,9.8352,0.0008,-0.0001,9.8066,0.0145,-0.0177,-0.0059,-30.0,-36.75,6.56,288.34,-81.52,-164.83,False
52.4034,-1.556838,167.08,0.71,2,40.34,28 / 28,72511,2019-09-08 12:05:04:241,0.1623,-0.061,9.9414,0.0002,0.0003,9.8066,0.0183,-0.0171,0.0062,-30.37,-36.06,6.25,286.59,-81.51,-164.86,False
52.4034,-1.556838,167.08,0.71,2,40.34,28 / 28,72611,2019-09-08 12:05:04:341,0.093,-0.0613,9.8757,0.0029,-0.0013,9.8066,-0.0069,0.0056,-0.0042,-29.87,-35.56,6.31,286.6,-81.49,-164.83,False
52.4034,-1.556838,167.08,0.71,2,40.34,28 / 28,72711,2019-09-08 12:05:04:441,0.1945,0.0317,9.7513,-0.0007,0.0003,9.8065,-0.0025,0.0008,0.0087,-29.31,-35.87,6.19,286.55,-81.47,-164.91,False
52.4034,-1.556838,167.08,0.71,2,40.34,28 / 28,72811,2019-09-08 12:05:04:541,0.2221,-0.0591,9.8282,0.0002,0.0005,9.8066,-0.015,0.0118,0.0034,-29.94,-36.31,6.19,286.47,-81.45,-164.92,False
52.4034,-1.556838,167.08,0.71,2,40.34,28 / 28,72911,2019-09-08 12:05:04:641,-0.0007,-0.0378,9.9276,0.0014,0.0006,9.8066,-0.013,0.0162,0.0028,-30.12,-36.06,6.44,286.33,-81.45,-165.04,False
52.4034,-1.556838,167.08,0.71,2,40.34,28 / 28,73010,2019-09-08 12:05:04:740,0.0702,0.043,9.781,-0.0001,0.0,9.8066,0.0054,-0.0021,0.0037,-30.12,-36.44,6.5,288.25,-81.43,-165.08,False
52.4034,-1.556838,167.08,0.71,2,40.34,28 / 28,73110,2019-09-08 12:05:04:840,0.2056,-0.0934,9.8247,0.0009,-0.0006,9.8066,0.0162,-0.0156,-0.0018,-29.87,-36.12,6.69,288.3,-81.43,-165.03,False
52.4034,-1.556838,167.08,0.71,2,40.34,26 / 28,73211,2019-09-08 12:05:04:941,-0.0166,0.0032,9.9774,-0.0008,0.0001,9.8066,0.0136,-0.0023,0.0008,-30.19,-36.69,6.63,288.02,-81.42,-165.0,False
52.4034,-1.556838,167.08,0.71,2,40.34,26 / 28,73310,2019-09-08 12:05:05:040,0.106,0.0484,9.787,0.001,-0.0001,9.8066,0.0024,0.0029,-0.0032,-30.19,-36.44,6.44,286.3,-81.41,-165.02,False
52.4034,-1.556838,167.08,0.71,2,40.34,26 / 28,73411,2019-09-08 12:05:05:141,0.168,-0.0287,9.7958,0.0009,0.0007,9.8066,-0.0059,0.0028,0.008,-30.25,-36.0,6.44,286.32,-81.41,-165.0,False
52.4034,-1.556838,167.08,0.71,2,40.34,26 / 28,73510,2019-09-08 12:05:05:240,0.0763,0.0262,9.9141,0.0011,-0.0013,9.8066,-0.0233,0.0109,0.0028,-29.81,-36.56,6.75,288.0,-81.39,-164.99,False
52.4034,-1.556838,167.08,0.71,2,40.34,26 / 28,73611,2019-09-08 12:05:05:341,0.0339,-0.0131,9.8568,-0.001,0.0003,9.8066,-0.0049,0.0106,0.0113,-30.06,-36.25,6.56,288.3,-81.38,-164.97,False
52.4034,-1.556838,167.08,0.71,2,40.34,26 / 28,73711,2019-09-08 12:05:05:441,0.1201,-0.0108,9.8245,-0.0005,-0.0004,9.8066,-0.0062,0.0025,-0.0033,-30.56,-35.56,6.13,286.29,-81.38,-164.95,False
52.4034,-1.556838,167.08,0.71,2,40.34,26 / 28,73811,2019-09-08 12:05:05:541,-0.0601,0.038,9.9527,0.0001,0.0002,9.8066,0.0097,-0.0003,0.0081,-30.19,-35.69,6.44,286.34,-81.38,-164.95,False
52.4034,-1.556838,167.08,0.71,2,40.34,26 / 28,73911,2019-09-08 12:05:05:641,0.0679,0.0368,9.8094,0.001,-0.0002,9.8066,0.0034,-0.0007,-0.0058,-30.12,-36.31,6.38,286.34,-81.36,-164.92,False
52.4034,-1.556838,167.08,0.71,2,40.34,26 / 28,74011,2019-09-08 12:05:05:741,0.1551,-0.0317,9.8081,0.002,0.0008,9.8066,0.02,-0.017,-0.002,-29.25,-36.56,6.38,286.19,-81.36,-164.83,False
52.4034,-1.556838,167.08,0.71,2,40.34,26 / 28,74111,2019-09-08 12:05:05:841,0.0442,0.0077,9.8916,0.0035,0.0004,9.8066,0.0056,-0.0118,-0.0083,-29.56,-36.06,6.06,286.35,-81.33,-164.88,False
52.4034,-1.556838,167.08,0.71,2,40.34,26 / 26,74212,2019-09-08 12:05:05:942,0.0981,0.0377,9.7545,0.0013,0.0008,9.8066,-0.0001,-0.0011,0.0058,-29.69,-36.25,6.69,288.26,-81.33,-164.95,False
52.4034,-1.556838,167.08,0.71,2,40.34,26 / 26,74310,2019-09-08 12:05:06:040,0.1056,0.0105,9.8251,-0.0002,0.0002,9.8066,-0.0048,0.0032,-0.0008,-29.44,-35.75,6.31,286.26,-81.31,-164.99,False
52.4034,-1.556838,167.08,0.71,2,40.34,26 / 26,74411,2019-09-08 12:05:06:141,0.0953,-0.0429,9.9594,0.0027,-0.0011,9.8066,-0.0159,0.0078,-0.0004,-30.19,-36.06,6.13,286.17,-81.3,-165.01,False
52.4034,-1.556838,167.08,0.71,2,40.34,26 / 26,74511,2019-09-08 12:05:06:241,-0.0492,0.0111,9.8967,0.0008,0.0002,9.8066,-0.0194,0.0181,0.0061,-30.31,-35.94,6.19,286.09,-81.27,-165.05,False
52.4034,-1.556838,167.08,0.71,2,40.34,26 / 26,74611,2019-09-08 12:05:06:341,0.152,-0.0259,9.7557,-0.0009,-0.0005,9.8066,-0.0087,0.0077,-0.0029,-29.62,-36.31,6.5,288.06,-81.27,-165.06,False
52.4034,-1.556838,167.08,0.71,2,40.34,26 / 26,74711,2019-09-08 12:05:06:441,0.1087,-0.0017,9.9384,-0.0013,0.0005,9.8066,0.0048,-0.0026,0.0051,-29.94,-36.06,6.69,288.08,-81.27,-165.04,False
52.4034,-1.556838,167.08,0.71,2,40.34,26 / 26,74811,2019-09-08 12:05:06:541,0.0516,-0.0031,9.9505,0.0018,-0.0007,9.8066,-0.0061,-0.0001,-0.0058,-29.31,-35.81,5.94,286.12,-81.27,-165.07,False
52.4034,-1.556838,167.08,0.71,2,40.34,26 / 26,74912,2019-09-08 12:05:06:642,0.1338,-0.0413,9.8088,-0.0007,-0.0002,9.8066,0.0152,-0.0097,-0.0001,-29.87,-35.62,6.0,286.14,-81.26,-165.0,False
52.4034,-1.556838,167.08,0.71,2,40.34,26 / 26,75011,2019-09-08 12:05:06:741,0.0456,0.027,9.8959,0.0021,-0.0016,9.8066,0.0011,-0.0154,-0.0057,-30.0,-35.69,6.5,288.14,-81.26,-164.98,False
52.4034,-1.556838,167.08,0.71,2,40.34,26 / 26,75111,2019-09-08 12:05:06:841,-0.0276,-0.0105,9.9441,0.001,0.0014,9.8066,0.0059,-0.0093,0.0066,-30.0,-35.62,6.25,286.09,-81.25,-165.02,False
52.4034,-1.556838,167.08,0.71,2,40.34,27 / 28,75211,2019-09-08 12:05:06:941,0.1048,-0.0358,9.7995,0.0019,-0.0015,9.8066,-0.0097,0.0063,-0.0036,-29.62,-35.94,6.13,286.07,-81.22,-165.02,False
52.4034,-1.556838,167.08,0.71,2,40.34,27 / 28,75310,2019-09-08 12:05:07:040,0.088,0.0124,9.8449,-0.001,0.0004,9.8066,-0.0022,0.0076,0.0107,-29.94,-35.56,6.63,287.94,-81.22,-165.12,False
52.4034,-1.556838,167.08,0.71,2,40.34,27 / 28,75412,2019-09-08 12:05:07:142,0.0482,-0.0418,9.9446,-0.0009,-0.0011,9.8066,-0.0137,0.0059,-0.0044,-29.37,-36.19,5.94,286.02,-81.21,-165.09,False
52.4034,-1.556838,167.08,0.71,2,40.34,27 / 28,75511,2019-09-08 12:05:07:241,-0.0295,-0.0335,9.8698,0.0025,0.0007,9.8066,-0.0009,-0.0048,0.0069,-29.81,-35.87,6.69,287.78,-81.2,-165.24,False
52.4034,-1.556838,167.08,0.71,2,40.34,27 / 28,75611,2019-09-08 12:05:07:341,0.0715,0.0167,9.7706,0.0002,0.0002,9.8066,0.0163,-0.0114,-0.0074,-29.37,-36.0,6.31,285.85,-81.18,-165.22,False
52.4034,-1.556838,167.08,0.71,2,40.34,27 / 28,75710,2019-09-08 12:05:07:440,0.1504,-0.0674,9.8285,0.0,0.0005,9.8066,0.0171,-0.0207,0.0017,-30.06,-36.06,6.19,285.8,-81.18,-165.23,False
52.4034,-1.556838,167.08,0.71,2,40.34,27 / 28,75811,2019-09-08 12:05:07:541,-0.0768,0.0152,9.9441,-0.0005,0.0017,9.8066,0.0154,-0.0103,-0.0039,-29.87,-36.0,5.81,285.81,-81.18,-165.2,False
52.4034,-1.556838,167.08,0.71,2,40.34,27 / 28,75911,2019-09-08 12:05:07:641,0.0642,0.0286,9.7697,-0.0019,-0.0009,9.8066,0.0112,-0.0045,-0.0021,-29.81,-35.81,5.75,285.75,-81.19,-165.28,False
52.4034,-1.556838,167.08,0.71,2,40.34,27 / 28,76011,2019-09-08 12:05:07:741,0.1493,-0.0337,9.807,0.0001,0.0004,9.8066,0.0058,0.001,0.0035,-29.75,-36.0,6.25,285.74,-81.18,-165.28,False
52.4034,-1.556838,167.08,0.71,2,40.34,27 / 28,76111,2019-09-08 12:05:07:841,0.0407,-0.0185,9.8848,0.0034,-0.0003,9.8066,-0.0172,0.0077,0.0069,-30.19,-36.19,6.13,285.68,-81.16,-165.32,False
52.4034,-1.556838,167.08,0.71,2,40.34,27 / 27,76211,2019-09-08 12:05:07:941,-0.0746,0.0108,9.9339,-0.0022,0.0002,9.8066,0.0047,0.0077,0.0115,-29.37,-36.19,6.38,285.71,-81.16,-165.32,False
52.4034,-1.556838,167.08,0.71,2,40.34,27 / 27,76310,2019-09-08 12:05:08:040,-0.079,0.0063,9.9076,0.0001,-0.0007,9.8066,-0.0156,0.0057,-0.0022,-30.31,-36.19,6.44,285.69,-81.15,-165.29,False
52.4034,-1.556838,167.08,0.71,2,40.34,27 / 27,76413,2019-09-08 12:05:08:143,0.1289,-0.019,9.7964,0.0013,-0.0003,9.8066,-0.0146,0.017,0.007,-29.81,-36.25,6.75,287.59,-81.15,-165.36,False
52.4034,-1.556838,167.08,0.71,2,40.34,27 / 27,76511,2019-09-08 12:05:08:241,0.1452,-0.0297,9.9235,0.0014,-0.0014,9.8066,-0.019,0.0046,-0.0028,-29.69,-36.5,6.69,287.6,-81.13,-165.33,False
52.4034,-1.556838,167.08,0.71,2,40.34,27 / 27,76611,2019-09-08 12:05:08:341,0.0494,0.067,9.9744,0.0007,0.0,9.8066,0.0022,-0.0031,-0.0017,-29.69,-36.37,6.38,285.63,-81.14,-165.33,False
52.4034,-1.556838,167.08,0.71,2,40.34,27 / 27,76711,2019-09-08 12:05:08:441,0.1135,-0.0299,9.8268,-0.0003,0.0008,9.8065,0.0091,-0.0094,-0.0029,-30.06,-36.31,5.25,283.6,-81.13,-165.37,False
52.4034,-1.556838,167.08,0.71,2,40.34,27 / 27,76811,2019-09-08 12:05:08:541,0.1892,-0.0593,9.8469,0.0005,-0.0012,9.8065,0.0062,-0.0117,-0.0056,-30.12,-36.06,6.44,285.64,-81.14,-165.33,False
52.4034,-1.556838,167.08,0.71,2,40.34,27 / 27,76911,2019-09-08 12:05:08:641,0.0296,0.0525,9.9465,-0.0016,0.0003,9.8066,0.0083,-0.0034,-0.0019,-30.12,-35.25,6.0,285.96,-81.12,-165.28,False
52.4034,-1.556838,167.08,0.71,2,40.34,27 / 27,77011,2019-09-08 12:05:08:741,0.177,-0.0637,9.8735,0.0022,-0.0005,9.8066,-0.0176,0.0062,-0.0027,-29.75,-35.69,6.19,285.63,-81.13,-165.32,False
52.4034,-1.556838,167.08,0.71,2,40.34,27 / 27,77111,2019-09-08 12:05:08:841,0.2124,-0.0364,9.811,0.0013,0.0009,9.8065,-0.0151,0.0063,0.0086,-29.94,-35.75,6.06,285.58,-81.12,-165.36,False
52.4034,-1.556838,167.08,0.71,2,40.34,28 / 29,77211,2019-09-08 12:05:08:941,0.0404,0.0128,9.9053,0.0001,-0.0004,9.8066,-0.0138,0.0063,0.0001,-29.94,-35.94,6.25,285.62,-81.11,-165.31,False
52.4034,-1.556838,167.08,0.71,2,40.34,28 / 29,77310,2019-09-08 12:05:09:040,0.1389,-0.078,9.8118,-0.0029,0.001,9.8066,0.0039,-0.0016,0.0098,-29.69,-35.75,6.69,287.62,-81.12,-165.31,False
52.4034,-1.556838,167.08,0.71,2,40.34,28 / 29,77411,2019-09-08 12:05:09:141,0.0782,-0.034,9.9253,0.0007,0.0004,9.8066,0.0101,-0.0135,-0.0172,-30.12,-36.31,6.38,285.7,-81.13,-165.25,False
52.4034,-1.556838,167.08,0.71,2,40.34,28 / 29,77510,2019-09-08 12:05:09:240,0.0107,-0.0391,9.866,-0.0019,0.0012,9.8066,0.0168,-0.0087,0.0024,-29.37,-35.94,6.38,285.66,-81.13,-165.34,False
52.4034,-1.556838,167.08,0.71,2,40.34,28 / 29,77611,2019-09-08 12:05:09:341,0.1514,-0.0387,9.8261,0.0031,-0.0001,9.8066,-0.0086,-0.0014,-0.0105,-29.44,-36.56,6.31,285.34,-81.12,-165.34,False
52.4034,-1.556838,167.08,0.71,2,40.34,28 / 29,77711,2019-09-08 12:05:09:441,0.0817,-0.0672,9.8989,0.002,0.0017,9.8066,-0.0089,0.0022,0.0084,-29.81,-35.81,6.56,287.55,-81.12,-165.37,False
52.4034,-1.556838,167.08,0.71,2,40.34,28 / 29,77811,2019-09-08 12:05:09:541,-0.061,-0.0527,9.8914,0.0001,-0.0005,9.8066,-0.011,0.0125,-0.0002,-29.94,-36.12,6.25,285.43,-81.09,-165.47,False
52.4034,-1.556838,167.08,0.71,2,40.34,28 / 29,77911,2019-09-08 12:05:09:641,0.1444,-0.0465,9.8261,-0.0024,0.0001,9.8066,0.0037,0.0002,0.0081,-30.5,-36.56,6.63,287.18,-81.1,-165.42,False
52.4034,-1.556838,167.08,0.71,2,40.34,28 / 29,78011,2019-09-08 12:05:09:741,0.1636,-0.0676,9.8644,-0.0011,-0.001,9.8066,-0.0021,-0.0049,-0.0073,-29.62,-35.62,6.88,287.55,-81.11,-165.35,False
52.4034,-1.556838,167.08,0.71,2,40.34,28 / 29,78111,2019-09-08 12:05:09:841,-0.0422,-0.0066,9.9108,-0.0009,0.0002,9.8065,0.0164,-0.0159,0.0047,-29.56,-36.06,6.06,285.58,-81.1,-165.34,False
52.4034,-1.556838,167.08,0.71,2,40.34,28 / 28,78213,2019-09-08 12:05:09:943,0.1006,-0.0486,9.8605,0.0014,-0.0008,9.8066,0.003,-0.0077,-0.0092,-29.75,-36.25,6.44,285.6,-81.1,-165.31,False
52.4034,-1.556838,167.08,0.71,2,40.34,28 / 28,78311,2019-09-08 12:05:10:041,0.1869,-0.084,9.8505,-0.0001,0.0014,9.8066,0.0106,0.0003,0.0042,-29.44,-36.12,6.56,287.63,-81.09,-165.37,False
52.4034,-1.556838,167.08,0.71,2,40.34,28 / 28,78411,2019-09-08 12:05:10:141,-0.0591,0.0197,9.9983,0.0007,0.0009,9.8066,-0.0216,0.0081,0.0045,-30.06,-36.12,6.0,285.53,-81.09,-165.37,False
52.4034,-1.556838,167.08,0.71,2,40.34,28 / 28,78511,2019-09-08 12:05:10:241,0.0638,-0.0508,9.9718,-0.0001,0.0009,9.8066,-0.0024,0.006,0.0077,-29.81,-36.19,6.5,287.45,-81.09,-165.43,False
52.4034,-1.556838,167.08,0.71,2,40.34,28 / 28,78611,2019-09-08 12:05:10:341,0.1774,-0.0209,9.779,0.0011,0.0009,9.8066,-0.0185,0.0086,0.0074,-30.12,-36.75,6.25,285.11,-81.07,-165.46,False
52.4034,-1.556838,167.08,0.71,2,40.34,28 / 28,78711,2019-09-08 12:05:10:441,0.0592,0.0165,9.8838,0.0003,-0.001,9.8066,-0.0131,0.0124,0.0072,-29.81,-36.37,5.94,285.38,-81.07,-165.48,False
52.4034,-1.556838,167.08,0.71,2,40.34,28 / 28,78811,2019-09-08 12:05:10:541,0.0954,-0.0209,9.9506,-0.0009,0.0006,9.8066,0.0061,-0.0032,0.0048,-30.0,-36.0,6.88,287.38,-81.06,-165.46,False
52.4034,-1.556838,167.08,0.71,2,40.34,28 / 28,78911,2019-09-08 12:05:10:641,0.0985,-0.0285,9.8421,-0.001,-0.0003,9.8066,0.0124,-0.0101,-0.0036,-29.75,-35.69,6.13,285.44,-81.07,-165.44,False
52.4034,-1.556838,167.08,0.71,2,40.34,28 / 28,79011,2019-09-08 12:05:10:741,0.0956,0.048,9.8292,-0.0013,0.0006,9.8066,0.0139,-0.0146,-0.0012,-29.62,-36.0,6.69,287.4,-81.07,-165.45,False
52.4034,-1.556838,167.08,0.71,2,40.34,28 / 28,79111,2019-09-08 12:05:10:841,0.0674,-0.0089,9.9145,0.0005,-0.0005,9.8066,0.0054,-0.0137,-0.005,-30.19,-36.31,6.25,285.43,-81.08,-165.46,False
52.4034,-1.556838,167.08,0.71,2,40.34,27 / 27,79211,2019-09-08 12:05:10:941,0.0046,0.0471,9.8932,-0.0003,0.0002,9.8066,-0.0011,-0.0001,-0.0014,-29.56,-36.37,6.63,287.4,-81.07,-165.46,False
52.4034,-1.556838,167.08,0.71,2,40.34,27 / 27,79311,2019-09-08 12:05:11:041,0.1502,-0.0251,9.8274,0.0024,-0.0006,9.8066,-0.0161,0.0018,-0.0004,-30.19,-35.56,6.56,287.37,-81.06,-165.47,False
52.4034,-1.556838,167.08,0.71,2,40.34,27 / 27,79411,2019-09-08 12:05:11:141,-0.0341,-0.0038,9.8839,-0.0003,0.0009,9.8066,-0.0041,0.0107,0.0045,-30.06,-35.75,6.56,287.38,-81.07,-165.47,False
52.4034,-1.556838,167.08,0.71,2,40.34,27 / 27,79511,2019-09-08 12:05:11:241,-0.0108,0.0225,9.9195,0.0007,-0.0005,9.8066,-0.0094,-0.001,0.0012,-30.31,-36.0,6.69,287.33,-81.07,-165.51,False
52.4034,-1.556838,167.08,0.71,2,40.34,27 / 27,79611,2019-09-08 12:05:11:341,0.1331,-0.0657,9.7718,-0.0016,0.0002,9.8066,0.0207,-0.0046,0.0004,-29.87,-36.0,6.13,285.4,-81.07,-165.47,False
52.4034,-1.556838,167.08,0.71,2,40.34,27 / 27,79711,2019-09-08 12:05:11:441,-0.0178,0.0068,9.8844,-0.0009,-0.0016,9.8066,0.0124,-0.0103,-0.0085,-29.81,-36.12,6.31,285.38,-81.06,-165.49,False
52.4034,-1.556838,167.08,0.71,2,40.34,27 / 27,79811,2019-09-08 12:05:11:541,0.0061,0.0618,9.9515,0.0025,0.0011,9.8066,0.0086,-0.01,0.0041,-29.81,-36.62,6.38,285.17,-81.07,-165.4,False
52.4034,-1.556838,167.08,0.71,2,40.34,27 / 27,79911,2019-09-08 12:05:11:641,0.2366,-0.0292,9.8484,0.0047,-0.001,9.8066,-0.0023,-0.001,-0.0023,-29.75,-35.69,6.38,285.36,-81.04,-165.47,False
52.4034,-1.556838,167.08,0.71,2,40.34,27 / 27,80011,2019-09-08 12:05:11:741,0.0089,0.0471,9.7741,-0.0033,0.0006,9.8066,-0.0064,0.0063,0.0044,-29.94,-36.0,6.44,285.33,-81.03,-165.49,False
52.4034,-1.556838,167.08,0.71,2,40.34,27 / 27,80111,2019-09-08 12:05:11:841,-0.102,0.0395,9.9353,0.0006,0.0004,9.8066,-0.0214,0.0102,-0.0014,-29.56,-35.94,6.38,285.32,-81.04,-165.51,False
52.4034,-1.556838,167.08,0.71,2,40.34,28 / 28,80212,2019-09-08 12:05:11:942,0.238,-0.0408,9.814,0.0016,-0.0004,9.8066,-0.0008,0.0032,0.003,-29.62,-36.25,6.56,287.2,-81.04,-165.61,False
52.4034,-1.556838,167.08,0.71,2,40.34,28 / 28,80311,2019-09-08 12:05:12:041,-0.0558,-0.0371,9.958,0.0009,-0.0015,9.8066,-0.0146,0.0054,-0.0054,-29.81,-36.12,6.25,285.23,-81.03,-165.59,False
52.4034,-1.556838,167.08,0.71,2,40.34,28 / 28,80411,2019-09-08 12:05:12:141,-0.1685,0.0531,9.9728,0.0009,-0.0001,9.8066,0.0216,-0.0133,-0.0021,-29.81,-36.69,6.13,285.01,-81.04,-165.53,False
52.4034,-1.556838,167.08,0.71,2,40.34,28 / 28,80512,2019-09-08 12:05:12:242,0.1778,-0.0577,9.8142,0.0002,-0.0002,9.8066,0.0101,-0.016,-0.004,-29.56,-35.69,6.06,285.32,-81.02,-165.49,False
52.4034,-1.556838,167.08,0.71,2,40.34,28 / 28,80611,2019-09-08 12:05:12:341,0.202,-0.0758,9.891,0.0015,0.0002,9.8066,0.0118,-0.0099,-0.008,-30.44,-36.25,6.38,285.36,-81.04,-165.48,False
52.4034,-1.556838,167.08,0.71,2,40.34,28 / 28,80711,2019-09-08 12:05:12:441,-0.1463,0.0421,9.9094,0.0005,0.002,9.8066,-0.0059,-0.0051,0.0062,-29.69,-35.81,5.63,285.18,-81.03,-165.62,False
52.4034,-1.556838,167.08,0.71,2,40.34,28 / 28,80810,2019-09-08 12:05:12:540,-0.0028,0.0248,9.9418,0.0035,0.0003,9.8066,-0.0075,0.0007,0.0045,-30.06,-36.37,6.56,287.21,-81.03,-165.59,False
52.4034,-1.556838,167.08,0.71,2,40.34,28 / 28,80911,2019-09-08 12:05:12:641,0.4163,-0.1118,9.7438,0.0001,0.0,9.8066,0.0059,0.0137,0.0064,-29.56,-35.69,6.63,287.19,-81.02,-165.59,False
52.4034,-1.556838,167.08,0.71,2,40.34,28 / 28,81011,2019-09-08 12:05:12:741,0.2057,0.0704,9.9223,0.0001,-0.0015,9.8066,0.0008,0.01,-0.0045,-29.56,-35.75,6.19,285.24,-81.01,-165.55,False
52.4034,-1.556838,167.08,0.71,2,40.34,28 / 28,81111,2019-09-08 12:05:12:841,0.2321,-0.0258,9.8633,0.0053,0.0004,9.8066,0.0002,-0.0091,0.006,-29.81,-36.56,6.13,284.8,-80.98,-165.65,False
52.4034,-1.556838,167.08,0.71,2,40.34,28 / 28,81211,2019-09-08 12:05:12:941,0.132,-0.1177,9.8911,-0.0009,-0.0017,9.8066,0.0098,-0.0032,-0.0065,-30.0,-35.06,5.88,285.43,-80.98,-165.62,False
52.4034,-1.556838,167.08,0.71,2,40.34,28 / 28,81312,2019-09-08 12:05:13:042,0.4977,-0.082,9.8905,0.0002,0.0003,9.8066,-0.012,0.0017,0.0025,-29.81,-36.12,6.31,285.08,-80.94,-165.62,False
52.4034,-1.556838,167.08,0.71,2,40.34,28 / 28,81411,2019-09-08 12:05:13:141,0.2036,0.0687,9.9083,0.002,-0.0003,9.8066,0.0271,-0.0165,-0.0009,-29.75,-35.94,6.25,285.0,-80.93,-165.69,False
52.4034,-1.556838,167.08,0.71,2,40.34,28 / 28,81511,2019-09-08 12:05:13:241,0.6043,-0.0214,10.0062,0.0036,0.0005,9.8066,0.0154,-0.003,-0.0043,-30.12,-36.19,6.25,284.91,-80.9,-165.73,False
52.4034,-1.556838,167.08,0.71,2,40.34,28 / 28,81611,2019-09-08 12:05:13:341,0.4659,-0.1144,9.9498,0.0048,-0.0001,9.8066,-0.0161,-0.0067,0.0042,-29.75,-35.94,6.5,286.8,-80.89,-165.81,False
52.4034,-1.556838,167.08,0.71,2,40.34,28 / 28,81710,2019-09-08 12:05:13:440,0.4508,-0.1783,9.8274,0.0067,0.0008,9.8066,-0.0109,-0.0098,0.0076,-29.81,-35.69,6.94,286.65,-80.84,-165.89,False
52.4034,-1.556838,167.08,0.71,2,40.34,28 / 28,81811,2019-09-08 12:05:13:541,0.5692,-0.0298,9.759,-0.0013,0.0016,9.8065,0.0226,-0.0115,0.0029,-29.56,-35.56,6.75,286.52,-80.79,-165.96,False
52.4034,-1.556838,167.08,0.71,2,40.34,28 / 28,81913,2019-09-08 12:05:13:643,1.4509,-0.1416,9.8453,0.0034,0.0002,9.8066,0.0059,-0.0165,0.0071,-30.06,-36.0,6.25,284.37,-80.74,-166.06,False
52.4034,-1.556838,167.08,0.71,2,40.34,28 / 28,82011,2019-09-08 12:05:13:741,1.001,-0.0378,9.869,0.0026,-0.0007,9.8066,0.0381,-0.004,-0.0138,-29.31,-36.25,6.38,284.12,-80.63,-166.18,False
52.4034,-1.556838,167.08,0.71,2,40.34,28 / 28,82111,2019-09-08 12:05:13:841,1.2716,-0.3147,9.9561,0.0045,0.0024,9.8066,0.0285,-0.0218,0.0149,-30.0,-35.37,6.5,286.05,-80.54,-166.4,False
52.4034,-1.556838,167.08,0.71,2,40.34,28 / 28,82211,2019-09-08 12:05:13:941,2.1156,-0.1575,9.947,0.0032,-0.0007,9.8066,0.0044,-0.0274,-0.0013,-29.56,-35.87,6.81,285.58,-80.49,-166.49,False
52.4034,-1.556838,167.08,0.71,2,40.34,28 / 28,82311,2019-09-08 12:05:14:041,1.9228,-0.1827,9.8548,0.0033,0.001,9.8066,-0.0083,-0.0317,-0.0011,-29.19,-35.81,6.75,285.55,-80.43,-166.52,False
52.4034,-1.556838,167.08,0.71,2,40.34,28 / 28,82411,2019-09-08 12:05:14:141,1.4949,-0.1377,9.8719,-0.0014,0.0019,9.8066,-0.0145,-0.0156,0.0014,-29.69,-35.12,6.69,285.52,-80.37,-166.71,False
52.4034,-1.556838,167.08,0.71,2,40.34,28 / 28,82511,2019-09-08 12:05:14:241,0.9703,-0.2482,9.7228,0.0062,-0.0006,9.8066,-0.0296,0.0001,-0.0174,-29.06,-35.56,6.75,285.1,-80.37,-166.87,False
52.4034,-1.556838,167.08,0.71,2,40.34,28 / 28,82611,2019-09-08 12:05:14:341,1.0391,-0.1963,9.9703,0.0023,0.0005,9.8066,0.0213,0.0071,-0.0079,-29.94,-35.56,6.75,284.72,-80.35,-167.15,False
52.4034,-1.556838,167.08,0.71,2,40.34,28 / 28,82711,2019-09-08 12:05:14:441,0.9145,-0.098,10.0101,-0.0072,0.0011,9.8066,0.0268,-0.0149,-0.0069,-29.81,-35.25,6.94,285.0,-80.39,-167.24,False
52.4034,-1.556838,167.08,0.71,2,40.34,28 / 28,82811,2019-09-08 12:05:14:541,1.5416,-0.2131,9.9007,0.0099,0.0032,9.8066,-0.0364,-0.0103,-0.0168,-29.56,-35.69,7.44,284.62,-80.42,-167.33,False
52.4034,-1.556838,167.08,0.71,2,40.34,28 / 28,82910,2019-09-08 12:05:14:640,1.432,-0.202,9.638,0.0015,0.0057,9.8066,-0.0142,-0.0134,0.0047,-29.56,-35.44,7.31,284.36,-80.43,-167.89,False
52.4034,-1.556838,167.08,0.71,2,40.34,28 / 28,83011,2019-09-08 12:05:14:741,1.1635,-0.0164,9.7805,-0.0076,0.0073,9.8066,0.063,-0.0047,-0.0233,-29.44,-35.5,7.5,286.15,-80.37,-168.14,False
52.4034,-1.556838,167.08,0.71,2,40.34,28 / 28,83111,2019-09-08 12:05:14:841,1.2399,-0.0823,9.9526,-0.0146,0.0069,9.8065,0.0845,-0.0237,-0.0082,-29.75,-36.81,6.88,282.96,-80.38,-168.56,False
52.4034,-1.556838,167.08,0.71,2,40.34,28 / 29,83212,2019-09-08 12:05:14:942,0.9575,-0.1629,9.9773,-0.0136,-0.0005,9.8065,-0.0512,-0.0225,0.0071,-29.87,-36.19,6.94,283.13,-80.46,-168.81,False
52.4034,-1.556838,167.08,0.71,2,40.34,28 / 29,83313,2019-09-08 12:05:15:043,1.297,-0.1207,10.0548,0.0132,0.001,9.8066,-0.0328,-0.0312,0.0056,-29.81,-36.0,6.88,282.98,-80.35,-168.81,False
52.4034,-1.556838,167.08,0.71,2,40.34,28 / 29,83412,2019-09-08 12:05:15:142,1.7776,0.0179,9.8157,-0.0161,-0.0007,9.8065,-0.0265,-0.0047,0.0175,-29.37,-36.19,7.25,283.1,-80.35,-168.77,False
52.4034,-1.556838,167.08,0.71,2,40.34,28 / 29,83511,2019-09-08 12:05:15:241,1.5387,-0.5798,10.1609,-0.0092,-0.0035,9.8066,-0.0079,-0.0548,0.0046,-29.44,-35.12,6.81,283.96,-80.43,-168.37,False
52.4034,-1.556838,167.08,0.71,2,40.34,28 / 29,83611,2019-09-08 12:05:15:341,1.3739,-0.0894,9.7717,-0.0034,0.0086,9.8066,0.0506,-0.0395,0.0142,-29.87,-35.44,7.31,283.86,-80.42,-168.37,False
52.4034,-1.556838,167.08,0.71,2,40.34,28 / 29,83710,2019-09-08 12:05:15:440,0.9766,-0.7196,9.5193,-0.0257,0.0037,9.8065,0.0394,-0.04,-0.0168,-29.25,-35.12,7.06,283.47,-80.41,-168.81,False
52.4034,-1.556838,167.08,0.71,2,40.34,28 / 29,83811,2019-09-08 12:05:15:541,0.7427,-0.79,9.6345,-0.0033,0.0069,9.8066,-0.0268,-0.056,-0.0027,-29.44,-36.12,7.25,282.84,-80.57,-169.29,False
52.4034,-1.556838,167.08,0.71,2,40.34,28 / 29,83911,2019-09-08 12:05:15:641,0.9165,-0.3667,9.8559,-0.0007,0.007,9.8066,-0.0106,-0.0802,-0.0005,-29.31,-35.81,6.69,282.15,-80.66,-170.08,False
52.4034,-1.556838,167.08,0.71,2,40.34,28 / 29,84011,2019-09-08 12:05:15:741,1.3532,-0.3123,10.0499,0.0082,-0.001,9.8066,0.0113,-0.0717,0.0096,-29.44,-36.06,6.81,281.95,-80.67,-170.29,False
52.4034,-1.556838,167.08,0.71,2,40.34,28 / 29,84112,2019-09-08 12:05:15:842,1.0075,-0.9002,9.8908,0.0083,-0.0014,9.8066,0.0106,-0.1145,0.0453,-29.37,-35.5,6.88,282.34,-80.68,-170.23,False
52.4034,-1.556838,167.08,0.71,2,40.34,27 / 28,84211,2019-09-08 12:05:15:941,1.3113,-0.833,9.9673,-0.0027,-0.0082,9.8066,-0.0018,-0.1173,0.0355,-29.94,-34.81,7.19,282.98,-80.69,-169.54,False
52.4034,-1.556838,167.08,0.71,2,40.34,27 / 28,84313,2019-09-08 12:05:16:043,1.4871,-0.7786,10.0737,0.0136,0.0009,9.8066,-0.0339,-0.1064,0.0084,-30.12,-35.94,7.31,282.89,-80.66,-169.28,False
52.4034,-1.556838,167.08,0.71,2,40.34,27 / 28,84413,2019-09-08 12:05:16:143,1.4105,-1.4385,10.0882,-0.0006,0.0003,9.8066,0.0096,-0.1216,0.0067,-30.37,-36.0,8.13,285.05,-80.71,-169.16,False
52.4034,-1.556838,167.08,0.71,2,40.34,27 / 28,84511,2019-09-08 12:05:16:241,0.8511,-0.718,10.0639,-0.0066,0.0119,9.8066,0.0201,-0.1707,0.0257,-30.31,-35.5,7.44,282.58,-80.75,-169.99,False
52.4034,-1.556838,167.08,0.71,2,40.34,27 / 28,84611,2019-09-08 12:05:16:341,0.9378,-0.9039,9.8889,0.0059,0.0015,9.8066,0.0375,-0.1058,0.0044,-30.31,-35.5,7.56,283.87,-80.63,-170.49,False
52.4034,-1.556838,167.08,0.71,2,40.34,27 / 28,84711,2019-09-08 12:05:16:441,0.7978,-0.9917,9.6114,-0.0021,-0.0096,9.8066,0.0577,-0.1698,0.0803,-30.0,-34.5,8.5,285.8,-80.49,-170.62,False
52.4034,-1.556838,167.08,0.71,2,40.34,27 / 28,84811,2019-09-08 12:05:16:541,0.836,-0.7813,9.6989,0.0064,-0.0104,9.8065,-0.0118,-0.1799,0.0707,-30.94,-35.12,8.69,286.5,-80.41,-169.36,False
52.4034,-1.556838,167.08,0.71,2,40.34,27 / 28,84910,2019-09-08 12:05:16:640,0.7196,-1.3993,10.3754,0.0135,-0.0113,9.8066,-0.0083,-0.1574,0.0353,-31.0,-35.56,8.75,287.01,-80.25,-168.4,False
52.4034,-1.556838,167.08,0.71,2,40.34,27 / 28,85010,2019-09-08 12:05:16:740,1.115,-1.8546,9.7674,-0.0006,-0.0064,9.8066,-0.0184,-0.1792,0.0453,-31.19,-35.44,9.63,289.36,-80.2,-168.18,False
52.4034,-1.556838,167.08,0.71,2,40.34,27 / 28,85110,2019-09-08 12:05:16:840,1.0228,-1.3108,9.7213,-0.0029,-0.0005,9.8066,-0.0222,-0.2107,0.0375,-31.44,-35.0,9.81,289.45,-80.17,-168.06,False
52.4034,-1.556838,167.08,0.71,2,40.34,29 / 29,85211,2019-09-08 12:05:16:941,1.0226,-1.9299,9.6739,-0.0313,0.0082,9.8065,-0.0437,-0.1855,0.0248,-32.25,-35.19,10.69,291.41,-80.33,-167.86,False
52.4034,-1.556838,167.08,0.71,2,40.34,29 / 29,85312,2019-09-08 12:05:17:042,0.3355,-1.1714,9.6843,-0.0034,-0.0001,9.8066,-0.0264,-0.2515,0.0729,-32.5,-34.19,10.06,290.97,-80.39,-166.9,False
52.4034,-1.556838,167.08,0.71,2,40.34,29 / 29,85413,2019-09-08 12:05:17:143,0.8546,-1.8288,9.9976,0.0046,-0.0246,9.8066,-0.0099,-0.2749,0.0892,-32.06,-34.25,10.19,292.3,-80.4,-165.66,False
52.4034,-1.556838,167.08,0.71,2,40.34,29 / 29,85511,2019-09-08 12:05:17:241,1.3067,-1.8463,10.3005,0.0214,-0.022,9.8065,0.0579,-0.2893,0.0691,-32.12,-33.94,10.63,295.39,-80.57,-164.62,False
52.4034,-1.556838,167.08,0.71,2,40.34,29 / 29,85611,2019-09-08 12:05:17:341,0.1941,-0.8375,10.4155,-0.0387,-0.0344,9.8065,0.064,-0.3982,0.3239,-33.56,-34.31,11.38,296.71,-80.7,-162.93,False
52.4034,-1.556838,167.08,0.71,2,40.34,29 / 29,85711,2019-09-08 12:05:17:441,-2.5661,-3.7981,12.1402,0.1808,-0.0906,9.8045,0.6727,-0.421,0.187,-33.62,-33.62,11.44,304.23,-81.09,-156.32,False
52.4034,-1.556838,167.08,0.71,2,40.34,29 / 29,85811,2019-09-08 12:05:17:541,-1.7117,-3.6246,12.2769,0.0661,0.0725,9.8061,-0.4881,0.2031,-0.4314,-34.19,-33.44,12.38,303.54,-80.63,-158.34,False
52.4034,-1.556838,167.08,0.71,2,40.34,29 / 29,85910,2019-09-08 12:05:17:640,-1.6447,-1.4904,11.6909,0.0392,-0.0005,9.8065,-0.0593,-0.122,0.0979,-34.0,-33.19,12.0,301.54,-80.61,-160.17,False
52.4034,-1.556838,167.08,0.71,2,40.34,29 / 29,86011,2019-09-08 12:05:17:741,0.1664,0.8217,9.7943,0.018,0.0275,9.8065,0.1803,-0.4732,0.0675,-34.37,-32.87,13.38,299.59,-80.2,-163.17,False
52.4034,-1.556838,167.08,0.71,2,40.34,29 / 29,86113,2019-09-08 12:05:17:843,-0.5341,-1.7965,9.161,0.064,-0.027,9.8063,0.0383,-0.2939,0.0495,-34.75,-33.94,14.69,302.54,-79.63,-162.34,False
52.403458,-1.556723,166.17,4.65,2,72.64,29 / 29,86211,2019-09-08 12:05:17:941,-0.5647,-3.0481,9.2083,0.0626,-0.0268,9.8064,0.1891,-0.4972,0.2072,-35.06,-32.56,15.5,303.79,-79.36,-162.67,False
52.403458,-1.556723,166.17,4.65,2,72.64,29 / 29,86310,2019-09-08 12:05:18:040,-3.1773,-3.9962,8.0743,-0.0226,0.0123,9.8066,-0.1052,-0.4768,0.034,-35.75,-32.62,16.25,303.73,-78.93,-161.95,False
52.403458,-1.556723,166.17,4.65,2,72.64,29 / 29,86411,2019-09-08 12:05:18:141,-2.0899,-3.5448,9.7052,0.059,-0.013,9.8064,-0.2713,-0.173,-0.0036,-35.19,-32.69,16.25,301.99,-78.83,-163.87,False
52.403458,-1.556723,166.17,4.65,2,72.64,29 / 29,86511,2019-09-08 12:05:18:241,-1.9218,-1.235,10.5054,-0.1397,0.0476,9.8054,-0.3961,-0.1681,-0.0352,-35.62,-32.81,17.25,302.83,-79.11,-164.31,False
52.403458,-1.556723,166.17,4.65,2,72.64,29 / 29,86611,2019-09-08 12:05:18:341,-1.792,-2.2376,9.8334,-0.159,0.0773,9.805,0.245,-0.4591,0.1207,-35.81,-32.5,17.25,306.44,-80.57,-162.33,False
52.403458,-1.556723,166.17,4.65,2,72.64,29 / 29,86711,2019-09-08 12:05:18:441,0.1442,-2.6405,10.0898,0.0539,-0.029,9.8064,0.298,-0.3964,0.0902,-36.19,-32.25,17.19,307.14,-80.6,-161.7,False
52.403458,-1.556723,166.17,4.65,2,72.64,29 / 29,86811,2019-09-08 12:05:18:541,-0.6464,-2.765,9.4171,0.032,-0.0226,9.8065,0.0255,-0.4712,0.0455,-36.06,-32.44,18.13,308.86,-80.4,-161.33,False
52.403458,-1.556723,166.17,4.65,2,72.64,29 / 29,86912,2019-09-08 12:05:18:642,-0.4817,-2.7711,9.5409,0.0268,-0.0191,9.8065,0.0534,-0.4701,0.1146,-35.37,-32.5,20.5,313.0,-79.94,-161.72,False
52.403458,-1.556723,166.17,4.65,2,72.64,29 / 29,87011,2019-09-08 12:05:18:741,-1.5973,-3.5022,10.5361,0.0037,-0.0105,9.8066,-0.0989,-0.4165,0.0254,-36.37,-31.87,20.13,311.04,-79.63,-161.43,False
52.403458,-1.556723,166.17,4.65,2,72.64,29 / 29,87111,2019-09-08 12:05:18:841,-0.8866,-2.9146,10.6296,-0.0043,0.0193,9.8066,-0.058,-0.4192,-0.0038,-35.12,-31.94,22.19,313.87,-79.84,-162.14,False
52.403458,-1.556723,166.17,4.65,2,72.64,29 / 29,87212,2019-09-08 12:05:18:942,-0.6534,-2.8765,10.113,0.0192,0.0178,9.8066,-0.1835,-0.4934,0.0654,-35.81,-31.37,22.69,313.63,-80.06,-163.26,False
52.403458,-1.556723,166.17,4.65,2,72.64,29 / 29,87311,2019-09-08 12:05:19:041,-1.5682,-2.3209,10.098,-0.0025,0.0005,9.8066,-0.1035,-0.4451,0.0493,-35.31,-32.87,23.06,313.9,-80.11,-163.34,False
52.403458,-1.556723,166.17,4.65,2,72.64,29 / 29,87411,2019-09-08 12:05:19:141,-1.4334,-2.7707,9.7998,0.0173,-0.0001,9.8066,-0.0715,-0.4305,0.0525,-35.06,-31.56,23.69,315.56,-80.18,-163.25,False
52.403458,-1.556723,166.17,4.65,2,72.64,29 / 29,87511,2019-09-08 12:05:19:241,-1.0462,-2.4999,9.6574,-0.0099,-0.0129,9.8066,-0.0605,-0.4553,0.1081,-35.06,-31.94,25.56,318.12,-80.19,-163.24,False
52.403458,-1.556723,166.17,4.65,2,72.64,29 / 29,87611,2019-09-08 12:05:19:341,-1.8285,-3.2897,9.9397,0.0228,-0.0284,9.8065,-0.3017,-0.4565,0.0361,-34.62,-32.25,25.56,319.92,-80.12,-161.59,False
52.403458,-1.556723,166.17,4.65,2,72.64,29 / 29,87711,2019-09-08 12:05:19:441,-2.0153,-3.7995,10.5932,-0.0488,-0.0063,9.8065,-0.3695,-0.4538,0.0807,-34.62,-31.25,26.44,320.64,-80.24,-161.15,False
52.403458,-1.556723,166.17,4.65,2,72.64,29 / 29,87811,2019-09-08 12:05:19:541,-2.2702,-5.8253,10.6848,-0.0287,0.0831,9.8062,0.1634,-0.6235,0.0455,-34.44,-31.37,28.63,324.95,-80.34,-161.28,False
52.403458,-1.556723,166.17,4.65,2,72.64,29 / 29,87911,2019-09-08 12:05:19:641,-1.7767,-1.8645,10.4431,0.0682,-0.0197,9.8063,0.1717,-0.491,0.0328,-33.56,-31.94,29.0,320.44,-80.11,-165.08,False
52.403458,-1.556723,166.17,4.65,2,72.64,29 / 29,88010,2019-09-08 12:05:19:740,-1.2915,-2.1885,10.1489,0.0613,-0.031,9.8064,-0.0047,-0.5805,0.0584,-33.25,-31.5,29.94,320.86,-79.8,-166.48,False
52.403458,-1.556723,166.17,4.65,2,72.64,29 / 29,88110,2019-09-08 12:05:19:840,-2.1162,-1.6662,9.3381,0.0154,-0.0508,9.8065,0.1212,-0.5562,0.2305,-32.5,-30.69,31.69,322.75,-79.27,-167.31,False
52.403458,-1.556723,166.17,4.65,2,72.64,28 / 29,88213,2019-09-08 12:05:19:943,-2.8703,-2.0522,10.0723,0.0175,-0.0198,9.8066,-0.0736,-0.6129,-0.0368,-33.12,-31.25,32.94,323.31,-78.61,-166.62,False
52.403458,-1.556723,166.17,4.65,2,72.64,28 / 29,88313,2019-09-08 12:05:20:043,-2.5528,-1.8762,9.7896,-0.0196,0.0404,9.8065,-0.1875,-0.5832,0.1297,-31.31,-31.37,32.63,324.08,-78.78,-167.67,False
52.403458,-1.556723,166.17,4.65,2,72.64,28 / 29,88411,2019-09-08 12:05:20:141,-1.3467,-0.9149,9.1325,-0.0019,0.0256,9.8066,0.0627,-0.4276,-0.0031,-30.62,-30.81,34.56,324.58,-79.15,-169.23,False
52.403458,-1.556723,166.17,4.65,2,72.64,28 / 29,88510,2019-09-08 12:05:20:240,-2.8182,-1.0707,9.718,-0.0037,0.007,9.8066,0.0656,-0.5247,0.0637,-29.87,-30.81,34.75,324.5,-79.2,-170.2,False
52.403458,-1.556723,166.17,4.65,2,72.64,28 / 29,88611,2019-09-08 12:05:20:341,-2.4003,-1.9313,9.7768,-0.0057,0.0131,9.8065,-0.0755,-0.5414,0.1281,-29.25,-30.5,34.69,325.67,-79.24,-170.21,False
52.403458,-1.556723,166.17,4.65,2,72.64,28 / 29,88711,2019-09-08 12:05:20:441,-2.8552,-1.2893,9.5906,-0.0022,-0.0113,9.8066,-0.0575,-0.5274,0.0608,-28.56,-30.69,36.31,326.48,-79.35,-170.27,False
52.403458,-1.556723,166.17,4.65,2,72.64,28 / 29,88810,2019-09-08 12:05:20:540,-2.5425,-2.1283,9.958,0.0018,-0.0049,9.8066,-0.0705,-0.5365,0.1291,-28.31,-31.06,35.5,328.21,-79.32,-169.65,False
52.403458,-1.556723,166.17,4.65,2,72.64,28 / 29,88911,2019-09-08 12:05:20:641,-2.1755,-2.5711,10.1461,0.0084,-0.001,9.8066,-0.0701,-0.5038,0.0515,-27.37,-30.56,36.38,329.13,-79.4,-169.82,False
52.403458,-1.556723,166.17,4.65,2,72.64,28 / 29,89011,2019-09-08 12:05:20:741,-2.9202,-1.6734,9.5417,0.0095,-0.0177,9.8066,-0.0372,-0.57,0.1548,-26.12,-30.87,37.31,331.08,-79.37,-169.89,False
52.403458,-1.556723,166.17,4.65,2,72.64,28 / 29,89111,2019-09-08 12:05:20:841,-2.5769,-2.1974,10.0083,-0.0051,0.0063,9.8065,-0.0856,-0.5113,0.072,-26.31,-31.06,36.94,331.11,-79.45,-169.9,False
52.403458,-1.556723,166.17,4.65,2,72.64,29 / 29,89211,2019-09-08 12:05:20:941,-2.1033,-2.1745,10.0908,0.0068,-0.0131,9.8066,-0.0531,-0.4906,0.1053,-25.0,-30.56,38.13,333.09,-79.44,-169.92,False
52.403458,-1.556723,166.17,4.65,2,72.64,29 / 29,89311,2019-09-08 12:05:21:041,-2.066,-2.3341,9.7451,0.0049,0.0069,9.8066,-0.049,-0.4754,0.0652,-24.06,-30.62,38.69,334.6,-79.5,-170.38,False
52.403458,-1.556723,166.17,4.65,2,72.64,29 / 29,89411,2019-09-08 12:05:21:141,-2.2495,-2.2917,9.6243,0.0131,-0.0113,9.8065,-0.0228,-0.4455,0.0632,-23.75,-30.69,37.94,333.0,-79.4,-171.02,False
52.403458,-1.556723,166.17,4.65,2,72.64,29 / 29,89511,2019-09-08 12:05:21:241,-2.3377,-1.683,9.7101,-0.0041,0.0087,9.8065,-0.0004,-0.4401,0.0799,-22.44,-30.81,39.06,335.94,-79.4,-171.28,False
52.403458,-1.556723,166.17,4.65,2,72.64,29 / 29,89613,2019-09-08 12:05:21:343,-2.0382,-2.148,9.8976,-0.0105,0.0134,9.8066,-0.0475,-0.4292,0.0609,-21.62,-31.06,38.88,335.8,-79.37,-171.39,False
52.403458,-1.556723,166.17,4.65,2,72.64,29 / 29,89711,2019-09-08 12:05:21:441,-2.2775,-2.2145,10.3381,0.0303,-0.0086,9.8066,0.0579,-0.4677,0.0538,-21.25,-31.06,38.75,336.85,-79.53,-171.63,False
52.403458,-1.556723,166.17,4.65,2,72.64,29 / 29,89811,2019-09-08 12:05:21:541,-0.9289,-0.8722,9.9233,0.029,-0.0017,9.8065,-0.0909,-0.2565,-0.0122,-20.56,-31.06,39.38,334.27,-79.48,-173.86,False
52.403458,-1.556723,166.17,4.65,2,72.64,29 / 29,89911,2019-09-08 12:05:21:641,0.1521,-0.9623,10.2,0.0286,0.0106,9.8066,-0.0206,-0.2672,-0.0256,-19.94,-31.25,39.19,333.6,-79.55,-175.59,False
52.403458,-1.556723,166.17,4.65,2,72.64,29 / 29,90011,2019-09-08 12:05:21:741,-0.3669,-0.5677,9.1306,0.0223,-0.0052,9.8065,-0.0499,-0.1739,0.0265,-19.25,-31.19,39.13,332.29,-79.52,-177.86,False
52.403458,-1.556723,166.17,4.65,2,72.64,29 / 29,90111,2019-09-08 12:05:21:841,-0.5609,-0.1123,9.3575,-0.0116,0.0137,9.8066,-0.0374,-0.1897,0.0499,-18.5,-31.44,39.38,333.16,-79.46,-178.24,False
52.403458,-1.556723,166.17,4.65,2,72.64,30 / 30,90210,2019-09-08 12:05:21:940,-0.1587,-0.7197,9.7385,-0.0147,0.0037,9.8065,-0.0128,-0.207,0.1132,-19.06,-31.12,39.75,333.45,-79.49,-177.47,False
52.403458,-1.556723,166.17,4.65,2,72.64,30 / 30,90311,2019-09-08 12:05:22:041,-1.092,-0.8801,9.8656,-0.0007,0.0,9.8066,-0.0074,-0.1376,0.0014,-18.12,-30.81,39.75,334.95,-79.46,-177.3,False
52.403458,-1.556723,166.17,4.65,2,72.64,30 / 30,90411,2019-09-08 12:05:22:141,-1.0894,-1.8811,10.3201,0.0031,-0.0107,9.8066,-0.0885,-0.153,-0.0008,-18.31,-31.06,39.19,334.35,-79.48,-177.22,False
52.403458,-1.556723,166.17,4.65,2,72.64,30 / 30,90511,2019-09-08 12:05:22:241,-0.6416,-1.3725,9.7635,-0.0011,-0.0021,9.8065,-0.1056,-0.2032,0.0522,-17.56,-30.87,39.5,334.45,-79.42,-177.73,False
52.403458,-1.556723,166.17,4.65,2,72.64,30 / 30,90611,2019-09-08 12:05:22:341,-1.2934,-0.3986,9.4074,-0.0051,0.0106,9.8066,0.0766,-0.0849,-0.0047,-17.44,-31.81,38.81,334.85,-79.38,-177.83,False
52.403458,-1.556723,166.17,4.65,2,72.64,30 / 30,90710,2019-09-08 12:05:22:440,-0.1426,-1.0931,9.5742,0.0069,0.0093,9.8066,0.1221,-0.1345,0.0356,-17.5,-30.94,39.06,335.31,-79.3,-177.51,False
52.403458,-1.556723,166.17,4.65,2,72.64,30 / 30,90810,2019-09-08 12:05:22:540,-0.0624,-0.9928,9.9461,-0.0046,0.0219,9.8066,-0.04,-0.1501,0.0245,-17.0,-31.06,39.56,335.48,-79.46,-178.02,False
52.403458,-1.556723,166.17,4.65,2,72.64,30 / 30,90910,2019-09-08 12:05:22:640,-0.6112,-1.5736,9.6601,0.0118,-0.0093,9.8065,-0.0515,-0.1171,0.0475,-17.5,-31.56,38.56,334.94,-79.46,-177.78,False
52.403458,-1.556723,166.17,4.65,2,72.64,30 / 30,91011,2019-09-08 12:05:22:741,-1.5714,-0.6145,9.487,0.0003,-0.0024,9.8066,0.1749,-0.1003,-0.0216,-16.25,-31.25,38.75,336.0,-79.48,-178.2,False
52.403458,-1.556723,166.17,4.65,2,72.64,30 / 30,91113,2019-09-08 12:05:22:843,-1.3112,0.3027,9.7095,0.0269,-0.0368,9.8064,0.2698,-0.0826,-0.0235,-15.94,-30.81,39.0,336.24,-79.53,-178.01,False
52.403458,-1.556723,166.17,4.65,2,72.64,28 / 29,91211,2019-09-08 12:05:22:941,-0.8402,-0.3707,9.8388,0.0194,-0.0074,9.8066,-0.094,-0.0584,-0.0248,-16.12,-31.12,39.0,335.1,-79.38,-178.94,False
52.403458,-1.556723,166.17,4.65,2,72.64,28 / 29,91311,2019-09-08 12:05:23:041,-0.4804,-0.3299,9.8859,0.0031,0.0077,9.8065,-0.0125,-0.1319,0.0072,-16.37,-31.56,39.63,335.27,-79.41,-179.28,False
52.403458,-1.556723,166.17,4.65,2,72.64,28 / 29,91410,2019-09-08 12:05:23:140,-0.6694,-0.1989,9.6694,-0.0053,0.0179,9.8065,0.0405,-0.0599,0.005,-15.75,-31.06,38.31,333.55,-79.52,-179.73,False
52.403458,-1.556723,166.17,4.65,2,72.64,28 / 29,91511,2019-09-08 12:05:23:241,-0.0951,0.6114,9.8678,0.0028,-0.0123,9.8066,-0.0471,0.0087,-0.0015,-16.0,-31.81,38.94,334.4,-79.57,-179.51,False
52.403458,-1.556723,166.17,4.65,2,72.64,28 / 29,91611,2019-09-08 12:05:23:341,-0.6949,0.0857,9.4368,-0.0004,0.027,9.8066,0.1633,-0.1016,0.0228,-15.75,-31.81,38.19,333.89,-79.44,-179.29,False
52.403458,-1.556723,166.17,4.65,2,72.64,28 / 29,91711,2019-09-08 12:05:23:441,-0.2366,-0.9704,10.0038,0.0118,-0.0179,9.8066,0.1343,-0.0734,-0.0213,-15.31,-31.31,38.56,335.45,-79.56,-179.94,False
52.403458,-1.556723,166.17,4.65,2,72.64,28 / 29,91810,2019-09-08 12:05:23:540,1.7054,0.426,9.7372,0.0051,-0.0237,9.8066,-0.0681,-0.0915,0.0295,-14.87,-31.37,38.63,335.36,-79.45,-179.98,False
52.403458,-1.556723,166.17,4.65,2,72.64,28 / 29,91911,2019-09-08 12:05:23:641,-0.8885,-0.1822,9.4874,-0.0147,0.004,9.8066,-0.1167,-0.0912,0.0692,-15.69,-31.25,39.0,333.35,-79.57,179.47,False
52.403458,-1.556723,166.17,4.65,2,72.64,28 / 29,92010,2019-09-08 12:05:23:740,-0.8731,0.6051,9.2066,-0.0082,0.0234,9.8066,0.1531,0.0758,-0.0578,-15.31,-31.69,38.88,334.89,-79.64,179.65,False
52.403458,-1.556723,166.17,4.65,2,72.64,28 / 29,92111,2019-09-08 12:05:23:841,0.6395,0.2813,9.8463,-0.006,0.0074,9.8065,0.0223,0.0738,-0.0083,-15.06,-31.5,38.63,335.26,-79.63,179.87,False
52.403458,-1.556723,166.17,4.65,2,72.64,28 / 29,92211,2019-09-08 12:05:23:941,0.1025,1.4843,10.1069,-0.0051,0.0051,9.8066,0.1068,-0.0164,-0.056,-15.0,-31.12,38.19,335.11,-79.6,-179.67,False
52.403458,-1.556723,166.17,4.65,2,72.64,28 / 29,92313,2019-09-08 12:05:24:043,-1.6332,0.2408,10.1626,0.0081,0.0057,9.8066,0.0859,-0.1363,0.0599,-15.06,-30.31,38.94,335.66,-79.59,-179.87,False
52.403458,-1.556723,166.17,4.65,2,72.64,28 / 29,92411,2019-09-08 12:05:24:141,-0.2295,0.2073,10.1862,0.0199,-0.0241,9.8065,-0.0733,0.0307,0.0028,-14.37,-30.31,37.19,335.79,-79.52,-179.87,False
52.403458,-1.556723,166.17,4.65,2,72.64,28 / 29,92510,2019-09-08 12:05:24:240,-0.3198,-0.0092,9.6569,0.0078,-0.0327,9.8065,-0.0965,-0.027,-0.023,-14.44,-30.31,37.5,336.38,-79.44,-179.91,False
52.403458,-1.556723,166.17,4.65,2,72.64,28 / 29,92611,2019-09-08 12:05:24:341,-1.6229,1.3754,9.8805,-0.0102,0.0118,9.8066,0.0723,0.1201,-0.0628,-15.19,-32.87,36.31,332.76,-79.27,179.94,False
52.403458,-1.556723,166.17,4.65,2,72.64,28 / 29,92710,2019-09-08 12:05:24:440,0.3694,0.8238,10.7589,0.0027,-0.0067,9.8066,0.2161,0.0544,-0.0951,-16.0,-32.37,38.94,333.51,-79.29,179.84,False
52.403458,-1.556723,166.17,4.65,2,72.64,28 / 29,92811,2019-09-08 12:05:24:541,-0.6383,0.954,9.876,0.0172,-0.0298,9.8065,-0.3291,-0.0484,0.0718,-15.69,-32.19,38.94,333.28,-79.24,179.66,False
52.403458,-1.556723,166.17,4.65,2,72.64,28 / 29,92911,2019-09-08 12:05:24:641,-0.4993,2.1103,9.207,0.022,-0.0441,9.8064,-0.2973,0.0698,0.0102,-15.81,-31.81,38.75,333.24,-79.02,179.71,False
52.403458,-1.556723,166.17,4.65,2,72.64,28 / 29,93011,2019-09-08 12:05:24:741,-0.6649,1.153,9.6073,-0.007,-0.0164,9.8065,0.0161,-0.0144,-0.0524,-15.44,-31.69,38.31,334.61,-79.12,-179.8,False
52.403458,-1.556723,166.17,4.65,2,72.64,28 / 29,93112,2019-09-08 12:05:24:842,-0.7732,0.6685,9.4611,0.0233,-0.0258,9.8065,-0.0642,-0.0278,0.0271,-15.94,-31.19,38.5,333.98,-79.28,-179.87,False
52.403458,-1.556723,166.17,4.65,2,72.64,29 / 29,93211,2019-09-08 12:05:24:941,0.629,1.5904,9.9619,-0.0083,0.0226,9.8066,0.0457,-0.0661,0.0463,-16.31,-32.06,38.44,332.77,-79.17,179.86,False
52.403458,-1.556723,166.17,4.65,2,72.64,29 / 29,93310,2019-09-08 12:05:25:040,-1.5478,1.8412,9.4097,-0.0163,0.0333,9.8066,0.1033,-0.0145,-0.0076,-15.5,-31.69,38.5,335.36,-79.41,-179.86,False
52.403458,-1.556723,166.17,4.65,2,72.64,29 / 29,93411,2019-09-08 12:05:25:141,1.0349,-0.1934,10.3088,0.0234,-0.0475,9.8064,-0.0798,0.0565,0.0068,-15.94,-31.25,38.38,332.92,-79.31,179.81,False
52.403458,-1.556723,166.17,4.65,2,72.64,29 / 29,93513,2019-09-08 12:05:25:243,0.233,1.5771,9.5726,0.023,-0.0444,9.8064,-0.1245,0.0381,-0.0319,-15.62,-31.62,38.06,332.81,-78.91,-179.99,False
52.403458,-1.556723,166.17,4.65,2,72.64,29 / 29,93611,2019-09-08 12:05:25:341,-0.7921,2.3101,8.6852,-0.016,0.0383,9.8065,0.1706,0.0678,-0.0037,-15.37,-31.31,38.81,334.96,-78.9,179.89,False
52.403458,-1.556723,166.17,4.65,2,72.64,29 / 29,93711,2019-09-08 12:05:25:441,-0.2362,0.9335,10.5803,-0.024,0.0023,9.8066,0.0148,0.0641,-0.0114,-15.56,-31.31,38.31,332.78,-78.94,179.84,False
52.403458,-1.556723,166.17,4.65,2,72.64,29 / 29,93811,2019-09-08 12:05:25:541,-0.309,1.5313,9.9995,0.0146,-0.0242,9.8065,-0.0284,0.0344,-0.0353,-15.31,-31.5,38.0,334.9,-79.08,-179.65,False
52.403458,-1.556723,166.17,4.65,2,72.64,29 / 29,93911,2019-09-08 12:05:25:641,-0.7887,-0.1443,10.5542,0.0121,-0.0175,9.8066,0.0554,-0.0785,0.0785,-15.94,-32.19,38.5,333.81,-78.91,-179.75,False
52.403458,-1.556723,166.17,4.65,2,72.64,29 / 29,94011,2019-09-08 12:05:25:741,-0.7121,0.7345,10.3447,0.0002,0.0025,9.8066,-0.1222,0.0507,0.0031,-15.5,-30.94,37.25,334.28,-78.85,-179.48,False
52.403458,-1.556723,166.17,4.65,2,72.64,29 / 29,94111,2019-09-08 12:05:25:841,-0.4208,2.3672,9.2939,0.001,-0.0186,9.8066,-0.1119,0.0897,0.0073,-16.06,-31.75,38.5,334.69,-78.8,-178.96,False
52.403458,-1.556723,166.17,4.65,2,72.64,27 / 27,94214,2019-09-08 12:05:25:944,0.5694,2.1544,9.3299,-0.0191,0.0358,9.8065,0.0969,-0.0731,0.0401,-16.19,-31.12,38.19,334.42,-78.8,-178.69,False
52.403458,-1.556723,166.17,4.65,2,72.64,27 / 27,94311,2019-09-08 12:05:26:041,-1.188,2.1997,9.8493,-0.0046,0.0099,9.8066,-0.0393,-0.0556,0.03,-16.19,-31.69,38.75,335.54,-78.86,-178.25,False
52.403458,-1.556723,166.17,4.65,2,72.64,27 / 27,94411,2019-09-08 12:05:26:141,0.2834,1.4253,9.8671,-0.0012,0.0009,9.8066,0.0509,0.036,-0.0044,-16.31,-31.37,38.06,335.14,-78.94,-178.13,False
52.403458,-1.556723,166.17,4.65,2,72.64,27 / 27,94511,2019-09-08 12:05:26:241,-0.3804,0.943,9.7431,-0.003,0.0101,9.8066,0.076,-0.0406,0.0253,-15.94,-31.31,38.44,335.26,-78.95,-178.03,False
52.403458,-1.556723,166.17,4.65,2,72.64,27 / 27,94610,2019-09-08 12:05:26:340,-0.7404,1.8872,9.8418,0.0019,-0.0085,9.8066,0.0325,0.0085,0.021,-16.94,-31.44,38.44,334.1,-78.94,-177.78,False
52.403458,-1.556723,166.17,4.65,2,72.64,27 / 27,94711,2019-09-08 12:05:26:441,-0.3552,1.2426,10.211,-0.0016,0.0189,9.8066,0.0875,0.0072,-0.0119,-15.87,-30.81,37.56,335.72,-78.96,-177.64,False
52.403458,-1.556723,166.17,4.65,2,72.64,27 / 27,94811,2019-09-08 12:05:26:541,-0.3069,0.9591,10.1513,0.0086,-0.031,9.8065,-0.0558,0.0484,0.0077,-16.44,-30.69,38.44,335.81,-78.99,-177.58,False
52.403458,-1.556723,166.17,4.65,2,72.64,27 / 27,94910,2019-09-08 12:05:26:640,-0.3517,0.931,10.6,0.0065,-0.032,9.8065,0.0073,0.0642,-0.0533,-16.62,-31.25,38.19,334.68,-78.94,-177.29,False
52.403458,-1.556723,166.17,4.65,2,72.64,27 / 27,95010,2019-09-08 12:05:26:740,-0.9908,1.7827,9.5599,0.0028,-0.0081,9.8066,-0.0807,0.0538,-0.0227,-16.25,-31.12,37.94,336.55,-78.76,-176.86,False
52.403458,-1.556723,166.17,4.65,2,72.64,27 / 27,95111,2019-09-08 12:05:26:841,-0.4488,1.5383,9.5102,0.0025,-0.0117,9.8066,-0.0656,0.0071,0.0137,-16.25,-31.19,37.63,336.53,-78.71,-176.86,False
52.402996,-1.556501,164.83,6.9,2,183.79,28 / 28,95211,2019-09-08 12:05:26:941,-0.9929,0.542,10.296,-0.0023,-0.0155,9.8066,-0.0244,-0.0456,0.0117,-16.12,-31.19,37.63,337.15,-78.69,-176.32,False
52.402996,-1.556501,164.83,6.9,2,183.79,28 / 28,95310,2019-09-08 12:05:27:040,-1.1158,2.2144,9.8036,-0.0072,0.0195,9.8066,-0.0128,-0.053,0.0232,-15.62,-30.81,38.06,337.22,-78.8,-176.31,False
52.402996,-1.556501,164.83,6.9,2,183.79,28 / 28,95411,2019-09-08 12:05:27:141,-0.9817,1.9133,9.8245,-0.0024,0.0156,9.8066,-0.0538,-0.0296,-0.0224,-15.75,-31.06,37.94,337.26,-79.01,-176.35,False
52.402996,-1.556501,164.83,6.9,2,183.79,28 / 28,95511,2019-09-08 12:05:27:241,-1.3,1.9827,10.0936,0.0037,-0.0037,9.8066,-0.0633,-0.0024,0.0009,-15.94,-31.69,38.0,336.99,-79.03,-176.48,False
52.402996,-1.556501,164.83,6.9,2,183.79,28 / 28,95611,2019-09-08 12:05:27:341,-0.4257,1.9676,9.5573,0.0045,-0.015,9.8066,-0.0549,0.0164,-0.0506,-16.0,-30.87,38.06,337.05,-79.0,-176.52,False
52.402996,-1.556501,164.83,6.9,2,183.79,28 / 28,95711,2019-09-08 12:05:27:441,-0.4084,1.8484,9.8914,-0.007,0.0064,9.8066,-0.0344,-0.0373,0.0167,-16.0,-31.25,38.5,337.29,-78.94,-176.89,False
52.402996,-1.556501,164.83,6.9,2,183.79,28 / 28,95810,2019-09-08 12:05:27:540,-1.3887,1.8962,9.6483,-0.001,-0.0091,9.8066,-0.0491,-0.0416,0.0185,-16.25,-31.5,38.94,337.7,-78.97,-176.55,False
52.402996,-1.556501,164.83,6.9,2,183.79,28 / 28,95911,2019-09-08 12:05:27:641,-0.8678,1.5315,10.0342,-0.0055,-0.0092,9.8066,0.0232,-0.0092,0.0234,-16.31,-31.0,37.81,337.39,-78.9,-176.19,False
52.402996,-1.556501,164.83,6.9,2,183.79,28 / 28,96011,2019-09-08 12:05:27:741,-0.9622,1.8404,9.809,-0.0144,0.0037,9.8066,0.0424,-0.03,0.0031,-16.12,-31.37,38.63,339.1,-78.91,-175.33,False
52.402996,-1.556501,164.83,6.9,2,183.79,28 / 28,96111,2019-09-08 12:05:27:841,-0.8324,1.4259,10.1913,0.0071,-0.0165,9.8066,-0.0327,-0.0578,0.0182,-16.12,-31.19,38.06,338.8,-78.91,-175.0,False
52.402996,-1.556501,164.83,6.9,2,183.79,29 / 29,96211,2019-09-08 12:05:27:941,-0.5849,1.484,9.9479,0.0068,-0.0044,9.8066,-0.0314,-0.0226,-0.0082,-15.87,-31.37,38.19,338.85,-78.89,-174.95,False
52.402996,-1.556501,164.83,6.9,2,183.79,29 / 29,96310,2019-09-08 12:05:28:040,-0.6263,1.6537,9.8092,-0.0006,0.0099,9.8066,0.0404,-0.0565,0.0095,-16.5,-30.81,38.38,338.87,-78.84,-174.92,False
52.402996,-1.556501,164.83,6.9,2,183.79,29 / 29,96411,2019-09-08 12:05:28:141,-0.8456,1.681,9.7035,-0.0048,0.0008,9.8066,0.0632,-0.0876,0.0216,-16.12,-31.94,39.06,339.54,-78.9,-174.87,False
52.402996,-1.556501,164.83,6.9,2,183.79,29 / 29,96510,2019-09-08 12:05:28:240,-0.6218,1.0896,10.3231,-0.0045,-0.0035,9.8066,-0.0535,-0.0363,0.0428,-15.81,-31.69,38.56,340.24,-78.86,-174.26,False
52.402996,-1.556501,164.83,6.9,2,183.79,29 / 29,96611,2019-09-08 12:05:28:341,-1.0149,1.4624,9.6323,0.0023,-0.0031,9.8066,-0.0397,-0.0638,0.0134,-15.75,-30.94,38.06,339.97,-78.83,-173.98,False
52.402996,-1.556501,164.83,6.9,2,183.79,29 / 29,96711,2019-09-08 12:05:28:441,-0.797,1.6132,9.9326,-0.0038,0.0011,9.8066,0.0416,-0.0486,0.0281,-15.5,-30.56,38.63,342.52,-78.81,-173.65,False
52.402996,-1.556501,164.83,6.9,2,183.79,29 / 29,96811,2019-09-08 12:05:28:541,-0.3767,1.194,9.8935,-0.0003,-0.001,9.8066,0.0177,-0.0654,-0.0038,-15.56,-31.5,38.56,341.23,-78.82,-173.5,False
52.402996,-1.556501,164.83,6.9,2,183.79,29 / 29,96911,2019-09-08 12:05:28:641,-1.1683,1.8131,9.6512,-0.0086,-0.0093,9.8065,-0.1107,-0.0467,0.0318,-15.37,-31.12,38.19,342.5,-78.86,-173.12,False
52.402996,-1.556501,164.83,6.9,2,183.79,29 / 29,97011,2019-09-08 12:05:28:741,-0.8238,1.2197,9.2858,0.0046,-0.0112,9.8066,-0.0878,-0.0595,0.0137,-14.81,-31.69,38.5,343.6,-78.84,-172.66,False
52.402996,-1.556501,164.83,6.9,2,183.79,29 / 29,97111,2019-09-08 12:05:28:841,-1.2704,1.8345,9.6216,-0.0119,0.0225,9.8065,0.0827,-0.077,-0.006,-16.06,-31.25,38.56,342.16,-78.82,-172.71,False
52.402996,-1.556501,164.83,6.9,2,183.79,28 / 28,97213,2019-09-08 12:05:28:943,-0.9807,1.5793,9.4028,-0.0018,0.0298,9.8065,0.0584,-0.0752,0.0209,-15.37,-31.56,39.38,343.5,-78.88,-172.76,False
52.402996,-1.556501,164.83,6.9,2,183.79,28 / 28,97311,2019-09-08 12:05:29:041,-0.5842,1.8225,9.9066,-0.0044,0.0008,9.8066,-0.0155,-0.0641,-0.018,-15.12,-31.56,38.69,343.02,-79.09,-173.22,False
52.402996,-1.556501,164.83,6.9,2,183.79,28 / 28,97411,2019-09-08 12:05:29:141,-0.5596,1.4408,9.8995,0.0035,0.0062,9.8066,0.0059,-0.0568,0.0067,-14.87,-32.0,38.75,343.01,-79.16,-173.25,False
52.402996,-1.556501,164.83,6.9,2,183.79,28 / 28,97511,2019-09-08 12:05:29:241,-0.4975,1.2319,9.5497,-0.0152,-0.0003,9.8066,0.0387,-0.0772,0.0317,-15.19,-31.25,38.44,342.56,-79.21,-173.17,False
52.402996,-1.556501,164.83,6.9,2,183.79,28 / 28,97611,2019-09-08 12:05:29:341,-0.9615,1.5617,9.6687,-0.0128,0.0094,9.8066,-0.0047,-0.0736,0.0316,-14.87,-31.37,38.56,344.51,-79.28,-172.08,False
52.402996,-1.556501,164.83,6.9,2,183.79,28 / 28,97711,2019-09-08 12:05:29:441,-0.8938,1.5802,9.5631,-0.0026,0.0089,9.8066,0.0096,-0.0631,0.0183,-14.75,-30.87,38.44,344.16,-79.27,-171.83,False
52.402996,-1.556501,164.83,6.9,2,183.79,28 / 28,97811,2019-09-08 12:05:29:541,-0.9847,1.687,9.8121,-0.0062,0.0138,9.8066,0.0333,-0.0579,-0.0015,-15.12,-30.69,38.81,344.83,-79.3,-171.81,False
52.402996,-1.556501,164.83,6.9,2,183.79,28 / 28,97911,2019-09-08 12:05:29:641,-0.3137,1.3351,9.8075,0.0096,-0.0058,9.8066,-0.054,-0.0675,0.0036,-14.81,-31.87,38.63,344.61,-79.45,-171.97,False
52.402996,-1.556501,164.83,6.9,2,183.79,28 / 28,98010,2019-09-08 12:05:29:740,-0.4866,1.3256,9.6334,0.0059,-0.0034,9.8066,-0.0087,-0.0718,0.0169,-14.62,-31.25,38.88,344.17,-79.47,-172.41,False
52.402996,-1.556501,164.83,6.9,2,183.79,28 / 28,98111,2019-09-08 12:05:29:841,-0.5711,1.5594,9.7354,-0.003,0.0099,9.8066,0.0153,-0.0767,-0.0008,-14.25,-31.19,38.5,345.6,-79.52,-172.48,False
52.402996,-1.556501,164.83,6.9,2,183.79,27 / 27,98211,2019-09-08 12:05:29:941,-0.7501,2.0397,10.1418,-0.0037,0.0141,9.8066,0.0664,-0.0669,0.0076,-14.31,-31.31,38.88,345.53,-79.65,-172.57,False
52.402996,-1.556501,164.83,6.9,2,183.79,27 / 27,98311,2019-09-08 12:05:30:041,-0.3128,1.1841,9.7947,0.0005,-0.0008,9.8066,0.0228,-0.0513,0.0008,-14.19,-31.25,39.31,345.55,-79.72,-172.57,False
52.402996,-1.556501,164.83,6.9,2,183.79,27 / 27,98411,2019-09-08 12:05:30:141,-0.3535,1.195,9.719,-0.0007,0.0076,9.8066,0.0029,-0.0569,0.0036,-14.87,-31.37,39.0,344.19,-79.79,-172.48,False
52.402996,-1.556501,164.83,6.9,2,183.79,27 / 27,98511,2019-09-08 12:05:30:241,-0.3282,1.6991,9.901,-0.0042,0.0062,9.8066,-0.04,-0.0196,-0.0036,-15.12,-31.56,38.56,344.39,-79.94,-172.28,False
52.402996,-1.556501,164.83,6.9,2,183.79,27 / 27,98611,2019-09-08 12:05:30:341,-0.4552,1.5665,9.8194,0.0012,0.0007,9.8066,0.0034,-0.0681,0.0422,-15.19,-31.19,38.44,344.03,-80.01,-172.12,False
52.402996,-1.556501,164.83,6.9,2,183.79,27 / 27,98711,2019-09-08 12:05:30:441,-0.7676,1.5612,9.589,-0.0057,0.006,9.8066,0.0249,-0.0418,-0.0047,-14.75,-31.62,38.69,344.73,-80.05,-172.01,False
52.402996,-1.556501,164.83,6.9,2,183.79,27 / 27,98811,2019-09-08 12:05:30:541,-0.3165,1.3107,9.7993,-0.0039,0.0047,9.8066,-0.0052,-0.0697,0.0264,-15.06,-31.25,38.25,344.52,-80.14,-171.73,False
52.402996,-1.556501,164.83,6.9,2,183.79,27 / 27,98911,2019-09-08 12:05:30:641,-0.5776,1.5758,9.8852,-0.0042,0.0069,9.8066,0.0042,-0.0489,-0.0114,-15.37,-31.19,38.13,344.52,-80.23,-171.75,False
52.402996,-1.556501,164.83,6.9,2,183.79,27 / 27,99011,2019-09-08 12:05:30:741,-0.3268,1.378,9.7934,-0.0019,0.008,9.8066,0.0237,-0.0505,0.013,-15.0,-30.5,38.06,344.72,-80.36,-171.67,False
52.402996,-1.556501,164.83,6.9,2,183.79,27 / 27,99110,2019-09-08 12:05:30:840,-0.3817,1.276,9.8212,0.0012,0.0024,9.8066,0.0,-0.0388,-0.0046,-16.0,-30.56,37.31,342.3,-80.4,-171.85,False
52.402996,-1.556501,164.83,6.9,2,183.79,28 / 28,99211,2019-09-08 12:05:30:941,-0.6636,1.4517,9.9885,-0.0008,0.0013,9.8066,-0.012,-0.0327,0.0237,-16.12,-31.0,37.25,342.23,-80.47,-171.93,False
52.402996,-1.556501,164.83,6.9,2,183.79,28 / 28,99310,2019-09-08 12:05:31:040,-0.3037,1.4467,10.0188,-0.002,0.0062,9.8066,-0.0038,-0.0379,-0.0058,-16.31,-30.87,37.0,342.3,-80.55,-171.89,False
52.402996,-1.556501,164.83,6.9,2,183.79,28 / 28,99411,2019-09-08 12:05:31:141,-0.4334,1.2722,9.833,-0.0031,0.0045,9.8066,-0.0162,-0.0177,0.0132,-16.44,-30.69,35.44,340.95,-80.6,-171.78,False
52.402996,-1.556501,164.83,6.9,2,183.79,28 / 28,99510,2019-09-08 12:05:31:240,-0.4506,1.2681,9.8795,-0.0006,0.0044,9.8066,-0.0098,-0.0161,0.0119,-15.94,-30.56,34.38,340.44,-80.7,-171.56,False
52.402996,-1.556501,164.83,6.9,2,183.79,28 / 28,99611,2019-09-08 12:05:31:341,-0.4972,1.0334,9.9755,0.0013,0.0047,9.8066,-0.006,-0.0288,-0.0126,-14.87,-30.25,33.56,342.09,-80.77,-171.6,False
52.402996,-1.556501,164.83,6.9,2,183.79,28 / 28,99711,2019-09-08 12:05:31:441,-0.3209,1.0523,9.8623,-0.0016,0.0093,9.8066,-0.0183,0.001,-0.0094,-14.0,-29.69,33.19,342.84,-80.85,-171.71,False
52.402996,-1.556501,164.83,6.9,2,183.79,28 / 28,99811,2019-09-08 12:05:31:541,-0.2814,1.0378,9.7454,0.0007,0.0091,9.8065,-0.0108,-0.0186,0.0015,-12.56,-29.94,33.19,344.38,-80.98,-171.89,False
52.402996,-1.556501,164.83,6.9,2,183.79,28 / 28,99911,2019-09-08 12:05:31:641,-0.1248,1.0214,9.9151,-0.0013,0.0048,9.8065,-0.0091,-0.0142,0.0129,-10.87,-29.56,33.75,348.51,-81.05,-171.94,False
52.402996,-1.556501,164.83,6.9,2,183.79,28 / 28,100011,2019-09-08 12:05:31:741,-0.0461,1.0029,9.8887,-0.0016,0.0051,9.8066,0.0125,-0.0206,0.0026,-10.31,-29.56,34.13,350.3,-81.1,-171.93,False
52.402996,-1.556501,164.83,6.9,2,183.79,28 / 28,100111,2019-09-08 12:05:31:841,-0.0037,0.6871,9.8292,-0.0023,0.0065,9.8066,0.0042,-0.0154,0.0,-8.94,-29.06,35.63,353.33,-81.21,-171.76,False
52.402996,-1.556501,164.83,6.9,2,183.79,28 / 28,100213,2019-09-08 12:05:31:943,0.0011,0.6329,9.9174,-0.0035,0.0063,9.8066,0.006,-0.0048,0.0001,-9.0,-28.81,36.5,354.06,-81.32,-171.52,False
52.402996,-1.556501,164.83,6.9,2,183.79,28 / 28,100311,2019-09-08 12:05:32:041,0.1242,0.4649,9.8035,0.0003,0.0038,9.8066,0.0171,-0.0078,0.0042,-8.87,-28.81,37.81,354.61,-81.37,-171.4,False
52.402996,-1.556501,164.83,6.9,2,183.79,28 / 28,100410,2019-09-08 12:05:32:140,0.0043,0.5531,9.9266,-0.001,0.0021,9.8066,-0.0167,0.003,-0.0047,-9.31,-28.37,38.44,354.65,-81.45,-171.4,False
52.402996,-1.556501,164.83,6.9,2,183.79,28 / 28,100511,2019-09-08 12:05:32:241,0.0098,0.5646,9.7913,-0.0021,0.0069,9.8066,-0.0118,-0.0066,0.0083,-9.94,-28.94,39.0,353.64,-81.54,-171.24,False
52.402996,-1.556501,164.83,6.9,2,183.79,28 / 28,100611,2019-09-08 12:05:32:341,-0.0495,0.6189,9.9233,-0.0026,0.008,9.8066,0.0313,-0.0035,-0.0057,-10.81,-29.31,39.56,352.69,-81.64,-171.12,False
52.402996,-1.556501,164.83,6.9,2,183.79,28 / 28,100710,2019-09-08 12:05:32:440,0.0341,0.3068,9.7907,-0.0028,0.0053,9.8066,-0.0073,0.0045,0.0045,-11.56,-29.87,39.13,350.78,-81.72,-171.05,False
52.402996,-1.556501,164.83,6.9,2,183.79,28 / 28,100811,2019-09-08 12:05:32:541,0.1003,0.3447,9.9469,-0.0004,0.0045,9.8066,0.0059,-0.008,0.0008,-11.94,-29.69,39.44,350.94,-81.82,-170.92,False
52.402996,-1.556501,164.83,6.9,2,183.79,28 / 28,100911,2019-09-08 12:05:32:641,0.1515,0.0139,9.8341,-0.0026,0.0056,9.8066,0.02,-0.0062,-0.0071,-11.94,-29.75,38.81,351.01,-81.88,-170.87,False
52.402996,-1.556501,164.83,6.9,2,183.79,28 / 28,101011,2019-09-08 12:05:32:741,0.2283,-0.099,9.9952,-0.0039,0.0039,9.8066,-0.0151,0.0005,0.0172,-12.5,-29.94,39.44,351.23,-81.95,-170.69,False
52.402996,-1.556501,164.83,6.9,2,183.79,28 / 28,101111,2019-09-08 12:05:32:841,0.1931,-0.2893,9.7423,-0.0006,0.0028,9.8066,-0.007,0.0088,0.0016,-12.19,-30.87,38.94,351.49,-81.99,-170.43,False
52.402996,-1.556501,164.83,6.9,2,183.79,27 / 28,101210,2019-09-08 12:05:32:940,0.1595,-0.115,9.8231,-0.0013,0.0044,9.8066,-0.002,-0.0069,-0.0087,-12.31,-30.31,38.88,351.57,-82.07,-170.39,False
52.402996,-1.556501,164.83,6.9,2,183.79,27 / 28,101311,2019-09-08 12:05:33:041,0.1382,0.0168,9.854,-0.002,0.0073,9.8066,0.0091,-0.0015,0.0055,-12.69,-30.87,38.56,350.18,-82.12,-170.28,False
52.402996,-1.556501,164.83,6.9,2,183.79,27 / 28,101410,2019-09-08 12:05:33:140,0.2326,-0.2914,9.8201,-0.0011,0.0027,9.8066,-0.0198,0.0086,-0.0066,-12.56,-30.62,39.31,350.33,-82.24,-170.17,False
52.402996,-1.556501,164.83,6.9,2,183.79,27 / 28,101511,2019-09-08 12:05:33:241,0.124,-0.0482,9.8921,-0.0016,0.0056,9.8065,-0.0015,0.004,0.0075,-12.37,-31.12,38.56,351.9,-82.33,-170.1,False
52.402996,-1.556501,164.83,6.9,2,183.79,27 / 28,101611,2019-09-08 12:05:33:341,0.1758,-0.2536,9.8814,-0.0029,0.0061,9.8066,0.0221,-0.005,-0.0071,-13.37,-30.75,38.56,350.64,-82.39,-169.92,False
52.402996,-1.556501,164.83,6.9,2,183.79,27 / 28,101711,2019-09-08 12:05:33:441,0.1011,-0.0223,9.9063,-0.0002,0.0027,9.8066,-0.0103,-0.002,0.0058,-12.5,-31.0,37.69,351.76,-82.47,-169.81,False
52.402996,-1.556501,164.83,6.9,2,183.79,27 / 28,101810,2019-09-08 12:05:33:540,0.3105,-0.2639,9.8533,-0.0017,0.0048,9.8066,0.0046,-0.0098,0.0014,-12.94,-31.69,38.0,350.32,-82.53,-169.72,False
52.402996,-1.556501,164.83,6.9,2,183.79,27 / 28,101910,2019-09-08 12:05:33:640,0.2269,-0.0642,9.8615,-0.0021,0.0037,9.8065,0.0137,-0.0119,-0.0009,-13.12,-31.0,38.19,350.49,-82.6,-169.61,False
52.402996,-1.556501,164.83,6.9,2,183.79,27 / 28,102010,2019-09-08 12:05:33:740,0.2094,-0.2529,9.8582,-0.002,0.0059,9.8066,-0.0126,0.0139,0.0002,-13.12,-30.81,39.56,351.73,-82.67,-169.42,False
52.402996,-1.556501,164.83,6.9,2,183.79,27 / 28,102110,2019-09-08 12:05:33:840,0.2121,-0.2325,9.7961,-0.0023,0.0083,9.8066,0.011,-0.0019,0.0053,-12.69,-31.31,37.44,350.29,-82.77,-169.31,False
52.402996,-1.556501,164.83,6.9,2,183.79,27 / 28,102210,2019-09-08 12:05:33:940,0.2253,-0.2499,9.876,-0.0013,0.0037,9.8066,-0.0003,0.0013,-0.0063,-12.87,-31.37,38.5,351.48,-82.84,-169.22,False
52.402996,-1.556501,164.83,6.9,2,183.79,27 / 28,102311,2019-09-08 12:05:34:041,0.2527,-0.1343,9.8543,-0.0019,0.0057,9.8066,-0.0153,0.0128,0.0006,-13.06,-31.37,38.5,351.55,-82.88,-169.17,False
52.402996,-1.556501,164.83,6.9,2,183.79,27 / 28,102410,2019-09-08 12:05:34:140,0.1853,-0.1971,9.9477,-0.0032,0.0036,9.8066,0.0141,-0.0102,-0.0002,-13.25,-30.87,37.94,351.24,-82.99,-168.99,False
52.402996,-1.556501,164.83,6.9,2,183.79,27 / 28,102511,2019-09-08 12:05:34:241,0.1715,-0.155,9.8375,-0.0029,0.0045,9.8066,0.0034,0.0023,-0.0105,-12.87,-31.12,38.75,352.1,-83.07,-168.69,False
52.402996,-1.556501,164.83,6.9,2,183.79,27 / 28,102610,2019-09-08 12:05:34:340,0.3355,-0.4498,9.8579,0.0006,0.0038,9.8066,-0.0187,0.0022,0.0125,-13.69,-31.44,38.25,350.09,-83.11,-168.71,False
52.402996,-1.556501,164.83,6.9,2,183.79,27 / 28,102710,2019-09-08 12:05:34:440,0.2484,-0.1874,9.8007,-0.0033,0.0049,9.8065,0.0111,-0.0063,-0.0092,-13.44,-31.19,37.81,351.76,-83.21,-168.55,False
52.402996,-1.556501,164.83,6.9,2,183.79,27 / 28,102811,2019-09-08 12:05:34:541,0.2791,-0.1827,9.8603,-0.0007,0.0036,9.8066,0.0066,-0.0118,0.0044,-13.62,-31.75,38.13,350.36,-83.26,-168.46,False
52.402996,-1.556501,164.83,6.9,2,183.79,27 / 28,102911,2019-09-08 12:05:34:641,0.1399,-0.2223,9.9362,-0.0008,0.0039,9.8066,0.0049,-0.0041,0.0057,-13.5,-31.25,37.75,351.92,-83.3,-168.41,False
52.402996,-1.556501,164.83,6.9,2,183.79,27 / 28,103011,2019-09-08 12:05:34:741,0.2633,-0.4157,9.751,0.0001,0.0045,9.8066,-0.0168,0.0136,-0.0019,-13.25,-31.06,37.56,351.89,-83.32,-168.44,False
52.402996,-1.556501,164.83,6.9,2,183.79,27 / 28,103111,2019-09-08 12:05:34:841,0.3285,-0.269,9.9206,-0.0021,0.0054,9.8066,0.0115,0.0009,0.0063,-13.0,-31.44,37.94,351.89,-83.4,-168.46,False
52.402996,-1.556501,164.83,6.9,2,183.79,28 / 28,103211,2019-09-08 12:05:34:941,0.1391,-0.2036,9.9044,-0.0016,0.0011,9.8066,-0.0016,-0.0001,-0.0097,-13.37,-31.12,38.13,352.03,-83.44,-168.33,False
52.402996,-1.556501,164.83,6.9,2,183.79,28 / 28,103311,2019-09-08 12:05:35:041,0.2519,-0.4734,9.7591,-0.0009,0.0044,9.8066,0.0173,0.001,0.0031,-13.31,-31.25,37.94,352.16,-83.5,-168.22,False
52.402996,-1.556501,164.83,6.9,2,183.79,28 / 28,103411,2019-09-08 12:05:35:141,0.2859,-0.3245,9.9101,0.0003,0.0001,9.8066,-0.0006,-0.0143,-0.0097,-13.19,-30.81,38.5,352.81,-83.53,-168.1,False
52.402996,-1.556501,164.83,6.9,2,183.79,28 / 28,103510,2019-09-08 12:05:35:240,0.2012,-0.2866,9.9259,0.0013,0.0018,9.8066,0.0019,-0.0043,0.013,-13.44,-31.19,38.06,352.29,-83.55,-168.11,False
52.402996,-1.556501,164.83,6.9,2,183.79,28 / 28,103611,2019-09-08 12:05:35:341,0.2173,-0.394,9.7799,-0.0023,0.0038,9.8066,-0.0149,0.0163,-0.0014,-12.87,-30.75,38.13,352.26,-83.58,-168.14,False
52.402996,-1.556501,164.83,6.9,2,183.79,28 / 28,103710,2019-09-08 12:05:35:440,0.2962,-0.3005,9.8215,-0.001,0.0046,9.8065,-0.0051,0.0159,0.0134,-13.12,-31.25,38.31,352.35,-83.64,-168.06,False
52.402996,-1.556501,164.83,6.9,2,183.79,28 / 28,103811,2019-09-08 12:05:35:541,0.2328,-0.4114,9.8922,-0.0001,0.0024,9.8066,-0.0157,0.0126,-0.0014,-12.56,-31.5,39.06,352.96,-83.65,-167.98,False
52.402996,-1.556501,164.83,6.9,2,183.79,28 / 28,103911,2019-09-08 12:05:35:641,0.2378,-0.2688,9.8782,-0.0018,0.0032,9.8066,0.0028,0.002,0.0044,-12.87,-31.31,38.19,352.54,-83.7,-167.9,False
52.402996,-1.556501,164.83,6.9,2,183.79,28 / 28,104011,2019-09-08 12:05:35:741,0.2966,-0.3172,9.7734,-0.0005,0.0032,9.8066,0.0188,-0.016,-0.0009,-13.37,-31.5,37.94,352.68,-83.71,-167.77,False
52.402996,-1.556501,164.83,6.9,2,183.79,28 / 28,104111,2019-09-08 12:05:35:841,0.214,-0.4509,9.8186,0.0015,0.001,9.8066,0.0138,-0.0202,0.0016,-13.19,-31.5,38.31,352.73,-83.75,-167.73,False
52.402824,-1.556549,164.64,0.0,3,192.72,28 / 28,104212,2019-09-08 12:05:35:942,0.2046,-0.2082,9.9359,0.0002,0.0016,9.8066,0.0161,-0.009,-0.0023,-12.44,-31.5,38.19,354.1,-83.77,-167.84,False
52.402824,-1.556549,164.64,0.0,3,192.72,28 / 28,104311,2019-09-08 12:05:36:041,0.2673,-0.3595,9.9093,0.0001,0.0013,9.8066,-0.0004,0.0028,-0.0001,-13.37,-31.37,38.75,353.12,-83.79,-167.85,False
52.402824,-1.556549,164.64,0.0,3,192.72,28 / 28,104411,2019-09-08 12:05:36:141,0.2679,-0.3889,9.831,0.0014,0.0005,9.8066,-0.01,0.0069,0.0091,-13.25,-31.69,37.94,352.56,-83.79,-167.87,False
52.402824,-1.556549,164.64,0.0,3,192.72,28 / 28,104511,2019-09-08 12:05:36:241,0.2548,-0.3621,9.8183,-0.0001,-0.0012,9.8066,-0.0219,0.0169,0.0002,-13.69,-31.69,38.25,351.01,-83.81,-167.95,False
52.402824,-1.556549,164.64,0.0,3,192.72,28 / 28,104611,2019-09-08 12:05:36:341,0.3037,-0.3905,9.8711,0.0008,0.0014,9.8066,-0.0016,0.0028,0.0077,-13.31,-31.62,38.25,352.46,-83.82,-167.96,False
52.402824,-1.556549,164.64,0.0,3,192.72,28 / 28,104711,2019-09-08 12:05:36:441,0.273,-0.2487,9.923,-0.0001,0.0012,9.8066,-0.0032,0.0002,-0.0037,-13.19,-31.37,37.94,352.43,-83.85,-168.02,False
52.402824,-1.556549,164.64,0.0,3,192.72,28 / 28,104811,2019-09-08 12:05:36:541,0.2435,-0.4512,9.7967,-0.0004,0.0014,9.8066,0.0064,-0.0063,0.0039,-13.12,-31.5,38.75,352.91,-83.86,-168.04,False
52.402824,-1.556549,164.64,0.0,3,192.72,28 / 28,104911,2019-09-08 12:05:36:641,0.3067,-0.3614,9.801,-0.0001,0.0002,9.8066,0.0012,-0.0068,-0.008,-13.56,-31.62,38.06,350.96,-83.87,-168.01,False
52.402824,-1.556549,164.64,0.0,3,192.72,28 / 28,105011,2019-09-08 12:05:36:741,0.2886,-0.228,9.9559,0.0001,0.0029,9.8066,0.0218,-0.0177,0.0027,-12.81,-31.31,38.44,352.39,-83.89,-168.06,False
52.402824,-1.556549,164.64,0.0,3,192.72,28 / 28,105111,2019-09-08 12:05:36:841,0.2558,-0.4797,9.8184,0.0003,-0.0001,9.8065,0.0094,-0.0109,-0.0069,-13.37,-31.37,38.0,352.4,-83.9,-168.05,False
52.402824,-1.556549,164.64,0.0,3,192.72,27 / 27,105211,2019-09-08 12:05:36:941,0.2549,-0.3275,9.7675,0.0001,0.0011,9.8066,-0.0018,0.0034,0.0035,-13.12,-31.44,38.88,352.7,-83.91,-168.24,False
52.402824,-1.556549,164.64,0.0,3,192.72,27 / 27,105311,2019-09-08 12:05:37:041,0.3497,-0.4198,9.8708,0.0009,0.0021,9.8066,-0.01,0.0119,-0.0029,-12.81,-31.69,38.5,352.52,-83.91,-168.39,False
52.402824,-1.556549,164.64,0.0,3,192.72,27 / 27,105410,2019-09-08 12:05:37:140,0.2479,-0.325,9.9044,0.0005,-0.0029,9.8066,-0.0214,0.0052,0.0054,-13.62,-31.31,39.0,350.94,-83.92,-168.55,False
52.402824,-1.556549,164.64,0.0,3,192.72,27 / 27,105511,2019-09-08 12:05:37:241,0.2691,-0.3374,9.8445,0.0012,-0.0007,9.8065,-0.0167,0.016,0.0015,-13.31,-31.19,38.38,351.79,-83.9,-168.61,False
52.402824,-1.556549,164.64,0.0,3,192.72,27 / 27,105610,2019-09-08 12:05:37:340,0.3314,-0.4643,9.7382,0.0002,0.0003,9.8065,-0.0056,-0.0071,0.0007,-13.37,-31.37,38.0,351.71,-83.91,-168.68,False
52.402824,-1.556549,164.64,0.0,3,192.72,27 / 27,105710,2019-09-08 12:05:37:440,0.2255,-0.2985,9.972,0.0003,0.0009,9.8066,0.0187,-0.0146,0.002,-13.37,-31.31,38.25,351.69,-83.91,-168.7,False
52.402824,-1.556549,164.64,0.0,3,192.72,27 / 27,105811,2019-09-08 12:05:37:541,0.1688,-0.3044,9.9422,0.0008,-0.001,9.8066,0.0003,-0.0063,-0.0076,-13.31,-31.06,38.56,352.1,-83.9,-168.79,False
52.402824,-1.556549,164.64,0.0,3,192.72,27 / 27,105911,2019-09-08 12:05:37:641,0.2632,-0.4487,9.7186,0.0017,0.0008,9.8066,0.0162,-0.0099,-0.0012,-13.25,-31.31,38.56,351.87,-83.91,-169.0,False
52.402824,-1.556549,164.64,0.0,3,192.72,27 / 27,106011,2019-09-08 12:05:37:741,0.3202,-0.4703,9.8347,0.0013,-0.0024,9.8066,0.0096,-0.0089,-0.0103,-13.19,-31.62,37.81,351.39,-83.91,-168.95,False
52.402824,-1.556549,164.64,0.0,3,192.72,27 / 27,106110,2019-09-08 12:05:37:840,0.195,-0.3448,9.9193,0.0027,0.0002,9.8066,0.0044,-0.0061,0.0092,-12.81,-30.94,38.63,351.56,-83.89,-169.29,False
52.402824,-1.556549,164.64,0.0,3,192.72,28 / 28,106211,2019-09-08 12:05:37:941,0.1851,-0.3173,9.8538,0.0014,0.0004,9.8066,-0.0059,0.0096,-0.0024,-13.0,-31.31,38.13,351.06,-83.87,-169.27,False
52.402824,-1.556549,164.64,0.0,3,192.72,28 / 28,106310,2019-09-08 12:05:38:040,0.315,-0.367,9.7302,0.0015,0.0,9.8066,-0.002,0.0086,0.009,-13.69,-31.5,38.88,349.83,-83.87,-169.56,False
52.402824,-1.556549,164.64,0.0,3,192.72,28 / 28,106411,2019-09-08 12:05:38:141,0.2067,-0.4786,9.8827,0.0015,-0.0019,9.8066,-0.0133,0.0081,0.0048,-13.44,-31.31,38.5,351.2,-83.84,-169.61,False
52.402824,-1.556549,164.64,0.0,3,192.72,28 / 28,106511,2019-09-08 12:05:38:241,0.1409,-0.287,9.8879,-0.0006,0.0011,9.8066,0.0104,-0.0018,-0.0023,-13.5,-31.69,38.0,350.57,-83.84,-169.69,False
52.402824,-1.556549,164.64,0.0,3,192.72,28 / 28,106611,2019-09-08 12:05:38:341,0.3443,-0.3808,9.849,0.0011,-0.0012,9.8066,0.0016,-0.0056,-0.0017,-13.12,-31.5,38.63,350.92,-83.82,-169.86,False
52.402824,-1.556549,164.64,0.0,3,192.72,28 / 28,106710,2019-09-08 12:05:38:440,0.2277,-0.4646,9.8049,0.0017,-0.0027,9.8066,0.0136,-0.0178,-0.0004,-13.25,-31.44,38.31,350.27,-83.83,-169.99,False
52.402824,-1.556549,164.64,0.0,3,192.72,28 / 28,106811,2019-09-08 12:05:38:541,0.1106,-0.2356,9.8896,0.0007,0.0027,9.8066,0.0005,0.0121,-0.0021,-12.81,-31.0,38.31,350.08,-83.79,-170.16,False
52.402824,-1.556549,164.64,0.0,3,192.72,28 / 28,106910,2019-09-08 12:05:38:640,0.2779,-0.3605,9.7958,0.0009,0.0001,9.8066,-0.0073,0.0059,0.0079,-12.5,-31.0,38.44,351.31,-83.79,-170.39,False
52.402824,-1.556549,164.64,0.0,3,192.72,28 / 28,107011,2019-09-08 12:05:38:741,0.173,-0.4455,9.8338,0.0025,-0.0018,9.8066,-0.0175,0.0118,0.0022,-12.94,-31.19,37.63,349.77,-83.77,-170.43,False
52.402824,-1.556549,164.64,0.0,3,192.72,28 / 28,107112,2019-09-08 12:05:38:842,0.1713,-0.1992,9.8953,0.0018,-0.003,9.8066,-0.0124,0.0115,0.0011,-13.19,-31.12,37.81,349.45,-83.75,-170.72,False
52.402824,-1.556549,164.64,0.0,3,192.72,26 / 27,107211,2019-09-08 12:05:38:941,0.3115,-0.3515,9.7664,0.0011,0.0003,9.8066,0.0099,-0.0064,0.0031,-12.94,-31.37,38.63,349.95,-83.73,-170.73,False
52.402824,-1.556549,164.64,0.0,3,192.72,26 / 27,107311,2019-09-08 12:05:39:041,0.1604,-0.4375,9.7762,0.0012,-0.0017,9.8066,0.0098,-0.011,0.0012,-12.81,-31.5,38.06,349.37,-83.73,-170.79,False
52.402824,-1.556549,164.64,0.0,3,192.72,26 / 27,107410,2019-09-08 12:05:39:140,0.1704,-0.3083,9.9245,0.0014,-0.0008,9.8066,0.0112,-0.0047,-0.003,-12.94,-31.62,38.56,349.73,-83.69,-170.9,False
52.402824,-1.556549,164.64,0.0,3,192.72,26 / 27,107511,2019-09-08 12:05:39:241,0.2262,-0.2922,9.7713,0.0012,0.0012,9.8065,0.0015,-0.0012,-0.0027,-13.31,-31.0,38.38,349.0,-83.68,-171.12,False
52.402824,-1.556549,164.64,0.0,3,192.72,26 / 27,107611,2019-09-08 12:05:39:341,0.1432,-0.4731,9.7852,0.0024,-0.001,9.8066,-0.0024,0.0054,0.0077,-13.0,-31.94,38.06,348.91,-83.66,-171.17,False
52.402824,-1.556549,164.64,0.0,3,192.72,26 / 27,107711,2019-09-08 12:05:39:441,0.1903,-0.3029,9.9436,0.0005,-0.002,9.8066,-0.0114,0.0133,-0.0022,-13.44,-31.25,39.06,349.22,-83.63,-171.38,False
52.402824,-1.556549,164.64,0.0,3,192.72,26 / 27,107810,2019-09-08 12:05:39:540,0.2753,-0.2888,9.9039,0.0048,-0.0021,9.8066,-0.0078,-0.001,0.0107,-12.87,-31.19,38.5,349.08,-83.61,-171.5,False
52.402824,-1.556549,164.64,0.0,3,192.72,26 / 27,107911,2019-09-08 12:05:39:641,0.1404,-0.3833,9.8015,0.0013,-0.0019,9.8066,-0.0103,0.0061,-0.0047,-13.19,-31.06,38.25,348.25,-83.58,-171.79,False
52.402824,-1.556549,164.64,0.0,3,192.72,26 / 27,108010,2019-09-08 12:05:39:740,0.1554,-0.4057,9.8335,0.0007,-0.0011,9.8066,-0.0038,-0.002,-0.0007,-13.31,-31.0,38.88,348.71,-83.56,-171.84,False
52.402824,-1.556549,164.64,0.0,3,192.72,26 / 27,108111,2019-09-08 12:05:39:841,0.1057,-0.1389,9.9396,-0.0005,-0.0019,9.8066,0.0033,-0.0012,-0.0126,-13.31,-30.94,38.31,348.16,-83.53,-171.85,False
52.402824,-1.556549,164.64,0.0,3,192.72,27 / 27,108211,2019-09-08 12:05:39:941,0.1956,-0.3262,9.801,0.0012,-0.0014,9.8066,0.0185,-0.0129,0.0006,-12.81,-31.44,38.56,348.53,-83.51,-172.0,False
52.402824,-1.556549,164.64,0.0,3,192.72,27 / 27,108310,2019-09-08 12:05:40:040,0.1474,-0.3437,9.8037,0.0023,-0.0048,9.8065,-0.0138,-0.0032,-0.0036,-13.5,-31.0,38.94,348.39,-83.46,-172.11,False
52.402824,-1.556549,164.64,0.0,3,192.72,27 / 27,108411,2019-09-08 12:05:40:141,0.1346,-0.2628,9.9342,0.0,-0.0011,9.8066,0.0088,0.0084,0.0075,-13.12,-31.44,38.38,347.56,-83.43,-172.38,False
52.402824,-1.556549,164.64,0.0,3,192.72,27 / 27,108511,2019-09-08 12:05:40:241,0.2152,-0.238,9.8526,0.0008,-0.0004,9.8066,-0.0095,0.011,-0.0025,-12.94,-30.75,37.81,347.56,-83.39,-172.38,False
52.402824,-1.556549,164.64,0.0,3,192.72,27 / 27,108611,2019-09-08 12:05:40:341,0.1848,-0.3439,9.8857,0.0029,-0.0052,9.8066,-0.0003,-0.0068,0.0023,-12.69,-30.94,38.69,347.91,-83.37,-172.54,False
52.402824,-1.556549,164.64,0.0,3,192.72,27 / 27,108711,2019-09-08 12:05:40:441,0.1014,-0.2436,9.8966,0.0009,-0.0027,9.8066,0.0046,-0.0025,-0.0138,-12.56,-30.94,38.5,347.76,-83.31,-172.66,False
52.402824,-1.556549,164.64,0.0,3,192.72,27 / 27,108810,2019-09-08 12:05:40:540,0.121,-0.286,9.8894,0.0021,-0.0028,9.8066,0.0097,-0.0236,0.0043,-13.06,-31.12,38.56,347.58,-83.3,-172.82,False
52.402824,-1.556549,164.64,0.0,3,192.72,27 / 27,108911,2019-09-08 12:05:40:641,0.1866,-0.3212,9.8022,0.0015,-0.0031,9.8066,-0.0057,-0.009,-0.008,-12.87,-30.81,38.13,346.91,-83.25,-172.94,False
52.402824,-1.556549,164.64,0.0,3,192.72,27 / 27,109011,2019-09-08 12:05:40:741,0.0922,-0.1578,9.8908,0.0026,-0.0035,9.8066,0.0039,0.0029,0.0037,-13.56,-31.31,38.69,345.85,-83.23,-173.08,False
52.402824,-1.556549,164.64,0.0,3,192.72,27 / 27,109111,2019-09-08 12:05:40:841,0.155,-0.2449,9.9096,0.0013,-0.0012,9.8066,-0.0136,0.0093,-0.0047,-12.75,-30.87,38.44,346.74,-83.2,-173.08,False
52.402824,-1.556549,164.64,0.0,3,192.72,28 / 29,109211,2019-09-08 12:05:40:941,0.1524,-0.3338,9.8476,0.0016,-0.0026,9.8066,-0.0095,0.0028,-0.0001,-13.06,-31.0,38.31,346.56,-83.17,-173.24,False
52.402824,-1.556549,164.64,0.0,3,192.72,28 / 29,109311,2019-09-08 12:05:41:041,0.0892,-0.3493,9.9349,0.0019,-0.005,9.8066,-0.0156,-0.0062,-0.0013,-13.37,-31.5,38.44,346.48,-83.13,-173.3,False
52.402824,-1.556549,164.64,0.0,3,192.72,28 / 29,109411,2019-09-08 12:05:41:141,0.1626,-0.1669,9.8706,0.0007,0.0001,9.8066,0.0201,-0.0154,0.0013,-13.37,-31.37,38.44,346.46,-83.12,-173.32,False
52.402824,-1.556549,164.64,0.0,3,192.72,28 / 29,109511,2019-09-08 12:05:41:241,0.0728,-0.2844,9.8346,0.0021,-0.0026,9.8066,-0.0054,-0.0092,-0.0032,-13.12,-31.62,38.31,346.32,-83.09,-173.4,False
52.402824,-1.556549,164.64,0.0,3,192.72,28 / 29,109611,2019-09-08 12:05:41:341,0.0906,-0.2056,9.8963,0.0012,-0.0015,9.8066,0.0017,-0.0044,0.0076,-13.56,-31.31,38.44,344.74,-83.07,-173.54,False
52.402824,-1.556549,164.64,0.0,3,192.72,28 / 29,109711,2019-09-08 12:05:41:441,0.2002,-0.1853,9.9192,0.0008,-0.0018,9.8066,-0.01,0.0164,-0.0045,-13.31,-31.37,38.13,346.19,-83.04,-173.54,False
52.402824,-1.556549,164.64,0.0,3,192.72,28 / 29,109811,2019-09-08 12:05:41:541,0.1137,-0.2816,9.8722,0.0004,0.0024,9.8066,-0.0057,0.0004,0.0025,-13.19,-30.81,38.13,346.07,-83.02,-173.65,False
52.402824,-1.556549,164.64,0.0,3,192.72,28 / 29,109910,2019-09-08 12:05:41:640,0.0626,-0.2205,9.937,0.0011,-0.0047,9.8066,-0.0027,-0.0074,-0.0085,-13.56,-31.31,38.75,345.21,-82.98,-173.6,False
52.402824,-1.556549,164.64,0.0,3,192.72,28 / 29,110011,2019-09-08 12:05:41:741,0.1575,-0.2187,9.8436,0.0019,-0.0003,9.8066,0.0105,-0.013,0.0009,-13.0,-31.31,38.31,345.96,-82.97,-173.74,False
52.402824,-1.556549,164.64,0.0,3,192.72,28 / 29,110111,2019-09-08 12:05:41:841,0.0847,-0.1811,9.8048,0.0028,-0.0031,9.8066,-0.015,-0.0009,-0.0061,-12.87,-31.62,38.25,345.7,-82.93,-173.92,False
52.402824,-1.556549,164.64,0.0,3,192.72,29 / 29,110211,2019-09-08 12:05:41:941,0.0513,-0.2168,9.9091,0.0009,-0.0024,9.8066,0.0028,0.006,0.0057,-13.31,-31.81,38.69,346.12,-82.92,-174.02,False
52.402824,-1.556549,164.64,0.0,3,192.72,29 / 29,110311,2019-09-08 12:05:42:041,0.0803,-0.175,9.8596,0.0003,-0.0003,9.8066,-0.0096,0.0029,-0.0008,-13.25,-31.75,38.5,346.13,-82.89,-174.01,False
52.402824,-1.556549,164.64,0.0,3,192.72,29 / 29,110411,2019-09-08 12:05:42:141,0.1342,-0.155,9.8855,0.0008,-0.0014,9.8066,0.0081,-0.0059,0.003,-13.37,-31.44,37.75,345.61,-82.88,-174.04,False
52.402824,-1.556549,164.64,0.0,3,192.72,29 / 29,110511,2019-09-08 12:05:42:241,0.1101,-0.1605,9.937,0.0006,-0.0027,9.8066,0.011,-0.0063,-0.0102,-12.94,-31.12,38.19,345.59,-82.84,-174.05,False
52.402824,-1.556549,164.64,0.0,3,192.72,29 / 29,110611,2019-09-08 12:05:42:341,0.1125,-0.186,9.8967,0.0,-0.0002,9.8066,0.0198,-0.0154,0.0006,-13.12,-31.0,38.25,345.54,-82.83,-174.09,False
52.402824,-1.556549,164.64,0.0,3,192.72,29 / 29,110711,2019-09-08 12:05:42:441,0.0518,-0.2478,9.8112,0.001,-0.0038,9.8066,-0.0055,-0.0066,-0.0049,-13.19,-31.81,38.63,346.09,-82.8,-174.03,False
52.402824,-1.556549,164.64,0.0,3,192.72,29 / 29,110811,2019-09-08 12:05:42:541,0.1092,-0.2096,9.9651,0.0013,-0.0008,9.8066,0.0026,-0.0042,0.0055,-13.19,-31.44,38.19,345.4,-82.78,-174.2,False
52.402824,-1.556549,164.64,0.0,3,192.72,29 / 29,110911,2019-09-08 12:05:42:641,0.1235,-0.0238,9.8815,0.0002,0.0002,9.8066,-0.0202,0.0156,-0.0048,-13.31,-31.19,37.63,345.37,-82.75,-174.22,False
52.402824,-1.556549,164.64,0.0,3,192.72,29 / 29,111011,2019-09-08 12:05:42:741,0.0629,-0.2917,9.802,0.0,-0.003,9.8066,-0.0098,0.0065,0.0001,-13.25,-31.62,38.25,345.18,-82.74,-174.34,False
52.402824,-1.556549,164.64,0.0,3,192.72,29 / 29,111111,2019-09-08 12:05:42:841,0.0543,-0.2436,9.9472,0.0001,-0.0007,9.8066,-0.0073,0.0117,-0.0053,-13.06,-31.44,38.5,345.79,-82.7,-174.32,False
52.402824,-1.556549,164.64,0.0,3,192.72,28 / 28,111211,2019-09-08 12:05:42:941,0.0931,-0.2335,9.8147,0.0017,-0.0042,9.8066,0.0064,-0.0176,-0.0032,-12.94,-31.37,38.0,345.21,-82.71,-174.36,False
52.402824,-1.556549,164.64,0.0,3,192.72,28 / 28,111311,2019-09-08 12:05:43:041,0.0419,-0.2679,9.9245,0.0018,-0.0034,9.8066,0.0039,-0.0091,-0.0073,-13.19,-31.25,39.13,345.74,-82.67,-174.35,False
52.402824,-1.556549,164.64,0.0,3,192.72,28 / 28,111413,2019-09-08 12:05:43:143,0.1294,-0.1319,9.8054,-0.0013,0.0001,9.8065,0.0022,0.008,-0.0034,-13.37,-30.87,38.38,345.04,-82.66,-174.5,False
52.402824,-1.556549,164.64,0.0,3,192.72,28 / 28,111510,2019-09-08 12:05:43:240,0.1593,-0.2015,9.8581,0.0006,0.0016,9.8066,-0.014,0.0112,-0.0004,-12.75,-30.87,37.94,345.11,-82.64,-174.43,False
52.402824,-1.556549,164.64,0.0,3,192.72,28 / 28,111611,2019-09-08 12:05:43:341,0.0754,-0.2934,9.8594,-0.0003,-0.0007,9.8066,-0.0014,0.0148,-0.0008,-13.0,-30.69,38.0,344.95,-82.63,-174.57,False
52.402824,-1.556549,164.64,0.0,3,192.72,28 / 28,111710,2019-09-08 12:05:43:440,0.1449,-0.1519,9.8336,-0.0002,-0.0011,9.8066,-0.0065,0.0128,-0.0016,-13.0,-31.62,38.69,345.48,-82.6,-174.53,False
52.402824,-1.556549,164.64,0.0,3,192.72,28 / 28,111811,2019-09-08 12:05:43:541,0.1755,-0.2221,9.9147,-0.0006,0.001,9.8066,0.0149,-0.0165,-0.0021,-13.0,-31.12,38.63,345.53,-82.6,-174.53,False
52.402824,-1.556549,164.64,0.0,3,192.72,28 / 28,111911,2019-09-08 12:05:43:641,0.0998,-0.2824,9.9122,0.0025,-0.0022,9.8066,0.0136,-0.0147,-0.0033,-12.94,-31.62,37.88,344.87,-82.57,-174.59,False
52.402824,-1.556549,164.64,0.0,3,192.72,28 / 28,112011,2019-09-08 12:05:43:741,0.1486,-0.1688,9.8324,0.0002,-0.0024,9.8066,-0.0043,-0.0038,-0.0032,-13.0,-31.12,38.06,344.86,-82.56,-174.63,False
52.402824,-1.556549,164.64,0.0,3,192.72,28 / 28,112110,2019-09-08 12:05:43:840,0.1373,-0.1901,9.7998,-0.0001,0.0011,9.8066,-0.0066,0.003,-0.0016,-13.25,-31.19,38.31,344.91,-82.54,-174.58,False
52.402824,-1.556549,164.64,0.0,3,192.72,28 / 28,112211,2019-09-08 12:05:43:941,0.1146,-0.2102,9.9097,0.0005,-0.0035,9.8066,-0.0215,0.0099,0.0035,-13.19,-31.19,38.13,344.82,-82.53,-174.66,False
52.402824,-1.556549,164.64,0.0,3,192.72,28 / 28,112311,2019-09-08 12:05:44:041,0.1084,-0.1106,9.8687,0.0009,-0.0021,9.8066,-0.0167,0.015,0.0035,-13.25,-31.19,38.31,344.86,-82.5,-174.62,False
52.402824,-1.556549,164.64,0.0,3,192.72,28 / 28,112411,2019-09-08 12:05:44:141,0.1479,-0.2354,9.8091,0.0002,-0.0009,9.8066,-0.0019,-0.0013,-0.0024,-13.5,-31.44,38.56,345.39,-82.5,-174.63,False
52.402824,-1.556549,164.64,0.0,3,192.72,28 / 28,112511,2019-09-08 12:05:44:241,0.1044,-0.2133,9.9585,0.0005,0.0004,9.8066,0.0144,-0.0074,-0.0011,-13.56,-31.94,38.63,343.89,-82.49,-174.62,False
52.402824,-1.556549,164.64,0.0,3,192.72,28 / 28,112611,2019-09-08 12:05:44:341,0.0721,-0.0676,9.883,0.0014,-0.0018,9.8066,0.0082,-0.0068,-0.0105,-12.94,-31.19,38.25,344.8,-82.48,-174.67,False
52.402824,-1.556549,164.64,0.0,3,192.72,28 / 28,112711,2019-09-08 12:05:44:441,0.1196,-0.2687,9.7608,0.0009,0.0008,9.8066,0.0167,-0.0054,-0.0029,-13.06,-31.12,38.5,345.37,-82.46,-174.64,False
52.402824,-1.556549,164.64,0.0,3,192.72,28 / 28,112811,2019-09-08 12:05:44:541,0.082,-0.1538,9.9396,-0.0001,-0.0024,9.8066,-0.0002,-0.0006,-0.0042,-12.87,-30.62,38.69,345.2,-82.45,-174.79,False
52.402824,-1.556549,164.64,0.0,3,192.72,28 / 28,112910,2019-09-08 12:05:44:640,0.008,-0.0306,9.942,0.0014,-0.0033,9.8066,-0.0068,0.0005,0.0114,-13.19,-31.56,39.31,345.12,-82.41,-174.81,False
52.402824,-1.556549,164.64,0.0,3,192.72,28 / 28,113011,2019-09-08 12:05:44:741,0.1075,-0.2372,9.803,-0.0007,-0.0037,9.8066,-0.0158,0.0118,-0.0053,-12.87,-31.44,38.69,345.25,-82.4,-174.73,False
52.402824,-1.556549,164.64,0.0,3,192.72,28 / 28,113111,2019-09-08 12:05:44:841,0.1002,-0.1847,9.8883,0.0022,-0.0005,9.8065,-0.0075,0.0001,0.0074,-12.5,-30.62,38.75,346.5,-82.38,-174.94,False
52.402824,-1.556549,164.64,0.0,3,192.72,26 / 27,113213,2019-09-08 12:05:44:943,0.021,-0.0776,9.9437,-0.0015,-0.0015,9.8066,0.0011,-0.0027,-0.0075,-13.56,-31.56,38.19,342.95,-82.37,-174.92,False
52.402824,-1.556549,164.64,0.0,3,192.72,26 / 27,113311,2019-09-08 12:05:45:041,0.0805,-0.2745,9.7443,0.0017,0.0006,9.8066,0.0142,-0.0051,0.0036,-13.31,-31.81,38.69,345.05,-82.36,-174.86,False
52.402824,-1.556549,164.64,0.0,3,192.72,26 / 27,113411,2019-09-08 12:05:45:141,0.1134,-0.0797,9.9214,0.0023,-0.0035,9.8065,-0.0045,-0.0011,-0.0042,-13.06,-31.12,38.13,344.47,-82.34,-174.94,False
52.402824,-1.556549,164.64,0.0,3,192.72,26 / 27,113510,2019-09-08 12:05:45:240,0.0232,-0.1455,9.9578,0.0012,-0.001,9.8066,0.0048,0.0034,0.0088,-13.62,-31.56,38.19,342.77,-82.32,-175.06,False
52.402824,-1.556549,164.64,0.0,3,192.72,26 / 27,113611,2019-09-08 12:05:45:341,0.0751,-0.206,9.7771,0.001,-0.0012,9.8066,-0.0147,0.0062,-0.0016,-13.69,-31.31,38.25,342.78,-82.3,-175.1,False
52.402824,-1.556549,164.64,0.0,3,192.72,26 / 27,113711,2019-09-08 12:05:45:441,0.1718,-0.1445,9.924,0.0024,-0.0015,9.8066,0.004,-0.003,0.0106,-13.19,-31.44,38.5,344.68,-82.27,-175.22,False
52.402824,-1.556549,164.64,0.0,3,192.72,26 / 27,113811,2019-09-08 12:05:45:541,0.008,-0.1129,9.9284,-0.0014,-0.0016,9.8066,-0.0034,-0.0039,-0.0077,-13.31,-31.31,37.81,344.22,-82.26,-175.13,False
52.402824,-1.556549,164.64,0.0,3,192.72,26 / 27,113911,2019-09-08 12:05:45:641,0.0433,-0.2435,9.7533,0.0003,0.0,9.8066,0.009,-0.002,-0.0014,-13.5,-31.94,38.44,344.26,-82.26,-175.05,False
52.402824,-1.556549,164.64,0.0,3,192.72,26 / 27,114011,2019-09-08 12:05:45:741,0.1057,-0.0818,9.8648,0.0012,-0.0011,9.8066,0.0137,-0.0134,-0.0069,-13.25,-31.31,38.31,344.22,-82.25,-175.13,False
52.402824,-1.556549,164.64,0.0,3,192.72,26 / 27,114111,2019-09-08 12:05:45:841,0.0155,-0.0467,9.9376,0.0019,-0.0009,9.8066,0.0061,-0.009,0.0075,-13.25,-31.5,37.88,344.06,-82.23,-175.27,False
52.402824,-1.556549,164.64,0.0,3,192.72,27 / 27,114211,2019-09-08 12:05:45:941,0.0903,-0.1905,9.8011,0.0018,-0.0014,9.8066,-0.008,0.012,0.0019,-12.69,-31.5,38.5,344.57,-82.21,-175.3,False
52.402824,-1.556549,164.64,0.0,3,192.72,27 / 27,114311,2019-09-08 12:05:46:041,0.0758,-0.1404,9.9643,0.0,0.0003,9.8066,-0.0016,0.0051,0.0091,-12.94,-31.12,38.06,343.96,-82.2,-175.36,False
52.402824,-1.556549,164.64,0.0,3,192.72,27 / 27,114411,2019-09-08 12:05:46:141,0.0631,-0.1059,9.885,0.002,-0.0027,9.8066,-0.0196,0.0076,0.0021,-13.0,-31.5,38.5,344.55,-82.19,-175.31,False
52.402824,-1.556549,164.64,0.0,3,192.72,27 / 27,114510,2019-09-08 12:05:46:240,0.059,-0.189,9.7634,0.0007,-0.0023,9.8066,-0.0086,0.0051,0.0021,-13.31,-31.37,38.5,344.48,-82.17,-175.37,False
52.402824,-1.556549,164.64,0.0,3,192.72,27 / 27,114611,2019-09-08 12:05:46:341,0.1077,-0.0885,9.872,0.0,0.0022,9.8066,0.0181,-0.0126,0.0037,-13.06,-31.69,38.13,343.87,-82.16,-175.37,False
52.402824,-1.556549,164.64,0.0,3,192.72,27 / 27,114711,2019-09-08 12:05:46:441,0.033,-0.0284,9.9037,0.0,0.0003,9.8066,0.0177,-0.0202,-0.0013,-12.69,-31.5,38.75,344.47,-82.16,-175.37,False
52.402824,-1.556549,164.64,0.0,3,192.72,27 / 27,114810,2019-09-08 12:05:46:540,0.0408,-0.1472,9.8534,0.0,0.0002,9.8066,0.0182,-0.0001,-0.0015,-13.0,-31.44,37.88,343.98,-82.15,-175.32,False
52.402824,-1.556549,164.64,0.0,3,192.72,27 / 27,114910,2019-09-08 12:05:46:640,0.1259,-0.1629,9.8719,-0.0001,-0.0005,9.8066,0.0109,-0.0045,-0.0011,-12.94,-31.81,38.44,343.88,-82.14,-175.36,False
52.402824,-1.556549,164.64,0.0,3,192.72,27 / 27,115011,2019-09-08 12:05:46:741,0.0966,0.0174,9.9797,0.0018,-0.0018,9.8066,-0.019,0.013,0.0067,-13.31,-31.19,38.31,343.92,-82.13,-175.37,False
52.402824,-1.556549,164.64,0.0,3,192.72,27 / 27,115111,2019-09-08 12:05:46:841,0.0077,-0.0699,9.8529,-0.0005,-0.0032,9.8066,-0.0178,0.0054,0.0015,-13.69,-31.37,38.56,343.02,-82.12,-175.37,False
52.402824,-1.556549,164.64,0.0,3,192.72,27 / 27,115212,2019-09-08 12:05:46:942,0.1166,-0.0994,9.777,0.0005,0.0026,9.8066,0.0069,0.0011,0.0076,-13.37,-31.19,38.13,343.93,-82.11,-175.36,False
52.402824,-1.556549,164.64,0.0,3,192.72,27 / 27,115310,2019-09-08 12:05:47:040,0.1011,0.0286,9.9212,-0.001,0.0017,9.8066,0.0106,-0.0099,-0.005,-12.75,-31.19,38.19,343.86,-82.1,-175.42,False
52.402824,-1.556549,164.64,0.0,3,192.72,27 / 27,115411,2019-09-08 12:05:47:141,0.0251,-0.0631,9.9011,0.0011,-0.0012,9.8066,0.0094,-0.0061,0.0014,-13.37,-31.56,38.69,344.37,-82.1,-175.4,False
52.402824,-1.556549,164.64,0.0,3,192.72,27 / 27,115511,2019-09-08 12:05:47:241,0.1301,-0.1134,9.7686,0.0001,-0.0005,9.8066,0.0089,-0.0097,-0.0072,-12.94,-31.12,38.06,343.85,-82.1,-175.42,False
52.402824,-1.556549,164.64,0.0,3,192.72,27 / 27,115610,2019-09-08 12:05:47:340,0.1539,-0.0722,9.9046,0.0008,-0.0002,9.8066,0.0028,-0.0008,0.0082,-13.56,-31.44,38.31,342.33,-82.09,-175.45,False
52.402824,-1.556549,164.64,0.0,3,192.72,27 / 27,115711,2019-09-08 12:05:47:441,0.0142,0.043,9.9414,0.0009,-0.0033,9.8066,-0.0136,0.0042,-0.0014,-12.94,-31.44,37.88,343.76,-82.07,-175.5,False
52.402824,-1.556549,164.64,0.0,3,192.72,27 / 27,115810,2019-09-08 12:05:47:540,0.1036,-0.0712,9.7848,-0.0003,-0.001,9.8066,-0.0013,0.0056,0.0081,-13.06,-31.94,38.63,344.24,-82.06,-175.51,False
52.402824,-1.556549,164.64,0.0,3,192.72,27 / 27,115910,2019-09-08 12:05:47:640,0.1389,-0.1307,9.8613,-0.0004,0.0,9.8066,-0.0128,0.0069,-0.0039,-12.69,-31.25,38.31,343.62,-82.05,-175.62,False
52.402824,-1.556549,164.64,0.0,3,192.72,27 / 27,116011,2019-09-08 12:05:47:741,0.0247,-0.0253,9.9541,0.0001,-0.0011,9.8066,0.0007,-0.0001,0.0004,-12.87,-31.19,38.06,343.6,-82.04,-175.63,False
52.402824,-1.556549,164.64,0.0,3,192.72,27 / 27,116111,2019-09-08 12:05:47:841,0.0912,-0.0297,9.8616,-0.0001,-0.0018,9.8066,-0.0046,-0.0086,-0.0095,-13.37,-31.0,38.81,344.18,-82.03,-175.61,False
52.402824,-1.556549,164.64,0.0,3,192.72,26 / 26,116211,2019-09-08 12:05:47:941,0.0683,-0.2075,9.772,0.0004,-0.0005,9.8066,0.0166,-0.0172,-0.0015,-13.0,-31.12,38.31,343.54,-82.03,-175.68,False
52.402824,-1.556549,164.64,0.0,3,192.72,26 / 26,116310,2019-09-08 12:05:48:040,0.042,-0.098,9.8782,0.0008,-0.0012,9.8066,0.0082,-0.015,-0.0056,-13.37,-31.5,37.94,343.56,-82.02,-175.66,False
52.402824,-1.556549,164.64,0.0,3,192.72,26 / 26,116411,2019-09-08 12:05:48:141,0.0293,-0.0115,9.9374,0.0009,-0.0025,9.8066,0.0058,-0.0024,0.0048,-13.19,-31.12,38.56,344.03,-82.03,-175.73,False
52.402824,-1.556549,164.64,0.0,3,192.72,26 / 26,116511,2019-09-08 12:05:48:241,0.0166,-0.1692,9.7987,0.0004,-0.0003,9.8066,0.0024,0.0051,-0.0037,-13.19,-31.06,38.56,344.1,-82.01,-175.67,False
52.402824,-1.556549,164.64,0.0,3,192.72,26 / 26,116610,2019-09-08 12:05:48:340,0.0456,-0.2103,9.7701,-0.0006,0.0011,9.8066,-0.0131,0.0086,0.0016,-13.5,-31.5,38.44,343.5,-82.0,-175.71,False
52.402824,-1.556549,164.64,0.0,3,192.72,26 / 26,116710,2019-09-08 12:05:48:440,0.0256,-0.1732,9.9137,0.0014,-0.001,9.8066,-0.0141,0.0165,0.004,-13.19,-31.75,38.81,343.94,-81.98,-175.75,False
52.402824,-1.556549,164.64,0.0,3,192.72,26 / 26,116811,2019-09-08 12:05:48:541,0.0061,-0.0198,9.8665,-0.0011,0.001,9.8066,-0.0086,0.0072,0.0016,-13.06,-31.5,38.63,343.99,-81.97,-175.76,False
52.402824,-1.556549,164.64,0.0,3,192.72,26 / 26,116911,2019-09-08 12:05:48:641,0.0261,-0.2259,9.8354,-0.0005,0.003,9.8066,0.0062,-0.0061,0.0075,-13.06,-31.0,38.56,344.02,-81.98,-175.74,False
52.402824,-1.556549,164.64,0.0,3,192.72,26 / 26,117011,2019-09-08 12:05:48:741,0.0719,-0.2632,9.8442,0.0004,-0.001,9.8066,-0.0081,0.0035,-0.0041,-13.56,-31.44,38.38,341.98,-81.97,-175.73,False
52.402824,-1.556549,164.64,0.0,3,192.72,26 / 26,117112,2019-09-08 12:05:48:842,-0.0145,-0.0155,9.9079,-0.0006,0.0004,9.8066,0.0194,-0.0113,-0.0012,-13.44,-31.75,38.19,343.4,-81.97,-175.73,False
52.402824,-1.556549,164.64,0.0,3,192.72,29 / 29,117211,2019-09-08 12:05:48:941,0.0209,-0.1827,9.8766,0.0006,-0.0008,9.8066,0.0085,-0.013,-0.0057,-13.06,-31.12,38.06,343.52,-81.96,-175.69,False
52.402824,-1.556549,164.64,0.0,3,192.72,29 / 29,117311,2019-09-08 12:05:49:041,0.0082,-0.2049,9.8039,0.0011,-0.0013,9.8065,0.0091,-0.0114,0.0064,-12.94,-31.5,38.56,343.98,-81.95,-175.77,False
52.402824,-1.556549,164.64,0.0,3,192.72,29 / 29,117411,2019-09-08 12:05:49:141,0.0074,0.0329,9.926,0.0004,0.0001,9.8066,0.0015,0.0083,-0.0018,-13.44,-31.5,38.19,343.47,-81.93,-175.72,False
52.402824,-1.556549,164.64,0.0,3,192.72,29 / 29,117511,2019-09-08 12:05:49:241,-0.0525,-0.1034,9.9422,0.0008,-0.0004,9.8066,-0.01,-0.0004,0.0141,-13.75,-31.19,38.13,341.91,-81.92,-175.78,False
52.402824,-1.556549,164.64,0.0,3,192.72,29 / 29,117611,2019-09-08 12:05:49:341,0.0403,-0.2113,9.801,0.0013,-0.0025,9.8066,-0.0204,0.011,0.0039,-12.75,-30.94,38.31,343.47,-81.92,-175.72,False
52.402824,-1.556549,164.64,0.0,3,192.72,29 / 29,117710,2019-09-08 12:05:49:440,0.0952,-0.1148,9.9389,0.0015,-0.0015,9.8066,-0.0136,0.0035,0.0033,-12.44,-31.69,38.0,344.89,-81.92,-175.75,False
52.402824,-1.556549,164.64,0.0,3,192.72,29 / 29,117811,2019-09-08 12:05:49:541,0.0387,-0.0464,9.9582,-0.0007,0.0008,9.8066,0.0087,-0.0076,0.0027,-13.56,-30.62,37.88,341.96,-81.9,-175.74,False
52.402824,-1.556549,164.64,0.0,3,192.72,29 / 29,117911,2019-09-08 12:05:49:641,0.0135,-0.1501,9.8547,-0.0006,0.0008,9.8066,0.0146,-0.0184,-0.0027,-13.25,-31.62,38.44,343.43,-81.91,-175.7,False
52.402824,-1.556549,164.64,0.0,3,192.72,29 / 29,118011,2019-09-08 12:05:49:741,0.039,-0.1385,9.8411,0.0002,0.0015,9.8066,0.0149,-0.008,-0.0015,-13.12,-30.75,38.56,344.08,-81.91,-175.66,False
52.402824,-1.556549,164.64,0.0,3,192.72,29 / 29,118111,2019-09-08 12:05:49:841,0.1279,-0.1169,9.8843,-0.0011,-0.0004,9.8066,0.0096,-0.0009,-0.0079,-12.5,-31.69,38.88,345.5,-81.92,-175.68,False
52.402824,-1.556549,164.64,0.0,3,192.72,28 / 29,118211,2019-09-08 12:05:49:941,0.0129,0.0649,9.904,0.001,-0.0005,9.8066,0.0128,-0.0051,0.0078,-13.0,-31.12,38.75,344.04,-81.91,-175.7,False
52.402824,-1.556549,164.64,0.0,3,192.72,28 / 29,118311,2019-09-08 12:05:50:041,0.0334,-0.2127,9.8096,0.0002,-0.0028,9.8066,-0.0145,0.0024,0.0028,-13.44,-31.37,38.19,343.45,-81.9,-175.73,False
52.402824,-1.556549,164.64,0.0,3,192.72,28 / 29,118411,2019-09-08 12:05:50:141,0.0881,-0.0513,9.8165,0.0003,0.002,9.8066,-0.0033,0.0107,0.0117,-13.25,-30.94,38.13,343.51,-81.89,-175.68,False
52.402824,-1.556549,164.64,0.0,3,192.72,28 / 29,118510,2019-09-08 12:05:50:240,0.063,0.0245,9.9466,-0.0008,0.0008,9.8066,-0.0178,0.0135,-0.0002,-13.31,-31.5,37.81,343.53,-81.89,-175.66,False
52.402824,-1.556549,164.64,0.0,3,192.72,28 / 29,118611,2019-09-08 12:05:50:341,0.0439,-0.1949,9.8303,0.0011,-0.0007,9.8066,-0.0077,0.006,0.0039,-12.81,-31.81,38.56,344.01,-81.9,-175.67,False
52.402824,-1.556549,164.64,0.0,3,192.72,28 / 29,118710,2019-09-08 12:05:50:440,0.0341,-0.0042,9.7698,0.0006,-0.0026,9.8066,-0.0177,-0.0036,-0.0036,-12.94,-30.87,38.13,343.5,-81.88,-175.68,False
52.402824,-1.556549,164.64,0.0,3,192.72,28 / 29,118811,2019-09-08 12:05:50:541,0.1463,-0.0898,9.8716,0.0005,0.0001,9.8066,0.0162,-0.0212,-0.0004,-13.5,-30.87,37.38,342.93,-81.89,-175.68,False
52.402824,-1.556549,164.64,0.0,3,192.72,28 / 29,118911,2019-09-08 12:05:50:641,-0.0019,-0.1459,9.8913,0.0006,0.0,9.8066,0.0104,-0.0126,-0.0033,-13.31,-31.62,37.75,343.46,-81.88,-175.66,False
52.402824,-1.556549,164.64,0.0,3,192.72,28 / 29,119011,2019-09-08 12:05:50:741,0.1001,-0.0521,9.8334,0.0004,-0.0021,9.8066,0.0053,-0.0075,-0.0029,-13.81,-31.19,38.13,341.99,-81.88,-175.7,False
52.402824,-1.556549,164.64,0.0,3,192.72,28 / 29,119111,2019-09-08 12:05:50:841,0.0548,0.0234,9.943,0.0011,0.0004,9.8066,-0.005,0.0008,0.0035,-12.69,-31.44,38.06,343.48,-81.86,-175.69,False
52.402824,-1.556549,164.64,0.0,3,192.72,27 / 27,119211,2019-09-08 12:05:50:941,-0.0069,-0.2564,9.8291,0.0014,-0.004,9.8066,-0.0219,0.0052,0.0025,-13.31,-31.37,38.69,344.03,-81.86,-175.7,False
52.402824,-1.556549,164.64,0.0,3,192.72,27 / 27,119310,2019-09-08 12:05:51:040,0.0146,-0.1475,9.8806,0.0006,-0.0002,9.8066,-0.0161,0.0173,0.0017,-13.06,-31.19,37.94,343.44,-81.83,-175.72,False
52.402824,-1.556549,164.64,0.0,3,192.72,27 / 27,119411,2019-09-08 12:05:51:141,0.0754,-0.0173,9.9319,0.0004,-0.0015,9.8066,-0.0021,-0.0066,-0.0024,-13.44,-31.44,38.0,343.43,-81.84,-175.73,False
52.402824,-1.556549,164.64,0.0,3,192.72,27 / 27,119510,2019-09-08 12:05:51:240,0.0494,-0.2221,9.8669,-0.0007,0.0018,9.8066,0.0209,-0.0089,0.0015,-13.25,-30.94,38.06,343.42,-81.84,-175.74,False
52.402824,-1.556549,164.64,0.0,3,192.72,27 / 27,119611,2019-09-08 12:05:51:341,0.0103,-0.177,9.8164,0.0004,-0.0011,9.8066,0.0094,-0.012,-0.0107,-13.37,-31.62,38.5,343.95,-81.83,-175.71,False
52.402824,-1.556549,164.64,0.0,3,192.72,27 / 27,119711,2019-09-08 12:05:51:441,0.1139,-0.1222,9.8835,0.0009,0.0,9.8066,0.0183,-0.005,-0.002,-13.56,-30.87,38.56,342.49,-81.81,-175.76,False
52.402824,-1.556549,164.64,0.0,3,192.72,27 / 27,119811,2019-09-08 12:05:51:541,-0.0593,-0.0677,9.9254,-0.0007,-0.0004,9.8066,-0.0032,0.0039,-0.0002,-12.81,-31.37,37.94,343.35,-81.81,-175.8,False
52.402824,-1.556549,164.64,0.0,3,192.72,27 / 27,119911,2019-09-08 12:05:51:641,0.0036,-0.1727,9.7795,0.0005,0.0001,9.8066,-0.0032,-0.0027,0.0101,-13.0,-30.87,38.13,343.44,-81.81,-175.71,False
52.402824,-1.556549,164.64,0.0,3,192.72,27 / 27,120011,2019-09-08 12:05:51:741,0.0315,-0.1268,9.8052,0.0,0.0005,9.8066,-0.0106,0.0127,-0.0003,-12.94,-31.31,38.31,343.46,-81.79,-175.69,True
52.402824,-1.556549,164.64,0.0,3,192.72,27 / 27,120111,2019-09-08 12:05:51:841,0.0428,-0.0384,9.9433,-0.0005,0.0013,9.8066,-0.0008,0.0066,0.0101,-13.62,-31.31,38.44,341.87,-81.79,-175.78,True
52.402824,-1.556549,164.64,0.0,3,192.72,27 / 27,120210,2019-09-08 12:05:51:940,0.0816,-0.092,9.8533,-0.0007,0.001,9.8066,-0.0204,0.0056,0.0051,-13.5,-31.06,38.69,343.94,-81.78,-175.75,True
52.402824,-1.556549,164.64,0.0,3,192.72,27 / 27,120311,2019-09-08 12:05:52:041,0.0252,-0.1308,9.7811,-0.0001,-0.0016,9.8065,-0.0074,0.0037,0.003,-13.37,-31.62,38.81,343.91,-81.77,-175.72,True
52.402824,-1.556549,164.64,0.0,3,192.72,27 / 27,120411,2019-09-08 12:05:52:141,0.0808,-0.0603,9.9337,-0.0007,0.0009,9.8066,0.0108,-0.0145,-0.0043,-13.12,-31.0,38.0,343.44,-81.76,-175.7,True
52.402824,-1.556549,164.64,0.0,3,192.72,27 / 27,120511,2019-09-08 12:05:52:241,0.0859,-0.0132,9.9275,0.0001,-0.0006,9.8066,0.0104,-0.0222,0.0011,-12.69,-30.62,38.31,343.45,-81.77,-175.7,True
52.402824,-1.556549,164.64,0.0,3,192.72,27 / 27,120612,2019-09-08 12:05:52:342,0.0364,-0.0775,9.8249,0.0007,0.0004,9.8066,0.0073,-0.0054,0.0019,-13.12,-31.31,37.69,343.5,-81.76,-175.65,True
52.402824,-1.556549,164.64,0.0,3,192.72,27 / 27,120711,2019-09-08 12:05:52:441,0.069,-0.0309,9.8301,-0.0003,0.0006,9.8066,0.0011,0.0038,-0.0018,-12.81,-31.44,37.88,343.45,-81.76,-175.69,True
52.402824,-1.556549,164.64,0.0,3,192.72,27 / 27,120811,2019-09-08 12:05:52:541,0.0477,0.0786,9.921,0.0023,-0.0017,9.8066,-0.0057,0.0021,0.0038,-12.81,-31.44,38.06,343.39,-81.75,-175.75,True
52.402824,-1.556549,164.64,0.0,3,192.72,27 / 27,120911,2019-09-08 12:05:52:641,0.0163,-0.0168,9.9013,0.0009,-0.0022,9.8066,-0.0156,0.0092,0.0057,-12.94,-31.62,37.63,343.19,-81.73,-175.86,True
52.402824,-1.556549,164.64,0.0,3,192.72,27 / 27,121011,2019-09-08 12:05:52:741,0.0783,-0.045,9.7924,-0.0003,0.0017,9.8065,0.0021,-0.0076,0.0097,-12.87,-31.06,37.94,343.3,-81.72,-175.81,True
52.402824,-1.556549,164.64,0.0,3,192.72,27 / 27,121111,2019-09-08 12:05:52:841,0.0696,0.0067,9.8977,-0.0011,0.0007,9.8066,0.0008,-0.008,-0.0029,-12.69,-30.94,37.75,343.32,-81.72,-175.8,True
52.402824,-1.556549,164.64,0.0,3,192.72,26 / 26,121213,2019-09-08 12:05:52:943,0.0381,0.0881,9.9281,0.0016,0.0035,9.8066,0.0126,-0.0056,0.0009,-13.56,-31.37,38.13,341.79,-81.72,-175.83,True
52.402824,-1.556549,164.64,0.0,3,192.72,26 / 26,121312,2019-09-08 12:05:53:042,0.077,-0.0585,9.7646,-0.0021,-0.0005,9.8066,0.0143,-0.0059,-0.0083,-12.87,-31.37,38.5,343.8,-81.74,-175.87,True
52.402824,-1.556549,164.64,0.0,3,192.72,26 / 26,121411,2019-09-08 12:05:53:141,0.1015,-0.0408,9.8974,0.0017,-0.0016,9.8066,0.002,-0.002,0.0117,-13.0,-31.25,38.13,343.22,-81.73,-175.89,True
52.402824,-1.556549,164.64,0.0,3,192.72,26 / 26,121511,2019-09-08 12:05:53:241,-0.0198,0.0437,9.9955,0.0011,-0.0035,9.8066,-0.0129,0.0046,-0.0055,-13.31,-30.94,38.31,343.18,-81.7,-175.92,True
52.402824,-1.556549,164.64,0.0,3,192.72,26 / 26,121611,2019-09-08 12:05:53:341,0.0737,-0.0177,9.7567,-0.0006,0.0017,9.8065,0.0051,0.0001,0.0059,-12.81,-30.94,38.44,343.08,-81.7,-176.01,True
52.402824,-1.556549,164.64,0.0,3,192.72,26 / 26,121711,2019-09-08 12:05:53:441,0.0856,-0.0536,9.8721,-0.0003,0.0002,9.8066,-0.0129,0.0056,-0.002,-13.25,-31.19,37.94,343.09,-81.7,-176.0,True
52.402824,-1.556549,164.64,0.0,3,192.72,26 / 26,121813,2019-09-08 12:05:53:543,-0.013,0.0266,9.9512,-0.0009,0.0,9.8066,0.0021,0.0013,-0.0007,-13.5,-31.37,38.0,343.13,-81.71,-175.97,True
52.402824,-1.556549,164.64,0.0,3,192.72,26 / 26,121911,2019-09-08 12:05:53:641,0.0524,0.0016,9.7894,0.0016,-0.003,9.8066,0.0005,-0.0057,-0.0065,-12.81,-31.44,37.69,343.12,-81.69,-175.97,True
52.402824,-1.556549,164.64,0.0,3,192.72,26 / 26,122011,2019-09-08 12:05:53:741,0.0829,-0.0483,9.7748,0.0015,0.0007,9.8066,0.0182,-0.0198,0.0032,-13.25,-30.75,38.38,343.08,-81.7,-176.01,True
52.402824,-1.556549,164.64,0.0,3,192.72,26 / 26,122112,2019-09-08 12:05:53:842,0.0527,-0.0153,9.931,-0.0009,-0.0004,9.8066,0.0085,-0.0124,-0.0052,-13.06,-31.75,39.0,343.59,-81.69,-175.99,True
52.402824,-1.556549,164.64,0.0,3,192.72,28 / 29,122211,2019-09-08 12:05:53:941,-0.0288,-0.0027,9.89,0.0002,-0.0007,9.8066,-0.0037,0.0079,0.0012,-12.75,-31.31,38.13,343.08,-81.68,-176.01,True
52.402824,-1.556549,164.64,0.0,3,192.72,28 / 29,122311,2019-09-08 12:05:54:041,0.1181,-0.0266,9.8517,-0.0004,0.0013,9.8066,-0.0043,0.0171,-0.0034,-13.37,-31.81,38.19,342.93,-81.69,-176.07,True
52.402824,-1.556549,164.64,0.0,3,192.72,28 / 29,122410,2019-09-08 12:05:54:140,-0.0062,-0.0619,9.9403,0.001,-0.0002,9.8066,-0.0246,0.0157,0.0004,-13.25,-31.81,38.13,342.95,-81.68,-176.05,True
52.402824,-1.556549,164.64,0.0,3,192.72,28 / 29,122514,2019-09-08 12:05:54:244,0.0709,-0.021,9.8502,-0.0002,-0.0009,9.8066,-0.0114,0.0124,0.0016,-13.37,-31.19,38.25,342.89,-81.68,-176.17,True
52.402824,-1.556549,164.64,0.0,3,192.72,28 / 29,122611,2019-09-08 12:05:54:341,0.1383,-0.1516,9.7884,0.0003,0.0007,9.8066,-0.0051,-0.0064,-0.0007,-12.87,-31.69,38.69,343.39,-81.68,-176.16,True
52.402824,-1.556549,164.64,0.0,3,192.72,28 / 29,122711,2019-09-08 12:05:54:441,-0.0016,-0.1302,9.9653,-0.0001,-0.0018,9.8066,0.0112,-0.0141,0.0016,-13.06,-31.19,38.88,343.41,-81.67,-176.2,True
52.402824,-1.556549,164.64,0.0,3,192.72,28 / 29,122812,2019-09-08 12:05:54:542,-0.0085,0.0673,9.8807,0.0003,0.0009,9.8066,0.0157,-0.0108,-0.0062,-12.94,-31.44,38.5,343.41,-81.66,-176.2,True
52.402824,-1.556549,164.64,0.0,3,192.72,28 / 29,122911,2019-09-08 12:05:54:641,0.0719,-0.1555,9.7507,0.0005,0.0004,9.8065,0.0195,-0.009,-0.0061,-13.19,-31.37,38.81,343.43,-81.66,-176.18,True
52.402824,-1.556549,164.64,0.0,3,192.72,28 / 29,123011,2019-09-08 12:05:54:741,0.0161,-0.0228,9.9142,-0.0006,0.0035,9.8066,-0.0031,-0.0016,-0.005,-12.94,-31.31,38.38,342.84,-81.65,-176.2,True
52.402824,-1.556549,164.64,0.0,3,192.72,28 / 29,123110,2019-09-08 12:05:54:840,-0.0182,0.0364,9.9837,0.0006,-0.0039,9.8066,-0.0046,0.0082,0.0082,-12.94,-31.25,38.44,342.81,-81.66,-176.23,True
52.402824,-1.556549,164.64,0.0,3,192.72,27 / 27,123210,2019-09-08 12:05:54:940,0.0812,-0.0543,9.849,0.0011,-0.0009,9.8066,-0.0173,0.0103,-0.0035,-13.31,-31.81,38.5,343.28,-81.64,-176.25,True
52.402824,-1.556549,164.64,0.0,3,192.72,27 / 27,123311,2019-09-08 12:05:55:041,-0.0289,-0.0542,9.9226,0.0,-0.0006,9.8066,0.0001,-0.0025,0.0093,-13.56,-31.19,38.31,341.22,-81.64,-176.31,True
52.402824,-1.556549,164.64,0.0,3,192.72,27 / 27,123410,2019-09-08 12:05:55:140,0.0072,-0.1794,9.8146,-0.0005,-0.0013,9.8065,-0.0055,-0.0007,-0.0043,-13.62,-31.12,38.5,341.9,-81.63,-176.24,True
52.402824,-1.556549,164.64,0.0,3,192.72,27 / 27,123511,2019-09-08 12:05:55:241,0.0894,-0.1436,9.7434,0.0,0.0016,9.8065,0.0087,-0.003,-0.0044,-13.25,-31.5,38.38,342.8,-81.64,-176.24,True
52.402824,-1.556549,164.64,0.0,3,192.72,27 / 27,123611,2019-09-08 12:05:55:341,0.0679,0.0108,9.8776,-0.0015,0.0012,9.8066,0.0225,-0.014,-0.0017,-13.37,-31.44,38.56,343.34,-81.63,-176.25,True
52.402824,-1.556549,164.64,0.0,3,192.72,27 / 27,123711,2019-09-08 12:05:55:441,0.0796,-0.0698,9.851,0.0022,0.0029,9.8066,0.0167,-0.0085,0.0038,-13.12,-31.31,38.0,342.68,-81.63,-176.34,True
52.402824,-1.556549,164.64,0.0,3,192.72,27 / 27,123810,2019-09-08 12:05:55:540,-0.0171,-0.1387,9.7731,-0.0006,-0.0011,9.8066,-0.0168,0.0133,-0.0014,-12.56,-31.0,38.25,342.69,-81.61,-176.32,True
52.402824,-1.556549,164.64,0.0,3,192.72,27 / 27,123910,2019-09-08 12:05:55:640,0.0474,-0.0259,9.9066,0.0007,0.0009,9.8066,-0.0063,0.0091,0.0105,-13.19,-31.44,37.75,342.63,-81.61,-176.38,True
52.402824,-1.556549,164.64,0.0,3,192.72,27 / 27,124010,2019-09-08 12:05:55:740,0.0812,-0.0729,9.8578,0.0012,-0.0016,9.8066,-0.0156,0.0082,0.001,-13.37,-31.31,38.25,342.68,-81.6,-176.33,True
52.402824,-1.556549,164.64,0.0,3,192.72,27 / 27,124110,2019-09-08 12:05:55:840,0.0447,-0.1292,9.7647,-0.0005,-0.0009,9.8065,-0.0058,0.0068,0.0043,-13.06,-31.69,38.75,343.1,-81.59,-176.39,True
52.402824,-1.556549,164.64,0.0,3,192.72,29 / 29,124211,2019-09-08 12:05:55:941,0.0713,0.0323,9.8095,-0.0005,0.0021,9.8066,0.0177,-0.0118,0.0007,-13.12,-31.62,38.75,343.15,-81.6,-176.35,True
52.402824,-1.556549,164.64,0.0,3,192.72,29 / 29,124311,2019-09-08 12:05:56:041,-0.0224,0.0187,10.0031,0.0017,-0.0024,9.8066,0.0112,-0.0175,0.006,-13.44,-30.87,38.63,343.21,-81.6,-176.36,True
52.402824,-1.556549,164.64,0.0,3,192.72,29 / 29,124411,2019-09-08 12:05:56:141,0.1052,-0.3433,9.7503,0.003,-0.0007,9.8066,0.0008,-0.0201,0.0128,-13.37,-31.06,38.25,342.72,-81.61,-176.3,True
52.402824,-1.556549,164.64,0.0,3,192.72,29 / 29,124511,2019-09-08 12:05:56:241,-0.0885,-0.2044,9.6375,0.0032,-0.0072,9.8066,-0.0273,-0.0064,0.0048,-12.94,-31.69,38.19,342.62,-81.64,-176.34,True
52.402824,-1.556549,164.64,0.0,3,192.72,29 / 29,124611,2019-09-08 12:05:56:341,0.2999,-0.2434,9.9062,0.0006,0.0048,9.8066,0.0488,-0.01,0.0146,-13.0,-31.06,37.69,342.65,-81.6,-176.36,True
52.402824,-1.556549,164.64,0.0,3,192.72,29 / 29,124711,2019-09-08 12:05:56:441,0.1135,-0.2789,9.9579,-0.0037,0.0047,9.8066,0.0482,0.0104,-0.0053,-12.44,-31.62,37.63,344.16,-81.63,-176.32,True
52.402824,-1.556549,164.64,0.0,3,192.72,29 / 29,124811,2019-09-08 12:05:56:541,0.183,-0.3885,9.8719,0.0023,-0.0062,9.8066,-0.0144,-0.0124,0.0098,-13.0,-31.56,37.94,342.65,-81.61,-176.3,True
52.402824,-1.556549,164.64,0.0,3,192.72,29 / 29,124911,2019-09-08 12:05:56:641,0.0736,-0.3529,10.008,0.0018,-0.0052,9.8066,0.0148,-0.0225,-0.0047,-13.44,-31.5,38.13,342.72,-81.57,-176.29,True
52.402824,-1.556549,164.64,0.0,3,192.72,29 / 29,125011,2019-09-08 12:05:56:741,0.1247,-0.4863,9.7423,0.0011,-0.0015,9.8066,-0.0089,-0.0053,0.0168,-12.87,-31.12,37.81,342.74,-81.54,-176.26,True
52.402824,-1.556549,164.64,0.0,3,192.72,29 / 29,125110,2019-09-08 12:05:56:840,0.1645,-0.5826,9.9103,0.0012,-0.0045,9.8066,-0.0086,-0.0155,0.0017,-12.87,-30.81,37.69,342.76,-81.53,-176.25,True
52.402824,-1.556549,164.64,0.0,3,192.72,28 / 29,125211,2019-09-08 12:05:56:941,0.0923,-0.3006,9.7847,0.0006,0.0016,9.8066,0.0017,-0.0157,0.0099,-12.94,-31.19,38.5,343.38,-81.47,-176.18,True
52.402824,-1.556549,164.64,0.0,3,192.72,28 / 29,125311,2019-09-08 12:05:57:041,0.1066,-0.7609,9.9102,-0.0006,0.0003,9.8066,-0.0053,-0.0178,0.0065,-12.69,-30.87,38.25,342.84,-81.47,-176.16,True
52.402824,-1.556549,164.64,0.0,3,192.72,28 / 29,125410,2019-09-08 12:05:57:140,0.1494,-0.6628,9.8015,0.0006,-0.0009,9.8066,-0.0022,0.0036,0.0028,-12.44,-31.12,38.06,344.42,-81.43,-176.1,True
52.402824,-1.556549,164.64,0.0,3,192.72,28 / 29,125512,2019-09-08 12:05:57:242,0.2627,-0.5271,9.8999,0.0005,-0.003,9.8066,-0.0011,-0.0284,0.0027,-13.0,-31.56,37.94,342.81,-81.39,-176.1,True
52.402824,-1.556549,164.64,0.0,3,192.72,28 / 29,125611,2019-09-08 12:05:57:341,0.2893,-0.7346,9.8215,0.0003,-0.0039,9.8066,0.0066,-0.0056,0.0027,-12.62,-30.94,37.94,342.97,-81.37,-176.01,True
52.402824,-1.556549,164.64,0.0,3,192.72,28 / 29,125711,2019-09-08 12:05:57:441,0.1973,-0.8383,9.8328,0.0024,-0.005,9.8066,0.0023,-0.0117,0.0067,-12.81,-30.81,38.25,343.02,-81.32,-175.96,True
52.402824,-1.556549,164.64,0.0,3,192.72,28 / 29,125811,2019-09-08 12:05:57:541,0.024,-0.6193,9.817,-0.0003,-0.0037,9.8066,0.013,-0.0167,0.0005,-12.19,-31.56,38.31,344.54,-81.24,-175.9,True
52.402824,-1.556549,164.64,0.0,3,192.72,28 / 29,125911,2019-09-08 12:05:57:641,0.545,-1.6119,9.9305,-0.0011,-0.0043,9.8066,0.0119,-0.0342,0.0052,-12.62,-30.69,38.56,343.79,-81.16,-175.74,True
52.402824,-1.556549,164.64,0.0,3,192.72,28 / 29,126011,2019-09-08 12:05:57:741,0.1718,-0.6237,9.7805,0.003,0.0004,9.8066,-0.0082,-0.0234,-0.0072,-12.81,-31.0,38.5,343.64,-81.09,-175.85,True
52.402824,-1.556549,164.64,0.0,3,192.72,28 / 29,126111,2019-09-08 12:05:57:841,0.5549,-1.7047,9.8023,0.001,-0.0052,9.8066,0.0034,-0.0452,0.0137,-12.87,-31.06,38.56,343.55,-81.04,-175.92,True
52.402824,-1.556549,164.64,0.0,3,192.72,27 / 27,126210,2019-09-08 12:05:57:940,0.3365,-1.1166,9.6349,0.0006,-0.0105,9.8066,-0.0035,-0.0284,-0.0032,-12.62,-31.0,38.19,343.1,-80.94,-175.79,True
52.402824,-1.556549,164.64,0.0,3,192.72,27 / 27,126311,2019-09-08 12:05:58:041,0.3477,-1.5293,9.7606,-0.0021,-0.0044,9.8065,0.0379,-0.0483,0.0223,-12.12,-30.5,38.25,345.01,-80.86,-175.51,True
52.402824,-1.556549,164.64,0.0,3,192.72,27 / 27,126411,2019-09-08 12:05:58:141,0.1822,-1.3382,9.6959,-0.0024,-0.0008,9.8066,-0.0052,-0.0316,-0.0002,-12.0,-30.5,38.75,345.71,-80.83,-175.35,True
52.402824,-1.556549,164.64,0.0,3,192.72,27 / 27,126511,2019-09-08 12:05:58:241,0.757,-2.1118,9.8869,-0.0022,0.0072,9.8066,0.0564,-0.0386,0.0177,-12.06,-30.44,38.88,346.0,-80.84,-175.1,True
52.402824,-1.556549,164.64,0.0,3,192.72,27 / 27,126611,2019-09-08 12:05:58:341,0.6807,-1.7187,10.0457,0.0088,-0.0199,9.8065,0.096,-0.0503,0.002,-12.62,-31.12,38.94,344.57,-80.85,-174.97,True
52.402824,-1.556549,164.64,0.0,3,192.72,27 / 27,126711,2019-09-08 12:05:58:441,0.339,-1.886,10.0353,0.0024,-0.0182,9.8065,-0.0845,-0.0548,0.0218,-12.31,-30.19,38.5,346.22,-80.79,-174.9,True
52.402824,-1.556549,164.64,0.0,3,192.72,27 / 27,126810,2019-09-08 12:05:58:540,0.2474,-1.3476,9.4604,-0.0064,0.0078,9.8066,-0.0788,-0.0343,0.0197,-12.75,-30.75,38.0,344.17,-80.67,-174.78,True
52.402824,-1.556549,164.64,0.0,3,192.72,27 / 27,126911,2019-09-08 12:05:58:641,0.2186,-2.4853,9.6868,0.0022,-0.0045,9.8066,-0.0391,-0.0542,-0.012,-11.94,-30.87,38.88,346.45,-80.62,-174.61,True
52.402824,-1.556549,164.64,0.0,3,192.72,27 / 27,127011,2019-09-08 12:05:58:741,0.2427,-2.2362,9.8825,-0.0031,0.0009,9.8066,0.0331,-0.0794,0.0346,-12.0,-30.87,38.13,345.88,-80.6,-174.64,True
52.402824,-1.556549,164.64,0.0,3,192.72,27 / 27,127111,2019-09-08 12:05:58:841,0.7068,-2.3629,10.0256,0.0046,0.0035,9.8065,-0.0271,-0.0946,0.0149,-11.5,-30.87,37.75,347.12,-80.63,-174.94,True
52.402824,-1.556549,164.64,0.0,3,192.72,28 / 28,127211,2019-09-08 12:05:58:941,0.6399,-2.3967,10.4307,0.0006,-0.0125,9.8065,-0.0021,-0.0871,0.0156,-11.44,-31.0,38.19,347.2,-80.67,-174.88,True
52.402824,-1.556549,164.64,0.0,3,192.72,28 / 28,127310,2019-09-08 12:05:59:040,0.092,-2.0618,9.9948,0.0,0.0096,9.8065,0.0369,-0.1374,0.0301,-11.69,-30.87,38.94,346.36,-80.71,-174.7,True
52.402824,-1.556549,164.64,0.0,3,192.72,28 / 28,127411,2019-09-08 12:05:59:141,0.3634,-1.7558,9.8505,-0.001,0.0013,9.8066,-0.0341,-0.122,0.0425,-11.69,-31.12,37.94,346.18,-80.73,-174.41,True
52.402824,-1.556549,164.64,0.0,3,192.72,28 / 28,127510,2019-09-08 12:05:59:240,-0.4835,-1.8154,9.8262,0.0034,-0.0191,9.8066,-0.029,-0.1152,0.0421,-11.56,-30.81,38.44,346.53,-80.62,-174.08,True
52.402824,-1.556549,164.64,0.0,3,192.72,28 / 28,127611,2019-09-08 12:05:59:341,0.2433,-1.1381,9.9845,-0.0062,0.0129,9.8066,0.0809,-0.1314,0.0446,-11.19,-31.44,38.25,348.3,-80.59,-173.91,True
52.402824,-1.556549,164.64,0.0,3,192.72,28 / 28,127711,2019-09-08 12:05:59:441,-0.1892,-1.6386,9.6963,-0.0098,0.02,9.8065,0.0671,-0.1407,0.0352,-10.75,-31.0,38.38,348.67,-80.56,-173.59,True
52.402824,-1.556549,164.64,0.0,3,192.72,28 / 28,127810,2019-09-08 12:05:59:540,-0.4497,-1.0831,9.9463,-0.0086,0.01,9.8066,0.0853,-0.1382,0.0662,-11.06,-31.12,38.63,349.78,-80.64,-173.07,True
52.402824,-1.556549,164.64,0.0,3,192.72,28 / 28,127911,2019-09-08 12:05:59:641,0.1047,-1.5449,9.8464,-0.0069,-0.0063,9.8066,0.0375,-0.1184,-0.0073,-11.0,-31.75,38.25,349.92,-80.57,-172.47,True
52.402824,-1.556549,164.64,0.0,3,192.72,28 / 28,128011,2019-09-08 12:05:59:741,-0.4368,-2.111,10.288,0.0057,-0.0012,9.8066,-0.0234,-0.1319,0.0393,-10.37,-31.75,37.31,351.04,-80.54,-172.49,True
52.402824,-1.556549,164.64,0.0,3,192.72,28 / 28,128112,2019-09-08 12:05:59:842,-0.2874,-1.2442,9.7255,-0.0049,-0.0122,9.8065,-0.0459,-0.1552,0.0239,-10.5,-31.06,37.38,351.31,-80.54,-172.3,True
52.402824,-1.556549,164.64,0.0,3,192.72,29 / 29,128211,2019-09-08 12:05:59:941,-0.2714,-1.6701,10.0437,-0.0031,0.0023,9.8066,-0.0193,-0.1612,0.0382,-9.69,-31.37,37.88,352.3,-80.62,-171.87,True
52.402824,-1.556549,164.64,0.0,3,192.72,29 / 29,128311,2019-09-08 12:06:00:041,-0.5718,-1.3622,9.7414,-0.0109,-0.0023,9.8065,0.0653,-0.1908,0.0513,-10.19,-31.19,37.25,352.61,-80.61,-171.19,True
52.402824,-1.556549,164.64,0.0,3,192.72,29 / 29,128411,2019-09-08 12:06:00:141,0.0649,-1.9752,9.3983,-0.0011,0.0193,9.8065,-0.0591,-0.1752,0.0229,-9.69,-31.69,36.5,352.62,-80.54,-171.15,True
52.402824,-1.556549,164.64,0.0,3,192.72,29 / 29,128511,2019-09-08 12:06:00:241,-1.0793,-1.1849,10.331,0.0012,-0.0062,9.8066,0.0784,-0.155,-0.026,-8.81,-31.25,37.0,354.35,-80.45,-171.14,True
52.402824,-1.556549,164.64,0.0,3,192.72,29 / 29,128611,2019-09-08 12:06:00:341,-0.656,-2.028,9.699,0.0011,-0.0057,9.8066,0.0276,-0.1705,0.0761,-9.06,-31.69,36.31,353.63,-80.42,-171.33,True
52.402824,-1.556549,164.64,0.0,3,192.72,29 / 29,128711,2019-09-08 12:06:00:441,-0.6746,-2.1531,10.1603,0.0052,-0.0273,9.8066,-0.1056,-0.1955,0.0086,-9.06,-31.56,36.44,353.6,-80.36,-171.35,True
52.402824,-1.556549,164.64,0.0,3,192.72,29 / 29,128811,2019-09-08 12:06:00:541,-2.2619,-1.7704,10.2366,-0.0021,0.0107,9.8066,0.0353,-0.3345,0.1091,-8.0,-32.06,36.0,355.76,-80.31,-171.03,True
52.402824,-1.556549,164.64,0.0,3,192.72,29 / 29,128911,2019-09-08 12:06:00:641,-0.6396,-1.2009,10.0888,-0.0185,0.0124,9.8065,-0.015,-0.1811,0.0867,-8.0,-31.81,36.63,356.8,-80.41,-170.5,True
52.402824,-1.556549,164.64,0.0,3,192.72,29 / 29,129011,2019-09-08 12:06:00:741,-1.4273,-2.7099,10.226,-0.0049,0.0211,9.8066,-0.0607,-0.2378,0.0215,-7.87,-31.81,35.94,356.41,-80.43,-170.49,True
52.402824,-1.556549,164.64,0.0,3,192.72,29 / 29,129111,2019-09-08 12:06:00:841,0.133,-0.2187,9.4017,0.0009,-0.0296,9.8065,-0.035,-0.216,0.0315,-7.31,-32.31,35.56,358.02,-80.42,-170.66,True
52.402824,-1.556549,164.64,0.0,3,192.72,29 / 29,129211,2019-09-08 12:06:00:941,-0.7393,1.1849,8.8207,-0.0066,0.0588,9.8064,-0.1529,-0.1199,-0.0106,-6.62,-32.44,35.44,357.47,-80.44,-170.8,True
52.402824,-1.556549,164.64,0.0,3,192.72,29 / 29,129310,2019-09-08 12:06:01:040,-1.0591,-0.0159,9.2293,-0.0083,0.0481,9.8065,0.2188,-0.2339,0.0111,-7.37,-32.69,34.69,357.28,-80.35,-170.95,True
52.402824,-1.556549,164.64,0.0,3,192.72,29 / 29,129411,2019-09-08 12:06:01:141,-0.8407,-1.7316,10.1151,-0.006,-0.0168,9.8066,0.1937,-0.2085,0.0461,-6.25,-32.31,34.69,359.31,-80.51,-170.85,True
52.402824,-1.556549,164.64,0.0,3,192.72,29 / 29,129510,2019-09-08 12:06:01:240,-0.8647,-2.2004,10.093,0.002,-0.0055,9.8066,-0.141,-0.1838,0.0319,-5.94,-31.87,34.56,359.9,-80.35,-170.36,True
52.402824,-1.556549,164.64,0.0,3,192.72,29 / 29,129611,2019-09-08 12:06:01:341,-1.0101,-1.5048,10.6178,0.0047,-0.0215,9.8066,-0.068,-0.2094,0.0274,-6.31,-33.0,34.31,359.71,-80.35,-170.23,True
52.402824,-1.556549,164.64,0.0,3,192.72,29 / 29,129710,2019-09-08 12:06:01:440,-1.2634,-0.592,9.9364,0.0011,-0.0155,9.8066,0.001,-0.2336,0.0843,-5.75,-32.44,33.88,359.76,-80.32,-170.19,True
52.402824,-1.556549,164.64,0.0,3,192.72,29 / 29,129811,2019-09-08 12:06:01:541,-0.9427,-0.4702,9.7543,-0.0017,0.0097,9.8065,-0.0579,-0.1899,0.0302,-6.12,-32.75,33.44,359.96,-80.42,-169.73,True
52.402824,-1.556549,164.64,0.0,3,192.72,29 / 29,129911,2019-09-08 12:06:01:641,-1.0559,-0.7163,9.598,-0.0119,0.0096,9.8066,0.0264,-0.2002,0.0626,-5.62,-32.5,33.38,0.07,-80.41,-169.64,True
52.402824,-1.556549,164.64,0.0,3,192.72,29 / 29,130011,2019-09-08 12:06:01:741,-1.7835,-1.436,10.1522,0.0022,-0.0109,9.8066,0.0571,-0.229,0.0227,-4.31,-33.0,33.38,4.4,-80.34,-169.48,True
52.402824,-1.556549,164.64,0.0,3,192.72,29 / 29,130111,2019-09-08 12:06:01:841,-0.4156,-1.2187,10.3306,-0.0027,-0.0167,9.8066,-0.0223,-0.2017,0.0572,-4.62,-32.69,32.19,1.49,-80.29,-169.91,True
52.40272,-1.55666,164.19,6.73,2,227.07,29 / 29,130211,2019-09-08 12:06:01:941,-1.2405,-0.016,9.8306,0.0075,0.0093,9.8066,0.0751,-0.1752,-0.0177,-4.5,-33.06,32.94,3.57,-80.34,-170.16,True
52.40272,-1.55666,164.19,6.73,2,227.07,29 / 29,130311,2019-09-08 12:06:02:041,-1.1969,-0.509,9.1487,0.0092,-0.0299,9.8065,-0.1228,-0.215,0.0288,-4.62,-32.87,32.56,359.81,-80.03,-171.54,True
52.40272,-1.55666,164.19,6.73,2,227.07,29 / 29,130411,2019-09-08 12:06:02:141,-1.0708,-0.5071,9.043,-0.0082,0.0309,9.8065,0.0108,-0.1468,0.0423,-4.62,-32.87,33.0,359.6,-79.91,-171.71,True
52.40272,-1.55666,164.19,6.73,2,227.07,29 / 29,130511,2019-09-08 12:06:02:241,-0.6638,0.01,9.0859,-0.0042,0.0382,9.8065,0.0008,-0.1687,0.0464,-3.37,-32.62,32.38,3.71,-79.8,-171.66,True
52.40272,-1.55666,164.19,6.73,2,227.07,29 / 29,130610,2019-09-08 12:06:02:340,-1.4623,-1.1348,9.6524,0.0082,-0.0124,9.8065,0.0112,-0.1116,-0.013,-3.56,-33.37,31.88,2.02,-79.92,-171.25,True
52.40272,-1.55666,164.19,6.73,2,227.07,29 / 29,130710,2019-09-08 12:06:02:440,-0.3181,0.3817,9.6355,-0.004,0.0084,9.8066,-0.0704,-0.0504,-0.0861,-4.19,-32.62,32.0,1.26,-79.88,-171.86,True
52.40272,-1.55666,164.19,6.73,2,227.07,29 / 29,130810,2019-09-08 12:06:02:540,-0.6211,-0.5332,9.8888,0.0092,-0.0247,9.8065,0.0424,-0.1451,0.0231,-3.25,-32.87,31.25,1.97,-79.93,-172.9,True
52.40272,-1.55666,164.19,6.73,2,227.07,29 / 29,130911,2019-09-08 12:06:02:641,-0.6884,-1.7014,10.1709,-0.0014,-0.0289,9.8065,0.0164,-0.1463,0.0105,-3.12,-33.12,31.88,1.96,-79.77,-173.07,True
52.40272,-1.55666,164.19,6.73,2,227.07,29 / 29,131011,2019-09-08 12:06:02:741,-0.5108,-1.961,9.843,-0.0014,-0.0044,9.8066,-0.057,-0.1471,0.049,-3.56,-32.37,31.31,359.43,-79.88,-173.11,True
52.40272,-1.55666,164.19,6.73,2,227.07,29 / 29,131111,2019-09-08 12:06:02:841,-1.0981,-0.0577,9.8617,-0.0107,0.0028,9.8066,-0.0308,-0.0945,0.0002,-2.62,-33.5,30.81,1.98,-79.82,-172.89,True
52.40272,-1.55666,164.19,6.73,2,227.07,30 / 30,131211,2019-09-08 12:06:02:941,-1.41,-0.9699,9.9036,0.0006,0.0081,9.8066,0.0446,-0.2114,0.0644,-3.19,-32.75,30.69,2.39,-79.79,-172.57,True
52.40272,-1.55666,164.19,6.73,2,227.07,30 / 30,131310,2019-09-08 12:06:03:040,-1.5928,-0.2019,9.8042,-0.0054,0.0089,9.8065,0.0428,-0.1988,0.0655,-1.81,-33.5,30.81,5.02,-79.79,-172.31,True
52.40272,-1.55666,164.19,6.73,2,227.07,30 / 30,131411,2019-09-08 12:06:03:141,-0.8905,-0.6719,10.354,0.0113,-0.0223,9.8066,-0.1534,-0.1884,0.0435,-3.0,-33.62,30.0,3.1,-79.66,-171.87,True
52.40272,-1.55666,164.19,6.73,2,227.07,30 / 30,131511,2019-09-08 12:06:03:241,-0.8836,-0.1316,9.664,0.0026,-0.0353,9.8066,-0.1374,-0.1461,0.0529,-2.31,-33.0,30.0,4.87,-79.45,-172.37,True
52.40272,-1.55666,164.19,6.73,2,227.07,30 / 30,131611,2019-09-08 12:06:03:341,-1.7507,-0.0446,9.6259,0.0032,0.0276,9.8066,0.0791,-0.1009,0.0098,-3.37,-33.37,29.81,3.19,-79.34,-171.8,True
52.40272,-1.55666,164.19,6.73,2,227.07,30 / 30,131711,2019-09-08 12:06:03:441,-1.5898,-0.4132,9.6763,-0.0108,0.0094,9.8065,0.0575,-0.1058,0.0463,-2.19,-33.5,30.5,5.09,-79.38,-172.3,True
52.40272,-1.55666,164.19,6.73,2,227.07,30 / 30,131811,2019-09-08 12:06:03:541,-1.8377,-0.8586,10.6915,0.0093,-0.0416,9.8065,-0.0336,-0.2153,0.0207,-2.56,-33.81,29.31,3.48,-79.41,-171.42,True
52.40272,-1.55666,164.19,6.73,2,227.07,30 / 30,131911,2019-09-08 12:06:03:641,-1.8868,-0.8221,9.8052,0.0126,-0.019,9.8065,-0.0433,-0.1752,0.0543,-2.25,-33.44,28.94,4.88,-79.21,-172.3,True
52.40272,-1.55666,164.19,6.73,2,227.07,30 / 30,132010,2019-09-08 12:06:03:740,-1.9777,-0.7997,9.8817,-0.0032,0.0094,9.8066,0.0187,-0.1833,0.018,-2.37,-33.69,29.0,5.12,-79.26,-172.14,True
52.40272,-1.55666,164.19,6.73,2,227.07,30 / 30,132111,2019-09-08 12:06:03:841,-1.2511,0.1595,10.6653,0.0146,0.0428,9.8065,0.0966,-0.1637,-0.0157,-2.19,-33.75,29.31,4.59,-79.48,-172.52,True
52.40272,-1.55666,164.19,6.73,2,227.07,30 / 30,132210,2019-09-08 12:06:03:940,-3.019,0.5987,9.3952,-0.0031,0.0749,9.8063,0.1224,0.0225,-0.0315,-1.75,-34.25,28.44,3.07,-79.13,-173.6,True
52.40272,-1.55666,164.19,6.73,2,227.07,30 / 30,132311,2019-09-08 12:06:04:041,-0.9992,-1.4978,10.642,-0.0028,-0.038,9.8065,-0.0214,-0.1636,0.0664,-1.5,-33.44,28.0,5.34,-79.18,-173.89,True
52.40272,-1.55666,164.19,6.73,2,227.07,30 / 30,132411,2019-09-08 12:06:04:141,-0.9109,-0.2365,10.141,0.0027,-0.0256,9.8066,-0.0536,-0.0815,-0.0455,-1.62,-33.69,28.5,2.22,-79.07,-174.37,True
52.40272,-1.55666,164.19,6.73,2,227.07,30 / 30,132511,2019-09-08 12:06:04:241,0.4193,-0.8881,10.0828,0.0252,-0.0456,9.8064,-0.1126,-0.2469,0.0611,-1.25,-33.81,27.38,4.58,-78.96,-174.48,True
52.40272,-1.55666,164.19,6.73,2,227.07,30 / 30,132611,2019-09-08 12:06:04:341,-0.7581,0.9196,9.4755,-0.0102,0.0707,9.8063,-0.1827,-0.1482,0.038,-1.0,-34.12,27.44,2.54,-78.62,-176.02,True
52.40272,-1.55666,164.19,6.73,2,227.07,30 / 30,132711,2019-09-08 12:06:04:441,-0.2051,0.4964,9.3325,-0.0035,0.1043,9.8061,0.2658,-0.2691,0.0891,-1.0,-33.62,27.31,2.99,-79.18,-175.65,True
52.40272,-1.55666,164.19,6.73,2,227.07,30 / 30,132810,2019-09-08 12:06:04:540,-1.3449,-0.2238,9.3736,-0.0036,-0.0191,9.8065,0.0449,-0.067,-0.0017,-1.31,-33.87,27.0,2.57,-79.13,-175.96,True
52.40272,-1.55666,164.19,6.73,2,227.07,30 / 30,132911,2019-09-08 12:06:04:641,-0.0538,-0.8192,9.7926,0.012,0.0043,9.8066,-0.0672,-0.0939,-0.0118,-1.44,-33.69,26.75,2.23,-79.07,-176.22,True
52.40272,-1.55666,164.19,6.73,2,227.07,30 / 30,133011,2019-09-08 12:06:04:741,-0.7535,-0.0441,9.9499,-0.0107,0.0037,9.8066,0.0021,-0.0566,0.043,-1.06,-33.5,26.44,1.69,-79.11,-176.54,True
52.40272,-1.55666,164.19,6.73,2,227.07,30 / 30,133111,2019-09-08 12:06:04:841,-0.1963,-0.1841,9.9359,0.0062,0.0157,9.8066,-0.0038,-0.1102,0.0121,-1.06,-34.19,26.56,2.4,-79.06,-176.1,True
52.40272,-1.55666,164.19,6.73,2,227.07,30 / 30,133211,2019-09-08 12:06:04:941,-0.4072,-0.1052,10.2939,-0.0002,-0.0344,9.8065,0.0435,-0.0413,0.0003,-0.44,-33.56,26.0,4.69,-79.21,-176.54,True
52.40272,-1.55666,164.19,6.73,2,227.07,29 / 29,133311,2019-09-08 12:06:05:041,-0.5144,-0.2498,9.9226,0.0097,-0.0202,9.8066,0.0071,-0.0517,0.0078,-1.12,-33.87,26.13,1.4,-79.05,-176.77,True
52.40272,-1.55666,164.19,6.73,2,227.07,29 / 29,133411,2019-09-08 12:06:05:141,0.2303,0.2671,9.4543,-0.0079,0.025,9.8066,-0.0157,-0.0931,0.0478,-1.19,-34.0,25.75,1.57,-79.0,-176.65,True
52.40272,-1.55666,164.19,6.73,2,227.07,29 / 29,133511,2019-09-08 12:06:05:241,-1.4725,-0.4916,9.9047,-0.0016,0.0505,9.8064,0.0139,-0.0038,0.0028,-0.94,-33.06,25.0,2.1,-79.2,-176.16,True
52.40272,-1.55666,164.19,6.73,2,227.07,29 / 29,133610,2019-09-08 12:06:05:340,0.0643,0.3433,9.9334,0.0048,-0.0247,9.8065,0.04,-0.0374,0.001,-0.94,-34.06,25.25,1.98,-79.22,-176.27,True
52.40272,-1.55666,164.19,6.73,2,227.07,29 / 29,133711,2019-09-08 12:06:05:441,-0.1721,-0.5399,10.2993,-0.0012,-0.0039,9.8066,-0.1469,-0.0451,0.0301,-0.56,-33.25,25.56,2.15,-79.21,-176.2,True
52.40272,-1.55666,164.19,6.73,2,227.07,29 / 29,133811,2019-09-08 12:06:05:541,-1.0398,1.0022,9.8566,0.0028,0.0005,9.8066,-0.0571,-0.0774,0.0207,-0.75,-34.0,24.69,2.34,-79.3,-176.0,True
52.40272,-1.55666,164.19,6.73,2,227.07,29 / 29,133911,2019-09-08 12:06:05:641,-0.6371,0.7516,9.638,0.0024,-0.0097,9.8066,-0.022,-0.0286,0.0126,-0.5,-33.81,25.5,4.92,-79.25,-176.36,True
52.40272,-1.55666,164.19,6.73,2,227.07,29 / 29,134011,2019-09-08 12:06:05:741,-0.5716,-0.0843,10.4434,-0.0107,-0.0132,9.8066,-0.0159,-0.1344,0.0706,-1.12,-34.25,24.63,2.1,-79.23,-176.18,True
52.40272,-1.55666,164.19,6.73,2,227.07,29 / 29,134110,2019-09-08 12:06:05:840,0.1777,1.0928,8.5375,0.0001,-0.0323,9.8066,0.0955,-0.0219,-0.0334,-0.62,-33.75,24.19,2.28,-79.09,-175.99,True
52.40272,-1.55666,164.19,6.73,2,227.07,27 / 28,134212,2019-09-08 12:06:05:942,-0.8577,-0.2742,9.0569,-0.0039,-0.0439,9.8065,0.0736,-0.1249,0.0422,0.25,-34.69,24.44,5.34,-79.03,-176.23,True
52.40272,-1.55666,164.19,6.73,2,227.07,27 / 28,134311,2019-09-08 12:06:06:041,-0.9206,0.9092,10.0756,-0.0026,0.0572,9.8064,0.3634,0.0165,-0.1042,-1.0,-34.12,25.0,2.52,-79.37,-175.87,True
52.40272,-1.55666,164.19,6.73,2,227.07,27 / 28,134410,2019-09-08 12:06:06:140,-1.2162,1.0564,10.0087,0.0021,-0.0682,9.8064,0.3692,-0.062,0.0164,-0.62,-33.81,24.38,1.86,-79.44,-176.27,True
52.40272,-1.55666,164.19,6.73,2,227.07,27 / 28,134511,2019-09-08 12:06:06:241,1.6977,-0.1608,10.5226,-0.0017,-0.0029,9.8066,-0.0179,-0.1353,0.0134,-0.56,-33.87,24.38,1.4,-79.24,-176.61,True
52.40272,-1.55666,164.19,6.73,2,227.07,27 / 28,134611,2019-09-08 12:06:06:341,-0.1542,0.6235,10.1254,-0.0096,0.0215,9.8065,0.0459,-0.0995,0.0335,-0.44,-33.87,24.44,4.74,-79.18,-176.6,True
52.40272,-1.55666,164.19,6.73,2,227.07,27 / 28,134711,2019-09-08 12:06:06:441,-0.1521,0.1971,10.2177,0.0065,-0.0271,9.8066,-0.0163,-0.0461,0.0191,-0.81,-33.94,24.56,1.31,-79.16,-176.76,True
52.40272,-1.55666,164.19,6.73,2,227.07,27 / 28,134811,2019-09-08 12:06:06:541,-2.0421,0.8213,10.7831,-0.011,-0.0408,9.8064,0.1358,-0.1605,0.0483,0.0,-33.69,24.19,4.82,-79.15,-176.55,True
52.40272,-1.55666,164.19,6.73,2,227.07,27 / 28,134911,2019-09-08 12:06:06:641,0.1043,0.1894,9.8301,-0.0016,-0.0564,9.8064,-0.0984,0.0361,0.0171,-0.56,-34.06,24.69,1.2,-78.9,-176.84,True
52.40272,-1.55666,164.19,6.73,2,227.07,27 / 28,135011,2019-09-08 12:06:06:741,-0.0512,1.0676,9.741,0.0053,0.0218,9.8066,-0.0693,0.0522,-0.0365,-0.5,-34.06,24.0,4.58,-78.86,-176.76,True
52.40272,-1.55666,164.19,6.73,2,227.07,27 / 28,135111,2019-09-08 12:06:06:841,0.2363,1.1846,9.4109,0.0087,-0.0044,9.8066,-0.0308,-0.114,0.0448,-0.25,-34.12,23.63,4.04,-78.93,-177.13,True
52.40272,-1.55666,164.19,6.73,2,227.07,29 / 29,135211,2019-09-08 12:06:06:941,0.0971,0.7531,9.6127,0.0061,0.0067,9.8066,-0.011,-0.0747,0.0232,0.06,-34.19,23.88,3.96,-78.96,-177.19,True
52.40272,-1.55666,164.19,6.73,2,227.07,29 / 29,135311,2019-09-08 12:06:07:041,-0.5135,0.8,9.8709,-0.0006,-0.0124,9.8066,0.0156,0.0403,-0.0179,-0.81,-34.75,24.13,0.3,-79.03,-177.41,True
52.40272,-1.55666,164.19,6.73,2,227.07,29 / 29,135411,2019-09-08 12:06:07:141,0.2936,2.1978,9.4181,0.0006,0.0246,9.8065,-0.1155,0.0663,-0.0334,-0.69,-33.5,23.44,0.48,-78.87,-177.17,True
52.40272,-1.55666,164.19,6.73,2,227.07,29 / 29,135510,2019-09-08 12:06:07:240,0.3989,0.4112,9.769,-0.0034,0.0136,9.8066,0.0503,-0.0561,0.0412,-0.56,-34.06,24.06,0.76,-78.93,-177.07,True
52.40272,-1.55666,164.19,6.73,2,227.07,29 / 29,135610,2019-09-08 12:06:07:340,-0.4116,0.8562,9.9445,-0.0014,0.009,9.8066,-0.0915,0.0007,0.0114,-0.31,-34.81,24.63,4.93,-78.79,-176.5,True
52.40272,-1.55666,164.19,6.73,2,227.07,29 / 29,135711,2019-09-08 12:06:07:441,-0.6509,1.4483,9.426,0.0077,0.0101,9.8066,0.0144,-0.0929,0.0331,-0.81,-34.44,24.38,1.16,-78.79,-176.79,True
52.40272,-1.55666,164.19,6.73,2,227.07,29 / 29,135811,2019-09-08 12:06:07:541,-0.6915,0.9967,9.2288,-0.0068,0.027,9.8066,-0.0663,0.0013,0.011,-0.75,-33.87,24.0,1.61,-78.7,-176.48,True
52.40272,-1.55666,164.19,6.73,2,227.07,29 / 29,135910,2019-09-08 12:06:07:640,-0.3723,1.6962,8.9558,0.0041,0.0618,9.8063,0.2039,0.0087,-0.0457,-0.62,-34.44,24.38,1.63,-78.62,-176.47,True
52.40272,-1.55666,164.19,6.73,2,227.07,29 / 29,136011,2019-09-08 12:06:07:741,0.3581,0.2582,9.932,0.0008,-0.0132,9.8065,0.0433,0.0118,0.0085,-0.44,-34.06,23.69,4.63,-78.93,-176.72,True
52.40272,-1.55666,164.19,6.73,2,227.07,29 / 29,136111,2019-09-08 12:06:07:841,0.3837,0.2301,9.8104,0.0085,0.0072,9.8066,0.0011,-0.0768,0.0045,-0.31,-34.62,24.19,4.19,-78.92,-177.06,True
52.40272,-1.55666,164.19,6.73,2,227.07,30 / 30,136211,2019-09-08 12:06:07:941,-0.6734,0.5361,10.3006,-0.0012,0.0112,9.8066,0.0816,-0.0625,-0.01,0.0,-34.37,24.19,4.37,-78.88,-176.9,True
52.40272,-1.55666,164.19,6.73,2,227.07,30 / 30,136311,2019-09-08 12:06:08:041,-0.1749,0.5142,10.2934,0.0077,-0.0123,9.8065,-0.0212,-0.0807,0.0229,-0.56,-34.81,24.13,359.82,-78.76,-177.74,True
52.40272,-1.55666,164.19,6.73,2,227.07,30 / 30,136410,2019-09-08 12:06:08:140,-1.1161,0.1837,10.2477,-0.0103,-0.0377,9.8065,0.0571,-0.0817,0.0478,-0.44,-33.75,24.0,3.41,-78.77,-177.6,True
52.40272,-1.55666,164.19,6.73,2,227.07,30 / 30,136511,2019-09-08 12:06:08:241,0.4058,0.3319,9.9931,0.0014,-0.0336,9.8066,-0.0975,-0.0182,0.0192,-0.37,-34.44,24.38,3.54,-78.69,-177.51,True
52.40272,-1.55666,164.19,6.73,2,227.07,30 / 30,136611,2019-09-08 12:06:08:341,-0.0998,2.0309,9.5599,0.0023,0.0577,9.8064,-0.144,0.0011,-0.0153,-0.12,-34.31,23.5,3.45,-78.37,-177.61,True
52.40272,-1.55666,164.19,6.73,2,227.07,30 / 30,136711,2019-09-08 12:06:08:441,0.3971,0.2713,9.5353,0.0029,0.0324,9.8066,0.0372,-0.0495,0.0016,-0.5,-33.69,23.56,2.89,-78.67,-177.97,True
52.40272,-1.55666,164.19,6.73,2,227.07,30 / 30,136810,2019-09-08 12:06:08:540,-0.2451,0.3052,10.3228,-0.0039,-0.0166,9.8066,0.0045,-0.0531,0.0142,-0.19,-34.25,24.0,2.8,-78.61,-178.04,True
52.40272,-1.55666,164.19,6.73,2,227.07,30 / 30,136911,2019-09-08 12:06:08:641,-0.5326,1.2482,10.1157,0.004,-0.0098,9.8066,-0.03,-0.0416,0.0031,0.06,-33.94,24.0,2.66,-78.55,-178.14,True
52.40272,-1.55666,164.19,6.73,2,227.07,30 / 30,137011,2019-09-08 12:06:08:741,0.1923,1.8755,9.406,0.0016,0.0113,9.8066,-0.0565,0.0023,-0.0158,-0.25,-34.56,23.5,2.28,-78.6,-178.42,True
52.40272,-1.55666,164.19,6.73,2,227.07,30 / 30,137111,2019-09-08 12:06:08:841,0.4646,0.8178,9.1715,-0.0023,0.0099,9.8066,0.085,-0.0488,0.0019,-0.44,-34.19,24.44,2.03,-78.56,-178.58,True
52.40272,-1.55666,164.19,6.73,2,227.07,30 / 30,137211,2019-09-08 12:06:08:941,-0.8283,1.6226,10.687,-0.0043,0.0158,9.8066,0.1069,-0.0777,0.0552,0.0,-33.87,23.75,2.39,-78.6,-178.32,True
52.40272,-1.55666,164.19,6.73,2,227.07,30 / 30,137311,2019-09-08 12:06:09:041,1.0352,1.4831,10.1945,0.0114,-0.0101,9.8066,0.065,-0.0902,0.0043,0.5,-33.62,24.38,6.06,-78.62,-178.13,True
52.40272,-1.55666,164.19,6.73,2,227.07,30 / 30,137411,2019-09-08 12:06:09:141,1.2129,1.164,9.6482,0.0096,-0.0006,9.8065,0.0704,-0.061,0.0342,-0.06,-34.81,23.63,2.23,-78.58,-178.46,True
52.40272,-1.55666,164.19,6.73,2,227.07,30 / 30,137511,2019-09-08 12:06:09:241,0.124,1.4005,9.3756,-0.0069,-0.0035,9.8066,-0.1249,0.0928,-0.0549,0.69,-34.12,23.88,5.98,-78.52,-178.21,True
52.40272,-1.55666,164.19,6.73,2,227.07,30 / 30,137611,2019-09-08 12:06:09:341,0.7283,1.8006,9.0448,-0.0021,-0.0104,9.8066,-0.1388,0.0556,-0.0053,0.0,-34.44,23.5,2.68,-78.48,-178.13,True
52.40272,-1.55666,164.19,6.73,2,227.07,30 / 30,137712,2019-09-08 12:06:09:442,0.2043,1.0648,9.5591,-0.0024,0.0111,9.8066,0.0423,0.0141,-0.0199,-0.31,-34.19,23.63,2.82,-78.51,-178.04,True
52.40272,-1.55666,164.19,6.73,2,227.07,30 / 30,137811,2019-09-08 12:06:09:541,0.5232,1.2199,9.7408,-0.0076,0.0181,9.8065,0.0319,0.0483,-0.0134,0.19,-34.25,23.69,3.07,-78.62,-177.85,True
52.40272,-1.55666,164.19,6.73,2,227.07,30 / 30,137911,2019-09-08 12:06:09:641,1.0653,1.8336,9.8803,-0.0082,-0.0029,9.8066,0.0711,-0.1028,0.0191,-0.19,-34.69,23.5,3.32,-78.6,-177.7,True
52.40272,-1.55666,164.19,6.73,2,227.07,30 / 30,138010,2019-09-08 12:06:09:740,0.8543,1.5578,9.8635,0.0069,0.0029,9.8066,0.0428,-0.0933,0.0765,0.38,-34.25,23.63,4.28,-78.54,-177.01,True
52.40272,-1.55666,164.19,6.73,2,227.07,30 / 30,138110,2019-09-08 12:06:09:840,-0.0932,1.9041,10.0563,-0.0132,-0.0048,9.8066,0.0154,0.0645,-0.0152,0.0,-34.94,22.94,5.06,-78.58,-176.56,True
52.40272,-1.55666,164.19,6.73,2,227.07,30 / 30,138212,2019-09-08 12:06:09:942,0.8051,2.0009,9.8121,-0.0098,-0.0004,9.8066,-0.0241,0.1167,-0.0731,0.31,-34.12,24.13,6.12,-78.52,-175.72,True
52.40272,-1.55666,164.19,6.73,2,227.07,30 / 30,138311,2019-09-08 12:06:10:041,0.8205,1.638,9.6603,-0.0011,-0.0153,9.8065,-0.037,-0.0389,0.0427,-0.06,-34.12,24.13,5.97,-78.59,-175.82,True
52.40272,-1.55666,164.19,6.73,2,227.07,30 / 30,138411,2019-09-08 12:06:10:141,0.2331,1.585,9.8215,-0.0081,-0.0179,9.8066,-0.0246,-0.0118,-0.0089,-0.25,-34.31,23.38,6.78,-78.46,-175.36,True
52.40272,-1.55666,164.19,6.73,2,227.07,30 / 30,138511,2019-09-08 12:06:10:241,-0.5376,0.3282,9.9573,-0.0107,-0.0101,9.8065,-0.1364,0.0112,0.0117,0.13,-34.06,23.63,7.01,-78.52,-175.1,True
52.40272,-1.55666,164.19,6.73,2,227.07,30 / 30,138611,2019-09-08 12:06:10:341,0.3812,0.8872,10.0935,-0.0103,-0.0144,9.8066,-0.0672,-0.0416,0.0065,-0.12,-34.62,23.56,7.69,-78.57,-174.68,True
52.40272,-1.55666,164.19,6.73,2,227.07,30 / 30,138711,2019-09-08 12:06:10:441,0.552,1.1345,9.5226,-0.0023,-0.0036,9.8066,-0.0417,0.0214,0.0014,-0.69,-34.5,23.94,4.94,-78.53,-174.17,True
52.40272,-1.55666,164.19,6.73,2,227.07,30 / 30,138811,2019-09-08 12:06:10:541,0.3231,2.1253,9.8453,-0.0041,-0.0264,9.8066,-0.1009,0.0026,-0.0136,-0.19,-34.37,24.13,8.71,-78.43,-173.93,True
52.40272,-1.55666,164.19,6.73,2,227.07,30 / 30,138911,2019-09-08 12:06:10:641,0.4349,1.9575,9.6754,-0.0069,0.0385,9.8065,0.0272,0.0106,0.0351,-1.06,-35.37,23.31,5.37,-78.43,-173.88,True
52.40272,-1.55666,164.19,6.73,2,227.07,30 / 30,139011,2019-09-08 12:06:10:741,0.029,1.3095,9.3775,-0.0118,0.0355,9.8065,-0.0148,-0.0111,0.0071,-0.12,-34.06,23.31,10.27,-78.66,-172.9,True
52.40272,-1.55666,164.19,6.73,2,227.07,30 / 30,139111,2019-09-08 12:06:10:841,-0.2258,1.6088,9.4039,-0.0037,0.0195,9.8065,0.0258,0.011,0.0042,-0.81,-34.62,24.06,7.06,-78.61,-172.72,True
52.40272,-1.55666,164.19,6.73,2,227.07,30 / 30,139211,2019-09-08 12:06:10:941,-0.6112,2.1746,9.9474,-0.0104,0.0138,9.8066,-0.0075,0.0228,-0.0238,-0.62,-35.56,23.25,7.34,-78.65,-172.56,True
52.402504,-1.557727,163.69,6.42,2,259.82,30 / 30,139311,2019-09-08 12:06:11:041,0.7028,1.6695,9.3125,0.0015,0.0204,9.8066,0.0001,0.001,0.0013,0.25,-34.56,23.56,10.99,-78.71,-172.34,True
52.402504,-1.557727,163.69,6.42,2,259.82,30 / 30,139410,2019-09-08 12:06:11:140,0.3517,1.2812,9.3775,0.0096,0.0138,9.8066,-0.0211,-0.0663,0.015,-0.5,-35.19,23.88,11.3,-78.78,-172.1,True
52.402504,-1.557727,163.69,6.42,2,259.82,30 / 30,139511,2019-09-08 12:06:11:241,0.2888,1.6457,9.8896,-0.007,-0.0066,9.8066,-0.0272,-0.0202,0.0148,-0.19,-35.12,23.56,11.2,-78.79,-172.17,True
52.402504,-1.557727,163.69,6.42,2,259.82,30 / 30,139611,2019-09-08 12:06:11:341,-0.5151,1.8546,10.0155,-0.002,0.0142,9.8065,0.0262,0.0382,-0.064,-0.19,-34.62,23.31,11.63,-78.71,-172.04,True
52.402504,-1.557727,163.69,6.42,2,259.82,30 / 30,139711,2019-09-08 12:06:11:441,0.1548,0.4751,10.034,0.0047,0.0187,9.8066,0.0967,-0.0047,0.0361,-0.87,-34.31,23.75,7.37,-78.8,-172.4,True
52.402504,-1.557727,163.69,6.42,2,259.82,30 / 30,139812,2019-09-08 12:06:11:542,-1.2332,1.2165,10.535,-0.0051,-0.0402,9.8065,-0.0912,0.0515,-0.0686,-0.31,-34.87,23.88,11.26,-78.77,-172.13,True
52.402504,-1.557727,163.69,6.42,2,259.82,30 / 30,139911,2019-09-08 12:06:11:641,-0.1724,0.8164,10.0043,0.0042,-0.0252,9.8066,0.004,0.0378,-0.0048,-0.44,-35.0,23.94,10.62,-78.7,-172.6,True
52.402504,-1.557727,163.69,6.42,2,259.82,30 / 30,140011,2019-09-08 12:06:11:741,0.7516,1.0235,9.8125,0.0051,-0.0227,9.8066,-0.0377,-0.0512,0.0032,-0.37,-34.5,24.13,9.99,-78.65,-172.98,True
52.402504,-1.557727,163.69,6.42,2,259.82,30 / 30,140111,2019-09-08 12:06:11:841,-0.1101,1.2771,9.9957,0.0024,-0.0021,9.8066,0.021,-0.0155,0.0069,-0.19,-34.56,24.38,9.87,-78.66,-173.13,True
52.402504,-1.557727,163.69,6.42,2,259.82,30 / 30,140210,2019-09-08 12:06:11:940,1.0457,1.1456,10.1168,0.0052,0.0034,9.8066,-0.003,-0.0535,0.0163,-0.12,-35.0,23.63,9.71,-78.72,-173.24,True
52.402504,-1.557727,163.69,6.42,2,259.82,30 / 30,140311,2019-09-08 12:06:12:041,0.3104,1.4744,9.2572,0.0111,-0.011,9.8065,-0.0694,-0.0055,-0.027,0.0,-33.81,23.81,9.02,-78.71,-173.64,True
52.402504,-1.557727,163.69,6.42,2,259.82,30 / 30,140411,2019-09-08 12:06:12:141,0.1887,1.2067,9.4861,-0.0014,0.0143,9.8066,0.0103,0.0289,-0.0104,-0.25,-33.94,24.31,8.41,-78.7,-174.08,True
52.402504,-1.557727,163.69,6.42,2,259.82,30 / 30,140511,2019-09-08 12:06:12:241,0.485,1.863,9.9219,0.0013,0.0119,9.8066,0.0487,0.0248,-0.0235,-0.5,-34.44,23.81,8.39,-78.77,-174.08,True
52.402504,-1.557727,163.69,6.42,2,259.82,30 / 30,140611,2019-09-08 12:06:12:341,-0.095,1.1093,9.9272,-0.003,-0.0219,9.8066,-0.0388,0.0069,0.0094,0.13,-34.25,23.69,8.21,-78.83,-174.19,True
52.402504,-1.557727,163.69,6.42,2,259.82,30 / 30,140711,2019-09-08 12:06:12:441,0.1224,0.8951,9.7052,-0.0037,-0.0101,9.8066,-0.0061,0.0363,-0.0024,-0.44,-34.19,23.81,8.45,-78.73,-174.04,True
52.402504,-1.557727,163.69,6.42,2,259.82,30 / 30,140810,2019-09-08 12:06:12:540,-0.1177,1.448,10.0617,0.0082,0.0198,9.8066,-0.0146,0.0374,-0.0472,0.31,-34.06,24.0,8.61,-78.74,-173.92,True
52.402504,-1.557727,163.69,6.42,2,259.82,30 / 30,140910,2019-09-08 12:06:12:640,0.1469,1.6683,10.1648,0.0033,0.0108,9.8065,0.0066,0.0005,0.0306,-0.62,-34.81,23.69,4.36,-78.96,-174.55,True
52.402504,-1.557727,163.69,6.42,2,259.82,30 / 30,141011,2019-09-08 12:06:12:741,0.1737,1.6129,9.8569,0.0018,-0.0048,9.8066,0.0123,0.0095,-0.0135,-0.25,-34.44,23.44,8.15,-79.0,-174.29,True
52.402504,-1.557727,163.69,6.42,2,259.82,30 / 30,141110,2019-09-08 12:06:12:840,0.2369,0.9712,9.7244,0.0047,-0.0043,9.8066,-0.0428,0.0234,0.0017,-0.12,-34.37,23.38,7.83,-79.0,-174.51,True
52.402504,-1.557727,163.69,6.42,2,259.82,30 / 30,141213,2019-09-08 12:06:12:943,0.2564,1.4013,9.592,-0.002,0.0149,9.8066,-0.0435,0.0171,0.0185,-0.31,-33.56,23.94,7.46,-79.1,-174.67,True
52.402504,-1.557727,163.69,6.42,2,259.82,30 / 30,141310,2019-09-08 12:06:13:040,0.2107,1.5159,9.8618,-0.002,0.0118,9.8066,0.0334,0.0166,-0.0067,-0.19,-34.69,23.94,7.8,-79.26,-174.45,True
52.402504,-1.557727,163.69,6.42,2,259.82,30 / 30,141411,2019-09-08 12:06:13:141,0.1082,1.5101,9.9028,-0.0015,0.0014,9.8066,0.0142,0.0143,0.0109,-0.75,-34.31,23.5,4.77,-79.31,-174.18,True
52.402504,-1.557727,163.69,6.42,2,259.82,30 / 30,141511,2019-09-08 12:06:13:241,0.1118,0.817,10.207,0.0003,-0.0024,9.8066,-0.0196,0.0077,-0.0007,-0.06,-35.06,23.81,8.28,-79.29,-174.1,True
52.402504,-1.557727,163.69,6.42,2,259.82,30 / 30,141611,2019-09-08 12:06:13:341,0.0679,1.3673,9.8796,0.004,-0.0028,9.8066,-0.0154,0.0036,-0.0118,0.06,-34.0,23.25,8.4,-79.37,-174.02,True
52.402504,-1.557727,163.69,6.42,2,259.82,30 / 30,141710,2019-09-08 12:06:13:440,0.4204,1.5344,9.6415,0.0027,0.0028,9.8066,-0.036,0.0018,0.0053,-0.44,-33.87,23.25,8.04,-79.45,-174.26,True
52.402504,-1.557727,163.69,6.42,2,259.82,30 / 30,141811,2019-09-08 12:06:13:541,0.3993,1.7358,9.9778,0.0029,0.0065,9.8066,-0.0112,0.0177,-0.006,0.31,-34.0,23.75,7.87,-79.55,-174.28,True
52.402504,-1.557727,163.69,6.42,2,259.82,30 / 30,141911,2019-09-08 12:06:13:641,0.1563,1.4498,9.7979,0.0028,0.0029,9.8066,-0.0242,0.0015,-0.0033,-0.69,-34.56,23.81,4.33,-79.63,-174.49,True
52.402504,-1.557727,163.69,6.42,2,259.82,30 / 30,142011,2019-09-08 12:06:13:741,0.3245,1.391,9.5965,-0.0043,0.0075,9.8066,-0.0066,-0.0175,0.0173,-0.62,-34.12,23.88,4.26,-79.69,-174.5,True
52.402504,-1.557727,163.69,6.42,2,259.82,30 / 30,142111,2019-09-08 12:06:13:841,0.269,1.6997,10.0343,-0.001,0.0118,9.8066,0.0314,0.0045,0.004,0.13,-34.5,24.31,7.96,-79.75,-174.17,True
52.402504,-1.557727,163.69,6.42,2,259.82,30 / 30,142211,2019-09-08 12:06:13:941,-0.0611,1.7,10.0867,-0.0026,-0.0103,9.8066,0.0241,-0.0066,0.0128,-0.25,-34.12,24.25,8.01,-79.81,-174.12,True
52.402504,-1.557727,163.69,6.42,2,259.82,30 / 30,142311,2019-09-08 12:06:14:041,0.086,1.1755,9.8298,0.0016,-0.0029,9.8066,-0.0031,-0.0011,-0.003,-0.69,-34.19,23.75,4.81,-79.83,-174.08,True
52.402504,-1.557727,163.69,6.42,2,259.82,30 / 30,142411,2019-09-08 12:06:14:141,0.2892,1.6762,9.9035,0.0041,0.0015,9.8066,-0.0255,0.0057,-0.0162,-0.19,-34.12,24.31,7.88,-79.93,-174.19,True
52.402504,-1.557727,163.69,6.42,2,259.82,30 / 30,142511,2019-09-08 12:06:14:241,0.2915,1.6817,9.9019,0.0026,-0.0094,9.8066,-0.017,0.0201,-0.0031,-0.25,-34.37,24.25,7.55,-79.99,-174.42,True
52.402504,-1.557727,163.69,6.42,2,259.82,30 / 30,142611,2019-09-08 12:06:14:341,0.2996,1.1521,9.6819,0.0001,0.0185,9.8065,-0.045,0.013,-0.0082,-0.69,-33.81,23.88,4.23,-80.05,-174.48,True
52.402504,-1.557727,163.69,6.42,2,259.82,30 / 30,142711,2019-09-08 12:06:14:441,0.0999,1.5219,9.8857,0.0019,0.0102,9.8066,0.0217,-0.0008,0.0019,-0.06,-34.56,24.0,7.49,-80.19,-174.47,True
52.402504,-1.557727,163.69,6.42,2,259.82,30 / 30,142811,2019-09-08 12:06:14:541,0.0993,1.6309,10.0974,-0.0006,-0.0007,9.8066,0.0072,0.0079,0.0003,-0.5,-34.19,23.63,7.52,-80.26,-174.39,True
52.402504,-1.557727,163.69,6.42,2,259.82,30 / 30,142911,2019-09-08 12:06:14:641,0.1925,1.3279,9.9445,-0.0003,0.0037,9.8066,0.0117,-0.0052,-0.0049,-0.5,-35.0,23.88,7.64,-80.29,-174.34,True
52.402504,-1.557727,163.69,6.42,2,259.82,30 / 30,143011,2019-09-08 12:06:14:741,0.2098,1.2115,9.7711,0.0006,0.0007,9.8066,0.0158,0.0004,-0.001,-0.44,-34.25,23.88,7.53,-80.36,-174.36,True
52.402504,-1.557727,163.69,6.42,2,259.82,30 / 30,143110,2019-09-08 12:06:14:840,0.0578,1.1595,9.9262,0.0048,0.0002,9.8065,-0.0158,-0.0028,-0.0203,-0.56,-34.06,23.44,4.02,-80.41,-174.53,True
52.402504,-1.557727,163.69,6.42,2,259.82,30 / 30,143211,2019-09-08 12:06:14:941,0.0888,1.1566,9.8237,-0.0012,0.0097,9.8066,-0.0271,0.0084,0.0075,-0.25,-33.75,24.25,6.93,-80.48,-174.78,True
52.402504,-1.557727,163.69,6.42,2,259.82,30 / 30,143310,2019-09-08 12:06:15:040,0.2501,0.8791,9.7719,0.0024,0.0044,9.8066,0.0147,-0.0129,-0.0026,-0.69,-34.25,23.63,3.69,-80.56,-174.83,True
52.402504,-1.557727,163.69,6.42,2,259.82,30 / 30,143411,2019-09-08 12:06:15:141,0.0822,0.8565,9.8327,-0.0033,0.0088,9.8066,0.0116,-0.0142,0.0126,-0.94,-33.44,23.63,3.48,-80.61,-174.96,True
52.402504,-1.557727,163.69,6.42,2,259.82,30 / 30,143510,2019-09-08 12:06:15:240,-0.0151,0.6047,9.948,-0.0028,0.0085,9.8066,-0.0017,0.0085,0.0009,-1.12,-32.69,23.75,3.74,-80.68,-174.75,True
52.402504,-1.557727,163.69,6.42,2,259.82,30 / 30,143611,2019-09-08 12:06:15:341,0.0924,0.5316,9.9069,-0.0013,-0.0006,9.8066,0.0079,-0.0007,0.0088,-0.56,-33.56,23.56,4.03,-80.81,-174.55,True
52.402504,-1.557727,163.69,6.42,2,259.82,30 / 30,143710,2019-09-08 12:06:15:440,0.0737,0.5237,9.9082,-0.0007,0.0,9.8065,0.0122,-0.005,-0.0027,-0.81,-33.19,23.81,4.17,-80.86,-174.41,True
52.402504,-1.557727,163.69,6.42,2,259.82,30 / 30,143811,2019-09-08 12:06:15:541,0.1143,0.3739,9.9632,-0.0004,0.0076,9.8066,-0.0137,0.0037,0.0034,-0.56,-33.31,23.25,4.21,-80.94,-174.3,True
52.402504,-1.557727,163.69,6.42,2,259.82,30 / 30,143911,2019-09-08 12:06:15:641,0.1399,0.1486,9.8393,0.0015,0.001,9.8066,0.0107,-0.0064,0.0017,-0.56,-33.37,23.88,4.32,-81.02,-174.27,True
52.402504,-1.557727,163.69,6.42,2,259.82,30 / 30,144011,2019-09-08 12:06:15:741,0.1166,0.0662,9.8173,0.0021,0.0101,9.8066,0.0001,-0.0083,-0.0076,-0.25,-33.44,24.0,7.32,-81.03,-174.33,True
52.402504,-1.557727,163.69,6.42,2,259.82,30 / 30,144111,2019-09-08 12:06:15:841,0.1372,0.1929,9.74,-0.001,0.0092,9.8066,0.0031,-0.0012,0.0036,0.0,-33.31,23.75,7.23,-81.1,-174.39,True
52.402504,-1.557727,163.69,6.42,2,259.82,29 / 30,144211,2019-09-08 12:06:15:941,0.2077,0.0966,9.8312,0.001,0.0055,9.8066,0.0091,-0.0049,0.0009,0.06,-34.0,23.94,7.26,-81.22,-174.39,True
52.402504,-1.557727,163.69,6.42,2,259.82,29 / 30,144311,2019-09-08 12:06:16:041,0.0924,0.1429,9.905,0.0012,0.007,9.8065,-0.0042,-0.0006,0.002,-0.19,-33.5,23.88,7.2,-81.32,-174.37,True
52.402504,-1.557727,163.69,6.42,2,259.82,29 / 30,144411,2019-09-08 12:06:16:141,0.1616,0.0205,9.913,0.0007,0.0051,9.8065,-0.0017,0.0138,0.0065,-0.5,-33.44,24.13,7.18,-81.4,-174.37,True
52.402504,-1.557727,163.69,6.42,2,259.82,29 / 30,144511,2019-09-08 12:06:16:241,-0.0084,0.2634,9.9299,0.0002,0.0026,9.8065,-0.0096,-0.0043,-0.0087,-0.25,-33.62,23.94,7.25,-81.5,-174.34,True
52.402504,-1.557727,163.69,6.42,2,259.82,29 / 30,144611,2019-09-08 12:06:16:341,0.2164,0.3165,9.8564,0.0004,0.0075,9.8066,-0.0145,0.0084,0.0029,-0.25,-33.69,24.38,7.14,-81.59,-174.41,True
52.402504,-1.557727,163.69,6.42,2,259.82,29 / 30,144712,2019-09-08 12:06:16:442,0.0296,0.3949,9.8797,0.0002,0.0041,9.8066,0.0003,0.0038,-0.006,-0.25,-33.75,24.19,7.21,-81.67,-174.34,True
52.402504,-1.557727,163.69,6.42,2,259.82,29 / 30,144811,2019-09-08 12:06:16:541,0.1847,0.6084,9.8024,0.0012,0.0095,9.8065,-0.0059,-0.0084,-0.0001,-0.25,-33.69,24.0,7.04,-81.77,-174.46,True
52.402504,-1.557727,163.69,6.42,2,259.82,29 / 30,144911,2019-09-08 12:06:16:641,0.0884,0.0774,10.0647,-0.0018,0.0092,9.8066,-0.0023,-0.0008,0.002,-0.62,-33.44,24.56,4.23,-81.91,-174.31,True
52.402504,-1.557727,163.69,6.42,2,259.82,29 / 30,145011,2019-09-08 12:06:16:741,0.0022,-0.3736,9.8558,0.0006,0.0025,9.8066,-0.0026,0.0003,0.003,-0.62,-33.31,23.56,4.17,-81.9,-174.3,True
52.402504,-1.557727,163.69,6.42,2,259.82,29 / 30,145111,2019-09-08 12:06:16:841,0.0445,-0.5809,9.8437,0.0017,0.0016,9.8066,0.028,0.0033,-0.0078,-0.5,-33.81,24.31,7.07,-81.92,-174.41,True
52.402504,-1.557727,163.69,6.42,2,259.82,28 / 28,145211,2019-09-08 12:06:16:941,0.2565,-0.2998,9.6228,0.0024,0.0048,9.8066,0.0188,-0.0142,0.0005,-0.25,-33.69,24.25,6.91,-81.91,-174.53,True
52.402504,-1.557727,163.69,6.42,2,259.82,28 / 28,145310,2019-09-08 12:06:17:040,0.0124,-0.2632,10.0556,-0.0015,0.0035,9.8065,-0.0071,0.002,-0.0025,-0.31,-34.06,23.94,6.9,-81.99,-174.53,True
52.402504,-1.557727,163.69,6.42,2,259.82,28 / 28,145411,2019-09-08 12:06:17:141,-0.0107,-0.324,9.8325,0.0014,0.0028,9.8065,-0.0068,-0.002,0.0044,-0.19,-33.25,24.63,6.72,-82.04,-174.57,True
52.402504,-1.557727,163.69,6.42,2,259.82,28 / 28,145511,2019-09-08 12:06:17:241,0.1497,-0.1451,9.7811,0.0013,0.0038,9.8066,0.0121,0.0059,-0.0087,-0.25,-33.44,24.0,6.7,-82.07,-174.63,True
52.402504,-1.557727,163.69,6.42,2,259.82,28 / 28,145611,2019-09-08 12:06:17:341,0.1294,-0.3049,9.9608,-0.0004,0.0029,9.8065,-0.0051,-0.0075,0.0024,-0.5,-33.25,24.13,6.55,-82.14,-174.74,True
52.402504,-1.557727,163.69,6.42,2,259.82,28 / 28,145711,2019-09-08 12:06:17:441,0.0415,-0.3675,9.8662,-0.0005,0.0023,9.8066,0.0055,-0.002,0.0066,-0.12,-33.62,23.81,6.68,-82.18,-174.66,True
52.402504,-1.557727,163.69,6.42,2,259.82,28 / 28,145811,2019-09-08 12:06:17:541,0.0768,-0.506,9.8067,0.0009,0.0031,9.8066,0.0064,-0.0028,0.0003,-0.75,-33.06,23.81,3.69,-82.22,-174.64,True
52.402504,-1.557727,163.69,6.42,2,259.82,28 / 28,145911,2019-09-08 12:06:17:641,0.0539,-0.616,9.7265,0.0013,0.0019,9.8066,0.0104,-0.0023,-0.0074,-0.25,-33.37,23.69,6.51,-82.27,-174.75,True
52.402504,-1.557727,163.69,6.42,2,259.82,28 / 28,146012,2019-09-08 12:06:17:742,0.1059,-0.3104,9.9804,0.0001,0.0026,9.8066,0.001,0.0041,0.0067,-0.75,-34.0,24.38,3.55,-82.3,-174.77,True
52.402504,-1.557727,163.69,6.42,2,259.82,28 / 28,146111,2019-09-08 12:06:17:841,0.0208,-0.3416,9.8324,-0.0001,0.0015,9.8065,0.0039,-0.0044,-0.0025,-0.06,-33.62,24.06,6.58,-82.34,-174.72,True
52.402504,-1.557727,163.69,6.42,2,259.82,28 / 28,146211,2019-09-08 12:06:17:941,0.0288,-0.5463,9.8283,0.0008,0.0031,9.8066,0.0039,-0.0028,-0.0057,-0.31,-33.5,24.06,6.55,-82.39,-174.7,True
52.402504,-1.557727,163.69,6.42,2,259.82,28 / 28,146311,2019-09-08 12:06:18:041,0.0297,-0.5248,9.8008,0.0003,0.0034,9.8066,0.0026,0.0059,0.0028,-0.56,-33.37,24.38,3.57,-82.43,-174.72,True
52.402504,-1.557727,163.69,6.42,2,259.82,28 / 28,146411,2019-09-08 12:06:18:141,0.1355,-0.2926,9.9219,0.0017,0.0045,9.8066,-0.0072,-0.0017,-0.0052,-0.5,-33.44,24.38,6.45,-82.47,-174.77,True
52.402504,-1.557727,163.69,6.42,2,259.82,28 / 28,146511,2019-09-08 12:06:18:241,0.1032,-0.4648,9.7632,0.0,0.0033,9.8066,-0.0034,0.0016,0.0049,-1.12,-33.75,23.75,3.5,-82.54,-174.78,True
52.402504,-1.557727,163.69,6.42,2,259.82,28 / 28,146611,2019-09-08 12:06:18:341,0.0953,-0.4557,9.8925,0.0011,0.0031,9.8066,0.023,-0.0176,-0.0028,-0.56,-33.94,23.63,3.4,-82.56,-174.87,True
52.402504,-1.557727,163.69,6.42,2,259.82,28 / 28,146711,2019-09-08 12:06:18:441,0.1226,-0.4659,9.8684,-0.0006,0.0063,9.8066,-0.0121,-0.0019,0.0034,-0.44,-33.62,23.94,6.18,-82.59,-174.99,True
52.402504,-1.557727,163.69,6.42,2,259.82,28 / 28,146810,2019-09-08 12:06:18:540,0.0493,-0.4982,9.787,0.0007,0.0004,9.8066,0.0019,-0.0024,0.0094,-0.75,-33.12,24.13,3.3,-82.68,-174.92,True
52.402504,-1.557727,163.69,6.42,2,259.82,28 / 28,146911,2019-09-08 12:06:18:641,0.0929,-0.4404,9.9588,0.0013,0.0028,9.8066,-0.0026,-0.0024,-0.0091,-1.06,-33.75,24.5,3.26,-82.72,-175.03,True
52.402504,-1.557727,163.69,6.42,2,259.82,28 / 28,147011,2019-09-08 12:06:18:741,0.0425,-0.4904,9.8375,0.001,0.0016,9.8066,0.0038,-0.0033,0.0045,-0.62,-33.56,24.06,3.11,-82.75,-175.09,True
52.402504,-1.557727,163.69,6.42,2,259.82,28 / 28,147111,2019-09-08 12:06:18:841,0.0143,-0.5202,9.8462,0.0019,0.0015,9.8066,0.0034,-0.0055,-0.0099,-0.06,-33.44,23.69,5.76,-82.78,-175.28,True
52.402504,-1.557727,163.69,6.42,2,259.82,28 / 29,147211,2019-09-08 12:06:18:941,0.0846,-0.4296,9.8887,-0.0004,0.0044,9.8065,-0.0033,-0.0003,0.007,-0.25,-33.94,24.19,5.77,-82.83,-175.29,True
52.402504,-1.557727,163.69,6.42,2,259.82,28 / 29,147311,2019-09-08 12:06:19:041,0.0002,-0.5144,9.8447,0.0008,0.0008,9.8065,-0.0118,0.0012,-0.0042,-1.0,-33.56,24.44,2.87,-82.85,-175.27,True
52.402504,-1.557727,163.69,6.42,2,259.82,28 / 29,147411,2019-09-08 12:06:19:141,-0.0175,-0.5097,9.8525,0.0008,0.0042,9.8066,-0.0195,0.0136,0.0044,-0.31,-33.25,23.75,5.74,-82.89,-175.28,True
52.402504,-1.557727,163.69,6.42,2,259.82,28 / 29,147511,2019-09-08 12:06:19:241,0.0754,-0.5692,9.8589,0.0015,0.0031,9.8066,-0.0068,-0.0001,-0.0038,-0.19,-33.0,24.25,5.56,-82.95,-175.42,True
52.402504,-1.557727,163.69,6.42,2,259.82,28 / 29,147610,2019-09-08 12:06:19:340,-0.065,-0.4939,9.9474,0.0005,0.0015,9.8066,0.018,-0.0061,0.0096,0.0,-33.75,24.44,5.5,-82.96,-175.49,True
52.402504,-1.557727,163.69,6.42,2,259.82,28 / 29,147711,2019-09-08 12:06:19:441,0.0259,-0.5039,9.808,0.0025,0.0012,9.8066,0.0113,-0.0045,-0.0024,-0.25,-33.62,24.38,5.36,-82.96,-175.61,True
52.402504,-1.557727,163.69,6.42,2,259.82,28 / 29,147811,2019-09-08 12:06:19:541,0.0339,-0.4954,9.7861,0.0008,0.0015,9.8066,0.0151,-0.0077,0.0016,-0.06,-33.56,23.56,5.49,-82.97,-175.5,True
52.402504,-1.557727,163.69,6.42,2,259.82,28 / 29,147911,2019-09-08 12:06:19:641,0.0361,-0.4481,9.9368,0.0009,0.005,9.8066,-0.0003,-0.0033,-0.0025,-0.44,-33.94,23.56,5.36,-82.98,-175.61,True
52.402504,-1.557727,163.69,6.42,2,259.82,28 / 29,148010,2019-09-08 12:06:19:740,0.0354,-0.566,9.8048,0.0003,-0.0018,9.8066,0.0074,-0.0058,0.0087,-0.19,-33.25,23.94,5.24,-83.01,-175.68,True
52.402504,-1.557727,163.69,6.42,2,259.82,28 / 29,148111,2019-09-08 12:06:19:841,0.0482,-0.5524,9.7661,0.0011,-0.0002,9.8065,-0.0147,0.0069,0.0002,-0.19,-33.62,24.13,5.12,-83.03,-175.8,True
52.40248,-1.55797,163.71,0.0,2,262.44,28 / 28,148211,2019-09-08 12:06:19:941,0.0147,-0.4465,9.9398,0.0,-0.0011,9.8066,-0.0046,0.0038,0.0081,-0.44,-33.56,24.25,5.12,-83.03,-175.8,True
52.40248,-1.55797,163.71,0.0,2,262.44,28 / 28,148311,2019-09-08 12:06:20:041,-0.022,-0.474,9.8124,0.0008,0.0014,9.8066,0.0011,0.006,-0.0055,-0.12,-34.12,24.25,4.95,-83.04,-175.94,True
52.40248,-1.55797,163.71,0.0,2,262.44,28 / 28,148410,2019-09-08 12:06:20:140,0.0789,-0.4634,9.8801,-0.0007,0.0005,9.8066,0.0027,0.0006,0.0015,-0.19,-33.25,24.75,4.76,-83.06,-176.03,True
52.40248,-1.55797,163.71,0.0,2,262.44,28 / 28,148511,2019-09-08 12:06:20:241,-0.0389,-0.4795,9.8971,0.0009,0.0008,9.8066,0.0116,-0.0123,0.0038,-0.44,-33.56,23.88,4.86,-83.05,-176.01,True
52.40248,-1.55797,163.71,0.0,2,262.44,28 / 28,148611,2019-09-08 12:06:20:341,0.0695,-0.5683,9.8035,0.0004,0.0005,9.8066,0.0247,-0.0102,0.0001,-0.69,-33.81,24.38,1.85,-83.07,-176.09,True
52.40248,-1.55797,163.71,0.0,2,262.44,28 / 28,148711,2019-09-08 12:06:20:441,0.0702,-0.4479,9.9406,0.0018,0.0034,9.8066,-0.0063,0.0051,0.0008,-0.12,-34.06,23.75,4.7,-83.04,-176.14,True
52.40248,-1.55797,163.71,0.0,2,262.44,28 / 28,148811,2019-09-08 12:06:20:541,0.0248,-0.5303,9.8594,-0.0009,0.0007,9.8066,-0.0026,0.0014,0.0005,0.06,-33.94,23.63,4.59,-83.06,-176.23,True
52.40248,-1.55797,163.71,0.0,2,262.44,28 / 28,148910,2019-09-08 12:06:20:640,-0.0242,-0.5024,9.8145,0.0014,-0.0001,9.8066,-0.0122,0.0144,0.0064,-0.37,-33.75,24.06,4.55,-83.04,-176.27,True
52.40248,-1.55797,163.71,0.0,2,262.44,28 / 28,149011,2019-09-08 12:06:20:741,0.0479,-0.4085,9.8967,0.0007,-0.0011,9.8066,-0.0134,0.0077,-0.0024,-0.62,-33.12,24.0,1.46,-83.05,-176.41,True
52.40248,-1.55797,163.71,0.0,2,262.44,28 / 28,149111,2019-09-08 12:06:20:841,0.087,-0.4761,9.9036,0.0016,0.0017,9.8066,0.0154,-0.002,0.0054,-0.56,-33.12,23.81,1.34,-83.05,-176.5,True
52.40248,-1.55797,163.71,0.0,2,262.44,28 / 28,149211,2019-09-08 12:06:20:941,0.0506,-0.5051,9.857,0.0,-0.0013,9.8066,0.0097,-0.0226,-0.0063,-0.37,-33.5,24.56,4.09,-83.05,-176.59,True
52.40248,-1.55797,163.71,0.0,2,262.44,28 / 28,149310,2019-09-08 12:06:21:040,-0.0482,-0.5364,9.8017,-0.0003,-0.001,9.8066,0.0146,-0.0049,0.001,-0.25,-33.75,23.81,4.06,-83.04,-176.67,True
52.40248,-1.55797,163.71,0.0,2,262.44,28 / 28,149411,2019-09-08 12:06:21:141,0.0689,-0.4953,9.8449,0.0017,0.0006,9.8066,0.0087,-0.0098,-0.0154,0.19,-33.56,24.44,3.93,-83.03,-176.77,True
52.40248,-1.55797,163.71,0.0,2,262.44,28 / 28,149511,2019-09-08 12:06:21:241,0.0917,-0.4438,9.913,0.0008,-0.0017,9.8066,0.0131,-0.0118,0.0074,-0.44,-33.87,24.0,3.79,-83.01,-176.89,True
52.40248,-1.55797,163.71,0.0,2,262.44,28 / 28,149611,2019-09-08 12:06:21:341,-0.0313,-0.5487,9.7988,0.0002,-0.001,9.8066,-0.0068,-0.0042,-0.0031,-0.75,-33.0,24.69,1.02,-83.02,-176.86,True
52.40248,-1.55797,163.71,0.0,2,262.44,28 / 28,149711,2019-09-08 12:06:21:441,0.0628,-0.4372,9.7896,0.0,-0.0022,9.8066,-0.0024,0.006,0.0017,-0.62,-33.69,24.31,0.92,-83.01,-176.86,True
52.40248,-1.55797,163.71,0.0,2,262.44,28 / 28,149810,2019-09-08 12:06:21:540,0.0806,-0.4835,9.9303,0.0001,-0.0026,9.8066,-0.0152,0.0132,0.0,-0.62,-33.19,24.13,0.77,-82.99,-176.98,True
52.40248,-1.55797,163.71,0.0,2,262.44,28 / 28,149911,2019-09-08 12:06:21:641,-0.0061,-0.6072,9.8363,0.0,-0.0018,9.8066,-0.0058,0.0142,0.0058,-0.44,-33.5,24.25,3.68,-82.96,-176.97,True
52.40248,-1.55797,163.71,0.0,2,262.44,28 / 28,150010,2019-09-08 12:06:21:740,0.087,-0.5372,9.7887,-0.0003,-0.0037,9.8066,-0.0012,0.0007,-0.0024,-0.81,-33.87,23.75,0.72,-82.95,-177.02,True
52.40248,-1.55797,163.71,0.0,2,262.44,28 / 28,150111,2019-09-08 12:06:21:841,0.0153,-0.4717,9.9541,0.0003,-0.001,9.8066,0.0111,-0.0009,-0.0036,-0.62,-34.06,24.0,0.75,-82.91,-177.0,True
52.40248,-1.55797,163.71,0.0,2,262.44,28 / 29,150211,2019-09-08 12:06:21:941,0.0037,-0.5528,9.8754,-0.0004,-0.0041,9.8066,0.0088,-0.0077,0.0003,-0.19,-33.56,24.31,3.61,-82.9,-177.05,True
52.40248,-1.55797,163.71,0.0,2,262.44,28 / 29,150311,2019-09-08 12:06:22:041,0.0109,-0.5672,9.8526,0.0008,-0.0034,9.8066,0.0041,-0.0072,-0.0048,0.13,-33.62,24.5,3.57,-82.88,-177.06,True
52.40248,-1.55797,163.71,0.0,2,262.44,28 / 29,150411,2019-09-08 12:06:22:141,0.0797,-0.3092,9.9714,0.0002,-0.0001,9.8066,-0.0173,0.0021,0.003,-0.44,-33.69,23.94,3.54,-82.84,-177.12,True
52.40248,-1.55797,163.71,0.0,2,262.44,28 / 29,150510,2019-09-08 12:06:22:240,-0.1396,-0.5314,9.7956,0.0002,-0.0024,9.8066,-0.019,0.0084,-0.0048,-0.12,-33.69,24.13,3.53,-82.81,-177.12,True
52.40248,-1.55797,163.71,0.0,2,262.44,28 / 29,150610,2019-09-08 12:06:22:340,-0.0546,-0.5839,9.8862,0.0003,-0.0021,9.8065,-0.0128,0.0146,0.0016,-0.25,-33.19,24.06,3.46,-82.81,-177.16,True
52.40248,-1.55797,163.71,0.0,2,262.44,28 / 29,150711,2019-09-08 12:06:22:441,0.0971,-0.4292,9.8954,0.0006,0.0017,9.8066,0.001,-0.0008,-0.0066,-0.5,-33.5,24.38,3.37,-82.78,-177.24,True
52.40248,-1.55797,163.71,0.0,2,262.44,28 / 29,150811,2019-09-08 12:06:22:541,-0.0297,-0.5061,9.8443,-0.0006,-0.0052,9.8066,0.0185,-0.0086,0.0084,-0.75,-33.5,24.44,0.45,-82.76,-177.25,True
52.40248,-1.55797,163.71,0.0,2,262.44,28 / 29,150910,2019-09-08 12:06:22:640,-0.0116,-0.5237,9.8581,0.0009,-0.0033,9.8066,-0.0017,-0.0065,-0.0113,-0.56,-33.56,24.31,0.49,-82.72,-177.22,True
52.40248,-1.55797,163.71,0.0,2,262.44,28 / 29,151011,2019-09-08 12:06:22:741,0.0776,-0.3645,9.8755,-0.0001,-0.0051,9.8066,0.0027,0.0016,0.0019,-0.06,-33.0,24.38,3.3,-82.68,-177.3,True
52.40248,-1.55797,163.71,0.0,2,262.44,28 / 29,151111,2019-09-08 12:06:22:841,0.0297,-0.4982,9.8024,0.0011,0.0029,9.8066,-0.0085,-0.0003,-0.0018,-0.5,-33.37,24.75,3.16,-82.67,-177.39,True
52.40248,-1.55797,163.71,0.0,2,262.44,28 / 29,151211,2019-09-08 12:06:22:941,-0.0031,-0.547,9.8367,-0.0004,-0.002,9.8066,-0.0103,0.0048,0.0128,-0.06,-33.5,24.31,3.22,-82.64,-177.37,True
52.40248,-1.55797,163.71,0.0,2,262.44,27 / 27,151311,2019-09-08 12:06:23:041,0.0776,-0.3791,9.9155,0.0007,0.0011,9.8066,0.005,0.0027,-0.0072,-0.56,-33.12,24.94,0.53,-82.61,-177.27,True
52.40248,-1.55797,163.71,0.0,2,262.44,27 / 27,151410,2019-09-08 12:06:23:140,-0.0469,-0.4903,9.8545,0.0002,-0.0051,9.8066,0.0141,-0.0107,0.0038,-0.06,-33.69,24.56,3.15,-82.57,-177.43,True
52.40248,-1.55797,163.71,0.0,2,262.44,27 / 27,151511,2019-09-08 12:06:23:241,-0.0551,-0.511,9.8377,0.002,-0.0036,9.8066,0.008,-0.0082,-0.0119,-0.12,-33.5,24.06,3.01,-82.52,-177.55,True
52.40248,-1.55797,163.71,0.0,2,262.44,27 / 27,151610,2019-09-08 12:06:23:340,0.0725,-0.3419,9.8947,0.0003,-0.0015,9.8066,-0.0017,0.0038,0.0037,-0.44,-33.69,23.81,3.05,-82.49,-177.54,True
52.40248,-1.55797,163.71,0.0,2,262.44,27 / 27,151711,2019-09-08 12:06:23:441,-0.0377,-0.4413,9.8597,0.0008,-0.0024,9.8065,-0.0145,0.0022,-0.0025,-0.56,-33.81,24.75,0.11,-82.46,-177.62,True
52.40248,-1.55797,163.71,0.0,2,262.44,27 / 27,151811,2019-09-08 12:06:23:541,-0.0756,-0.5121,9.8563,-0.0012,-0.0047,9.8066,-0.0128,0.0079,0.0097,0.06,-33.87,24.38,3.06,-82.44,-177.54,True
52.40248,-1.55797,163.71,0.0,2,262.44,27 / 27,151910,2019-09-08 12:06:23:640,0.0919,-0.3354,9.8931,0.0009,-0.0038,9.8066,-0.0038,-0.0076,-0.0065,-0.56,-33.56,24.31,0.05,-82.39,-177.57,True
52.40248,-1.55797,163.71,0.0,2,262.44,27 / 27,152011,2019-09-08 12:06:23:741,-0.0366,-0.4466,9.8353,-0.0002,-0.0032,9.8066,0.0133,-0.0031,0.0049,-0.69,-33.69,23.81,359.93,-82.34,-177.67,True
52.40248,-1.55797,163.71,0.0,2,262.44,27 / 27,152111,2019-09-08 12:06:23:841,-0.056,-0.3849,9.9292,0.0018,-0.0034,9.8065,0.0096,-0.0041,-0.009,-0.31,-33.81,24.0,2.81,-82.29,-177.75,True
52.40248,-1.55797,163.71,0.0,2,262.44,27 / 27,152211,2019-09-08 12:06:23:941,0.0016,-0.4141,9.8139,0.0022,-0.0012,9.8066,0.0097,0.0029,0.0015,-0.31,-33.37,24.56,2.82,-82.27,-177.71,True
52.40248,-1.55797,163.71,0.0,2,262.44,27 / 27,152311,2019-09-08 12:06:24:041,0.066,-0.3841,9.8922,-0.0002,-0.0047,9.8066,-0.0113,0.0025,-0.0023,-0.19,-33.44,24.75,2.66,-82.24,-177.84,True
52.40248,-1.55797,163.71,0.0,2,262.44,27 / 27,152410,2019-09-08 12:06:24:140,-0.0505,-0.2079,9.9414,0.0006,-0.0048,9.8066,-0.0145,0.009,0.0072,-0.19,-33.81,23.88,2.66,-82.18,-177.88,True
52.40248,-1.55797,163.71,0.0,2,262.44,27 / 27,152511,2019-09-08 12:06:24:241,-0.0095,-0.4762,9.7332,0.0009,-0.0014,9.8066,-0.0143,0.0103,-0.0044,-0.37,-33.94,25.13,2.61,-82.15,-177.9,True
52.40248,-1.55797,163.71,0.0,2,262.44,27 / 27,152610,2019-09-08 12:06:24:340,0.1091,-0.3608,9.8576,0.0008,0.0009,9.8066,0.0049,-0.0056,0.0053,-0.31,-33.5,24.5,2.48,-82.12,-177.99,True
52.40248,-1.55797,163.71,0.0,2,262.44,27 / 27,152710,2019-09-08 12:06:24:440,-0.0073,-0.3529,9.9376,0.0008,-0.0022,9.8066,-0.0119,0.0016,-0.0045,-0.25,-33.31,24.56,2.44,-82.09,-178.03,True
52.40248,-1.55797,163.71,0.0,2,262.44,27 / 27,152811,2019-09-08 12:06:24:541,-0.0518,-0.4819,9.785,-0.0002,-0.0038,9.8066,0.0139,-0.0081,0.0033,-0.31,-33.56,24.19,2.42,-82.07,-178.07,True
52.40248,-1.55797,163.71,0.0,2,262.44,27 / 27,152911,2019-09-08 12:06:24:641,0.0849,-0.4156,9.8564,0.0004,-0.0028,9.8066,0.0118,-0.0095,-0.0031,0.25,-32.94,23.44,2.52,-82.03,-178.01,True
52.40248,-1.55797,163.71,0.0,2,262.44,27 / 27,153011,2019-09-08 12:06:24:741,-0.0047,-0.2675,9.9188,0.0012,-0.0009,9.8066,0.008,-0.0087,0.0035,-0.75,-33.69,24.19,359.38,-82.0,-178.1,True
52.40248,-1.55797,163.71,0.0,2,262.44,27 / 27,153110,2019-09-08 12:06:24:840,0.0101,-0.3697,9.7987,-0.0011,0.0008,9.8066,-0.0042,0.0066,0.0,-0.25,-32.87,23.5,2.37,-81.95,-178.11,True
52.40248,-1.55797,163.71,0.0,2,262.44,28 / 28,153212,2019-09-08 12:06:24:942,0.0336,-0.2871,9.8255,0.0003,-0.0016,9.8066,-0.0027,0.0057,0.0071,-0.19,-33.69,24.06,2.36,-81.92,-178.13,True
52.40248,-1.55797,163.71,0.0,2,262.44,28 / 28,153311,2019-09-08 12:06:25:041,-0.0183,-0.263,9.886,0.0,0.0,9.8066,-0.0054,0.01,-0.0011,-0.44,-34.0,24.19,2.45,-81.89,-178.07,True
52.40248,-1.55797,163.71,0.0,2,262.44,28 / 28,153411,2019-09-08 12:06:25:141,0.0376,-0.3106,9.766,-0.0006,-0.0023,9.8066,0.002,0.003,0.0002,-0.87,-33.5,24.25,359.37,-81.88,-178.11,True
52.40248,-1.55797,163.71,0.0,2,262.44,28 / 28,153510,2019-09-08 12:06:25:240,0.0778,-0.3244,9.8387,0.0006,0.0004,9.8066,0.0112,-0.0133,0.0021,-0.62,-33.19,24.25,359.56,-81.82,-177.97,True
52.40248,-1.55797,163.71,0.0,2,262.44,28 / 28,153611,2019-09-08 12:06:25:341,-0.0883,-0.1656,9.835,-0.0013,0.0007,9.8066,0.009,-0.0095,0.0032,-0.37,-33.31,23.56,2.61,-81.82,-177.93,True
52.40248,-1.55797,163.71,0.0,2,262.44,28 / 28,153711,2019-09-08 12:06:25:441,0.0296,-0.3187,9.9148,0.0003,-0.0052,9.8066,-0.0052,0.0048,0.0056,-0.75,-33.0,24.0,359.71,-81.79,-177.85,True
52.40248,-1.55797,163.71,0.0,2,262.44,28 / 28,153811,2019-09-08 12:06:25:541,0.0511,-0.2973,9.8171,0.0002,-0.0007,9.8066,-0.0011,0.0053,-0.0038,-0.56,-34.25,23.81,359.71,-81.75,-177.85,True
52.40248,-1.55797,163.71,0.0,2,262.44,28 / 28,153911,2019-09-08 12:06:25:641,-0.0773,-0.3039,9.8434,0.0004,-0.0022,9.8066,-0.017,0.0118,0.0062,-0.81,-33.5,23.94,359.69,-81.73,-177.86,True
52.40248,-1.55797,163.71,0.0,2,262.44,28 / 28,154011,2019-09-08 12:06:25:741,0.0587,-0.275,9.9076,-0.0009,-0.0022,9.8066,-0.003,0.0169,-0.0033,-0.5,-33.44,23.88,2.73,-81.7,-177.84,True
52.40248,-1.55797,163.71,0.0,2,262.44,28 / 28,154111,2019-09-08 12:06:25:841,0.0734,-0.283,9.7572,0.0007,0.0014,9.8066,0.0158,-0.0057,0.0047,-0.06,-33.25,24.06,2.8,-81.68,-177.79,True
52.40248,-1.55797,163.71,0.0,2,262.44,29 / 29,154211,2019-09-08 12:06:25:941,-0.0589,-0.3349,9.8821,0.0001,-0.002,9.8066,0.0108,-0.0129,-0.0039,-0.31,-33.56,24.25,2.79,-81.66,-177.81,True
52.40248,-1.55797,163.71,0.0,2,262.44,29 / 29,154311,2019-09-08 12:06:26:041,-0.0235,-0.2572,9.7847,0.001,-0.0001,9.8066,0.0076,-0.0039,0.001,-0.31,-33.37,24.13,2.69,-81.65,-177.87,True
52.40248,-1.55797,163.71,0.0,2,262.44,29 / 29,154411,2019-09-08 12:06:26:141,0.1104,-0.2853,9.8187,-0.0014,-0.0028,9.8066,-0.0001,0.0009,-0.0033,-0.62,-33.56,24.44,359.59,-81.64,-177.94,True
52.40248,-1.55797,163.71,0.0,2,262.44,29 / 29,154511,2019-09-08 12:06:26:241,0.0626,-0.1445,9.9615,0.001,-0.0021,9.8066,-0.0036,0.0028,0.0108,-0.56,-33.56,24.31,359.67,-81.59,-177.87,True
52.40248,-1.55797,163.71,0.0,2,262.44,29 / 29,154611,2019-09-08 12:06:26:341,0.0139,-0.1149,9.8718,-0.0008,-0.0024,9.8066,-0.011,0.0027,0.001,-0.37,-32.94,24.0,2.78,-81.56,-177.81,True
52.40248,-1.55797,163.71,0.0,2,262.44,29 / 29,154710,2019-09-08 12:06:26:440,0.0682,-0.2083,9.7929,0.0007,-0.0003,9.8066,0.0061,0.0017,0.003,-0.5,-33.31,24.25,2.75,-81.54,-177.83,True
52.40248,-1.55797,163.71,0.0,2,262.44,29 / 29,154811,2019-09-08 12:06:26:541,0.0553,-0.216,9.9247,-0.0002,-0.0016,9.8066,-0.0055,-0.0038,-0.0024,-0.44,-33.5,24.69,2.7,-81.52,-177.86,True
52.40248,-1.55797,163.71,0.0,2,262.44,29 / 29,154911,2019-09-08 12:06:26:641,0.0273,-0.0782,9.9418,-0.0003,-0.0015,9.8066,0.0186,-0.0026,-0.0036,-0.5,-33.37,23.44,2.7,-81.51,-177.9,True
52.40248,-1.55797,163.71,0.0,2,262.44,29 / 29,155011,2019-09-08 12:06:26:741,0.0654,-0.1781,9.7978,0.0001,-0.0036,9.8066,-0.0008,-0.0046,-0.008,0.0,-33.69,24.13,2.68,-81.49,-177.91,True
52.40248,-1.55797,163.71,0.0,2,262.44,29 / 29,155111,2019-09-08 12:06:26:841,0.0679,-0.3003,9.8834,-0.0004,-0.0019,9.8066,0.0151,-0.0128,0.0034,-0.62,-33.75,24.31,359.55,-81.47,-177.96,True
52.40248,-1.55797,163.71,0.0,2,262.44,28 / 29,155211,2019-09-08 12:06:26:941,-0.0094,-0.0838,9.944,-0.0001,-0.0046,9.8066,-0.0068,-0.006,0.0002,-0.25,-33.37,24.31,2.64,-81.42,-177.93,True
52.40248,-1.55797,163.71,0.0,2,262.44,28 / 29,155311,2019-09-08 12:06:27:041,0.084,-0.1923,9.796,-0.0003,-0.0016,9.8065,-0.0057,0.005,0.0047,0.0,-33.44,23.94,2.63,-81.41,-177.94,True
52.40248,-1.55797,163.71,0.0,2,262.44,28 / 29,155411,2019-09-08 12:06:27:141,0.0302,-0.0546,9.922,0.001,0.0,9.8066,-0.0148,0.0082,-0.0019,0.0,-33.25,24.19,2.6,-81.39,-177.97,True
52.40248,-1.55797,163.71,0.0,2,262.44,28 / 29,155511,2019-09-08 12:06:27:241,-0.0213,-0.3733,9.8565,-0.0004,-0.0025,9.8066,-0.006,0.007,0.0017,0.88,-33.19,24.88,5.34,-81.38,-178.06,True
52.40248,-1.55797,163.71,0.0,2,262.44,28 / 29,155611,2019-09-08 12:06:27:341,0.0117,-0.1611,9.7643,0.0006,-0.0016,9.8066,-0.0108,0.002,-0.0012,1.88,-32.94,24.75,8.31,-81.36,-177.99,True
52.40248,-1.55797,163.71,0.0,2,262.44,28 / 29,155711,2019-09-08 12:06:27:441,0.03,-0.1848,9.9196,-0.0003,-0.0009,9.8066,0.0189,-0.0181,-0.0059,0.63,-33.31,23.19,5.78,-81.35,-178.02,True
52.40248,-1.55797,163.71,0.0,2,262.44,28 / 29,155811,2019-09-08 12:06:27:541,-0.0115,-0.2795,9.859,0.0013,-0.0009,9.8066,0.0042,-0.0123,0.0015,0.19,-32.5,22.38,2.47,-81.31,-178.1,True
52.40248,-1.55797,163.71,0.0,2,262.44,28 / 29,155911,2019-09-08 12:06:27:641,0.0583,-0.2134,9.7907,-0.0014,-0.0023,9.8066,0.0007,-0.004,-0.0112,0.0,-33.56,23.63,2.4,-81.31,-178.14,True
52.40248,-1.55797,163.71,0.0,2,262.44,28 / 29,156011,2019-09-08 12:06:27:741,0.0123,-0.2152,9.8895,0.0008,-0.0001,9.8066,-0.0097,0.0088,0.0023,-0.44,-32.75,23.88,2.37,-81.28,-178.15,True
52.40248,-1.55797,163.71,0.0,2,262.44,28 / 29,156111,2019-09-08 12:06:27:841,-0.0553,-0.1436,9.9354,-0.0009,-0.0017,9.8066,-0.0122,0.0006,-0.0065,-0.44,-33.5,24.25,2.27,-81.26,-178.23,True
52.40248,-1.55797,163.71,0.0,2,262.44,28 / 28,156211,2019-09-08 12:06:27:941,0.0235,-0.1389,9.8293,0.001,-0.0017,9.8066,-0.0176,0.013,0.0016,-0.31,-32.81,24.13,2.23,-81.25,-178.26,True
52.40248,-1.55797,163.71,0.0,2,262.44,28 / 28,156311,2019-09-08 12:06:28:041,0.0232,-0.2812,9.7973,-0.0007,0.0005,9.8066,0.0024,0.001,-0.0062,-0.31,-33.5,23.94,2.2,-81.23,-178.28,True
52.40248,-1.55797,163.71,0.0,2,262.44,28 / 28,156411,2019-09-08 12:06:28:141,-0.0198,-0.2112,9.9426,0.0001,0.001,9.8066,0.013,-0.0072,0.0043,-0.44,-33.56,23.88,2.25,-81.22,-178.26,True
52.40248,-1.55797,163.71,0.0,2,262.44,28 / 28,156511,2019-09-08 12:06:28:241,0.0375,-0.1382,9.9124,0.0002,-0.0014,9.8066,0.0036,-0.0027,-0.0096,-1.06,-32.69,24.25,359.14,-81.22,-178.29,True
52.40248,-1.55797,163.71,0.0,2,262.44,28 / 28,156611,2019-09-08 12:06:28:341,-0.0219,-0.2308,9.7744,0.0009,-0.0008,9.8066,0.0104,0.0006,-0.0002,-0.5,-34.12,23.75,2.11,-81.2,-178.37,True
52.40248,-1.55797,163.71,0.0,2,262.44,28 / 28,156712,2019-09-08 12:06:28:442,0.0836,-0.2458,9.8947,0.0006,-0.0033,9.8066,-0.0002,-0.0062,-0.0025,-0.31,-33.69,23.88,2.15,-81.18,-178.34,True
52.40248,-1.55797,163.71,0.0,2,262.44,28 / 28,156811,2019-09-08 12:06:28:541,-0.0082,-0.1587,9.9411,0.0007,-0.0009,9.8066,0.0011,0.0017,0.0076,-0.06,-33.37,23.88,2.09,-81.16,-178.38,True
52.40248,-1.55797,163.71,0.0,2,262.44,28 / 28,156911,2019-09-08 12:06:28:641,-0.0427,-0.1936,9.8105,0.0007,-0.0004,9.8066,-0.0125,0.0112,-0.0023,-0.69,-33.87,24.25,359.04,-81.14,-178.35,True
52.40248,-1.55797,163.71,0.0,2,262.44,28 / 28,157012,2019-09-08 12:06:28:742,0.0585,-0.1201,9.8065,-0.0001,-0.0003,9.8066,-0.0048,0.0025,0.0096,-0.19,-33.62,24.38,2.09,-81.13,-178.39,True
52.40248,-1.55797,163.71,0.0,2,262.44,28 / 28,157111,2019-09-08 12:06:28:841,-0.0172,-0.2773,9.8893,-0.0003,-0.0007,9.8066,-0.0144,-0.0013,-0.0016,-0.37,-33.25,24.31,2.14,-81.12,-178.34,True
52.40248,-1.55797,163.71,0.0,2,262.44,29 / 29,157212,2019-09-08 12:06:28:942,-0.0091,-0.0979,9.8934,-0.0006,-0.0021,9.8066,-0.0021,-0.0059,0.0006,-0.31,-33.44,24.19,2.1,-81.11,-178.37,True
52.40248,-1.55797,163.71,0.0,2,262.44,29 / 29,157311,2019-09-08 12:06:29:041,0.0547,-0.1166,9.7932,-0.0001,0.0011,9.8066,0.0125,-0.0067,0.0004,-0.56,-33.31,24.13,359.05,-81.1,-178.35,True
52.40248,-1.55797,163.71,0.0,2,262.44,29 / 29,157410,2019-09-08 12:06:29:140,-0.0394,-0.2964,9.8452,-0.0001,0.0,9.8066,0.0173,-0.0214,-0.0014,-0.44,-32.87,24.19,2.12,-81.1,-178.35,True
52.40248,-1.55797,163.71,0.0,2,262.44,29 / 29,157511,2019-09-08 12:06:29:241,0.0131,-0.0701,9.9158,0.0012,-0.0001,9.8066,0.0138,-0.0039,-0.0032,-0.06,-33.75,23.88,2.14,-81.08,-178.36,True
52.40248,-1.55797,163.71,0.0,2,262.44,29 / 29,157610,2019-09-08 12:06:29:340,0.039,-0.1714,9.812,-0.0005,-0.0014,9.8066,-0.0015,-0.0046,-0.0022,-0.37,-33.25,24.25,2.02,-81.06,-178.44,True
52.40248,-1.55797,163.71,0.0,2,262.44,29 / 29,157711,2019-09-08 12:06:29:441,-0.0543,-0.224,9.8289,0.0016,-0.0012,9.8066,-0.0063,0.0097,0.0122,0.25,-33.19,23.5,2.02,-81.05,-178.44,True
52.40248,-1.55797,163.71,0.0,2,262.44,29 / 29,157811,2019-09-08 12:06:29:541,0.0115,-0.0529,9.9167,-0.0008,-0.0023,9.8066,-0.0167,0.0074,-0.0005,-0.5,-33.31,23.94,2.02,-81.03,-178.44,True
52.40248,-1.55797,163.71,0.0,2,262.44,29 / 29,157910,2019-09-08 12:06:29:640,0.0735,-0.1877,9.8161,0.0006,-0.0007,9.8066,0.0031,-0.0067,0.0076,-0.56,-33.19,24.44,358.88,-81.03,-178.48,True
52.40248,-1.55797,163.71,0.0,2,262.44,29 / 29,158011,2019-09-08 12:06:29:741,-0.0545,-0.1862,9.8105,-0.0005,-0.0017,9.8066,0.0041,-0.0137,-0.0011,-0.5,-33.62,24.13,1.98,-81.02,-178.48,True
52.40248,-1.55797,163.71,0.0,2,262.44,29 / 29,158111,2019-09-08 12:06:29:841,0.0011,-0.0369,9.8523,-0.0002,-0.0005,9.8066,0.013,-0.0035,-0.0017,-0.81,-33.56,23.63,358.89,-81.01,-178.47,True
52.40248,-1.55797,163.71,0.0,2,262.44,29 / 29,158211,2019-09-08 12:06:29:941,0.0591,-0.1453,9.7992,-0.001,-0.0007,9.8066,0.0061,-0.003,-0.0086,-0.5,-33.19,23.94,2.03,-81.0,-178.43,True
52.40248,-1.55797,163.71,0.0,2,262.44,29 / 29,158311,2019-09-08 12:06:30:041,0.0446,-0.0366,9.9314,-0.0003,-0.0018,9.8066,0.0062,-0.0068,0.0029,-0.06,-33.37,24.5,1.92,-80.98,-178.5,True
52.40248,-1.55797,163.71,0.0,2,262.44,29 / 29,158410,2019-09-08 12:06:30:140,0.0261,-0.0603,9.9193,0.0004,-0.0024,9.8066,-0.0122,0.0009,0.0016,-0.44,-33.37,24.13,1.96,-80.97,-178.48,True
52.40248,-1.55797,163.71,0.0,2,262.44,29 / 29,158510,2019-09-08 12:06:30:240,0.0307,-0.1175,9.8113,-0.0004,0.0005,9.8066,-0.0014,0.0074,0.0067,0.19,-33.25,24.25,1.89,-80.95,-178.54,True
52.40248,-1.55797,163.71,0.0,2,262.44,29 / 29,158611,2019-09-08 12:06:30:341,0.0375,-0.2464,9.9138,0.0001,-0.0027,9.8066,-0.0171,0.0065,-0.0001,-0.19,-33.37,24.19,1.94,-80.93,-178.5,True
52.40248,-1.55797,163.71,0.0,2,262.44,29 / 29,158710,2019-09-08 12:06:30:440,0.049,-0.0424,9.8979,-0.0005,0.0017,9.8066,0.0073,-0.0026,0.0008,0.31,-33.56,24.38,1.92,-80.93,-178.53,True
52.40248,-1.55797,163.71,0.0,2,262.44,29 / 29,158811,2019-09-08 12:06:30:541,0.0037,-0.052,9.8239,-0.0003,-0.0005,9.8066,-0.0029,-0.0103,-0.0026,-0.31,-33.44,24.69,1.97,-80.92,-178.47,True
52.40248,-1.55797,163.71,0.0,2,262.44,29 / 29,158911,2019-09-08 12:06:30:641,0.0145,-0.236,9.7851,0.0001,0.0006,9.8066,0.0294,-0.0232,-0.0061,-0.37,-33.31,24.69,1.94,-80.91,-178.49,True
52.40248,-1.55797,163.71,0.0,2,262.44,29 / 29,159011,2019-09-08 12:06:30:741,-0.0008,-0.0748,9.9052,0.0007,-0.0016,9.8066,0.0058,-0.0103,0.0019,-0.56,-32.69,24.06,358.79,-80.88,-178.54,True
52.40248,-1.55797,163.71,0.0,2,262.44,29 / 29,159111,2019-09-08 12:06:30:841,0.0065,-0.0304,9.9226,0.0,-0.0024,9.8066,0.0054,-0.007,-0.0021,-0.69,-33.5,24.25,358.77,-80.87,-178.56,True
52.40248,-1.55797,163.71,0.0,2,262.44,30 / 30,159211,2019-09-08 12:06:30:941,0.0051,-0.2974,9.7994,0.001,-0.0008,9.8066,-0.0091,0.0069,0.0023,-0.19,-33.69,24.81,1.92,-80.85,-178.52,True
52.40248,-1.55797,163.71,0.0,2,262.44,30 / 30,159311,2019-09-08 12:06:31:041,-0.0397,-0.2279,9.8073,-0.0017,-0.002,9.8066,-0.0217,0.0107,-0.0012,-0.19,-33.62,24.5,1.83,-80.85,-178.59,True
52.40248,-1.55797,163.71,0.0,2,262.44,30 / 30,159411,2019-09-08 12:06:31:141,-0.0448,-0.1057,9.9402,0.0003,-0.0029,9.8066,-0.024,0.0093,0.0069,-0.31,-33.5,24.0,1.9,-80.82,-178.54,True
52.40248,-1.55797,163.71,0.0,2,262.44,30 / 30,159511,2019-09-08 12:06:31:241,-0.0251,-0.1953,9.805,-0.0002,0.0007,9.8065,-0.0106,-0.0029,-0.0022,-0.19,-33.5,24.25,1.93,-80.83,-178.52,True
52.40248,-1.55797,163.71,0.0,2,262.44,30 / 30,159611,2019-09-08 12:06:31:341,-0.0749,-0.1969,9.8063,-0.0002,0.0039,9.8066,0.0128,-0.0044,0.0064,-0.5,-33.56,24.56,1.9,-80.84,-178.53,True
52.40248,-1.55797,163.71,0.0,2,262.44,30 / 30,159711,2019-09-08 12:06:31:441,-0.0551,-0.1762,9.9032,-0.0007,-0.0021,9.8066,0.0025,-0.0007,-0.0091,-0.06,-33.94,24.5,1.94,-80.83,-178.51,True
52.40248,-1.55797,163.71,0.0,2,262.44,30 / 30,159811,2019-09-08 12:06:31:541,0.027,-0.0793,9.879,0.0005,0.0008,9.8066,0.0189,-0.005,0.0025,-0.25,-33.37,24.31,1.93,-80.81,-178.51,True
52.40248,-1.55797,163.71,0.0,2,262.44,30 / 30,159910,2019-09-08 12:06:31:640,-0.1008,-0.1867,9.8577,0.0001,-0.0009,9.8066,-0.0027,-0.012,-0.0044,-0.31,-33.69,24.5,2.01,-80.8,-178.45,True
52.40248,-1.55797,163.71,0.0,2,262.44,30 / 30,160011,2019-09-08 12:06:31:741,-0.0534,-0.233,9.8599,0.0008,-0.0014,9.8066,0.0036,0.0026,0.0065,-0.37,-33.87,24.38,1.93,-80.79,-178.53,True
52.40248,-1.55797,163.71,0.0,2,262.44,30 / 30,160111,2019-09-08 12:06:31:841,0.0263,-0.037,9.905,0.0004,0.0009,9.8066,-0.0132,0.02,0.0018,-0.37,-32.94,24.38,1.97,-80.77,-178.49,False
52.40248,-1.55797,163.71,0.0,2,262.44,28 / 28,160210,2019-09-08 12:06:31:940,-0.077,-0.1701,9.8895,-0.0004,0.0025,9.8066,-0.0008,0.0129,0.0055,0.0,-33.44,24.38,1.93,-80.78,-178.52,False
52.40248,-1.55797,163.71,0.0,2,262.44,28 / 28,160311,2019-09-08 12:06:32:041,-0.0271,-0.2205,9.8108,0.0011,0.0008,9.8066,-0.0088,0.0178,0.0023,-0.75,-33.69,24.81,358.95,-80.79,-178.52,False
52.40248,-1.55797,163.71,0.0,2,262.44,28 / 28,160411,2019-09-08 12:06:32:141,0.041,-0.0865,9.9317,0.0004,-0.0007,9.8066,0.0024,0.0017,0.0021,0.0,-33.06,23.56,2.05,-80.77,-178.43,False
52.40248,-1.55797,163.71,0.0,2,262.44,28 / 28,160511,2019-09-08 12:06:32:241,-0.0184,-0.0881,9.9242,-0.0001,0.0002,9.8066,0.0198,-0.008,0.0031,-1.0,-33.56,24.31,358.86,-80.77,-178.48,False
52.40248,-1.55797,163.71,0.0,2,262.44,28 / 28,160611,2019-09-08 12:06:32:341,-0.0651,-0.1294,9.8125,0.001,-0.0006,9.8066,0.018,-0.0237,0.0001,-0.31,-33.62,24.44,2.08,-80.75,-178.42,False
52.40248,-1.55797,163.71,0.0,2,262.44,28 / 28,160711,2019-09-08 12:06:32:441,0.0148,-0.0793,9.9089,-0.0008,-0.0013,9.8066,0.0081,-0.0039,-0.0004,-0.19,-33.19,24.31,1.98,-80.75,-178.48,False
52.40248,-1.55797,163.71,0.0,2,262.44,28 / 28,160811,2019-09-08 12:06:32:541,0.0514,-0.091,9.9327,-0.0002,0.002,9.8066,-0.0047,0.0039,0.0002,-0.56,-33.25,23.81,358.91,-80.73,-178.45,False
52.40248,-1.55797,163.71,0.0,2,262.44,28 / 28,160911,2019-09-08 12:06:32:641,-0.0404,-0.0756,9.8278,0.0003,-0.0012,9.8066,-0.0057,0.0143,0.005,-1.12,-33.19,24.69,359.08,-80.74,-178.42,False
52.40248,-1.55797,163.71,0.0,2,262.44,28 / 28,161011,2019-09-08 12:06:32:741,-0.02,-0.2221,9.8696,0.0005,0.0003,9.8066,-0.0197,0.0061,0.0012,-0.37,-33.44,24.31,2.1,-80.73,-178.4,False
52.40248,-1.55797,163.71,0.0,2,262.44,28 / 28,161111,2019-09-08 12:06:32:841,0.0261,-0.093,9.9275,0.0001,-0.0016,9.8066,0.0075,-0.0098,0.0048,0.25,-33.31,24.19,2.02,-80.72,-178.45,False
52.40248,-1.55797,163.71,0.0,2,262.44,29 / 29,161212,2019-09-08 12:06:32:942,0.0078,0.0303,9.8786,0.0015,0.0003,9.8066,-0.0047,-0.0087,-0.0057,-0.31,-33.62,24.13,1.97,-80.7,-178.5,False
52.40248,-1.55797,163.71,0.0,2,262.44,29 / 29,161311,2019-09-08 12:06:33:041,-0.053,-0.1984,9.8133,-0.0006,-0.0025,9.8066,0.0232,-0.0053,-0.0023,0.0,-33.37,23.81,1.8,-80.69,-178.62,False
52.40248,-1.55797,163.71,0.0,2,262.44,29 / 29,161411,2019-09-08 12:06:33:141,0.047,-0.0081,9.8469,0.0003,0.001,9.8066,0.0002,-0.0054,-0.0076,-0.25,-33.44,23.88,1.74,-80.67,-178.67,False
52.40248,-1.55797,163.71,0.0,2,262.44,29 / 29,161510,2019-09-08 12:06:33:240,0.0628,0.0158,9.9219,-0.0006,0.001,9.8066,0.0191,-0.0153,0.0024,-0.25,-33.56,24.56,1.76,-80.67,-178.65,False
52.40248,-1.55797,163.71,0.0,2,262.44,29 / 29,161611,2019-09-08 12:06:33:341,-0.0904,-0.2472,9.8202,0.0006,-0.0021,9.8066,-0.0017,-0.0071,-0.0048,-0.62,-33.44,24.44,358.58,-80.67,-178.7,False
52.40248,-1.55797,163.71,0.0,2,262.44,29 / 29,161710,2019-09-08 12:06:33:440,0.0518,-0.1144,9.8082,-0.0011,-0.0015,9.8066,-0.0028,0.0018,0.0033,-0.31,-33.31,24.63,1.72,-80.65,-178.67,False
52.40248,-1.55797,163.71,0.0,2,262.44,29 / 29,161811,2019-09-08 12:06:33:541,0.0525,-0.118,9.9364,0.0007,-0.0004,9.8065,-0.0116,0.0164,-0.0019,-0.94,-33.69,24.19,358.56,-80.65,-178.7,False
52.40248,-1.55797,163.71,0.0,2,262.44,29 / 29,161911,2019-09-08 12:06:33:641,-0.0824,-0.1016,9.8906,0.0,-0.0018,9.8065,-0.0106,0.0044,0.0006,-0.25,-33.5,24.0,1.68,-80.64,-178.72,False
52.40248,-1.55797,163.71,0.0,2,262.44,29 / 29,162011,2019-09-08 12:06:33:741,0.0213,-0.0477,9.7732,-0.0001,0.0004,9.8066,-0.0175,0.0033,-0.0014,-0.12,-34.19,24.88,1.63,-80.62,-178.75,False
52.40248,-1.55797,163.71,0.0,2,262.44,29 / 29,162111,2019-09-08 12:06:33:841,0.0548,-0.1173,9.8523,-0.0004,0.0007,9.8066,0.0125,-0.0171,-0.0016,-0.62,-33.62,24.38,358.49,-80.61,-178.75,False
52.40248,-1.55797,163.71,0.0,2,262.44,29 / 29,162211,2019-09-08 12:06:33:941,-0.1115,-0.142,9.8156,-0.001,-0.0003,9.8066,0.0077,-0.008,0.0017,-0.5,-33.25,24.06,1.54,-80.61,-178.83,False
52.40248,-1.55797,163.71,0.0,2,262.44,29 / 29,162310,2019-09-08 12:06:34:040,-0.0743,-0.1884,9.8614,0.0005,-0.0011,9.8066,0.0118,-0.0054,-0.0124,-0.69,-33.75,24.13,358.45,-80.6,-178.79,False
52.40248,-1.55797,163.71,0.0,2,262.44,29 / 29,162411,2019-09-08 12:06:34:141,0.072,-0.0241,9.9322,-0.0004,-0.0005,9.8066,0.0009,0.0048,0.0041,-0.19,-33.56,24.0,1.51,-80.6,-178.86,False
52.40248,-1.55797,163.71,0.0,2,262.44,29 / 29,162511,2019-09-08 12:06:34:241,-0.0864,-0.1239,9.8676,0.0006,0.0001,9.8066,-0.0059,0.0035,-0.0024,-0.37,-33.44,24.19,1.44,-80.59,-178.9,False
52.40248,-1.55797,163.71,0.0,2,262.44,29 / 29,162611,2019-09-08 12:06:34:341,-0.0737,-0.1995,9.8475,-0.0006,-0.001,9.8066,-0.0124,0.0118,0.0034,-0.44,-33.37,24.13,1.47,-80.58,-178.88,False
52.40248,-1.55797,163.71,0.0,2,262.44,29 / 29,162710,2019-09-08 12:06:34:440,0.034,-0.0364,9.9041,0.0005,-0.0006,9.8066,-0.0026,0.0049,-0.0067,-0.81,-33.12,23.94,358.35,-80.57,-178.87,False
52.40248,-1.55797,163.71,0.0,2,262.44,29 / 29,162811,2019-09-08 12:06:34:541,-0.0258,-0.1642,9.8537,-0.0001,-0.0008,9.8066,0.012,-0.0089,0.0051,0.06,-33.5,24.13,1.5,-80.56,-178.86,False
52.40248,-1.55797,163.71,0.0,2,262.44,29 / 29,162911,2019-09-08 12:06:34:641,-0.0546,-0.1839,9.7971,0.0001,0.0007,9.8066,0.0051,-0.0035,-0.0077,-0.87,-33.75,24.38,358.31,-80.55,-178.89,False
52.40248,-1.55797,163.71,0.0,2,262.44,29 / 29,163011,2019-09-08 12:06:34:741,0.0027,-0.1497,9.9027,-0.0008,-0.0005,9.8066,0.02,-0.0057,0.0025,-0.25,-33.56,24.19,1.47,-80.54,-178.89,False
52.40248,-1.55797,163.71,0.0,2,262.44,29 / 29,163110,2019-09-08 12:06:34:840,-0.0006,-0.0336,9.8367,0.0017,-0.0005,9.8066,0.0116,-0.0014,-0.0094,-0.87,-33.5,24.25,358.23,-80.54,-178.96,False
52.40248,-1.55797,163.71,0.0,2,262.44,28 / 28,163211,2019-09-08 12:06:34:941,0.0087,-0.1165,9.9375,0.0005,-0.0019,9.8066,0.0083,-0.0002,0.0064,-0.69,-33.81,24.5,358.39,-80.53,-178.94,False
52.40248,-1.55797,163.71,0.0,2,262.44,28 / 28,163311,2019-09-08 12:06:35:041,-0.0304,-0.1354,9.763,0.0001,-0.0002,9.8066,-0.0046,0.0088,-0.0004,-0.81,-33.25,24.06,358.2,-80.53,-178.98,False
52.40248,-1.55797,163.71,0.0,2,262.44,28 / 28,163411,2019-09-08 12:06:35:141,0.0071,-0.0966,9.932,0.0008,-0.0011,9.8066,0.0008,0.006,0.0062,-0.62,-33.37,24.44,358.25,-80.52,-178.95,False
52.40248,-1.55797,163.71,0.0,2,262.44,28 / 28,163511,2019-09-08 12:06:35:241,0.0045,-0.0362,9.8195,0.0,0.0014,9.8066,-0.0101,0.0172,0.0017,-0.94,-33.19,24.25,358.18,-80.51,-178.99,False
52.40248,-1.55797,163.71,0.0,2,262.44,28 / 28,163610,2019-09-08 12:06:35:340,-0.0763,-0.1364,9.803,0.0009,-0.0016,9.8066,0.0017,-0.004,0.0036,-0.56,-33.31,24.25,358.25,-80.51,-178.94,False
52.40248,-1.55797,163.71,0.0,2,262.44,28 / 28,163711,2019-09-08 12:06:35:441,0.0209,-0.0499,9.8621,0.0008,0.0012,9.8066,0.0109,-0.0108,0.0055,-0.37,-34.06,24.56,1.29,-80.5,-179.02,False
52.40248,-1.55797,163.71,0.0,2,262.44,28 / 28,163811,2019-09-08 12:06:35:541,0.0604,-0.0107,9.9391,0.0007,-0.0015,9.8066,0.0114,-0.0146,-0.0005,-0.25,-33.94,24.56,1.34,-80.48,-178.98,False
52.40248,-1.55797,163.71,0.0,2,262.44,28 / 28,163911,2019-09-08 12:06:35:641,-0.006,-0.0814,9.8228,-0.0018,-0.001,9.8065,0.0052,-0.0001,0.0014,-0.25,-33.62,24.06,1.4,-80.47,-178.95,False
52.40248,-1.55797,163.71,0.0,2,262.44,28 / 28,164010,2019-09-08 12:06:35:740,0.0094,-0.0833,9.8401,0.0003,0.0008,9.8066,0.0035,0.0007,-0.0042,-0.62,-33.75,24.44,358.3,-80.47,-178.89,False
52.40248,-1.55797,163.71,0.0,2,262.44,28 / 28,164111,2019-09-08 12:06:35:841,-0.0109,0.07,9.9529,-0.0009,0.0009,9.8066,-0.0058,0.0032,0.0047,-0.75,-33.44,24.25,358.32,-80.47,-178.89,False
52.40248,-1.55797,163.71,0.0,2,262.44,29 / 29,164211,2019-09-08 12:06:35:941,0.0247,-0.0786,9.8371,0.0016,0.0012,9.8066,-0.0149,0.0042,-0.0053,-0.69,-33.0,23.81,358.25,-80.47,-178.94,False
52.40248,-1.55797,163.71,0.0,2,262.44,29 / 29,164310,2019-09-08 12:06:36:040,0.0359,-0.0776,9.7794,-0.001,-0.0022,9.8066,0.0025,0.0037,0.0067,-0.81,-33.56,24.38,358.19,-80.46,-178.97,False
52.40248,-1.55797,163.71,0.0,2,262.44,29 / 29,164410,2019-09-08 12:06:36:140,0.0206,0.0263,9.975,-0.0004,0.0017,9.8066,-0.0026,-0.0021,-0.0036,-0.62,-33.25,24.31,358.2,-80.44,-178.98,False
52.40248,-1.55797,163.71,0.0,2,262.44,29 / 29,164511,2019-09-08 12:06:36:241,0.0034,0.0012,9.8821,0.0001,-0.0015,9.8066,0.0182,0.0014,-0.0066,-0.75,-33.5,24.44,358.28,-80.45,-178.92,False
52.40248,-1.55797,163.71,0.0,2,262.44,29 / 29,164610,2019-09-08 12:06:36:340,0.0349,-0.0938,9.82,0.0008,0.0007,9.8066,0.0099,-0.0062,-0.0059,-0.19,-33.81,24.19,1.33,-80.44,-179.0,False
52.40248,-1.55797,163.71,0.0,2,262.44,29 / 29,164712,2019-09-08 12:06:36:442,0.0536,-0.0633,9.9169,0.0003,-0.0001,9.8066,0.0129,-0.0067,0.0045,-0.44,-33.69,24.38,1.34,-80.44,-179.0,False
52.40248,-1.55797,163.71,0.0,2,262.44,29 / 29,164811,2019-09-08 12:06:36:541,-0.0056,0.1192,9.9526,0.0,0.0,9.8065,-0.016,-0.0017,-0.0033,-0.75,-32.94,23.94,358.16,-80.43,-179.0,False
52.40248,-1.55797,163.71,0.0,2,262.44,29 / 29,164911,2019-09-08 12:06:36:641,0.0373,-0.0588,9.7939,-0.0008,-0.0019,9.8066,-0.0002,0.0039,0.0039,-1.06,-33.62,23.75,358.21,-80.42,-178.96,False
52.40248,-1.55797,163.71,0.0,2,262.44,29 / 29,165011,2019-09-08 12:06:36:741,0.0223,-0.1223,9.8712,-0.0005,-0.0001,9.8066,-0.0163,0.0095,0.0022,-1.19,-33.81,23.88,358.25,-80.43,-178.93,False
52.40248,-1.55797,163.71,0.0,2,262.44,29 / 29,165111,2019-09-08 12:06:36:841,-0.0049,0.078,9.9683,-0.001,-0.0013,9.8066,0.0066,-0.0008,-0.001,-0.37,-33.44,24.25,1.52,-80.41,-178.85,False
52.40248,-1.55797,163.71,0.0,2,262.44,28 / 29,165211,2019-09-08 12:06:36:941,0.0349,-0.043,9.8289,-0.0011,0.0,9.8066,-0.0028,-0.0038,-0.0021,-0.12,-33.62,24.44,1.5,-80.4,-178.88,False
52.40248,-1.55797,163.71,0.0,2,262.44,28 / 29,165311,2019-09-08 12:06:37:041,0.0226,-0.1376,9.8148,0.0008,-0.0005,9.8066,0.0205,-0.0177,-0.0011,-1.0,-34.12,24.81,358.49,-80.39,-178.86,False
52.40248,-1.55797,163.71,0.0,2,262.44,28 / 29,165411,2019-09-08 12:06:37:141,-0.0286,0.0181,9.9325,-0.0015,-0.0007,9.8066,-0.0009,-0.0053,-0.0006,-0.25,-33.5,24.56,1.48,-80.39,-178.87,False
52.40248,-1.55797,163.71,0.0,2,262.44,28 / 29,165511,2019-09-08 12:06:37:241,0.0008,0.0146,9.9082,-0.0002,-0.0021,9.8066,-0.0023,0.0014,-0.001,-0.75,-33.19,24.06,358.47,-80.38,-178.77,False
52.40248,-1.55797,163.71,0.0,2,262.44,28 / 29,165611,2019-09-08 12:06:37:341,0.0024,-0.1929,9.7914,0.0006,-0.0003,9.8066,-0.0082,-0.0018,-0.0013,-0.5,-33.75,24.75,1.61,-80.39,-178.78,False
52.40248,-1.55797,163.71,0.0,2,262.44,28 / 29,165711,2019-09-08 12:06:37:441,-0.0305,-0.0395,9.8379,0.0001,0.0007,9.8066,-0.011,0.0065,-0.0016,-1.19,-33.87,24.69,358.63,-80.38,-178.75,False
52.40248,-1.55797,163.71,0.0,2,262.44,28 / 29,165811,2019-09-08 12:06:37:541,-0.0365,-0.1083,9.9525,-0.0004,-0.0019,9.8066,-0.0156,0.0138,0.0053,-0.44,-33.87,24.56,1.65,-80.39,-178.75,False
52.40248,-1.55797,163.71,0.0,2,262.44,28 / 29,165911,2019-09-08 12:06:37:641,-0.024,-0.0933,9.8221,-0.0001,0.0019,9.8066,-0.0078,0.0032,-0.0016,-0.75,-33.06,24.06,358.47,-80.39,-178.77,False
52.40248,-1.55797,163.71,0.0,2,262.44,28 / 29,166011,2019-09-08 12:06:37:741,-0.0941,-0.1253,9.8273,-0.0002,-0.0033,9.8066,0.0068,-0.011,0.0061,-0.37,-33.31,23.69,1.65,-80.38,-178.76,False
52.40248,-1.55797,163.71,0.0,2,262.44,28 / 29,166111,2019-09-08 12:06:37:841,-0.0016,0.0269,9.9273,0.0002,0.0008,9.8066,0.0045,-0.0043,-0.0073,-0.5,-33.19,24.13,1.56,-80.36,-178.82,False
52.40248,-1.55797,163.71,0.0,2,262.44,27 / 27,166211,2019-09-08 12:06:37:941,-0.027,-0.1303,9.79,0.0005,-0.0011,9.8066,0.0109,-0.0016,0.0011,-0.56,-33.44,24.31,358.48,-80.35,-178.76,False
52.40248,-1.55797,163.71,0.0,2,262.44,27 / 27,166311,2019-09-08 12:06:38:041,0.0519,-0.0753,9.8693,0.0003,-0.0021,9.8066,0.0053,-0.0132,-0.0013,-0.37,-33.37,24.25,1.65,-80.35,-178.75,False
52.40248,-1.55797,163.71,0.0,2,262.44,27 / 27,166411,2019-09-08 12:06:38:141,-0.0049,-0.0983,9.9525,0.0003,0.0001,9.8066,0.0089,-0.0014,0.0051,-0.12,-33.62,24.06,1.61,-80.34,-178.8,False
52.40248,-1.55797,163.71,0.0,2,262.44,27 / 27,166511,2019-09-08 12:06:38:241,-0.0044,-0.0334,9.8511,0.0004,-0.0014,9.8066,-0.0167,0.0123,0.0034,-0.06,-33.81,24.63,1.65,-80.33,-178.75,False
52.40248,-1.55797,163.71,0.0,2,262.44,27 / 27,166611,2019-09-08 12:06:38:341,0.0132,0.0009,9.8258,-0.0004,-0.0011,9.8066,-0.015,0.0075,0.0084,-0.56,-33.5,24.38,358.52,-80.33,-178.73,False
52.40248,-1.55797,163.71,0.0,2,262.44,27 / 27,166711,2019-09-08 12:06:38:441,-0.1011,-0.4045,9.9267,0.001,-0.0053,9.8066,-0.0287,0.0073,0.0034,0.0,-33.37,24.69,1.71,-80.32,-178.69,False
52.40248,-1.55797,163.71,0.0,2,262.44,27 / 27,166810,2019-09-08 12:06:38:540,0.0286,0.0891,9.9928,-0.0003,-0.0026,9.8066,-0.0089,0.007,-0.003,0.0,-32.69,24.44,1.63,-80.3,-178.77,False
52.40248,-1.55797,163.71,0.0,2,262.44,27 / 27,166911,2019-09-08 12:06:38:641,0.0807,-0.1806,9.8271,0.0005,0.0012,9.8066,0.011,-0.0206,0.0051,0.06,-33.44,23.81,1.6,-80.28,-178.8,False
52.40248,-1.55797,163.71,0.0,2,262.44,27 / 27,167011,2019-09-08 12:06:38:741,-0.0079,-0.662,9.7832,-0.0011,-0.0006,9.8066,0.0156,-0.0055,-0.0066,-0.12,-33.56,24.19,1.65,-80.29,-178.77,False
52.40248,-1.55797,163.71,0.0,2,262.44,27 / 27,167111,2019-09-08 12:06:38:841,-0.0474,-0.197,9.8078,-0.0004,-0.0011,9.8066,-0.0007,0.0008,0.0086,-0.31,-33.12,24.19,1.71,-80.26,-178.71,False
52.40248,-1.55797,163.71,0.0,2,262.44,27 / 27,167211,2019-09-08 12:06:38:941,-0.0506,-0.7665,9.8592,-0.0009,-0.0029,9.8066,0.0008,0.0017,-0.0016,-0.12,-33.62,23.56,1.86,-80.22,-178.62,False
52.40248,-1.55797,163.71,0.0,2,262.44,27 / 27,167311,2019-09-08 12:06:39:041,-0.1031,-0.7049,9.9142,0.0008,-0.0062,9.8066,0.022,-0.0014,-0.0003,0.06,-33.37,24.5,1.8,-80.16,-178.64,False
52.40248,-1.55797,163.71,0.0,2,262.44,27 / 27,167411,2019-09-08 12:06:39:141,0.0155,-1.6765,9.9309,-0.0008,-0.0038,9.8066,0.0168,0.0086,-0.0061,0.19,-33.06,24.19,1.74,-80.07,-178.7,False
52.40248,-1.55797,163.71,0.0,2,262.44,27 / 27,167511,2019-09-08 12:06:39:241,-0.1343,-0.4884,9.7606,-0.0005,-0.0035,9.8066,0.015,0.0015,0.0011,0.0,-33.06,24.19,1.71,-79.98,-178.72,False
52.40248,-1.55797,163.71,0.0,2,262.44,27 / 27,167611,2019-09-08 12:06:39:341,-0.0404,-0.8711,9.7061,-0.0013,-0.0067,9.8065,0.0137,0.0035,-0.0027,0.13,-33.44,24.31,1.65,-79.91,-178.77,False
52.40248,-1.55797,163.71,0.0,2,262.44,27 / 27,167711,2019-09-08 12:06:39:441,-0.0046,-1.8444,9.8696,-0.0002,-0.0048,9.8066,0.0153,0.004,0.003,0.19,-33.06,25.25,1.71,-79.82,-178.71,False
52.40248,-1.55797,163.71,0.0,2,262.44,27 / 27,167812,2019-09-08 12:06:39:542,-0.0443,-1.9523,9.9738,0.0009,-0.0037,9.8066,0.0052,0.0107,-0.0031,-0.25,-33.37,24.31,1.77,-79.77,-178.69,False
52.40248,-1.55797,163.71,0.0,2,262.44,27 / 27,167911,2019-09-08 12:06:39:641,-0.202,-1.8689,10.0709,-0.0002,-0.0046,9.8066,-0.0109,-0.002,0.0052,0.06,-33.44,24.69,1.77,-79.77,-178.67,False
52.40248,-1.55797,163.71,0.0,2,262.44,27 / 27,168011,2019-09-08 12:06:39:741,0.0158,-1.7257,10.0454,-0.0014,-0.0087,9.8065,0.0041,0.0047,-0.0075,-0.31,-33.62,24.81,1.9,-79.72,-178.59,False
52.40248,-1.55797,163.71,0.0,2,262.44,27 / 27,168110,2019-09-08 12:06:39:840,-0.0812,-1.4434,9.9421,-0.0008,-0.0066,9.8066,-0.0242,0.004,0.008,-0.56,-33.37,24.69,358.8,-79.72,-178.61,False
52.40248,-1.55797,163.71,0.0,2,262.44,29 / 29,168212,2019-09-08 12:06:39:942,-0.0686,-2.1463,9.8353,-0.0001,-0.0077,9.8066,-0.0346,-0.0098,0.004,-0.19,-33.75,24.56,2.02,-79.64,-178.51,False
52.40248,-1.55797,163.71,0.0,2,262.44,29 / 29,168311,2019-09-08 12:06:40:041,-0.1746,-1.9017,9.7108,-0.002,0.0127,9.8066,0.012,0.002,-0.0052,-0.5,-33.94,24.13,2.13,-79.59,-178.45,False
52.40248,-1.55797,163.71,0.0,2,262.44,29 / 29,168411,2019-09-08 12:06:40:141,-0.2297,-1.3413,9.6402,-0.0018,0.0014,9.8066,-0.0587,0.0089,0.0004,-0.37,-34.25,23.69,2.27,-79.58,-178.35,False
52.40248,-1.55797,163.71,0.0,2,262.44,29 / 29,168510,2019-09-08 12:06:40:240,0.0184,-1.9322,9.8596,0.0006,0.0183,9.8065,0.1041,-0.024,0.0014,-0.44,-33.12,24.31,2.22,-79.49,-178.37,False
52.40248,-1.55797,163.71,0.0,2,262.44,29 / 29,168611,2019-09-08 12:06:40:341,-0.278,-1.4105,9.737,0.0011,0.0174,9.8066,0.0717,-0.0216,0.0106,-0.31,-33.56,24.63,2.17,-79.46,-178.4,False
52.40248,-1.55797,163.71,0.0,2,262.44,29 / 29,168711,2019-09-08 12:06:40:441,-0.1802,-1.9429,10.0036,0.0036,-0.0155,9.8066,-0.0219,-0.0095,-0.008,-0.37,-33.69,23.81,2.26,-79.55,-178.36,False
52.40248,-1.55797,163.71,0.0,2,262.44,29 / 29,168811,2019-09-08 12:06:40:541,0.0458,-1.9657,9.9698,0.0056,-0.0199,9.8066,0.0012,0.0158,-0.0125,0.25,-33.69,24.25,1.71,-79.46,-178.76,False
52.40248,-1.55797,163.71,0.0,2,262.44,29 / 29,168911,2019-09-08 12:06:40:641,0.1579,-1.7606,10.2518,0.0021,-0.0057,9.8066,0.0031,0.0131,-0.0129,-0.56,-32.87,24.88,358.3,-79.44,-178.97,False
52.40248,-1.55797,163.71,0.0,2,262.44,29 / 29,169011,2019-09-08 12:06:40:741,0.3851,-2.4635,9.516,-0.001,0.0155,9.8066,0.0125,-0.0097,0.0099,-0.06,-33.5,24.69,1.29,-79.43,-179.04,False
52.40248,-1.55797,163.71,0.0,2,262.44,29 / 29,169111,2019-09-08 12:06:40:841,0.2548,-1.947,9.6003,-0.005,0.0124,9.8066,0.0532,-0.0349,0.0149,-0.81,-34.12,24.88,358.52,-79.35,-178.79,False
52.40248,-1.55797,163.71,0.0,2,262.44,29 / 29,169211,2019-09-08 12:06:40:941,-0.652,-0.8602,9.8195,0.0003,0.0048,9.8066,-0.0258,-0.0134,0.0177,-0.87,-34.12,24.06,358.83,-79.33,-178.46,False
52.40248,-1.55797,163.71,0.0,2,262.44,29 / 29,169311,2019-09-08 12:06:41:041,0.248,-2.1411,10.278,0.0017,-0.0136,9.8066,-0.0039,-0.057,0.0249,0.56,-33.56,24.19,5.44,-79.37,-178.46,False
52.40248,-1.55797,163.71,0.0,2,262.44,29 / 29,169411,2019-09-08 12:06:41:141,0.1626,-2.9948,9.9987,0.0042,-0.0104,9.8066,0.0339,0.0103,-0.0024,0.19,-33.19,24.81,1.9,-79.31,-178.6,False
52.40248,-1.55797,163.71,0.0,2,262.44,29 / 29,169511,2019-09-08 12:06:41:241,0.2815,-2.1368,10.0571,0.0053,-0.0185,9.8066,-0.0869,-0.0379,0.0204,-0.5,-33.75,24.94,1.7,-79.31,-178.76,False
52.40248,-1.55797,163.71,0.0,2,262.44,29 / 29,169610,2019-09-08 12:06:41:340,-0.5595,-1.9285,10.0715,-0.0037,-0.0253,9.8066,-0.0878,0.0048,0.0152,-0.62,-33.87,24.94,358.56,-79.15,-178.76,False
52.40248,-1.55797,163.71,0.0,2,262.44,29 / 29,169710,2019-09-08 12:06:41:440,-0.4895,-1.9132,9.8983,-0.0055,0.0105,9.8066,0.0191,-0.0101,0.0079,0.0,-33.81,24.88,1.98,-79.15,-178.56,False
52.40248,-1.55797,163.71,0.0,2,262.44,29 / 29,169811,2019-09-08 12:06:41:541,-0.497,-0.6918,9.8861,-0.0003,0.0153,9.8066,0.0147,0.0127,-0.0012,0.19,-34.25,24.69,2.33,-79.18,-178.3,False
52.40248,-1.55797,163.71,0.0,2,262.44,29 / 29,169910,2019-09-08 12:06:41:640,0.144,-1.5601,9.7339,0.0025,0.0012,9.8066,-0.0168,0.005,0.0003,-0.31,-33.25,24.25,2.21,-79.27,-178.4,False
52.40248,-1.55797,163.71,0.0,2,262.44,29 / 29,170011,2019-09-08 12:06:41:741,-0.2568,-0.3908,9.985,-0.0005,0.0033,9.8065,-0.006,-0.0193,0.0046,-0.06,-33.75,24.75,2.0,-79.22,-178.54,False
52.40248,-1.55797,163.71,0.0,2,262.44,29 / 29,170111,2019-09-08 12:06:41:841,0.1211,-1.0403,9.9805,-0.0005,-0.0031,9.8066,0.0566,0.0008,0.0102,-0.25,-33.87,24.75,1.83,-79.22,-178.67,False
52.40248,-1.55797,163.71,0.0,2,262.44,30 / 30,170211,2019-09-08 12:06:41:941,-0.0833,-0.8292,9.9346,-0.0064,0.0037,9.8066,0.079,-0.0091,0.0082,0.31,-34.31,24.44,2.37,-79.17,-178.3,False
52.40248,-1.55797,163.71,0.0,2,262.44,30 / 30,170311,2019-09-08 12:06:42:041,-0.4082,-1.2503,9.7054,0.0023,-0.0078,9.8066,0.0488,0.0115,-0.0071,-0.06,-33.62,24.75,2.54,-79.08,-178.16,False
52.40248,-1.55797,163.71,0.0,2,262.44,30 / 30,170411,2019-09-08 12:06:42:141,-0.2776,-1.8797,10.2123,-0.0077,0.0076,9.8065,0.1117,0.0156,0.0086,-0.56,-33.44,25.13,359.13,-78.96,-178.34,False
52.40248,-1.55797,163.71,0.0,2,262.44,30 / 30,170511,2019-09-08 12:06:42:241,0.0663,-1.4189,10.0987,-0.0042,-0.0325,9.8065,-0.0279,-0.0031,0.0231,-0.31,-33.75,25.69,2.89,-79.0,-177.88,False
52.40248,-1.55797,163.71,0.0,2,262.44,30 / 30,170611,2019-09-08 12:06:42:341,-0.2296,-1.2291,10.3507,-0.0025,-0.0059,9.8066,0.0202,-0.0041,0.0108,-0.12,-34.0,24.75,3.42,-78.82,-177.55,False
52.40248,-1.55797,163.71,0.0,2,262.44,30 / 30,170711,2019-09-08 12:06:42:441,0.1317,-1.1993,9.7812,-0.0004,0.0017,9.8066,0.0158,-0.0215,0.0137,-0.69,-33.62,24.31,0.22,-78.75,-177.46,False
52.40248,-1.55797,163.71,0.0,2,262.44,30 / 30,170810,2019-09-08 12:06:42:540,-0.3986,-1.7629,10.1327,-0.0033,-0.0181,9.8066,-0.0565,0.0127,-0.0246,-1.0,-34.06,24.94,0.7,-78.66,-177.21,False
52.40248,-1.55797,163.71,0.0,2,262.44,30 / 30,170911,2019-09-08 12:06:42:641,-0.7116,-1.073,9.8943,-0.0118,0.0108,9.8066,0.1073,0.0043,0.0146,0.19,-33.87,24.94,3.45,-78.71,-177.54,False
52.40248,-1.55797,163.71,0.0,2,262.44,30 / 30,171011,2019-09-08 12:06:42:741,-0.6912,-2.1102,10.2692,-0.0084,0.0064,9.8066,0.0877,-0.0251,0.0257,-0.19,-33.62,24.5,4.16,-78.64,-177.03,False
52.40248,-1.55797,163.71,0.0,2,262.44,30 / 30,171111,2019-09-08 12:06:42:841,-0.3432,-1.6215,10.3154,-0.007,0.0149,9.8066,-0.0558,-0.0098,0.0079,-0.69,-33.44,25.06,1.78,-78.69,-176.42,False
52.40248,-1.55797,163.71,0.0,2,262.44,30 / 30,171210,2019-09-08 12:06:42:940,-0.4883,-1.1276,10.4822,0.0015,-0.0256,9.8066,0.0335,-0.0419,0.0489,-0.94,-33.5,24.88,1.73,-78.48,-176.47,False
52.402466,-1.558103,163.63,5.5,2,260.1,30 / 30,171311,2019-09-08 12:06:43:041,0.0441,-1.1276,9.9395,-0.0034,-0.0004,9.8066,-0.0174,-0.0124,0.0486,-0.75,-34.62,24.56,2.03,-78.57,-176.28,False
52.402466,-1.558103,163.63,5.5,2,260.1,30 / 30,171410,2019-09-08 12:06:43:140,-0.8404,-1.1762,9.7111,-0.0033,-0.0016,9.8066,-0.0615,-0.0441,0.0205,-0.44,-33.69,24.31,6.43,-78.6,-175.49,False
52.402466,-1.558103,163.63,5.5,2,260.1,30 / 30,171511,2019-09-08 12:06:43:241,-0.5031,-1.1697,9.9962,-0.0025,-0.0006,9.8066,-0.0154,-0.0539,0.0402,-0.44,-33.81,24.75,6.54,-78.63,-175.34,False
52.402466,-1.558103,163.63,5.5,2,260.1,30 / 30,171610,2019-09-08 12:06:43:340,-0.1061,-1.5517,9.9803,0.0029,0.0094,9.8066,0.0029,-0.0578,0.0258,-0.62,-34.0,24.5,4.09,-78.62,-174.8,False
52.402466,-1.558103,163.63,5.5,2,260.1,30 / 30,171710,2019-09-08 12:06:43:440,-0.2773,-1.0698,10.1118,0.002,0.0173,9.8066,0.048,-0.061,0.0231,-0.87,-34.06,23.88,3.75,-78.77,-174.97,False
52.402466,-1.558103,163.63,5.5,2,260.1,30 / 30,171811,2019-09-08 12:06:43:541,-0.3977,-0.5672,9.9695,-0.0041,-0.0035,9.8066,0.037,0.0119,0.0045,-0.81,-33.69,24.63,4.25,-78.67,-174.68,False
52.402466,-1.558103,163.63,5.5,2,260.1,30 / 30,171911,2019-09-08 12:06:43:641,-0.1719,-0.9779,9.5481,-0.011,0.0,9.8066,0.0105,-0.0117,0.0362,-0.56,-34.44,24.19,4.41,-78.59,-174.53,False
52.402466,-1.558103,163.63,5.5,2,260.1,30 / 30,172011,2019-09-08 12:06:43:741,-0.3394,-0.9382,10.0347,-0.0025,-0.0331,9.8065,0.0126,-0.075,0.0434,-0.75,-33.81,24.38,5.51,-78.63,-173.75,False
52.402466,-1.558103,163.63,5.5,2,260.1,30 / 30,172111,2019-09-08 12:06:43:841,-0.1239,-0.8461,10.3311,-0.0052,0.0081,9.8066,0.1043,-0.0068,0.0153,-0.87,-34.0,24.5,6.13,-78.43,-173.37,False
52.402466,-1.558103,163.63,5.5,2,260.1,30 / 30,172210,2019-09-08 12:06:43:940,-0.0849,-0.5547,10.5634,0.0018,-0.0278,9.8065,-0.1183,-0.1238,0.0428,-0.37,-33.56,24.19,9.94,-78.42,-173.07,False
52.402466,-1.558103,163.63,5.5,2,260.1,30 / 30,172311,2019-09-08 12:06:44:041,-0.2657,-0.349,9.5786,0.0031,-0.04,9.8065,-0.1078,-0.0407,0.0217,-0.75,-34.19,24.19,6.45,-78.28,-173.15,False
52.402466,-1.558103,163.63,5.5,2,260.1,30 / 30,172411,2019-09-08 12:06:44:141,-0.7198,-0.387,9.8763,-0.0048,-0.0161,9.8066,0.0102,-0.0602,0.0105,-0.62,-34.87,23.19,6.82,-78.33,-172.92,False
52.402466,-1.558103,163.63,5.5,2,260.1,30 / 30,172511,2019-09-08 12:06:44:241,-1.1495,-0.5383,9.7722,-0.0038,0.0023,9.8066,-0.0314,-0.0581,0.0282,-0.62,-34.19,23.88,7.54,-78.26,-172.4,False
52.402466,-1.558103,163.63,5.5,2,260.1,30 / 30,172611,2019-09-08 12:06:44:341,-1.0378,-0.0911,10.2819,-0.0026,-0.0102,9.8066,0.0478,-0.0842,0.0207,-0.87,-34.81,23.88,7.54,-78.24,-172.46,False
52.402466,-1.558103,163.63,5.5,2,260.1,30 / 30,172711,2019-09-08 12:06:44:441,-0.7809,0.0753,10.1369,-0.0077,0.0145,9.8066,0.0948,-0.133,0.0448,-0.69,-34.56,23.25,7.98,-78.22,-172.16,False
52.402466,-1.558103,163.63,5.5,2,260.1,30 / 30,172811,2019-09-08 12:06:44:541,-0.3998,0.1044,9.5897,-0.0101,-0.0297,9.8066,0.0649,-0.1535,0.0678,-0.75,-34.44,23.69,8.5,-78.18,-171.75,False
52.402466,-1.558103,163.63,5.5,2,260.1,30 / 30,172911,2019-09-08 12:06:44:641,-0.5133,-0.5456,10.3258,0.0087,-0.016,9.8066,0.0855,-0.1012,0.0147,-1.31,-34.62,23.31,9.2,-77.98,-171.41,False
52.402466,-1.558103,163.63,5.5,2,260.1,30 / 30,173011,2019-09-08 12:06:44:741,-0.6972,-0.0185,10.3659,-0.0153,0.0121,9.8065,-0.11,-0.0928,0.0366,-0.94,-34.12,23.69,9.63,-78.08,-170.99,False
52.402466,-1.558103,163.63,5.5,2,260.1,30 / 30,173111,2019-09-08 12:06:44:841,-0.4365,-0.9506,10.3216,0.0072,-0.0252,9.8065,-0.0542,-0.0871,0.0431,-1.06,-35.06,22.81,10.68,-78.02,-170.42,False
52.402466,-1.558103,163.63,5.5,2,260.1,30 / 30,173211,2019-09-08 12:06:44:941,-1.6417,-0.5835,9.7582,-0.0104,0.0244,9.8066,-0.0555,-0.0229,-0.0243,-0.94,-34.75,22.88,10.71,-77.87,-170.44,False
52.402466,-1.558103,163.63,5.5,2,260.1,30 / 30,173311,2019-09-08 12:06:45:041,-0.6429,-0.3617,9.4617,-0.0053,0.0067,9.8066,0.1066,-0.1522,0.0148,-0.81,-34.44,23.25,11.23,-77.98,-169.96,False
52.402466,-1.558103,163.63,5.5,2,260.1,30 / 30,173410,2019-09-08 12:06:45:140,-0.9715,-0.4347,9.6157,0.0027,0.0268,9.8065,-0.0382,-0.0846,0.0327,-1.25,-35.06,22.63,11.78,-77.84,-169.74,False
52.402466,-1.558103,163.63,5.5,2,260.1,30 / 30,173511,2019-09-08 12:06:45:241,-0.984,-1.3033,10.8337,0.0011,0.0406,9.8066,0.0929,-0.1063,-0.0184,-0.94,-34.0,22.0,11.56,-78.03,-169.76,False
52.402466,-1.558103,163.63,5.5,2,260.1,30 / 30,173610,2019-09-08 12:06:45:340,-0.4233,-1.6709,10.3593,0.0001,-0.0522,9.8065,0.0768,-0.0637,0.0426,-1.44,-35.44,22.38,11.9,-77.96,-169.67,False
52.402466,-1.558103,163.63,5.5,2,260.1,30 / 30,173711,2019-09-08 12:06:45:441,-1.0849,-0.7593,9.9124,-0.009,-0.0437,9.8065,-0.0584,-0.0971,0.0368,-1.12,-35.44,21.69,11.99,-77.84,-169.66,False
52.402466,-1.558103,163.63,5.5,2,260.1,30 / 30,173811,2019-09-08 12:06:45:541,-1.7906,-0.9211,8.4977,-0.0172,0.0371,9.8065,-0.0813,-0.1417,0.1036,-1.37,-35.0,22.06,13.44,-77.56,-168.83,False
52.402466,-1.558103,163.63,5.5,2,260.1,30 / 30,173913,2019-09-08 12:06:45:643,-3.518,-0.2374,9.2316,-0.0174,0.0477,9.8064,0.1035,0.0398,0.0176,-1.56,-35.62,21.5,11.7,-77.79,-167.37,False
52.402466,-1.558103,163.63,5.5,2,260.1,30 / 30,174011,2019-09-08 12:06:45:741,-5.5836,-4.4901,12.5985,-0.0303,-0.1177,9.8058,-0.1053,-0.2809,0.1269,-1.12,-34.5,21.31,16.64,-78.09,-166.47,False
52.402466,-1.558103,163.63,5.5,2,260.1,30 / 30,174111,2019-09-08 12:06:45:841,0.074,0.1804,11.1048,0.0285,-0.2629,9.8031,-0.355,0.016,0.204,-2.0,-34.56,21.56,8.84,-75.0,-169.88,False
52.402466,-1.558103,163.63,5.5,2,260.1,30 / 30,174211,2019-09-08 12:06:45:941,-1.3885,-0.9536,9.4712,-0.0064,-0.1736,9.805,0.3767,-0.0912,-0.0322,-1.81,-33.37,22.19,10.34,-75.61,-168.61,False
52.402466,-1.558103,163.63,5.5,2,260.1,30 / 30,174311,2019-09-08 12:06:46:041,-3.4215,0.2535,8.1053,-0.042,-0.245,9.8034,1.0945,-0.3099,-0.0344,-2.0,-31.87,23.81,8.34,-73.34,-170.41,False
52.402466,-1.558103,163.63,5.5,2,260.1,30 / 30,174411,2019-09-08 12:06:46:141,-1.9604,-1.7735,8.1356,0.019,-0.5772,9.7896,1.6001,-0.1977,0.0974,-2.31,-28.81,25.63,5.35,-69.51,-172.67,False
52.402466,-1.558103,163.63,5.5,2,260.1,30 / 30,174511,2019-09-08 12:06:46:241,0.5905,-5.3343,2.4988,0.3936,-1.8212,9.6279,5.806,-1.3078,-0.901,-0.12,-14.81,30.06,4.21,-55.78,-177.7,False
52.402466,-1.558103,163.63,5.5,2,260.1,30 / 30,174610,2019-09-08 12:06:46:340,11.1953,-31.9607,9.6798,0.7295,-2.1269,9.5453,13.692,4.5591,-0.5376,-0.56,4.63,20.56,338.48,-19.01,170.36,False
52.402466,-1.558103,163.63,5.5,2,260.1,30 / 30,174711,2019-09-08 12:06:46:441,0.5618,1.6744,4.2221,1.52,2.5598,9.3438,4.2025,-1.7719,-1.4885,-1.94,-27.37,-23.75,214.67,37.69,-173.27,False
52.402466,-1.558103,163.63,5.5,2,260.1,30 / 30,174811,2019-09-08 12:06:46:541,-1.8479,-0.0345,2.4672,0.0669,-1.8973,9.6211,3.2673,0.4431,-3.0156,-9.0,1.88,-48.06,323.95,74.83,-155.16,False
52.402466,-1.558103,163.63,5.5,2,260.1,30 / 30,174911,2019-09-08 12:06:46:641,-0.2706,-2.6242,0.6053,-1.5134,-0.9501,9.6424,2.3231,1.8287,-3.7952,-11.56,29.38,-29.31,273.36,66.27,-92.23,False
52.402466,-1.558103,163.63,5.5,2,260.1,30 / 30,175011,2019-09-08 12:06:46:741,-17.9018,2.019,41.0555,-1.3802,2.0958,9.4801,1.5818,-2.0682,10.1022,-18.87,30.38,-9.25,325.86,47.9,-73.36,False
52.402466,-1.558103,163.63,5.5,2,260.1,30 / 30,175111,2019-09-08 12:06:46:841,-1.5473,-1.3463,20.505,1.1685,-0.6801,9.713,-2.0292,-0.426,-3.9108,2.75,36.94,14.63,19.36,78.75,-39.34,False
52.402466,-1.558103,163.63,5.5,2,260.1,29 / 29,175211,2019-09-08 12:06:46:941,3.0021,-2.8325,4.1236,-0.0789,0.9564,9.7596,0.438,-0.4227,-0.2449,-0.81,36.69,10.63,34.28,66.48,-77.41,False
52.402466,-1.558103,163.63,5.5,2,260.1,29 / 29,175311,2019-09-08 12:06:47:041,0.8271,2.6746,7.4332,0.2906,1.0014,9.751,0.4118,0.5565,-0.5054,-8.19,36.19,10.25,47.81,63.73,-83.41,False
52.402466,-1.558103,163.63,5.5,2,260.1,29 / 29,175411,2019-09-08 12:06:47:141,0.8617,1.0656,11.1949,0.457,0.3758,9.7888,0.5896,0.1313,-1.783,-13.25,35.69,6.25,35.87,53.94,-77.57,False
52.402466,-1.558103,163.63,5.5,2,260.1,29 / 29,175511,2019-09-08 12:06:47:241,-0.2637,-7.6787,7.7601,-0.7057,0.6139,9.7618,0.889,-0.0638,0.1546,-16.75,34.63,-3.44,11.48,47.34,-72.47,False
52.402466,-1.558103,163.63,5.5,2,260.1,29 / 29,175611,2019-09-08 12:06:47:341,1.4067,-5.5047,6.7497,-0.2229,-0.749,9.7754,-1.6413,-0.1156,3.4098,-11.87,36.94,-1.25,12.88,44.68,-64.81,False
52.402466,-1.558103,163.63,5.5,2,260.1,29 / 29,175711,2019-09-08 12:06:47:441,-4.271,-2.6181,14.3126,0.3925,0.1224,9.7979,-0.6221,-0.3389,-1.1102,-5.69,35.75,11.63,42.71,62.87,-73.6,False
52.402466,-1.558103,163.63,5.5,2,260.1,29 / 29,175810,2019-09-08 12:06:47:540,-3.1736,2.8505,13.2302,0.1913,0.1685,9.8033,0.0874,-0.5005,-2.3307,-9.12,34.94,10.44,41.28,57.24,-78.27,False
52.402466,-1.558103,163.63,5.5,2,260.1,29 / 29,175910,2019-09-08 12:06:47:640,1.7118,-1.667,6.1625,-0.1146,-0.3785,9.7986,-1.7117,0.7757,1.184,-13.56,34.56,5.81,31.01,46.46,-76.01,False
52.402466,-1.558103,163.63,5.5,2,260.1,29 / 29,176011,2019-09-08 12:06:47:741,-2.9116,-0.1228,14.8088,-0.164,-0.2409,9.8022,-0.5936,1.1225,1.0604,-9.56,34.38,8.19,35.41,53.17,-78.76,False
52.402466,-1.558103,163.63,5.5,2,260.1,29 / 29,176110,2019-09-08 12:06:47:840,-0.0384,0.5845,11.3679,-0.6211,0.0884,9.7864,1.1339,1.2809,-0.0208,-9.0,36.0,1.94,21.33,56.08,-66.46,False
52.402466,-1.558103,163.63,5.5,2,260.1,24 / 25,176211,2019-09-08 12:06:47:941,0.266,-1.8296,9.0304,-0.5023,0.0897,9.7933,0.529,0.8691,0.4712,-8.0,37.0,-7.37,355.92,55.17,-53.6,False
52.402466,-1.558103,163.63,5.5,2,260.1,24 / 25,176311,2019-09-08 12:06:48:041,0.927,-0.3807,8.4389,-0.4172,0.045,9.7976,0.3595,0.7463,0.0822,-5.81,36.94,-13.0,340.73,53.59,-40.14,False
52.402466,-1.558103,163.63,5.5,2,260.1,24 / 25,176411,2019-09-08 12:06:48:141,0.4092,0.3485,9.8626,-0.1435,-0.1372,9.8046,-0.0039,0.5225,0.2825,-2.37,35.44,-15.06,328.21,52.65,-32.63,False
52.402466,-1.558103,163.63,5.5,2,260.1,24 / 25,176510,2019-09-08 12:06:48:240,1.8074,0.1054,9.9157,0.9193,0.064,9.7631,-0.2662,0.3285,-0.0482,-0.5,35.88,-14.87,326.35,53.36,-29.12,False
52.402466,-1.558103,163.63,5.5,2,260.1,24 / 25,176611,2019-09-08 12:06:48:341,-0.7687,-0.8702,10.3865,-0.005,-0.2355,9.8037,-0.47,0.3724,0.2856,0.56,36.31,-13.06,321.58,57.69,-38.24,False
52.402466,-1.558103,163.63,5.5,2,260.1,24 / 25,176711,2019-09-08 12:06:48:441,0.6237,-0.3797,10.3638,-0.0761,-0.2374,9.8034,0.0637,0.4369,0.2566,1.5,37.25,-11.81,320.47,61.0,-35.39,False
52.402466,-1.558103,163.63,5.5,2,260.1,24 / 25,176811,2019-09-08 12:06:48:541,-0.2586,-0.6347,9.7417,-0.0777,-0.0535,9.8061,0.054,0.3256,-0.0792,2.19,36.81,-11.06,323.45,62.02,-30.88,False
52.402466,-1.558103,163.63,5.5,2,260.1,24 / 25,176911,2019-09-08 12:06:48:641,-0.2023,0.6499,10.1034,-0.0739,0.0804,9.806,0.0985,0.0928,-0.2212,1.63,36.25,-12.81,315.27,61.39,-28.67,False
52.402466,-1.558103,163.63,5.5,2,260.1,24 / 25,177011,2019-09-08 12:06:48:741,-0.3647,-0.9508,9.3952,-0.1032,-0.0869,9.8056,-0.1222,0.5382,0.297,2.06,36.5,-12.25,323.45,60.37,-27.26,False
52.402466,-1.558103,163.63,5.5,2,260.1,24 / 25,177111,2019-09-08 12:06:48:841,0.1009,0.5848,10.5535,-0.1008,0.0176,9.806,0.3201,0.1185,-0.0819,3.56,36.69,-12.37,317.37,61.75,-24.37,False
52.402466,-1.558103,163.63,5.5,2,260.1,28 / 30,177210,2019-09-08 12:06:48:940,-0.4715,0.3207,10.8095,-0.1202,-0.0045,9.8059,0.6892,0.394,0.2493,3.63,36.25,-14.56,307.26,60.24,-22.2,False
52.402466,-1.558103,163.63,5.5,2,260.1,28 / 30,177313,2019-09-08 12:06:49:043,0.5048,0.8509,14.0011,-0.5851,0.0997,9.7886,2.0489,0.4177,-1.0639,5.25,33.69,-19.75,287.37,57.64,-17.72,False
52.402466,-1.558103,163.63,5.5,2,260.1,28 / 30,177411,2019-09-08 12:06:49:141,-0.3793,0.9395,10.7952,-1.3245,-0.5367,9.7019,3.8009,-0.3198,-1.563,2.69,24.19,-31.44,244.87,48.53,-17.17,False
52.402466,-1.558103,163.63,5.5,2,260.1,28 / 30,177511,2019-09-08 12:06:49:241,-0.0578,-1.1698,10.39,-1.0555,-0.8413,9.7132,3.2326,0.7091,-1.6384,3.06,0.69,-38.56,235.53,20.18,-20.49,False
52.402466,-1.558103,163.63,5.5,2,260.1,28 / 30,177610,2019-09-08 12:06:49:340,-2.1554,-0.418,7.6606,-0.8305,-0.9707,9.723,2.0134,0.5519,-1.0384,6.06,-12.69,-30.12,231.43,-3.26,-16.67,False
52.402466,-1.558103,163.63,5.5,2,260.1,28 / 30,177711,2019-09-08 12:06:49:441,-1.6688,-0.4326,10.1542,-0.203,-0.7111,9.7787,2.126,0.3948,-1.2173,5.06,-16.62,-19.94,215.58,-10.86,-13.33,False
52.402466,-1.558103,163.63,5.5,2,260.1,28 / 30,177811,2019-09-08 12:06:49:541,-0.0441,-1.3476,9.7796,-0.1183,-0.8467,9.7692,2.3307,0.3864,-0.445,2.94,-19.69,-13.31,200.49,-24.8,-8.25,False
52.402466,-1.558103,163.63,5.5,2,260.1,28 / 30,177911,2019-09-08 12:06:49:641,0.6963,3.3353,11.2318,-0.0019,-0.3873,9.7989,2.2597,-0.3788,-0.4952,-0.87,-21.37,-10.94,182.88,-34.09,-8.12,False
52.402466,-1.558103,163.63,5.5,2,260.1,28 / 30,178011,2019-09-08 12:06:49:741,-0.1744,1.2584,7.8702,-0.05,-1.3724,9.7099,3.8585,-0.0872,0.6116,-3.19,-25.0,-5.87,171.77,-42.58,-8.88,False
52.402466,-1.558103,163.63,5.5,2,260.1,28 / 30,178111,2019-09-08 12:06:49:841,-0.4863,0.1992,9.6904,0.702,-1.3256,9.6911,2.5686,0.6618,-2.4047,-6.94,-27.94,4.81,144.9,-66.98,-27.14,False
52.402466,-1.558103,163.63,5.5,2,260.1,28 / 29,178213,2019-09-08 12:06:49:943,6.5559,3.6358,14.0763,1.0853,-1.1758,9.6752,2.9028,1.3909,-1.2917,-5.75,-28.62,10.88,301.61,-86.41,157.36,False
52.402466,-1.558103,163.63,5.5,2,260.1,28 / 29,178311,2019-09-08 12:06:50:041,-0.9219,0.2984,8.0264,0.1804,-0.7142,9.7789,2.2452,-0.1184,0.7683,-8.37,-31.62,11.44,287.81,-80.9,165.05,False
52.402466,-1.558103,163.63,5.5,2,260.1,28 / 29,178411,2019-09-08 12:06:50:141,1.7089,-3.2193,10.2614,0.6529,-0.4257,9.7756,1.3973,0.2968,0.4973,-12.0,-31.44,19.69,305.01,-68.39,-177.18,False
52.402466,-1.558103,163.63,5.5,2,260.1,28 / 29,178511,2019-09-08 12:06:50:241,0.009,-0.6291,9.4047,-0.0526,0.3181,9.8013,-0.9111,0.0086,-0.8205,-12.44,-34.69,20.94,301.5,-64.14,-170.56,False
52.402466,-1.558103,163.63,5.5,2,260.1,28 / 29,178611,2019-09-08 12:06:50:341,-2.0062,-0.5221,8.0989,-0.2859,-0.1764,9.8008,-0.364,-0.4285,1.3222,-11.37,-37.75,19.69,294.54,-67.22,-176.06,False
52.402466,-1.558103,163.63,5.5,2,260.1,28 / 29,178711,2019-09-08 12:06:50:441,-0.5777,-1.1568,10.2285,-0.1468,-0.0944,9.8051,-0.6287,0.5552,0.564,-11.94,-39.31,18.13,296.49,-67.63,-167.21,False
52.402466,-1.558103,163.63,5.5,2,260.1,28 / 29,178811,2019-09-08 12:06:50:541,-0.5477,0.9066,6.8146,-0.3062,-0.0789,9.8015,-0.5337,0.5501,-0.48,-12.5,-40.37,13.94,304.27,-70.75,-155.67,False
52.402466,-1.558103,163.63,5.5,2,260.1,28 / 29,178911,2019-09-08 12:06:50:641,0.371,-1.9302,10.8712,-0.2477,-0.4343,9.7938,-0.6385,0.3087,0.4141,-15.44,-40.5,10.31,302.76,-72.78,-144.95,False
52.402466,-1.558103,163.63,5.5,2,260.1,28 / 29,179010,2019-09-08 12:06:50:740,-1.2307,-2.5388,11.2685,-0.037,-0.0156,9.8065,-0.5345,0.6519,-0.782,-16.37,-39.19,7.31,312.79,-72.54,-129.23,False
52.402466,-1.558103,163.63,5.5,2,260.1,28 / 29,179110,2019-09-08 12:06:50:840,-1.3136,1.5749,9.9235,0.1071,0.3147,9.801,0.1119,-0.264,0.4173,-14.87,-40.75,6.5,312.89,-75.88,-134.5,False
52.402466,-1.558103,163.63,5.5,2,260.1,29 / 29,179211,2019-09-08 12:06:50:941,0.2256,-0.3423,10.3361,0.0415,0.2488,9.8033,0.1473,-0.0743,-0.6147,-13.87,-39.75,6.19,302.19,-75.23,-134.66,False
52.402466,-1.558103,163.63,5.5,2,260.1,29 / 29,179311,2019-09-08 12:06:51:041,1.9576,0.7513,10.0102,0.1619,-0.0358,9.8052,0.4262,-0.5492,0.5089,-13.87,-39.81,6.56,295.48,-75.35,-143.54,False
52.402466,-1.558103,163.63,5.5,2,260.1,29 / 29,179410,2019-09-08 12:06:51:140,-2.2447,-2.021,12.3568,0.2303,-0.2657,9.8003,0.065,-0.666,0.0654,-16.37,-37.69,7.94,291.32,-70.75,-140.83,False
52.402466,-1.558103,163.63,5.5,2,260.1,29 / 29,179510,2019-09-08 12:06:51:240,-2.7961,0.4096,7.8974,-0.373,-0.236,9.7967,-0.0366,0.178,0.2774,-16.25,-38.37,6.56,279.33,-70.53,-144.49,False
52.402466,-1.558103,163.63,5.5,2,260.1,29 / 29,179611,2019-09-08 12:06:51:341,1.0069,-1.8146,10.2342,0.2017,-0.0529,9.8044,0.4346,-0.3848,0.4158,-17.44,-37.19,7.0,292.5,-70.32,-137.41,False
52.402466,-1.558103,163.63,5.5,2,260.1,29 / 29,179710,2019-09-08 12:06:51:440,-1.1419,-0.7241,7.7303,-0.2385,-0.2083,9.8015,-0.4758,0.1007,0.0097,-18.06,-37.37,5.56,281.31,-68.83,-138.74,False
52.402466,-1.558103,163.63,5.5,2,260.1,29 / 29,179811,2019-09-08 12:06:51:541,-0.3689,-1.3097,10.3449,0.0798,0.0057,9.8062,0.0193,-0.2697,0.072,-18.56,-37.56,5.44,290.48,-70.31,-133.07,False
52.402466,-1.558103,163.63,5.5,2,260.1,29 / 29,179911,2019-09-08 12:06:51:641,-0.6171,-2.1742,9.1762,-0.071,0.0052,9.8063,0.5146,-0.0553,-0.1103,-18.44,-37.25,4.94,288.3,-70.18,-133.82,False
52.402466,-1.558103,163.63,5.5,2,260.1,29 / 29,180011,2019-09-08 12:06:51:741,-1.9007,-1.0827,8.563,-0.073,-0.0652,9.8061,-0.3062,-0.0986,-0.009,-18.69,-37.5,5.25,288.05,-69.78,-134.65,False
52.402466,-1.558103,163.63,5.5,2,260.1,29 / 29,180111,2019-09-08 12:06:51:841,0.304,-0.3214,10.6841,-0.0498,-0.0152,9.8065,-0.1995,-0.2772,-0.1053,-18.69,-37.37,4.81,285.65,-69.28,-135.03,False
52.402664,-1.559051,163.21,9.73,6,337.91,28 / 29,180211,2019-09-08 12:06:51:941,0.0045,-1.7533,11.2451,0.05,0.0537,9.8063,0.1752,-0.3416,-0.0104,-18.69,-37.37,5.25,288.62,-69.86,-134.45,False
52.402664,-1.559051,163.21,9.73,6,337.91,28 / 29,180311,2019-09-08 12:06:52:041,1.6817,0.2251,11.7028,0.2159,0.0819,9.8039,0.1114,-0.2621,0.084,-19.06,-37.5,5.94,292.95,-70.29,-135.95,False
52.402664,-1.559051,163.21,9.73,6,337.91,28 / 29,180411,2019-09-08 12:06:52:141,-0.3775,-0.5577,10.515,0.0289,-0.0039,9.8066,0.0158,-0.1557,-0.0228,-19.87,-37.44,5.44,282.97,-69.13,-138.54,False
52.402664,-1.559051,163.21,9.73,6,337.91,28 / 29,180511,2019-09-08 12:06:52:241,0.0325,-1.0698,9.998,-0.0293,0.0035,9.8065,0.032,-0.1578,-0.0481,-20.06,-36.87,5.38,283.09,-69.06,-138.25,False
52.402664,-1.559051,163.21,9.73,6,337.91,28 / 29,180611,2019-09-08 12:06:52:341,0.0538,-0.533,9.8604,-0.0288,0.0129,9.8066,-0.1319,-0.1615,-0.0365,-20.44,-37.37,5.44,284.2,-69.5,-138.54,False
52.402664,-1.559051,163.21,9.73,6,337.91,28 / 29,180711,2019-09-08 12:06:52:441,-0.4127,-0.0328,10.1666,-0.0253,0.0188,9.8065,-0.1519,-0.2785,-0.073,-19.81,-37.5,5.13,282.89,-69.45,-139.48,False
52.402664,-1.559051,163.21,9.73,6,337.91,28 / 29,180810,2019-09-08 12:06:52:540,-0.1507,-1.6754,10.1679,-0.0037,0.0251,9.8065,-0.067,-0.296,0.0723,-19.87,-37.5,4.69,283.44,-69.93,-140.3,False
52.402664,-1.559051,163.21,9.73,6,337.91,28 / 29,180910,2019-09-08 12:06:52:640,-0.7022,-1.3308,10.0018,-0.0195,-0.0052,9.8066,0.1421,-0.0569,-0.0571,-20.56,-37.44,4.75,284.46,-69.93,-140.9,False
52.402664,-1.559051,163.21,9.73,6,337.91,28 / 29,181011,2019-09-08 12:06:52:741,-1.4825,-0.1731,9.6718,-0.1151,0.0728,9.8056,-0.3404,0.2157,-0.4957,-19.81,-38.56,3.88,276.1,-70.03,-141.17,False
52.402664,-1.559051,163.21,9.73,6,337.91,28 / 29,181111,2019-09-08 12:06:52:841,-4.5136,-0.8642,8.4926,-0.4094,-0.0491,9.7979,-0.2936,0.1108,0.7934,-18.0,-40.19,0.13,264.95,-73.35,-143.85,False
52.402664,-1.559051,163.21,9.73,6,337.91,29 / 30,181210,2019-09-08 12:06:52:940,-0.9175,2.1334,9.8965,0.3289,0.0204,9.801,0.6798,-0.5198,0.2233,-18.0,-39.62,1.88,272.12,-73.19,-142.32,False
52.402664,-1.559051,163.21,9.73,6,337.91,29 / 30,181311,2019-09-08 12:06:53:041,-0.7417,0.0902,10.7203,-0.1478,-0.0459,9.8054,-0.5175,-0.0886,0.3638,-21.44,-37.44,3.69,279.27,-69.01,-140.02,False
52.402664,-1.559051,163.21,9.73,6,337.91,29 / 30,181411,2019-09-08 12:06:53:141,-2.5438,-0.0148,9.7343,0.2595,0.0455,9.8031,-0.1184,-0.6661,0.591,-23.12,-36.5,4.5,289.45,-68.81,-137.84,False
52.402664,-1.559051,163.21,9.73,6,337.91,29 / 30,181511,2019-09-08 12:06:53:241,-0.9653,-0.0813,9.7329,0.1036,0.022,9.806,0.3969,-0.3015,0.234,-24.12,-36.19,6.81,292.94,-67.79,-139.37,False
52.402664,-1.559051,163.21,9.73,6,337.91,29 / 30,181611,2019-09-08 12:06:53:341,-0.5538,0.1008,11.2214,-0.0771,0.0671,9.806,0.1319,-0.0642,-0.4024,-23.25,-36.06,6.81,286.49,-66.75,-141.31,False
52.402664,-1.559051,163.21,9.73,6,337.91,29 / 30,181710,2019-09-08 12:06:53:440,-0.2617,-0.5703,10.5024,0.0127,0.0648,9.8064,-0.2916,0.8968,-0.4805,-22.31,-37.5,5.06,282.27,-69.14,-142.21,False
52.402664,-1.559051,163.21,9.73,6,337.91,29 / 30,181811,2019-09-08 12:06:53:541,0.5489,1.0584,9.8575,-0.3085,0.144,9.8007,-0.0426,2.3626,-1.7379,-18.12,-39.06,1.0,263.83,-72.26,-146.21,False
52.402664,-1.559051,163.21,9.73,6,337.91,29 / 30,181910,2019-09-08 12:06:53:640,-1.2383,1.37,10.6852,-0.1045,-0.0059,9.8061,-0.198,-0.8855,0.3533,-14.94,-40.06,-0.56,249.81,-74.52,-153.55,False
52.402664,-1.559051,163.21,9.73,6,337.91,29 / 30,182010,2019-09-08 12:06:53:740,-1.9907,-1.2038,10.0428,0.0866,-0.0225,9.8062,-0.1791,-0.2782,0.3283,-16.56,-39.62,0.0,257.31,-73.9,-151.79,False
52.402664,-1.559051,163.21,9.73,6,337.91,29 / 30,182110,2019-09-08 12:06:53:840,-0.2265,-0.6771,9.2047,-0.0335,-0.023,9.8065,-0.3126,-0.0698,0.211,-17.69,-39.5,-0.87,259.74,-73.95,-149.77,False
52.402664,-1.559051,163.21,9.73,6,337.91,29 / 30,182211,2019-09-08 12:06:53:941,-0.4222,-0.7616,9.6505,0.0632,-0.0198,9.8064,0.4516,-0.0799,0.0983,-17.87,-39.31,-0.31,269.68,-74.64,-143.8,False
52.402664,-1.559051,163.21,9.73,6,337.91,29 / 30,182311,2019-09-08 12:06:54:041,-1.2965,-1.1712,10.4471,-0.0339,-0.0339,9.8064,0.1893,0.2009,-0.1179,-18.5,-39.81,-0.12,264.95,-73.78,-145.2,False
52.402664,-1.559051,163.21,9.73,6,337.91,29 / 30,182410,2019-09-08 12:06:54:140,-0.7541,1.2783,10.7099,-0.0817,-0.0436,9.8061,0.0211,0.0696,-0.1333,-17.06,-39.81,-0.69,262.69,-74.66,-144.52,False
52.402664,-1.559051,163.21,9.73,6,337.91,29 / 30,182511,2019-09-08 12:06:54:241,-0.8065,-0.3149,10.0119,0.0483,0.0092,9.8065,-0.0705,-0.1242,0.0239,-18.06,-39.94,-0.81,269.76,-75.89,-143.18,False
52.402664,-1.559051,163.21,9.73,6,337.91,29 / 30,182611,2019-09-08 12:06:54:341,-0.0039,1.6046,10.856,-0.0377,-0.0114,9.8065,-0.0436,-0.1346,-0.038,-18.56,-39.44,-1.94,270.98,-75.92,-142.18,False
52.402664,-1.559051,163.21,9.73,6,337.91,29 / 30,182710,2019-09-08 12:06:54:440,-1.3267,1.5664,9.9943,-0.0476,0.0556,9.8063,-0.0157,-0.1436,-0.0042,-17.37,-39.31,-1.69,268.09,-76.4,-141.84,False
52.402664,-1.559051,163.21,9.73,6,337.91,29 / 30,182811,2019-09-08 12:06:54:541,-1.0477,-0.0387,9.5415,-0.0005,-0.0023,9.8066,0.0079,0.0027,0.0286,-17.75,-40.0,-1.94,268.96,-76.68,-143.2,False
52.402664,-1.559051,163.21,9.73,6,337.91,29 / 30,182911,2019-09-08 12:06:54:641,-0.6124,0.3023,9.8783,0.0243,0.039,9.8064,-0.0267,0.0232,0.1201,-17.94,-40.06,-1.87,269.15,-76.57,-142.71,False
52.402664,-1.559051,163.21,9.73,6,337.91,29 / 30,183010,2019-09-08 12:06:54:740,-0.6771,1.3851,10.2799,0.025,-0.0269,9.8065,0.174,0.0357,0.1366,-18.37,-40.31,-1.87,269.41,-76.32,-141.75,False
52.402664,-1.559051,163.21,9.73,6,337.91,29 / 30,183110,2019-09-08 12:06:54:840,-0.431,-0.5931,10.3907,0.0335,-0.125,9.8058,0.0083,-0.0222,0.1844,-20.0,-38.94,-2.31,276.39,-75.94,-138.83,False
52.402664,-1.559051,163.21,9.73,6,337.91,29 / 29,183211,2019-09-08 12:06:54:941,-0.7941,1.21,9.2331,0.0102,0.0322,9.8065,0.3102,-0.2011,0.1263,-20.12,-38.56,-1.94,277.61,-75.4,-136.39,False
52.402664,-1.559051,163.21,9.73,6,337.91,29 / 29,183310,2019-09-08 12:06:55:040,-1.5321,-0.0626,7.5852,-0.0288,0.044,9.8065,0.1566,-0.1357,0.1799,-19.69,-39.0,-1.31,272.66,-73.79,-139.94,False
52.402664,-1.559051,163.21,9.73,6,337.91,29 / 29,183411,2019-09-08 12:06:55:141,-1.1051,1.3833,9.7251,0.1315,0.054,9.8055,-0.0155,0.1543,-0.3595,-19.56,-38.19,-0.94,265.4,-72.16,-144.49,False
52.402664,-1.559051,163.21,9.73,6,337.91,29 / 29,183510,2019-09-08 12:06:55:240,0.2033,3.3079,10.5046,-0.0924,-0.0988,9.8057,-0.2138,-0.2451,0.095,-19.56,-38.06,-1.0,264.9,-72.52,-145.96,False
52.402664,-1.559051,163.21,9.73,6,337.91,29 / 29,183611,2019-09-08 12:06:55:341,1.2209,1.4328,10.4501,0.0278,-0.0207,9.8065,0.3995,0.04,-0.0843,-19.94,-38.06,-1.19,269.23,-73.24,-143.1,False
52.402664,-1.559051,163.21,9.73,6,337.91,29 / 29,183711,2019-09-08 12:06:55:441,-0.7156,0.2757,10.6991,0.0156,0.164,9.8052,0.2322,-0.3964,-0.5807,-18.69,-38.87,-0.56,263.93,-73.2,-145.37,False
52.402664,-1.559051,163.21,9.73,6,337.91,29 / 29,183811,2019-09-08 12:06:55:541,-0.3307,-0.8027,9.8678,0.0475,-0.0917,9.806,0.2298,0.2649,0.1393,-18.5,-38.12,-0.19,261.64,-73.39,-150.22,False
52.402664,-1.559051,163.21,9.73,6,337.91,29 / 29,183911,2019-09-08 12:06:55:641,-0.2541,0.8377,9.9034,0.0206,-0.025,9.8065,-0.526,-0.8914,0.2131,-18.87,-37.94,0.75,263.8,-72.97,-152.06,False
52.402664,-1.559051,163.21,9.73,6,337.91,29 / 29,184011,2019-09-08 12:06:55:741,-3.9543,-7.1213,10.6556,0.0768,-0.0403,9.8062,-0.2508,-0.056,0.4454,-20.75,-37.37,2.06,278.19,-73.98,-147.06,False
52.402664,-1.559051,163.21,9.73,6,337.91,29 / 29,184111,2019-09-08 12:06:55:841,-2.2022,2.4064,9.6468,0.0094,0.0274,9.8066,-0.212,0.3089,0.2353,-19.56,-37.0,2.56,272.64,-73.08,-152.0,False
52.402664,-1.559051,163.21,9.73,6,337.91,30 / 30,184210,2019-09-08 12:06:55:940,0.7439,-2.0451,10.8763,-0.0456,0.0481,9.8063,0.1105,-0.7276,0.0887,-19.12,-36.37,2.31,270.2,-73.26,-151.28,False
52.402664,-1.559051,163.21,9.73,6,337.91,30 / 30,184311,2019-09-08 12:06:56:041,-1.1143,0.3587,9.4026,0.0823,0.0475,9.8062,0.3943,-0.4518,-0.2924,-18.56,-36.81,2.5,273.74,-73.63,-150.75,False
52.402664,-1.559051,163.21,9.73,6,337.91,30 / 30,184411,2019-09-08 12:06:56:141,-1.0621,0.3376,9.7786,-0.2459,-0.0778,9.8032,-0.0006,-0.0357,0.0563,-17.87,-35.75,1.38,263.28,-72.97,-152.82,False
52.402664,-1.559051,163.21,9.73,6,337.91,30 / 30,184511,2019-09-08 12:06:56:241,-0.9111,0.7593,10.0841,-0.0232,0.0047,9.8065,-0.1805,-0.0323,0.068,-17.44,-36.12,0.81,263.86,-74.13,-153.08,False
52.402664,-1.559051,163.21,9.73,6,337.91,30 / 30,184612,2019-09-08 12:06:56:342,-1.4567,-0.0358,9.1857,-0.0157,-0.0328,9.8065,-0.0016,-0.0533,0.1371,-18.56,-37.12,0.0,266.29,-74.64,-151.58,False
52.402664,-1.559051,163.21,9.73,6,337.91,30 / 30,184711,2019-09-08 12:06:56:441,-0.3306,0.595,9.9386,0.083,0.0628,9.806,0.283,-0.1868,0.0327,-19.56,-37.56,2.25,268.07,-73.24,-153.05,False
52.402664,-1.559051,163.21,9.73,6,337.91,30 / 30,184811,2019-09-08 12:06:56:541,-1.2522,0.2,9.9724,-0.0045,0.0163,9.8066,0.012,-0.1101,-0.0603,-19.25,-37.81,1.63,264.65,-73.04,-154.46,False
52.402664,-1.559051,163.21,9.73,6,337.91,30 / 30,184911,2019-09-08 12:06:56:641,-2.3109,-0.3918,9.5945,-0.1139,-0.0733,9.8057,-0.1565,0.027,-0.002,-19.94,-38.44,1.44,263.17,-73.04,-154.96,False
52.402664,-1.559051,163.21,9.73,6,337.91,30 / 30,185011,2019-09-08 12:06:56:741,-0.7569,0.1555,10.4845,0.0178,-0.0067,9.8066,-0.0421,-0.0773,0.1097,-19.5,-38.62,1.06,263.22,-73.61,-153.32,False
52.402664,-1.559051,163.21,9.73,6,337.91,30 / 30,185112,2019-09-08 12:06:56:842,-1.825,1.3379,9.9019,-0.0071,-0.0308,9.8066,-0.0506,-0.1028,0.0589,-19.69,-38.19,0.94,266.85,-73.64,-152.34,False
52.402664,-1.559051,163.21,9.73,6,337.91,30 / 30,185211,2019-09-08 12:06:56:941,-1.637,0.4004,9.0404,-0.0543,-0.0253,9.8064,0.0357,-0.0388,-0.0012,-20.5,-39.19,1.19,268.43,-74.1,-150.83,False
52.402664,-1.559051,163.21,9.73,6,337.91,30 / 30,185312,2019-09-08 12:06:57:042,-1.5411,-0.0658,9.4667,-0.0006,-0.0147,9.8065,0.2614,-0.0343,-0.0918,-20.0,-38.12,0.44,266.39,-74.02,-150.89,False
52.402664,-1.559051,163.21,9.73,6,337.91,30 / 30,185411,2019-09-08 12:06:57:141,-2.0891,0.1823,9.523,0.0288,0.0062,9.8065,-0.2111,0.0741,0.0733,-20.37,-38.12,1.25,267.24,-73.78,-152.28,False
52.402664,-1.559051,163.21,9.73,6,337.91,30 / 30,185511,2019-09-08 12:06:57:241,-2.0042,-0.1571,10.2631,0.0108,0.0291,9.8066,-0.0878,-0.0327,-0.0084,-20.37,-39.0,2.06,268.63,-73.51,-152.1,False
52.402664,-1.559051,163.21,9.73,6,337.91,30 / 30,185610,2019-09-08 12:06:57:340,-2.3297,-0.3848,8.4724,-0.0636,-0.046,9.8063,-0.2016,0.0081,0.0314,-20.19,-38.5,1.06,269.71,-74.28,-150.88,False
52.402664,-1.559051,163.21,9.73,6,337.91,30 / 30,185710,2019-09-08 12:06:57:440,-1.652,0.1631,10.1291,-0.0357,-0.0045,9.8065,-0.1532,0.0172,0.0496,-20.31,-39.19,1.25,266.31,-73.88,-152.52,False
52.402664,-1.559051,163.21,9.73,6,337.91,30 / 30,185811,2019-09-08 12:06:57:541,-1.456,0.8321,10.1152,0.0203,0.0177,9.8066,0.167,-0.0513,-0.0564,-20.12,-39.06,1.69,271.15,-74.35,-151.59,False
52.402664,-1.559051,163.21,9.73,6,337.91,30 / 30,185911,2019-09-08 12:06:57:641,-1.1778,-0.1254,10.3503,0.0353,0.0256,9.8065,0.0767,0.0581,-0.0088,-20.31,-38.87,1.06,267.32,-74.21,-152.28,False
52.402664,-1.559051,163.21,9.73,6,337.91,30 / 30,186011,2019-09-08 12:06:57:741,-2.3587,0.3672,9.3796,0.0138,-0.0125,9.8066,0.2027,-0.0239,0.0788,-20.0,-38.06,1.94,269.91,-73.8,-152.48,False
52.402664,-1.559051,163.21,9.73,6,337.91,30 / 30,186111,2019-09-08 12:06:57:841,-1.6429,0.1545,10.2539,-0.0018,-0.0001,9.8066,0.1373,-0.0787,0.0812,-20.75,-38.56,1.88,269.66,-73.49,-152.57,False
52.402664,-1.559051,163.21,9.73,6,337.91,30 / 30,186211,2019-09-08 12:06:57:941,-1.6487,-0.565,9.6104,0.0218,-0.0146,9.8066,0.0177,0.0166,-0.0785,-20.56,-38.81,1.56,270.22,-73.35,-151.64,False
52.402664,-1.559051,163.21,9.73,6,337.91,30 / 30,186311,2019-09-08 12:06:58:041,-2.6228,-1.6553,8.8838,-0.1172,-0.0473,9.8058,-0.4528,-0.0144,-0.0221,-20.94,-38.81,1.56,270.28,-73.57,-152.11,False
52.402725,-1.567831,165.39,6.39,6,254.34,27 / 27,60110,2019-09-08 12:07:59:349,0.2248,0.3278,9.6233,0.0022,0.0014,9.8065,-0.0609,-0.0183,0.013,-5.81,-36.81,23.69,26.96,-86.69,-141.28,False
52.402725,-1.567831,165.39,6.39,6,254.34,27 / 27,60210,2019-09-08 12:07:59:449,-0.0146,0.7083,9.9522,-0.0027,-0.0003,9.8066,-0.0559,0.0048,0.0021,-4.94,-36.19,22.94,29.78,-86.7,-140.5,False
52.402725,-1.567831,165.39,6.39,6,254.34,27 / 27,60310,2019-09-08 12:07:59:549,-0.2069,0.0078,9.9037,-0.002,0.0097,9.8066,0.055,0.0058,0.0146,-5.06,-36.56,24.0,31.99,-86.76,-138.88,False
52.402725,-1.567831,165.39,6.39,6,254.34,27 / 27,60410,2019-09-08 12:07:59:649,-0.0173,0.351,10.0275,-0.001,0.0026,9.8066,0.0515,0.008,0.0322,-5.19,-36.37,23.75,32.41,-86.81,-138.37,False
52.402725,-1.567831,165.39,6.39,6,254.34,27 / 27,60510,2019-09-08 12:07:59:749,-0.0342,0.7143,9.8997,-0.0043,0.0079,9.8066,-0.023,0.0103,0.0058,-5.56,-35.69,23.56,30.29,-86.84,-138.03,False
52.402725,-1.567831,165.39,6.39,6,254.34,27 / 27,60610,2019-09-08 12:07:59:849,-0.1965,0.5654,10.1192,-0.0029,0.0119,9.8066,-0.0117,-0.0113,-0.0039,-5.56,-36.31,23.44,31.19,-86.9,-136.66,False
52.402725,-1.567831,165.39,6.39,6,254.34,27 / 27,60709,2019-09-08 12:07:59:948,-0.1054,0.7622,10.1011,0.001,-0.0043,9.8066,0.0208,-0.0057,-0.0111,-6.12,-36.56,22.69,32.1,-86.92,-135.86,False
52.402725,-1.567831,165.39,6.39,6,254.34,27 / 27,60810,2019-09-08 12:08:00:049,0.122,0.3488,9.9941,-0.0008,-0.0024,9.8066,0.0322,-0.0021,0.0156,-5.94,-37.0,22.56,32.02,-86.92,-135.94,False
52.402725,-1.567831,165.39,6.39,6,254.34,27 / 27,60910,2019-09-08 12:08:00:149,-0.1522,1.1635,10.0942,-0.0016,0.0054,9.8066,-0.0312,-0.0005,0.0055,-6.19,-36.44,22.69,32.36,-86.92,-135.55,False
52.402725,-1.567831,165.39,6.39,6,254.34,27 / 27,61010,2019-09-08 12:08:00:249,0.0314,0.8047,10.1331,-0.0004,0.0066,9.8066,-0.0155,0.0114,-0.0105,-5.44,-36.5,23.5,35.38,-86.94,-135.5,False
52.402725,-1.567831,165.39,6.39,6,254.34,27 / 27,61110,2019-09-08 12:08:00:349,-0.0308,0.2765,9.9991,0.0018,-0.0027,9.8066,0.0147,-0.0113,-0.0228,-5.75,-36.44,23.44,32.19,-86.98,-135.67,False
52.402725,-1.567831,165.39,6.39,6,254.34,27 / 27,61210,2019-09-08 12:08:00:449,0.1943,0.3208,9.9161,0.0012,-0.0013,9.8066,0.0308,-0.0013,-0.0095,-5.12,-36.75,23.19,34.57,-87.01,-135.87,False
52.402725,-1.567831,165.39,6.39,6,254.34,27 / 27,61310,2019-09-08 12:08:00:549,0.0125,0.3445,9.944,-0.0022,0.0054,9.8066,0.0073,-0.0029,-0.0069,-5.12,-36.44,23.06,34.18,-87.04,-136.13,False
52.402725,-1.567831,165.39,6.39,6,254.34,27 / 27,61410,2019-09-08 12:08:00:649,0.0552,0.0557,9.938,-0.0011,0.002,9.8066,-0.0123,-0.0004,0.0053,-5.37,-35.87,23.25,34.7,-87.05,-135.63,False
52.402725,-1.567831,165.39,6.39,6,254.34,27 / 27,61510,2019-09-08 12:08:00:749,0.164,-0.1135,9.8342,-0.0027,0.0014,9.8065,0.0173,-0.0003,-0.012,-5.75,-35.62,23.06,32.74,-87.07,-135.07,False
52.402725,-1.567831,165.39,6.39,6,254.34,27 / 27,61610,2019-09-08 12:08:00:849,0.0133,-0.226,9.9437,0.0017,0.0045,9.8066,0.0126,-0.014,0.0055,-4.75,-35.94,22.63,35.36,-87.09,-134.98,False
52.402725,-1.567831,165.39,6.39,6,254.34,26 / 29,61710,2019-09-08 12:08:00:949,0.1194,-0.3399,9.8535,0.0013,0.0024,9.8066,-0.0064,0.0042,0.0094,-5.31,-35.62,22.88,35.23,-87.1,-135.1,False
52.402725,-1.567831,165.39,6.39,6,254.34,26 / 29,61810,2019-09-08 12:08:01:049,0.1067,-0.2705,9.9601,0.0004,0.0002,9.8066,-0.0091,-0.0007,-0.0017,-5.69,-36.19,23.19,33.03,-87.13,-134.75,False
52.402725,-1.567831,165.39,6.39,6,254.34,26 / 29,61910,2019-09-08 12:08:01:149,0.1322,-0.4788,9.8606,-0.0007,0.0012,9.8066,0.0021,0.0016,0.0075,-5.62,-36.81,23.06,33.15,-87.13,-134.7,False
52.402725,-1.567831,165.39,6.39,6,254.34,26 / 29,62010,2019-09-08 12:08:01:249,0.0914,-0.5401,10.0159,-0.0007,0.0002,9.8066,0.0081,0.0017,0.0043,-5.19,-36.25,23.0,35.61,-87.1,-134.74,False
52.402725,-1.567831,165.39,6.39,6,254.34,26 / 29,62110,2019-09-08 12:08:01:349,0.1194,-0.8173,9.7828,0.0003,0.0045,9.8066,-0.0109,-0.0019,-0.0061,-5.87,-36.12,23.25,33.16,-87.12,-134.64,False
52.402725,-1.567831,165.39,6.39,6,254.34,26 / 29,62210,2019-09-08 12:08:01:449,0.1329,-0.825,9.8995,0.0019,-0.0061,9.8066,0.0054,-0.0222,-0.0104,-5.87,-36.31,23.13,33.11,-87.15,-134.66,False
52.402725,-1.567831,165.39,6.39,6,254.34,26 / 29,62310,2019-09-08 12:08:01:549,0.19,-0.8293,9.7069,0.0017,-0.0019,9.8066,-0.0022,0.0038,-0.0005,-5.37,-36.06,23.88,35.3,-87.14,-135.4,False
52.402725,-1.567831,165.39,6.39,6,254.34,26 / 29,62410,2019-09-08 12:08:01:649,0.2523,-0.7292,9.8279,0.002,0.0025,9.8066,0.0,-0.0114,-0.0069,-5.94,-36.25,22.75,31.9,-87.18,-135.77,False
52.402725,-1.567831,165.39,6.39,6,254.34,26 / 29,62510,2019-09-08 12:08:01:749,0.1824,-0.8364,9.8895,0.0007,0.0008,9.8066,-0.0067,0.0067,-0.0052,-6.31,-36.06,23.69,32.61,-87.2,-135.58,False
52.402725,-1.567831,165.39,6.39,6,254.34,26 / 29,62610,2019-09-08 12:08:01:849,0.236,-0.5394,9.9481,0.0021,-0.0005,9.8066,0.0018,-0.0029,-0.0104,-5.87,-36.19,23.38,32.2,-87.22,-135.46,False
52.402725,-1.567831,165.39,6.39,6,254.34,28 / 29,62710,2019-09-08 12:08:01:949,0.0982,-0.7174,9.7853,-0.0009,0.0007,9.8066,0.0077,0.004,0.0022,-5.56,-36.69,23.13,32.59,-87.23,-135.15,False
52.402725,-1.567831,165.39,6.39,6,254.34,28 / 29,62810,2019-09-08 12:08:02:049,0.2815,-1.1389,9.8049,0.0016,0.0013,9.8066,0.0031,-0.0042,0.008,-5.69,-36.25,23.06,32.38,-87.23,-135.27,False
52.402725,-1.567831,165.39,6.39,6,254.34,28 / 29,62910,2019-09-08 12:08:02:149,0.2581,-0.7698,9.8168,-0.0004,0.0027,9.8065,-0.006,0.0013,0.0068,-5.87,-36.31,22.88,32.37,-87.26,-135.27,False
52.402725,-1.567831,165.39,6.39,6,254.34,28 / 29,63010,2019-09-08 12:08:02:249,0.2764,-0.5677,9.9145,0.0012,0.0011,9.8066,-0.0217,0.009,-0.0167,-5.56,-36.44,23.69,32.52,-87.28,-135.6,False
52.402725,-1.567831,165.39,6.39,6,254.34,28 / 29,63110,2019-09-08 12:08:02:349,0.1257,-0.9291,9.823,-0.0001,-0.0034,9.8066,0.0092,0.0114,0.0122,-5.44,-37.12,23.38,34.47,-87.26,-135.73,False
52.402725,-1.567831,165.39,6.39,6,254.34,28 / 29,63210,2019-09-08 12:08:02:449,0.1047,-1.217,9.7461,-0.0003,0.0009,9.8066,0.0136,-0.0139,0.0072,-5.0,-36.06,23.13,34.14,-87.26,-135.98,False
52.402725,-1.567831,165.39,6.39,6,254.34,28 / 29,63310,2019-09-08 12:08:02:549,-0.0083,-0.8454,9.8779,-0.0018,0.0027,9.8066,0.0035,0.0089,-0.0049,-4.81,-36.31,22.88,34.43,-87.25,-135.71,False
52.402725,-1.567831,165.39,6.39,6,254.34,28 / 29,63410,2019-09-08 12:08:02:649,-0.1015,-0.8974,9.8053,0.0003,-0.0037,9.8066,-0.001,-0.0054,-0.0064,-5.44,-36.25,23.94,35.12,-87.26,-135.46,False
52.402725,-1.567831,165.39,6.39,6,254.34,28 / 29,63510,2019-09-08 12:08:02:749,0.21,-0.943,9.7435,-0.0009,-0.0042,9.8066,0.0064,-0.008,0.0036,-5.62,-36.19,22.75,32.2,-87.24,-135.43,False
52.402725,-1.567831,165.39,6.39,6,254.34,28 / 29,63610,2019-09-08 12:08:02:849,-0.046,-0.9723,9.7359,-0.0027,-0.0006,9.8066,0.0244,-0.0171,0.0209,-5.69,-36.19,23.63,33.25,-87.25,-134.94,False
52.402725,-1.567831,165.39,6.39,6,254.34,28 / 28,63710,2019-09-08 12:08:02:949,0.0636,-0.7597,9.9925,-0.0022,0.0048,9.8066,0.0026,-0.0091,0.0175,-4.87,-36.19,23.38,35.45,-87.26,-134.75,False
52.402725,-1.567831,165.39,6.39,6,254.34,28 / 28,63810,2019-09-08 12:08:03:049,0.0253,-1.1248,9.7446,-0.0014,-0.0042,9.8066,0.0051,0.011,0.0226,-6.06,-36.0,23.63,33.92,-87.28,-134.29,False
52.402725,-1.567831,165.39,6.39,6,254.34,28 / 28,63910,2019-09-08 12:08:03:149,0.0523,-0.8876,9.7657,-0.0005,0.0017,9.8066,-0.0332,-0.0026,-0.0069,-5.44,-36.37,23.13,36.53,-87.3,-133.7,False
52.402725,-1.567831,165.39,6.39,6,254.34,28 / 28,64010,2019-09-08 12:08:03:249,0.0734,-0.258,9.934,-0.0018,0.0008,9.8066,-0.005,0.0047,0.0034,-5.44,-35.87,23.5,37.58,-87.32,-133.08,False
52.402725,-1.567831,165.39,6.39,6,254.34,28 / 28,64110,2019-09-08 12:08:03:349,0.1914,-0.5835,9.9052,0.0023,0.0029,9.8066,0.0109,-0.0082,0.0126,-5.37,-35.56,23.44,37.39,-87.33,-132.86,False
52.402725,-1.567831,165.39,6.39,6,254.34,28 / 28,64210,2019-09-08 12:08:03:449,0.1833,-0.6058,9.9375,0.0001,0.0015,9.8066,0.0189,0.0066,0.0066,-5.31,-36.75,23.44,37.56,-87.33,-132.76,False
52.402725,-1.567831,165.39,6.39,6,254.34,28 / 28,64310,2019-09-08 12:08:03:549,0.0614,-0.5714,9.7389,0.0001,0.0004,9.8066,-0.0269,0.0022,0.0004,-5.44,-36.06,23.19,37.67,-87.34,-132.58,False
52.402725,-1.567831,165.39,6.39,6,254.34,28 / 28,64410,2019-09-08 12:08:03:649,-0.0399,-0.7306,9.7908,-0.0001,0.0007,9.8066,-0.0059,-0.0182,0.0066,-4.75,-36.31,23.06,37.68,-87.32,-132.59,False
52.402725,-1.567831,165.39,6.39,6,254.34,28 / 28,64510,2019-09-08 12:08:03:749,0.1606,-0.4894,9.9354,-0.0015,0.0021,9.8066,0.0194,-0.01,-0.0024,-6.25,-36.0,23.5,35.34,-87.32,-132.92,False
52.402725,-1.567831,165.39,6.39,6,254.34,28 / 28,64610,2019-09-08 12:08:03:849,0.1198,-0.326,9.9469,0.0004,0.0011,9.8066,0.0068,0.002,0.0081,-5.87,-36.69,23.5,34.96,-87.33,-133.32,False
52.40267,-1.568172,165.34,0.92,6,253.72,28 / 28,64710,2019-09-08 12:08:03:949,0.2031,-0.5838,9.8893,0.001,0.0045,9.8066,-0.0058,0.025,0.0049,-6.12,-36.5,23.69,34.66,-87.33,-133.55,False
52.40267,-1.568172,165.34,0.92,6,253.72,28 / 28,64809,2019-09-08 12:08:04:048,-0.0036,-0.5566,9.8518,-0.0001,-0.0023,9.8066,-0.0118,-0.0001,-0.0197,-6.12,-36.12,22.38,33.46,-87.35,-133.61,False
52.40267,-1.568172,165.34,0.92,6,253.72,28 / 28,64910,2019-09-08 12:08:04:149,0.222,-0.4646,9.7868,0.0014,0.0,9.8066,-0.013,-0.0015,-0.0122,-6.06,-36.25,22.63,33.35,-87.34,-134.27,False
52.40267,-1.568172,165.34,0.92,6,253.72,28 / 28,65010,2019-09-08 12:08:04:249,-0.0493,-0.4904,9.911,0.0037,-0.002,9.8066,0.0064,0.0071,-0.0024,-5.69,-36.75,22.88,32.64,-87.35,-134.99,False
52.40267,-1.568172,165.34,0.92,6,253.72,28 / 28,65110,2019-09-08 12:08:04:349,0.1077,-0.4127,9.9173,0.0011,-0.0009,9.8066,0.0135,0.0007,-0.0021,-5.62,-36.75,22.31,30.74,-87.37,-136.22,False
52.40267,-1.568172,165.34,0.92,6,253.72,28 / 28,65210,2019-09-08 12:08:04:449,0.2707,-0.6319,9.6135,0.0019,0.0003,9.8066,0.0053,0.0102,-0.0125,-4.94,-36.0,22.56,33.18,-87.39,-136.78,False
52.40267,-1.568172,165.34,0.92,6,253.72,28 / 28,65310,2019-09-08 12:08:04:549,-0.0295,-0.4799,9.7568,0.0023,0.001,9.8066,0.0095,-0.0141,0.0129,-5.06,-36.25,22.88,32.76,-87.41,-137.14,False
52.40267,-1.568172,165.34,0.92,6,253.72,28 / 28,65410,2019-09-08 12:08:04:649,0.0227,-0.714,9.8275,0.0005,0.0005,9.8066,-0.0135,-0.0035,-0.0234,-5.12,-36.12,22.69,32.73,-87.38,-137.2,False
52.40267,-1.568172,165.34,0.92,6,253.72,28 / 28,65510,2019-09-08 12:08:04:749,0.1045,-0.0933,9.8912,0.0021,0.0004,9.8066,-0.0092,0.0174,0.0063,-5.0,-35.69,22.31,31.93,-87.39,-137.49,False
52.40267,-1.568172,165.34,0.92,6,253.72,28 / 28,65610,2019-09-08 12:08:04:849,0.2201,-0.612,9.8055,-0.0021,0.0012,9.8066,0.0084,0.0,0.0088,-5.62,-36.0,22.5,29.51,-87.4,-137.84,False
52.40267,-1.568172,165.34,0.92,6,253.72,28 / 28,65710,2019-09-08 12:08:04:949,0.1938,-0.2032,10.0518,-0.002,-0.0025,9.8065,-0.0103,-0.0135,-0.0071,-5.25,-35.94,22.63,32.49,-87.37,-137.44,False
52.40267,-1.568172,165.34,0.92,6,253.72,28 / 28,65810,2019-09-08 12:08:05:049,-0.0424,-0.3227,9.8227,0.0011,-0.0023,9.8066,-0.0301,0.0038,0.0167,-5.44,-35.62,22.5,32.5,-87.36,-137.43,False
52.40267,-1.568172,165.34,0.92,6,253.72,28 / 28,65910,2019-09-08 12:08:05:149,-0.1963,0.0596,9.8599,-0.0015,-0.003,9.8066,-0.0199,-0.0102,0.0128,-5.0,-35.81,22.56,33.18,-87.35,-136.81,False
52.40267,-1.568172,165.34,0.92,6,253.72,28 / 28,66010,2019-09-08 12:08:05:249,-0.0053,-0.3744,9.8595,-0.0004,-0.0005,9.8066,0.0113,-0.0074,-0.0091,-6.0,-35.87,22.88,30.91,-87.33,-136.58,False
52.40267,-1.568172,165.34,0.92,6,253.72,28 / 28,66110,2019-09-08 12:08:05:349,-0.0851,-0.1976,9.8319,0.001,0.0039,9.8066,0.0345,0.0083,0.0103,-5.25,-35.56,23.06,33.26,-87.34,-136.74,False
52.40267,-1.568172,165.34,0.92,6,253.72,28 / 28,66210,2019-09-08 12:08:05:449,0.0583,-0.2465,9.8218,-0.0002,-0.004,9.8066,-0.0312,0.0136,-0.0146,-5.37,-35.56,22.38,32.24,-87.33,-137.26,False
52.40267,-1.568172,165.34,0.92,6,253.72,28 / 28,66310,2019-09-08 12:08:05:549,0.0284,0.0631,9.8381,0.0006,-0.0033,9.8066,-0.0234,-0.0037,-0.0129,-6.0,-36.37,23.0,29.77,-87.31,-137.66,False
52.40267,-1.568172,165.34,0.92,6,253.72,28 / 28,66410,2019-09-08 12:08:05:649,-0.0528,-0.2102,9.9164,-0.0016,0.0029,9.8066,0.0456,-0.0096,-0.0039,-6.0,-36.19,22.94,29.56,-87.34,-137.84,False
52.40267,-1.568172,165.34,0.92,6,253.72,28 / 28,66510,2019-09-08 12:08:05:749,0.0655,-0.5835,9.8827,0.0021,0.0007,9.8066,0.032,-0.005,0.0056,-5.25,-35.94,22.38,31.0,-87.33,-138.42,False
52.40267,-1.568172,165.34,0.92,6,253.72,28 / 28,66610,2019-09-08 12:08:05:849,0.1697,-0.4615,9.9492,0.0004,-0.0062,9.8066,-0.0159,0.0032,0.0185,-5.44,-36.37,22.69,31.04,-87.32,-138.83,False
52.40267,-1.568172,165.34,0.92,6,253.72,27 / 27,66710,2019-09-08 12:08:05:949,0.1063,-0.4724,9.7375,0.001,-0.0048,9.8066,-0.0114,0.0143,-0.0047,-6.56,-36.12,22.81,25.68,-87.26,-139.19,False
52.40267,-1.568172,165.34,0.92,6,253.72,27 / 27,66809,2019-09-08 12:08:06:048,0.1819,-0.666,9.8555,-0.0009,0.0014,9.8066,0.0241,-0.0174,0.0142,-5.87,-36.19,23.0,27.58,-87.24,-139.76,False
52.40267,-1.568172,165.34,0.92,6,253.72,27 / 27,66910,2019-09-08 12:08:06:149,0.0951,-0.7211,9.9059,-0.001,-0.0003,9.8066,0.0313,-0.0054,-0.0037,-6.25,-36.25,22.69,27.58,-87.2,-139.78,False
52.40267,-1.568172,165.34,0.92,6,253.72,27 / 27,67010,2019-09-08 12:08:06:249,0.216,-0.904,9.7948,0.0018,-0.0104,9.8066,-0.0159,0.0084,0.0008,-5.94,-36.12,22.38,25.69,-87.16,-141.02,False
52.40267,-1.568172,165.34,0.92,6,253.72,27 / 27,67110,2019-09-08 12:08:06:349,0.2212,-0.5646,9.8093,0.0016,-0.0087,9.8066,-0.0292,0.0109,-0.0161,-6.06,-36.31,23.13,25.81,-87.13,-141.49,False
52.40267,-1.568172,165.34,0.92,6,253.72,27 / 27,67210,2019-09-08 12:08:06:449,0.3056,-1.104,9.7267,0.0005,0.002,9.8066,0.0232,-0.0134,0.0011,-5.94,-36.62,22.81,25.41,-87.13,-141.92,False
52.40267,-1.568172,165.34,0.92,6,253.72,27 / 27,67310,2019-09-08 12:08:06:549,0.1221,-1.0514,9.845,-0.0013,0.0026,9.8066,0.0171,0.0009,0.0081,-6.31,-36.31,22.5,25.07,-87.1,-142.2,False
52.40267,-1.568172,165.34,0.92,6,253.72,27 / 27,67410,2019-09-08 12:08:06:649,0.2874,-1.3291,9.8201,0.0028,-0.0094,9.8066,-0.0185,-0.0121,0.0006,-6.31,-36.81,22.19,24.24,-87.06,-142.49,False
52.40267,-1.568172,165.34,0.92,6,253.72,27 / 27,67510,2019-09-08 12:08:06:749,0.1936,-1.3703,9.6915,0.0025,-0.01,9.8066,-0.016,0.0112,0.0006,-5.75,-36.31,22.19,23.36,-87.0,-143.29,False
52.40267,-1.568172,165.34,0.92,6,253.72,27 / 27,67610,2019-09-08 12:08:06:849,0.1237,-1.0373,9.7752,-0.0005,0.0049,9.8066,0.0276,-0.0144,0.0034,-6.37,-36.62,22.44,23.39,-87.01,-143.31,False
52.40267,-1.568172,165.34,0.92,6,253.72,27 / 27,67710,2019-09-08 12:08:06:949,0.113,-0.7604,9.9281,0.0001,0.0021,9.8066,0.0238,0.0038,-0.0033,-5.94,-36.37,22.19,22.79,-86.97,-143.84,False
52.40267,-1.568172,165.34,0.92,6,253.72,27 / 27,67810,2019-09-08 12:08:07:049,0.1231,-1.2333,9.8773,0.0006,-0.0037,9.8066,-0.001,0.0038,0.0231,-5.5,-36.69,22.38,24.95,-86.94,-144.39,False
52.40267,-1.568172,165.34,0.92,6,253.72,27 / 27,67910,2019-09-08 12:08:07:149,0.1878,-0.7293,9.8804,-0.0012,-0.0013,9.8066,-0.0007,0.0,-0.0056,-5.62,-36.25,21.94,22.49,-86.9,-144.16,False
52.40267,-1.568172,165.34,0.92,6,253.72,27 / 27,68010,2019-09-08 12:08:07:249,0.1544,-0.9909,9.7388,-0.0013,-0.0024,9.8066,-0.0038,0.0119,-0.0065,-6.62,-35.44,22.25,19.71,-86.86,-144.27,False
52.40267,-1.568172,165.34,0.92,6,253.72,27 / 27,68110,2019-09-08 12:08:07:349,0.0481,-1.186,9.7488,0.0007,-0.0021,9.8066,-0.0031,0.0005,-0.011,-6.19,-35.62,22.75,22.69,-86.83,-144.57,False
52.40267,-1.568172,165.34,0.92,6,253.72,27 / 27,68210,2019-09-08 12:08:07:449,0.1115,-0.9077,9.8215,0.0023,-0.002,9.8066,0.0001,-0.0003,0.0131,-5.81,-36.06,22.75,21.72,-86.8,-145.48,False
52.40267,-1.568172,165.34,0.92,6,253.72,27 / 27,68310,2019-09-08 12:08:07:549,0.2157,-0.5925,9.8348,0.0017,-0.0016,9.8066,0.0116,0.0033,0.0189,-6.25,-36.5,22.56,21.19,-86.79,-145.98,False
52.40267,-1.568172,165.34,0.92,6,253.72,27 / 27,68410,2019-09-08 12:08:07:649,0.3421,-0.7918,9.7849,-0.0015,-0.0014,9.8066,0.0018,0.018,-0.0017,-6.31,-35.87,22.81,20.73,-86.75,-146.43,False
52.40267,-1.568172,165.34,0.92,6,253.72,27 / 27,68510,2019-09-08 12:08:07:749,0.2942,-0.8964,9.7301,0.0003,-0.0043,9.8066,-0.0024,0.0052,-0.0256,-6.81,-35.94,22.88,17.92,-86.68,-146.71,False
52.40267,-1.568172,165.34,0.92,6,253.72,27 / 27,68610,2019-09-08 12:08:07:849,0.1434,-0.3267,9.8936,0.0027,-0.0047,9.8066,-0.0026,0.0047,0.011,-6.44,-36.44,22.44,19.06,-86.67,-147.43,False
52.40267,-1.568172,165.34,0.92,6,253.72,28 / 28,68710,2019-09-08 12:08:07:949,0.1165,-0.255,9.9053,-0.0021,-0.0006,9.8066,0.0218,0.0048,-0.0047,-7.06,-36.06,22.38,16.28,-86.64,-147.56,False
52.40267,-1.568172,165.34,0.92,6,253.72,28 / 28,68810,2019-09-08 12:08:08:049,0.3519,-0.575,9.7293,-0.0027,-0.0008,9.8066,0.0083,-0.0002,-0.0151,-6.87,-36.94,22.88,17.16,-86.59,-147.49,False
52.40267,-1.568172,165.34,0.92,6,253.72,28 / 28,68910,2019-09-08 12:08:08:149,0.1669,-0.4432,9.9879,-0.0012,-0.0032,9.8066,-0.0087,0.0065,-0.0121,-6.94,-36.5,22.56,17.36,-86.53,-147.3,False
52.40267,-1.568172,165.34,0.92,6,253.72,28 / 28,69010,2019-09-08 12:08:08:249,0.0393,-0.2209,9.9807,0.0015,-0.0055,9.8066,-0.0098,-0.0058,0.0126,-6.87,-36.75,22.75,17.03,-86.47,-147.66,False
52.40267,-1.568172,165.34,0.92,6,253.72,28 / 28,69110,2019-09-08 12:08:08:349,0.2488,-0.6234,9.7929,0.001,-0.0032,9.8066,0.0,-0.0065,0.0123,-7.06,-36.87,22.25,16.04,-86.4,-147.94,False
52.40267,-1.568172,165.34,0.92,6,253.72,28 / 28,69210,2019-09-08 12:08:08:449,0.1165,-0.5464,9.7402,-0.0003,-0.0067,9.8066,-0.02,-0.0088,0.0014,-6.56,-36.69,22.56,16.65,-86.34,-148.07,False
52.40267,-1.568172,165.34,0.92,6,253.72,28 / 28,69310,2019-09-08 12:08:08:549,-0.0087,-0.4033,9.8024,0.0006,0.0028,9.8066,0.0118,-0.0068,-0.0118,-7.25,-36.0,22.88,16.65,-86.28,-148.05,False
52.40267,-1.568172,165.34,0.92,6,253.72,28 / 28,69410,2019-09-08 12:08:08:649,0.0947,-0.7165,9.9464,-0.0027,0.0023,9.8066,0.0402,-0.002,0.0046,-6.94,-35.94,23.19,16.44,-86.25,-148.26,False
52.40267,-1.568172,165.34,0.92,6,253.72,28 / 28,69510,2019-09-08 12:08:08:749,0.2256,-0.4717,9.8817,0.001,-0.0108,9.8066,-0.0411,0.0169,-0.005,-7.12,-36.56,22.81,16.22,-86.18,-148.53,False
52.40267,-1.568172,165.34,0.92,6,253.72,28 / 28,69610,2019-09-08 12:08:08:849,-0.0402,-0.2438,9.9985,0.0031,-0.0094,9.8066,-0.0188,-0.0008,-0.0044,-7.19,-36.06,22.81,15.41,-86.09,-149.25,False
52.40267,-1.568172,165.34,0.92,6,253.72,28 / 28,69710,2019-09-08 12:08:08:949,-0.0153,-0.9326,9.7834,0.001,-0.0072,9.8066,-0.0295,-0.0125,-0.0358,-6.62,-36.37,23.56,15.83,-86.06,-149.49,False
52.40267,-1.568172,165.34,0.92,6,253.72,28 / 28,69810,2019-09-08 12:08:09:049,0.1694,-0.2583,9.8784,0.0028,-0.003,9.8066,-0.0252,-0.0022,-0.0152,-7.37,-36.44,23.5,14.92,-85.99,-150.34,False
52.40267,-1.568172,165.34,0.92,6,253.72,28 / 28,69910,2019-09-08 12:08:09:149,0.1388,-0.7691,9.8193,-0.0008,0.0012,9.8066,-0.0009,-0.0147,-0.0155,-6.87,-36.44,22.94,14.12,-85.94,-150.47,False
52.40267,-1.568172,165.34,0.92,6,253.72,28 / 28,70010,2019-09-08 12:08:09:249,0.0777,-0.7013,9.967,-0.0017,0.0007,9.8066,0.0124,0.0122,0.0016,-7.5,-36.81,23.31,14.3,-85.94,-150.35,False
52.40267,-1.568172,165.34,0.92,6,253.72,28 / 28,70110,2019-09-08 12:08:09:349,0.0312,-0.4536,9.9284,0.0022,-0.0081,9.8066,-0.0257,-0.0042,0.0011,-7.87,-36.25,23.56,12.08,-85.86,-150.75,False
52.40267,-1.568172,165.34,0.92,6,253.72,28 / 28,70210,2019-09-08 12:08:09:449,0.0127,-0.8429,9.8981,0.0035,-0.0069,9.8066,-0.0044,-0.0115,0.0073,-7.25,-36.56,23.13,13.63,-85.83,-150.99,False
52.40267,-1.568172,165.34,0.92,6,253.72,28 / 28,70310,2019-09-08 12:08:09:549,-0.0961,-0.3507,10.0157,0.0021,0.0008,9.8066,0.0253,-0.0058,-0.0198,-6.69,-36.37,23.56,13.78,-85.8,-151.43,False
52.40267,-1.568172,165.34,0.92,6,253.72,28 / 28,70410,2019-09-08 12:08:09:649,0.2735,-0.4676,9.9636,0.004,-0.0008,9.8066,0.0009,-0.0146,-0.0119,-6.12,-36.37,22.94,14.48,-85.77,-152.54,False
52.40267,-1.568172,165.34,0.92,6,253.72,28 / 28,70510,2019-09-08 12:08:09:749,0.1405,-0.822,9.8643,0.0021,-0.0048,9.8066,0.0044,-0.013,0.0198,-6.19,-36.62,23.56,14.65,-85.75,-152.96,False
52.40267,-1.568172,165.34,0.92,6,253.72,28 / 28,70610,2019-09-08 12:08:09:849,0.2162,-0.1354,9.975,-0.0038,-0.0087,9.8066,-0.0235,0.0113,0.0176,-6.5,-36.62,24.0,14.85,-85.67,-152.81,False
52.40267,-1.568172,165.34,0.92,6,253.72,28 / 28,70710,2019-09-08 12:08:09:949,-0.1336,-0.5871,9.7915,-0.0055,0.0014,9.8066,-0.0108,0.0086,-0.0081,-6.37,-36.31,23.69,16.01,-85.58,-151.77,False
52.40267,-1.568172,165.34,0.92,6,253.72,28 / 28,70810,2019-09-08 12:08:10:049,0.111,-0.8578,9.8519,-0.0049,0.0,9.8066,-0.001,-0.0066,0.0169,-6.69,-36.19,23.38,13.06,-85.51,-151.57,False
52.40267,-1.568172,165.34,0.92,6,253.72,28 / 28,70910,2019-09-08 12:08:10:149,0.2209,-0.287,10.0194,-0.0024,-0.0035,9.8066,0.0087,0.0023,0.0282,-7.19,-35.75,23.44,13.47,-85.46,-151.23,False
52.40267,-1.568172,165.34,0.92,6,253.72,28 / 28,71010,2019-09-08 12:08:10:249,0.0793,-0.3427,9.8497,-0.0007,-0.0034,9.8066,0.0116,-0.0156,0.0163,-7.0,-36.25,23.38,13.85,-85.39,-150.92,False
52.40267,-1.568172,165.34,0.92,6,253.72,28 / 28,71110,2019-09-08 12:08:10:349,0.0017,-0.4591,9.7999,0.0042,-0.0002,9.8066,-0.0034,0.0045,0.0186,-6.62,-36.19,23.75,14.84,-85.35,-150.66,False
52.40267,-1.568172,165.34,0.92,6,253.72,28 / 28,71210,2019-09-08 12:08:10:449,-0.011,-0.3575,9.9883,0.0024,0.0016,9.8066,0.0064,-0.0079,0.0122,-6.25,-36.37,24.44,16.83,-85.35,-151.14,False
52.40267,-1.568172,165.34,0.92,6,253.72,28 / 28,71310,2019-09-08 12:08:10:549,-0.0408,0.0424,10.1668,0.0013,-0.0055,9.8066,0.0467,-0.0043,0.0095,-6.31,-36.94,24.44,16.32,-85.32,-151.66,False
52.40267,-1.568172,165.34,0.92,6,253.72,28 / 28,71410,2019-09-08 12:08:10:649,0.2276,-0.8024,9.8469,0.0015,-0.0039,9.8066,0.0215,-0.0082,0.0082,-6.31,-36.25,23.63,15.77,-85.28,-152.11,False
52.40267,-1.568172,165.34,0.92,6,253.72,28 / 28,71510,2019-09-08 12:08:10:749,0.106,-0.5825,9.9271,0.0018,-0.0076,9.8066,-0.0179,0.0131,0.0046,-6.31,-36.62,23.94,15.72,-85.25,-152.22,False
52.40267,-1.568172,165.34,0.92,6,253.72,28 / 28,71613,2019-09-08 12:08:10:852,-0.0917,-1.0865,9.6926,0.0032,-0.0087,9.8066,0.0081,0.0002,0.0325,-6.44,-36.44,24.19,15.1,-85.2,-152.74,False
52.40267,-1.568172,165.34,0.92,6,253.72,27 / 27,71710,2019-09-08 12:08:10:949,0.0532,-0.3829,9.8619,-0.0031,0.004,9.8066,0.043,0.0062,-0.0165,-5.56,-36.06,23.94,15.33,-85.15,-152.55,False
52.40267,-1.568172,165.34,0.92,6,253.72,27 / 27,71810,2019-09-08 12:08:11:049,0.222,-0.7708,9.8671,0.0013,0.0012,9.8066,0.0307,-0.0011,-0.0106,-5.87,-36.0,23.56,15.05,-85.15,-152.8,False
52.40267,-1.568172,165.34,0.92,6,253.72,27 / 27,71910,2019-09-08 12:08:11:149,0.2922,-0.832,9.7429,0.0027,-0.0112,9.8066,-0.0368,0.0062,0.0129,-6.44,-35.81,23.94,14.29,-85.07,-153.49,False
52.40267,-1.568172,165.34,0.92,6,253.72,27 / 27,72010,2019-09-08 12:08:11:249,0.2001,-0.8092,9.9913,-0.0039,-0.0121,9.8066,-0.0208,0.0039,0.013,-6.75,-36.81,23.88,12.12,-85.0,-153.21,False
52.40267,-1.568172,165.34,0.92,6,253.72,27 / 27,72111,2019-09-08 12:08:11:350,0.1147,-0.9135,9.77,-0.0033,0.0004,9.8066,0.0057,-0.0114,-0.0134,-6.75,-35.94,24.19,12.8,-84.92,-152.61,False
52.40267,-1.568172,165.34,0.92,6,253.72,27 / 27,72210,2019-09-08 12:08:11:449,0.0067,-1.4883,9.8323,-0.0024,-0.0003,9.8066,0.0046,-0.025,0.0047,-6.37,-36.87,23.88,15.62,-84.84,-152.48,False
52.40267,-1.568172,165.34,0.92,6,253.72,27 / 27,72310,2019-09-08 12:08:11:549,0.111,-1.4271,9.7902,0.0012,-0.0077,9.8066,-0.0143,-0.0185,-0.0115,-5.94,-36.44,23.94,15.55,-84.74,-152.53,False
52.40267,-1.568172,165.34,0.92,6,253.72,27 / 27,72410,2019-09-08 12:08:11:649,0.5622,-1.646,9.8468,-0.0007,-0.0018,9.8066,0.0138,0.0185,-0.0087,-5.81,-37.19,23.94,15.22,-84.68,-152.9,False
52.40267,-1.568172,165.34,0.92,6,253.72,27 / 27,72510,2019-09-08 12:08:11:749,0.1445,-1.7659,9.885,-0.0057,-0.0087,9.8066,0.0151,0.0033,0.0028,-6.0,-37.25,23.81,15.72,-84.56,-152.51,False
52.40267,-1.568172,165.34,0.92,6,253.72,27 / 27,72610,2019-09-08 12:08:11:849,0.0842,-1.5351,10.0207,-0.005,-0.0047,9.8066,0.0091,-0.003,0.0101,-5.69,-36.69,23.81,16.11,-84.49,-152.21,False
52.40267,-1.568172,165.34,0.92,6,253.72,28 / 28,72710,2019-09-08 12:08:11:949,-0.0099,-1.4164,9.825,0.007,-0.0126,9.8066,-0.0335,-0.0003,-0.0153,-6.25,-36.0,24.75,17.02,-84.47,-151.83,False
52.40267,-1.568172,165.34,0.92,6,253.72,28 / 28,72810,2019-09-08 12:08:12:049,0.12,-1.1246,9.7629,0.0082,-0.0083,9.8066,0.0005,-0.0175,-0.0144,-6.31,-37.0,24.38,15.27,-84.45,-152.95,False
52.40267,-1.568172,165.34,0.92,6,253.72,28 / 28,72910,2019-09-08 12:08:12:149,0.5447,-1.1847,9.6865,0.0029,0.002,9.8066,-0.0321,-0.009,0.0181,-6.44,-37.44,24.5,15.12,-84.49,-153.52,False
52.40267,-1.568172,165.34,0.92,6,253.72,28 / 28,73010,2019-09-08 12:08:12:249,0.4547,-1.0065,9.8524,-0.0019,-0.0078,9.8065,-0.0543,-0.0001,0.0273,-6.12,-36.75,24.25,14.51,-84.45,-153.6,False
52.40267,-1.568172,165.34,0.92,6,253.72,28 / 28,73110,2019-09-08 12:08:12:349,-0.0386,-0.7197,9.8447,-0.0064,0.0088,9.8066,0.0707,0.0143,-0.0147,-6.06,-36.75,23.94,15.67,-84.41,-152.62,False
52.40267,-1.568172,165.34,0.92,6,253.72,28 / 28,73210,2019-09-08 12:08:12:449,-0.2134,-1.0046,10.1942,-0.0047,0.0103,9.8066,0.1014,-0.0135,0.0273,-5.81,-36.25,23.63,15.86,-84.41,-152.39,False
52.40267,-1.568172,165.34,0.92,6,253.72,28 / 28,73310,2019-09-08 12:08:12:549,0.1363,-0.6703,9.4807,0.0073,-0.0136,9.8066,-0.0971,-0.017,0.0341,-6.37,-36.37,23.25,15.4,-84.45,-152.28,False
52.40267,-1.568172,165.34,0.92,6,253.72,28 / 28,73410,2019-09-08 12:08:12:649,0.0441,-0.4387,9.5378,-0.0038,-0.0131,9.8065,-0.084,0.0061,-0.0102,-6.94,-37.19,23.88,13.7,-84.37,-152.07,False
52.40267,-1.568172,165.34,0.92,6,253.72,28 / 28,73510,2019-09-08 12:08:12:749,0.0095,-1.1487,9.6351,-0.0032,0.0047,9.8066,0.0248,0.0015,-0.0169,-6.69,-37.19,23.88,14.08,-84.39,-151.74,False
52.40267,-1.568172,165.34,0.92,6,253.72,28 / 28,73610,2019-09-08 12:08:12:849,0.0515,-1.1768,9.9767,-0.0001,0.0089,9.8066,0.0381,-0.0112,-0.0071,-6.19,-37.37,23.13,16.4,-84.43,-151.5,False
52.402657,-1.568348,165.32,3.37,2,254.98,28 / 28,73710,2019-09-08 12:08:12:949,-0.0872,-0.7893,9.7774,0.0002,-0.005,9.8066,-0.059,-0.0277,0.0253,-5.44,-37.31,23.88,19.95,-84.43,-151.23,False
52.402657,-1.568348,165.32,3.37,2,254.98,28 / 28,73810,2019-09-08 12:08:13:049,-0.0482,-1.1425,9.7668,-0.0028,-0.0021,9.8066,-0.0391,0.0057,0.0191,-6.19,-36.31,23.44,16.95,-84.41,-150.97,False
52.402657,-1.568348,165.32,3.37,2,254.98,28 / 28,73910,2019-09-08 12:08:13:149,0.1953,-1.2977,9.8991,-0.0035,0.0047,9.8066,0.0411,-0.0262,0.0323,-6.87,-36.75,24.0,15.2,-84.4,-150.78,False
52.402657,-1.568348,165.32,3.37,2,254.98,28 / 28,74010,2019-09-08 12:08:13:249,0.2157,-1.3451,10.0204,-0.0058,0.0125,9.8066,0.0549,0.0327,-0.0568,-6.56,-37.37,23.81,15.91,-84.44,-150.16,False
52.402657,-1.568348,165.32,3.37,2,254.98,28 / 28,74110,2019-09-08 12:08:13:349,0.0706,-1.7098,9.8018,0.0061,-0.0109,9.8066,-0.0079,0.0132,-0.0384,-5.87,-36.81,23.69,16.99,-84.35,-151.52,False
52.402657,-1.568348,165.32,3.37,2,254.98,28 / 28,74210,2019-09-08 12:08:13:449,0.2536,-1.5931,10.0601,0.0009,-0.0134,9.8066,0.0212,0.0002,0.0023,-6.06,-37.19,23.44,15.94,-84.33,-151.94,False
52.402657,-1.568348,165.32,3.37,2,254.98,28 / 28,74310,2019-09-08 12:08:13:549,0.1707,-2.0655,10.0864,-0.0012,-0.0127,9.8066,-0.061,0.0104,0.0307,-6.44,-36.87,23.63,16.47,-84.31,-151.98,False
52.402657,-1.568348,165.32,3.37,2,254.98,28 / 28,74410,2019-09-08 12:08:13:649,0.1479,-1.0638,9.2188,-0.0013,-0.0106,9.8066,-0.0885,0.0105,0.019,-6.75,-37.44,23.31,13.23,-84.22,-151.94,False
52.402657,-1.568348,165.32,3.37,2,254.98,28 / 28,74510,2019-09-08 12:08:13:749,0.0057,-0.6137,9.8251,-0.0017,0.021,9.8066,0.1394,-0.0481,0.0011,-6.69,-37.0,23.75,14.39,-84.1,-151.59,False
52.402657,-1.568348,165.32,3.37,2,254.98,28 / 28,74610,2019-09-08 12:08:13:849,-0.014,-1.742,9.7713,-0.0009,0.0234,9.8065,0.0802,0.0112,-0.054,-6.69,-36.87,23.69,14.25,-84.2,-151.67,False
52.402657,-1.568348,165.32,3.37,2,254.98,27 / 27,74710,2019-09-08 12:08:13:949,0.6272,-2.1536,9.8983,0.0141,-0.0258,9.8065,-0.0948,-0.0254,0.0182,-6.37,-36.12,23.75,15.0,-84.07,-153.28,False
52.402657,-1.568348,165.32,3.37,2,254.98,27 / 27,74810,2019-09-08 12:08:14:049,0.6109,-1.2755,9.9762,0.0066,-0.0321,9.8065,-0.0989,-0.004,-0.0188,-6.75,-37.31,24.13,12.42,-84.06,-153.27,False
52.402657,-1.568348,165.32,3.37,2,254.98,27 / 27,74910,2019-09-08 12:08:14:149,0.2952,-1.5353,9.3745,0.0033,0.0262,9.8066,0.0439,0.0073,-0.0038,-6.37,-37.44,23.81,14.92,-84.09,-153.39,False
52.402657,-1.568348,165.32,3.37,2,254.98,27 / 27,75009,2019-09-08 12:08:14:248,0.1738,-1.4443,9.46,-0.0103,-0.0036,9.8065,-0.0227,0.0158,-0.0108,-5.62,-37.75,23.56,14.56,-84.04,-153.78,False
52.402657,-1.568348,165.32,3.37,2,254.98,27 / 27,75110,2019-09-08 12:08:14:349,0.3499,-1.0326,9.3573,0.0061,0.0175,9.8066,-0.0009,0.0122,-0.0112,-6.62,-36.75,23.94,11.09,-84.18,-154.36,False
52.402657,-1.568348,165.32,3.37,2,254.98,27 / 27,75210,2019-09-08 12:08:14:449,0.4037,-2.0196,10.4,0.0038,0.0123,9.8066,0.0276,-0.0281,0.0118,-6.31,-37.5,23.13,13.04,-84.21,-154.44,False
52.402657,-1.568348,165.32,3.37,2,254.98,27 / 27,75310,2019-09-08 12:08:14:549,0.7852,-1.4417,10.0586,0.0136,-0.0206,9.8066,-0.0614,-0.026,-0.0075,-6.19,-37.12,23.5,13.36,-84.27,-154.65,False
52.402657,-1.568348,165.32,3.37,2,254.98,27 / 27,75410,2019-09-08 12:08:14:649,-0.1759,-1.7654,10.2356,-0.0004,-0.0363,9.8065,0.0103,-0.0437,0.0359,-5.81,-36.94,23.44,12.22,-84.11,-155.16,False
52.402657,-1.568348,165.32,3.37,2,254.98,27 / 27,75510,2019-09-08 12:08:14:749,0.4012,-0.6771,8.8845,-0.0063,0.0314,9.8066,0.0051,0.0052,-0.0186,-6.81,-36.87,23.69,10.33,-84.08,-155.03,False
52.402657,-1.568348,165.32,3.37,2,254.98,27 / 27,75610,2019-09-08 12:08:14:849,-0.8534,-0.8492,9.7599,0.0014,0.0002,9.8066,-0.0431,-0.0612,0.0635,-6.62,-37.0,23.25,9.87,-84.12,-154.8,False
52.402657,-1.568348,165.32,3.37,2,254.98,29 / 29,75710,2019-09-08 12:08:14:949,0.3224,-1.7253,10.1972,0.0137,-0.0039,9.8066,0.1095,0.0035,-0.019,-6.06,-36.69,23.63,11.4,-84.05,-156.38,False
52.402657,-1.568348,165.32,3.37,2,254.98,29 / 29,75809,2019-09-08 12:08:15:048,0.0329,-1.7606,10.2059,0.0003,-0.0114,9.8066,0.0638,-0.0393,0.0272,-6.56,-37.19,24.19,8.12,-84.04,-156.91,False
52.402657,-1.568348,165.32,3.37,2,254.98,29 / 29,75910,2019-09-08 12:08:15:149,-0.2621,-0.686,9.1546,0.0012,0.0245,9.8066,-0.0474,0.0241,-0.0731,-6.69,-37.12,23.56,8.53,-83.94,-156.58,False
52.402657,-1.568348,165.32,3.37,2,254.98,29 / 29,76010,2019-09-08 12:08:15:249,-0.1632,-0.9341,10.1873,-0.0152,0.0261,9.8066,-0.0186,0.0052,0.012,-6.5,-36.31,23.38,10.9,-84.1,-156.23,False
52.402657,-1.568348,165.32,3.37,2,254.98,29 / 29,76110,2019-09-08 12:08:15:349,0.3845,-0.7654,10.2537,0.0115,-0.0268,9.8066,0.0067,0.0404,-0.0203,-7.0,-36.81,23.56,9.33,-84.2,-155.84,False
52.402657,-1.568348,165.32,3.37,2,254.98,29 / 29,76210,2019-09-08 12:08:15:449,-0.2506,-1.2776,10.5399,0.0209,-0.0351,9.8065,0.0083,-0.0319,0.0466,-6.62,-37.31,23.06,6.9,-84.13,-157.29,False
52.402657,-1.568348,165.32,3.37,2,254.98,29 / 29,76310,2019-09-08 12:08:15:549,-0.0109,0.5032,9.19,0.0049,0.018,9.8066,-0.0678,-0.0412,-0.0106,-6.56,-35.94,23.19,6.86,-84.29,-157.26,False
52.402657,-1.568348,165.32,3.37,2,254.98,29 / 29,76410,2019-09-08 12:08:15:649,0.2147,0.325,9.7777,-0.0054,-0.0152,9.8066,-0.0781,-0.0129,-0.0007,-6.37,-36.37,23.69,10.38,-84.13,-157.18,False
52.402657,-1.568348,165.32,3.37,2,254.98,29 / 29,76510,2019-09-08 12:08:15:749,0.3162,-0.341,9.8387,0.0023,0.0024,9.8066,0.1047,-0.0311,0.0094,-6.56,-37.31,23.63,7.56,-84.07,-157.38,False
52.402657,-1.568348,165.32,3.37,2,254.98,29 / 29,76610,2019-09-08 12:08:15:849,-0.5112,-0.3671,9.8718,-0.004,0.0012,9.8065,0.1082,-0.0281,0.0043,-6.19,-36.44,23.94,10.23,-84.0,-157.34,False
52.402657,-1.568348,165.32,3.37,2,254.98,28 / 29,76710,2019-09-08 12:08:15:949,-0.0403,0.1039,10.3882,0.0125,-0.0185,9.8066,0.0167,-0.071,0.1052,-6.62,-37.0,23.63,7.3,-84.02,-157.6,False
52.402657,-1.568348,165.32,3.37,2,254.98,28 / 29,76810,2019-09-08 12:08:16:049,0.4995,-1.0005,9.9739,0.0041,-0.0294,9.8065,-0.0527,0.048,-0.0756,-6.81,-36.69,23.88,6.78,-83.85,-158.07,False
52.402657,-1.568348,165.32,3.37,2,254.98,28 / 29,76910,2019-09-08 12:08:16:149,-0.305,-0.541,9.8311,-0.0017,0.016,9.8066,0.0253,-0.0146,0.0027,-6.94,-36.37,23.63,6.41,-84.01,-158.32,False
52.402657,-1.568348,165.32,3.37,2,254.98,28 / 29,77011,2019-09-08 12:08:16:250,0.1034,-0.1062,10.1396,-0.0056,0.0154,9.8066,0.0404,0.0105,-0.0077,-6.69,-36.87,24.0,6.4,-84.05,-158.35,False
52.402657,-1.568348,165.32,3.37,2,254.98,28 / 29,77111,2019-09-08 12:08:16:350,-0.0338,0.3254,9.9482,0.0012,0.0135,9.8066,0.0384,0.0175,0.0399,-6.62,-36.44,23.88,6.51,-83.94,-158.25,False
52.402657,-1.568348,165.32,3.37,2,254.98,28 / 29,77210,2019-09-08 12:08:16:449,0.2919,0.1204,9.9968,-0.0039,0.0265,9.8066,0.0947,0.0509,0.0609,-6.19,-36.19,24.38,8.54,-84.1,-158.74,False
52.402657,-1.568348,165.32,3.37,2,254.98,28 / 29,77310,2019-09-08 12:08:16:549,0.0387,-0.2251,9.8682,-0.0052,-0.0098,9.8066,0.0071,0.0357,0.0307,-6.56,-37.19,24.31,6.81,-84.05,-158.01,False
52.402657,-1.568348,165.32,3.37,2,254.98,28 / 29,77410,2019-09-08 12:08:16:649,-0.6721,0.0993,10.5023,0.0078,-0.0177,9.8066,-0.022,-0.0154,0.0537,-6.37,-36.69,24.19,9.64,-83.97,-157.88,False
52.402657,-1.568348,165.32,3.37,2,254.98,28 / 29,77510,2019-09-08 12:08:16:749,-0.1773,0.3049,9.5964,-0.0017,0.021,9.8066,-0.0129,-0.0094,-0.0193,-6.12,-36.37,23.63,10.71,-84.09,-156.91,False
52.402657,-1.568348,165.32,3.37,2,254.98,28 / 29,77610,2019-09-08 12:08:16:849,-0.2471,-0.3342,9.846,-0.0101,0.0193,9.8065,0.0214,-0.0183,-0.0077,-6.62,-37.19,23.69,8.46,-84.14,-156.6,False
52.402657,-1.568348,165.32,3.37,2,254.98,29 / 29,77712,2019-09-08 12:08:16:951,-0.0937,0.5676,9.8498,-0.0019,0.0031,9.8066,0.0964,-0.0308,-0.0114,-6.94,-36.81,24.25,8.13,-84.15,-156.87,False
52.402657,-1.568348,165.32,3.37,2,254.98,29 / 29,77810,2019-09-08 12:08:17:049,-0.5097,-0.3125,10.3588,-0.007,0.0009,9.8066,0.1316,-0.0154,-0.0151,-6.31,-36.62,23.56,11.34,-84.09,-156.42,False
52.402657,-1.568348,165.32,3.37,2,254.98,29 / 29,77909,2019-09-08 12:08:17:148,-0.8445,0.8555,9.7957,0.0129,-0.0229,9.8066,-0.1625,-0.0547,0.0334,-7.0,-36.5,24.31,8.99,-84.12,-156.12,False
52.402657,-1.568348,165.32,3.37,2,254.98,29 / 29,78010,2019-09-08 12:08:17:249,-0.6914,-0.0649,9.9291,0.0034,-0.0186,9.8066,-0.0913,-0.0475,0.0326,-6.31,-37.37,22.88,10.35,-83.98,-156.76,False
52.402657,-1.568348,165.32,3.37,2,254.98,29 / 29,78110,2019-09-08 12:08:17:349,0.4571,-0.2927,9.3302,0.0062,0.0204,9.8065,0.0206,-0.0439,0.0512,-6.37,-36.87,23.75,10.59,-83.99,-157.08,False
52.402657,-1.568348,165.32,3.37,2,254.98,29 / 29,78210,2019-09-08 12:08:17:449,0.5129,0.0995,10.3662,-0.0078,0.0346,9.8066,0.0621,0.0152,0.0267,-6.44,-37.06,23.19,9.29,-84.16,-157.6,False
52.402657,-1.568348,165.32,3.37,2,254.98,29 / 29,78310,2019-09-08 12:08:17:549,0.9194,-0.6028,10.0883,0.0178,-0.0367,9.8066,-0.1009,-0.0012,0.0061,-5.94,-36.75,22.81,7.9,-83.96,-158.81,False
52.402657,-1.568348,165.32,3.37,2,254.98,29 / 29,78410,2019-09-08 12:08:17:649,-0.362,-0.6409,9.9462,0.0101,-0.0387,9.8065,-0.0778,-0.0281,0.0461,-5.69,-36.81,22.81,8.28,-83.93,-158.51,False
52.402657,-1.568348,165.32,3.37,2,254.98,29 / 29,78510,2019-09-08 12:08:17:749,-0.5249,0.1656,9.9313,-0.0008,0.014,9.8066,0.0649,-0.0371,-0.0071,-6.0,-36.12,23.25,9.19,-83.89,-157.72,False
52.402657,-1.568348,165.32,3.37,2,254.98,29 / 29,78610,2019-09-08 12:08:17:849,-0.5738,-2.0393,10.2383,0.0087,0.0186,9.8066,0.2175,-0.0577,-0.0234,-5.69,-36.62,23.0,8.37,-84.01,-158.41,False
52.402657,-1.568348,165.32,3.37,2,254.98,29 / 29,78710,2019-09-08 12:08:17:949,-0.881,-0.3659,10.1443,-0.0054,-0.0369,9.8065,-0.3379,0.1293,-0.1087,-5.19,-36.5,22.38,9.53,-84.1,-159.27,False
52.402657,-1.568348,165.32,3.37,2,254.98,29 / 29,78810,2019-09-08 12:08:18:049,-0.9685,0.8292,9.8208,0.0112,0.0053,9.8066,-0.1633,-0.0495,0.0551,-5.75,-36.94,22.56,7.03,-84.03,-159.52,False
52.402657,-1.568348,165.32,3.37,2,254.98,29 / 29,78910,2019-09-08 12:08:18:149,-0.5735,0.4275,10.4863,-0.0015,0.0002,9.8066,0.0628,-0.0053,0.0074,-5.81,-37.31,22.69,8.64,-84.02,-158.18,False
52.402657,-1.568348,165.32,3.37,2,254.98,29 / 29,79010,2019-09-08 12:08:18:249,0.8458,0.7059,10.0377,-0.0008,-0.0166,9.8065,-0.028,0.0766,-0.0637,-6.0,-36.69,23.44,8.36,-83.95,-158.43,False
52.402657,-1.568348,165.32,3.37,2,254.98,29 / 29,79110,2019-09-08 12:08:18:349,0.5755,0.5227,10.7608,-0.0152,-0.0107,9.8066,0.0974,0.0339,-0.1454,-6.19,-37.06,23.31,7.57,-83.89,-159.11,False
52.402657,-1.568348,165.32,3.37,2,254.98,29 / 29,79210,2019-09-08 12:08:18:449,0.1014,0.1899,10.6475,-0.0011,0.0012,9.8066,0.0953,0.0018,-0.0328,-5.5,-37.25,22.75,10.37,-83.8,-159.17,False
52.402657,-1.568348,165.32,3.37,2,254.98,29 / 29,79310,2019-09-08 12:08:18:549,0.1024,-0.1093,9.7097,0.0065,-0.0145,9.8065,-0.1516,0.0014,-0.0083,-5.5,-36.94,22.69,10.08,-83.74,-159.43,False
52.402657,-1.568348,165.32,3.37,2,254.98,29 / 29,79410,2019-09-08 12:08:18:649,-0.2051,1.3371,9.3369,0.006,-0.0113,9.8066,-0.1581,-0.0099,-0.0129,-5.87,-37.31,23.13,6.63,-83.67,-159.92,False
52.402657,-1.568348,165.32,3.37,2,254.98,29 / 29,79510,2019-09-08 12:08:18:749,-0.1579,1.0028,10.1969,-0.0102,0.0422,9.8065,0.1395,-0.011,-0.0235,-6.12,-37.56,23.13,7.85,-83.87,-158.91,False
52.402657,-1.568348,165.32,3.37,2,254.98,29 / 29,79610,2019-09-08 12:08:18:849,-0.4138,-0.3848,10.3222,-0.0012,0.0367,9.8065,0.2037,-0.0488,0.0119,-5.87,-36.69,22.5,7.17,-83.91,-159.43,False
52.402657,-1.568348,165.32,3.37,2,254.98,28 / 29,79710,2019-09-08 12:08:18:949,-0.2753,0.847,9.7971,0.0116,-0.0254,9.8065,-0.1147,-0.0338,0.0027,-5.44,-36.25,22.75,9.75,-83.85,-159.63,False
52.402657,-1.568348,165.32,3.37,2,254.98,28 / 29,79810,2019-09-08 12:08:19:049,0.0114,1.5396,9.6734,0.0172,-0.0246,9.8065,-0.1607,0.0067,-0.0393,-5.62,-36.62,23.75,5.68,-83.66,-161.25,False
52.402657,-1.568348,165.32,3.37,2,254.98,28 / 29,79910,2019-09-08 12:08:19:149,-0.1384,0.5747,9.374,-0.0081,0.0237,9.8065,0.1136,-0.024,-0.0083,-6.12,-37.25,23.31,4.58,-83.64,-161.61,False
52.402657,-1.568348,165.32,3.37,2,254.98,28 / 29,80010,2019-09-08 12:08:19:249,-0.0032,0.3835,10.0534,-0.0135,0.0328,9.8065,0.1089,-0.0076,-0.0295,-6.06,-37.19,22.19,4.77,-83.72,-160.85,False
52.402657,-1.568348,165.32,3.37,2,254.98,28 / 29,80110,2019-09-08 12:08:19:349,-0.2224,0.5456,9.9444,0.0062,-0.0146,9.8066,-0.0926,0.0273,-0.0297,-6.44,-36.81,23.63,5.48,-83.62,-161.43,False
52.402657,-1.568348,165.32,3.37,2,254.98,28 / 29,80211,2019-09-08 12:08:19:450,-0.7267,0.5739,10.066,0.0141,-0.0285,9.8065,-0.0983,-0.0056,0.0213,-5.62,-37.37,23.06,4.02,-83.63,-162.07,False
52.402657,-1.568348,165.32,3.37,2,254.98,28 / 29,80310,2019-09-08 12:08:19:549,-0.1015,0.1419,9.7234,-0.0034,0.0174,9.8066,0.0753,-0.0058,0.0364,-5.12,-36.81,23.06,5.76,-83.76,-162.99,False
52.402657,-1.568348,165.32,3.37,2,254.98,28 / 29,80410,2019-09-08 12:08:19:649,-0.2085,0.3323,10.3916,-0.0115,0.0244,9.8065,0.0956,-0.0082,-0.0215,-5.5,-36.31,23.5,7.36,-83.88,-162.07,False
52.402657,-1.568348,165.32,3.37,2,254.98,28 / 29,80510,2019-09-08 12:08:19:749,-0.0915,-0.3889,10.3751,0.0066,-0.0345,9.8065,-0.0939,0.0301,-0.0021,-6.0,-37.5,22.94,3.9,-83.89,-162.15,False
52.402657,-1.568348,165.32,3.37,2,254.98,28 / 29,80610,2019-09-08 12:08:19:849,-0.0611,1.186,9.3101,0.0112,-0.0405,9.8065,-0.0904,0.015,0.0215,-5.69,-36.87,23.44,3.2,-83.65,-162.75,False
52.402657,-1.568348,165.32,3.37,2,254.98,28 / 28,80709,2019-09-08 12:08:19:948,-0.2581,0.5259,9.2066,-0.0124,0.0398,9.8065,0.0971,0.0089,0.0015,-5.69,-36.81,22.63,2.71,-83.6,-163.15,False
52.402657,-1.568348,165.32,3.37,2,254.98,28 / 28,80810,2019-09-08 12:08:20:049,-0.6393,-0.1221,9.6045,-0.0094,0.0379,9.8065,0.0993,0.0007,0.0295,-6.12,-36.62,23.5,4.24,-83.82,-162.43,False
52.402657,-1.568348,165.32,3.37,2,254.98,28 / 28,80909,2019-09-08 12:08:20:148,0.083,-0.2956,10.3481,0.0049,-0.0357,9.8065,-0.0335,0.011,0.04,-6.12,-36.87,23.13,2.93,-83.62,-162.97,False
52.402657,-1.568348,165.32,3.37,2,254.98,28 / 28,81010,2019-09-08 12:08:20:249,0.2886,-0.5037,9.5277,0.0,-0.0287,9.8066,-0.0216,0.0177,-0.008,-5.25,-37.25,22.75,6.66,-83.6,-162.28,False
52.402657,-1.568348,165.32,3.37,2,254.98,28 / 28,81110,2019-09-08 12:08:20:349,-0.3032,0.4939,9.3642,-0.0148,0.0255,9.8065,-0.0537,-0.0024,0.0146,-5.69,-37.19,23.38,4.64,-83.62,-161.57,False
52.402657,-1.568348,165.32,3.37,2,254.98,28 / 28,81210,2019-09-08 12:08:20:449,-0.128,0.2365,10.1221,-0.0068,0.0229,9.8065,-0.0442,0.0017,0.0059,-6.25,-37.5,23.38,5.99,-83.78,-160.43,False
52.402657,-1.568348,165.32,3.37,2,254.98,28 / 28,81310,2019-09-08 12:08:20:549,0.3151,-0.0307,10.0153,0.0071,-0.0028,9.8066,0.081,0.0107,0.0251,-5.62,-37.69,23.38,6.09,-83.82,-160.37,False
52.402657,-1.568348,165.32,3.37,2,254.98,28 / 28,81410,2019-09-08 12:08:20:649,0.3691,-0.4392,9.7424,0.0056,-0.005,9.8066,0.0264,0.0201,0.0268,-5.37,-37.06,22.94,8.08,-83.81,-161.07,False
52.402657,-1.568348,165.32,3.37,2,254.98,28 / 28,81511,2019-09-08 12:08:20:750,-0.2578,-0.6184,9.6559,-0.0127,0.0042,9.8066,0.006,0.0003,0.0164,-6.44,-36.69,22.81,6.93,-83.86,-159.64,False
52.402657,-1.568348,165.32,3.37,2,254.98,28 / 28,81610,2019-09-08 12:08:20:849,-0.4365,0.5332,9.5972,-0.0014,-0.0013,9.8066,-0.0186,-0.001,0.0133,-6.56,-37.5,23.19,4.29,-83.88,-159.51,False
52.402657,-1.568348,165.32,3.37,2,254.98,27 / 27,81710,2019-09-08 12:08:20:949,-0.33,0.0272,9.9716,0.0023,0.0011,9.8066,0.0638,0.0326,-0.0356,-5.37,-37.12,23.0,9.65,-83.84,-159.76,False
52.402657,-1.568348,165.32,3.37,2,254.98,27 / 27,81810,2019-09-08 12:08:21:049,0.363,0.0685,9.6807,0.0059,-0.0022,9.8066,0.0469,-0.0219,0.0339,-5.19,-36.75,23.56,9.07,-83.84,-160.68,False
52.402657,-1.568348,165.32,3.37,2,254.98,27 / 27,81909,2019-09-08 12:08:21:148,-0.2552,0.7719,10.3198,0.0021,-0.0088,9.8066,-0.0602,-0.0107,0.0027,-6.25,-37.5,23.56,7.16,-83.86,-159.99,False
52.402657,-1.568348,165.32,3.37,2,254.98,27 / 27,82010,2019-09-08 12:08:21:249,-0.192,0.6317,10.2415,0.0082,-0.0091,9.8065,-0.0466,0.0193,-0.0755,-5.81,-37.12,23.0,5.48,-83.74,-160.86,False
52.402657,-1.568348,165.32,3.37,2,254.98,27 / 27,82110,2019-09-08 12:08:21:349,0.5881,-0.0734,9.4444,0.0055,-0.0016,9.8066,0.0504,0.0281,-0.0504,-5.81,-36.06,23.31,2.64,-83.67,-163.2,False
52.402657,-1.568348,165.32,3.37,2,254.98,27 / 27,82210,2019-09-08 12:08:21:449,0.1366,-0.0681,9.6602,0.0062,0.0024,9.8066,0.055,-0.0132,0.0044,-6.0,-36.62,23.25,1.47,-83.61,-164.17,False
52.402657,-1.568348,165.32,3.37,2,254.98,27 / 27,82310,2019-09-08 12:08:21:549,0.3921,0.4514,9.6766,-0.0025,-0.0041,9.8066,-0.0477,-0.0171,0.0485,-6.25,-36.69,23.81,2.17,-83.59,-164.17,False
52.402657,-1.568348,165.32,3.37,2,254.98,27 / 27,82410,2019-09-08 12:08:21:649,-0.3055,0.963,10.0757,-0.0027,-0.0233,9.8065,-0.0738,0.0036,-0.0048,-6.06,-37.44,23.69,3.21,-83.45,-163.32,False
52.402657,-1.568348,165.32,3.37,2,254.98,27 / 27,82510,2019-09-08 12:08:21:749,-0.5726,0.3042,9.7294,0.0029,0.0358,9.8065,0.0624,-0.0348,-0.0454,-5.25,-36.81,23.25,4.86,-83.43,-163.78,False
52.402657,-1.568348,165.32,3.37,2,254.98,27 / 27,82609,2019-09-08 12:08:21:848,0.7452,0.5266,9.758,-0.0003,0.0345,9.8066,-0.0054,0.0361,-0.0711,-5.81,-36.69,23.5,1.4,-83.74,-164.8,False
52.40255,-1.569037,165.12,5.07,3,255.48,28 / 29,82710,2019-09-08 12:08:21:949,0.5999,0.0553,9.4287,0.0054,0.0178,9.8065,-0.0233,-0.0153,0.0289,-5.87,-37.19,23.5,0.26,-83.77,-165.75,False
52.40255,-1.569037,165.12,5.07,3,255.48,28 / 29,82810,2019-09-08 12:08:22:049,0.1916,0.756,9.482,-0.0023,-0.0263,9.8066,-0.0908,-0.0097,-0.0121,-5.75,-37.19,23.31,0.17,-83.79,-165.24,False
52.40255,-1.569037,165.12,5.07,3,255.48,28 / 29,82910,2019-09-08 12:08:22:149,-0.2892,1.583,10.0063,-0.0021,-0.0278,9.8065,-0.1299,0.014,-0.0222,-6.19,-36.56,22.94,1.33,-83.6,-164.29,False
52.40255,-1.569037,165.12,5.07,3,255.48,28 / 29,83009,2019-09-08 12:08:22:248,-0.3834,1.8117,9.5247,-0.0123,0.0541,9.8064,0.2447,0.0015,-0.0192,-6.25,-36.69,23.56,2.44,-83.56,-163.94,False
52.40255,-1.569037,165.12,5.07,3,255.48,28 / 29,83110,2019-09-08 12:08:22:349,-0.1195,-0.594,10.757,-0.0078,0.0505,9.8064,0.179,-0.0062,0.014,-6.12,-37.0,23.31,2.12,-83.85,-163.62,False
52.40255,-1.569037,165.12,5.07,3,255.48,28 / 29,83210,2019-09-08 12:08:22:449,0.344,-0.3646,10.1222,0.0108,-0.0617,9.8064,-0.1492,0.0198,-0.0165,-5.37,-37.0,22.94,3.23,-83.52,-165.1,False
52.40255,-1.569037,165.12,5.07,3,255.48,28 / 29,83310,2019-09-08 12:08:22:549,0.0184,-0.1514,9.7114,0.0096,-0.0535,9.8064,-0.079,0.002,0.0228,-5.56,-36.75,22.69,0.42,-83.51,-165.04,False
52.40255,-1.569037,165.12,5.07,3,255.48,28 / 29,83410,2019-09-08 12:08:22:649,-0.4191,0.9492,9.4913,-0.0086,0.0322,9.8065,0.0683,-0.013,0.0026,-5.75,-36.94,24.13,1.76,-83.52,-164.51,False
52.40255,-1.569037,165.12,5.07,3,255.48,28 / 29,83510,2019-09-08 12:08:22:749,-0.0092,0.6224,9.3283,-0.0065,0.0304,9.8065,-0.0368,0.0222,-0.0187,-5.87,-37.69,22.69,1.48,-83.67,-164.17,False
52.40255,-1.569037,165.12,5.07,3,255.48,28 / 29,83610,2019-09-08 12:08:22:849,0.6568,0.7674,9.5979,0.0022,0.0142,9.8066,0.0651,-0.0423,0.0382,-5.37,-37.25,23.69,3.97,-83.59,-164.95,False
52.40255,-1.569037,165.12,5.07,3,255.48,28 / 28,83710,2019-09-08 12:08:22:949,-0.3195,0.6722,9.801,-0.0039,0.0117,9.8066,0.0152,-0.0018,-0.0131,-5.31,-36.87,23.5,4.45,-83.63,-164.55,False
52.40255,-1.569037,165.12,5.07,3,255.48,28 / 28,83810,2019-09-08 12:08:23:049,0.1604,-0.0748,9.7141,0.0009,0.0003,9.8066,-0.0233,-0.0001,0.021,-6.06,-36.81,24.0,1.59,-83.66,-164.65,False
52.40255,-1.569037,165.12,5.07,3,255.48,28 / 28,83910,2019-09-08 12:08:23:149,-0.4621,-0.7832,9.5892,-0.0032,-0.0034,9.8066,-0.0567,0.0258,-0.0292,-5.19,-37.25,23.19,4.05,-83.68,-164.41,False
52.40255,-1.569037,165.12,5.07,3,255.48,28 / 28,84009,2019-09-08 12:08:23:248,-0.191,0.118,9.8934,0.0055,-0.0011,9.8066,-0.0257,0.0112,-0.0168,-5.37,-36.87,23.19,3.59,-83.73,-164.78,False
52.40255,-1.569037,165.12,5.07,3,255.48,28 / 28,84110,2019-09-08 12:08:23:349,-0.0961,0.2571,9.9584,0.005,0.0054,9.8066,-0.0061,-0.0043,0.024,-4.81,-37.06,23.06,2.55,-83.78,-165.63,False
52.40255,-1.569037,165.12,5.07,3,255.48,28 / 28,84210,2019-09-08 12:08:23:449,-0.0954,0.0896,9.88,-0.001,0.0068,9.8066,-0.0375,-0.0095,0.0068,-5.62,-36.94,23.25,359.93,-83.85,-165.43,False
52.40255,-1.569037,165.12,5.07,3,255.48,28 / 28,84310,2019-09-08 12:08:23:549,-0.1832,0.4349,9.6719,0.0022,-0.0044,9.8065,-0.0299,0.0189,0.0208,-5.19,-36.87,23.38,2.68,-83.9,-165.52,False
52.40255,-1.569037,165.12,5.07,3,255.48,28 / 28,84410,2019-09-08 12:08:23:649,0.1505,0.5876,9.607,-0.0044,0.0151,9.8066,0.0156,-0.0053,-0.0127,-4.75,-37.12,23.38,2.99,-83.94,-165.26,False
52.40255,-1.569037,165.12,5.07,3,255.48,28 / 28,84512,2019-09-08 12:08:23:751,0.2529,-0.1272,9.7715,0.0062,0.0103,9.8066,-0.0363,-0.0164,-0.0148,-5.5,-37.44,23.06,3.17,-84.04,-165.1,False
52.40255,-1.569037,165.12,5.07,3,255.48,28 / 28,84610,2019-09-08 12:08:23:849,-0.4517,0.3036,10.1394,0.0031,0.0007,9.8066,-0.0088,-0.0041,-0.0101,-5.31,-37.12,23.5,4.11,-84.04,-164.79,False
52.40255,-1.569037,165.12,5.07,3,255.48,28 / 28,84711,2019-09-08 12:08:23:950,0.2242,0.362,10.168,0.0043,-0.006,9.8066,-0.0287,-0.0037,-0.0149,-5.25,-37.69,23.69,3.21,-84.03,-165.56,False
52.40255,-1.569037,165.12,5.07,3,255.48,28 / 28,84810,2019-09-08 12:08:24:049,0.0568,0.7231,9.9842,-0.0004,0.0083,9.8066,0.0097,0.0087,0.0188,-5.06,-37.25,23.31,2.03,-84.07,-166.04,False
52.40255,-1.569037,165.12,5.07,3,255.48,28 / 28,84910,2019-09-08 12:08:24:149,-0.2442,0.3779,10.281,-0.0102,0.0091,9.8066,0.021,0.0001,0.0265,-5.69,-36.62,23.44,359.92,-84.05,-165.45,False
52.40255,-1.569037,165.12,5.07,3,255.48,28 / 28,85010,2019-09-08 12:08:24:249,0.3733,-0.3198,9.6886,0.0075,-0.0232,9.8066,-0.0387,0.0075,0.0397,-5.69,-37.25,23.75,0.97,-84.06,-165.15,False
52.40255,-1.569037,165.12,5.07,3,255.48,28 / 28,85110,2019-09-08 12:08:24:349,-0.108,0.9979,9.8649,-0.0067,-0.0257,9.8065,-0.0063,0.0242,0.0,-5.44,-37.0,23.44,3.96,-83.89,-164.46,False
52.40255,-1.569037,165.12,5.07,3,255.48,28 / 28,85210,2019-09-08 12:08:24:449,-0.4083,0.5303,9.537,-0.0093,0.016,9.8066,0.0031,0.0238,-0.0185,-6.0,-37.31,23.31,1.17,-83.91,-164.41,False
52.40255,-1.569037,165.12,5.07,3,255.48,28 / 28,85310,2019-09-08 12:08:24:549,-0.364,0.3643,9.663,-0.0018,0.0123,9.8066,0.0045,-0.0092,-0.0025,-5.44,-36.81,22.88,4.37,-83.96,-164.11,False
52.40255,-1.569037,165.12,5.07,3,255.48,28 / 28,85410,2019-09-08 12:08:24:649,0.0856,-0.019,10.2676,0.0139,-0.0182,9.8066,-0.0192,-0.0228,0.0275,-6.06,-37.37,23.13,0.02,-83.96,-165.36,False
52.40255,-1.569037,165.12,5.07,3,255.48,28 / 28,85510,2019-09-08 12:08:24:749,0.0242,0.0553,10.0049,0.0041,-0.0131,9.8066,-0.0016,-0.0157,-0.0199,-5.75,-37.44,23.19,0.56,-84.04,-164.91,False
52.40255,-1.569037,165.12,5.07,3,255.48,28 / 28,85610,2019-09-08 12:08:24:849,0.0631,0.5364,9.7438,-0.0042,0.0137,9.8066,0.0077,0.0018,-0.0011,-5.69,-37.31,23.06,0.33,-84.09,-165.11,False
52.40255,-1.569037,165.12,5.07,3,255.48,28 / 29,85710,2019-09-08 12:08:24:949,0.2125,-0.0121,9.6525,-0.006,0.0047,9.8066,-0.0265,-0.0101,0.0322,-5.94,-36.75,22.88,1.28,-84.12,-164.31,False
52.40255,-1.569037,165.12,5.07,3,255.48,28 / 29,85809,2019-09-08 12:08:25:048,-0.0743,0.3673,10.0697,-0.0066,-0.0012,9.8066,0.0425,0.0088,0.0173,-6.06,-37.31,23.56,2.68,-84.12,-163.71,False
52.40255,-1.569037,165.12,5.07,3,255.48,28 / 29,85910,2019-09-08 12:08:25:149,-0.3197,0.3242,10.2773,0.0006,-0.0043,9.8066,0.033,0.0043,-0.0037,-5.69,-37.81,23.0,2.8,-84.11,-163.05,False
52.40255,-1.569037,165.12,5.07,3,255.48,28 / 29,86010,2019-09-08 12:08:25:249,-0.1268,0.3103,9.6732,0.004,-0.0092,9.8066,-0.0478,-0.0187,-0.0001,-5.25,-37.87,22.69,4.69,-84.09,-163.85,False
52.40255,-1.569037,165.12,5.07,3,255.48,28 / 29,86110,2019-09-08 12:08:25:349,-0.1687,0.1916,10.099,-0.0022,-0.0102,9.8066,0.0021,-0.0258,-0.0024,-5.56,-38.06,22.88,2.01,-84.07,-163.71,False
52.40255,-1.569037,165.12,5.07,3,255.48,28 / 29,86210,2019-09-08 12:08:25:449,0.1804,0.7474,9.6018,0.0062,0.0046,9.8066,0.0021,-0.0118,0.002,-5.31,-37.19,23.38,4.48,-84.11,-164.0,False
52.40255,-1.569037,165.12,5.07,3,255.48,28 / 29,86310,2019-09-08 12:08:25:549,-0.4445,0.631,10.0484,-0.0052,-0.0051,9.8066,-0.0137,-0.0123,0.0262,-5.87,-37.87,23.25,1.74,-84.13,-163.94,False
52.40255,-1.569037,165.12,5.07,3,255.48,28 / 29,86410,2019-09-08 12:08:25:649,0.1392,0.9319,9.833,0.0049,0.0062,9.8065,-0.0039,-0.0095,0.0036,-5.75,-37.81,23.19,1.48,-84.14,-164.15,False
52.40255,-1.569037,165.12,5.07,3,255.48,28 / 29,86510,2019-09-08 12:08:25:749,0.4307,0.5082,9.9133,-0.0046,-0.0055,9.8066,0.0121,0.0244,-0.0331,-5.37,-37.87,23.75,4.85,-84.12,-164.18,False
52.40255,-1.569037,165.12,5.07,3,255.48,28 / 29,86610,2019-09-08 12:08:25:849,-0.0672,1.2125,9.7897,-0.0018,-0.0047,9.8066,-0.0754,-0.0009,-0.0139,-5.56,-37.62,23.13,1.83,-84.09,-163.86,False
52.40255,-1.569037,165.12,5.07,3,255.48,27 / 28,86710,2019-09-08 12:08:25:949,-0.2486,1.031,10.1553,-0.0022,-0.0006,9.8065,-0.0921,-0.0152,-0.0089,-6.0,-37.06,23.81,2.9,-84.09,-163.53,False
52.40255,-1.569037,165.12,5.07,3,255.48,27 / 28,86810,2019-09-08 12:08:26:049,-0.1424,0.2198,9.8143,0.0037,0.0091,9.8066,0.0173,-0.0233,-0.0471,-5.87,-37.81,23.88,3.01,-84.12,-163.44,False
52.40255,-1.569037,165.12,5.07,3,255.48,27 / 28,86910,2019-09-08 12:08:26:149,-0.1641,0.783,9.9583,0.0081,-0.0026,9.8066,0.0257,-0.0106,-0.0088,-5.62,-37.81,24.13,1.94,-84.19,-164.33,False
52.40255,-1.569037,165.12,5.07,3,255.48,27 / 28,87010,2019-09-08 12:08:26:249,-0.0205,0.7141,9.6512,0.0035,0.0176,9.8066,0.0479,0.0099,-0.002,-6.25,-37.37,23.44,0.89,-84.12,-164.64,False
52.40255,-1.569037,165.12,5.07,3,255.48,27 / 28,87110,2019-09-08 12:08:26:349,-0.0839,0.0984,9.5719,-0.0029,0.0106,9.8066,0.0108,-0.0013,0.0121,-5.56,-36.44,23.81,1.22,-84.22,-164.93,False
52.40255,-1.569037,165.12,5.07,3,255.48,27 / 28,87209,2019-09-08 12:08:26:448,-0.0043,-0.1812,10.1551,-0.0061,-0.0019,9.8066,0.0586,-0.011,0.0279,-5.62,-36.56,23.25,1.05,-84.26,-164.5,False
52.40255,-1.569037,165.12,5.07,3,255.48,27 / 28,87310,2019-09-08 12:08:26:549,-0.5838,-0.3133,9.9926,-0.0019,0.0041,9.8066,0.0552,-0.0265,0.0347,-6.12,-37.12,23.88,2.1,-84.29,-164.18,False
52.40255,-1.569037,165.12,5.07,3,255.48,27 / 28,87410,2019-09-08 12:08:26:649,0.024,0.5855,9.9338,0.0084,0.0086,9.8066,-0.0085,-0.0044,0.0004,-5.75,-37.31,23.63,1.99,-84.29,-164.28,False
52.40255,-1.569037,165.12,5.07,3,255.48,27 / 28,87510,2019-09-08 12:08:26:749,-0.629,-0.1308,10.1571,0.0031,-0.002,9.8066,0.02,-0.0113,-0.014,-5.19,-36.37,24.0,3.66,-84.33,-165.12,False
52.40255,-1.569037,165.12,5.07,3,255.48,27 / 28,87610,2019-09-08 12:08:26:849,0.7166,0.7514,10.1208,0.0056,-0.0065,9.8066,0.0443,-0.0021,0.0048,-5.5,-36.87,23.38,1.85,-84.35,-166.18,False
52.40255,-1.569037,165.12,5.07,3,255.48,28 / 28,87710,2019-09-08 12:08:26:949,0.1405,-0.1106,9.8332,0.0057,0.002,9.8066,0.0027,-0.0508,0.0307,-5.56,-36.62,23.94,359.3,-84.33,-166.56,False
52.40255,-1.569037,165.12,5.07,3,255.48,28 / 28,87810,2019-09-08 12:08:27:049,-0.0882,-0.1384,9.5263,0.0072,0.0022,9.8066,-0.0222,-0.0323,-0.013,-5.56,-37.12,24.38,359.8,-84.32,-166.13,False
52.40255,-1.569037,165.12,5.07,3,255.48,28 / 28,87910,2019-09-08 12:08:27:149,0.7074,0.1363,9.4554,-0.0021,-0.006,9.8065,0.0014,0.0258,-0.0156,-5.06,-37.12,23.31,1.86,-84.34,-166.17,False
52.40255,-1.569037,165.12,5.07,3,255.48,28 / 28,88010,2019-09-08 12:08:27:249,0.007,0.4299,10.9054,-0.0027,0.0022,9.8066,0.0268,-0.0291,0.0119,-5.44,-37.31,23.5,2.86,-84.27,-165.82,False
52.40255,-1.569037,165.12,5.07,3,255.48,28 / 28,88110,2019-09-08 12:08:27:349,-0.1746,-0.9257,9.2357,0.0003,-0.008,9.8066,-0.0452,-0.0004,0.0322,-4.62,-36.12,23.56,2.63,-84.15,-166.01,False
52.40255,-1.569037,165.12,5.07,3,255.48,28 / 28,88210,2019-09-08 12:08:27:449,0.1206,-0.2813,9.5891,0.0066,-0.0033,9.8066,0.022,-0.001,-0.0126,-5.69,-36.75,24.5,0.99,-83.96,-165.67,False
52.40255,-1.569037,165.12,5.07,3,255.48,28 / 28,88310,2019-09-08 12:08:27:549,0.441,-0.1167,9.6652,-0.0026,0.0087,9.8066,0.0172,0.0199,-0.0293,-5.5,-36.94,23.94,2.35,-83.99,-166.26,False
52.40255,-1.569037,165.12,5.07,3,255.48,28 / 28,88410,2019-09-08 12:08:27:649,-0.0316,0.2481,10.028,0.0067,-0.0077,9.8066,-0.049,-0.0259,-0.0109,-5.37,-36.75,24.06,1.97,-83.99,-166.58,False
52.40255,-1.569037,165.12,5.07,3,255.48,28 / 28,88510,2019-09-08 12:08:27:749,-0.2948,-0.1814,9.6773,0.0028,-0.0123,9.8066,-0.0632,-0.034,-0.0086,-4.87,-36.44,23.63,1.88,-83.96,-166.65,False
52.40255,-1.569037,165.12,5.07,3,255.48,28 / 28,88610,2019-09-08 12:08:27:849,-0.0864,-0.4899,9.5775,-0.0023,0.0056,9.8066,0.0544,-0.0063,-0.0328,-5.25,-36.19,23.56,1.58,-83.86,-166.91,False
52.40255,-1.569037,165.12,5.07,3,255.48,29 / 29,88710,2019-09-08 12:08:27:949,0.5587,-1.0719,10.2857,0.0026,-0.0004,9.8066,0.0524,-0.0134,-0.0391,-5.25,-36.12,23.88,1.19,-83.79,-167.24,False
52.40255,-1.569037,165.12,5.07,3,255.48,29 / 29,88810,2019-09-08 12:08:28:049,-0.0785,1.8847,9.5186,-0.0001,0.014,9.8066,-0.1646,-0.0049,-0.0187,-5.06,-36.69,23.13,0.86,-83.92,-167.02,False
52.40255,-1.569037,165.12,5.07,3,255.48,29 / 29,88910,2019-09-08 12:08:28:149,0.0095,0.9204,9.3996,0.0106,-0.0225,9.8066,-0.2217,0.0078,0.003,-5.19,-36.31,23.63,1.1,-83.92,-167.3,False
52.40255,-1.569037,165.12,5.07,3,255.48,29 / 29,89010,2019-09-08 12:08:28:249,-0.4195,-0.082,9.2876,-0.0184,0.0336,9.8065,0.1641,-0.0012,-0.0318,-4.94,-36.12,23.56,3.15,-84.0,-165.58,False
52.40255,-1.569037,165.12,5.07,3,255.48,29 / 29,89110,2019-09-08 12:08:28:349,-0.1611,-0.7025,10.1738,-0.0124,0.0344,9.8065,0.1318,-0.0358,0.0251,-5.19,-36.06,23.75,3.31,-83.93,-165.45,False
52.40255,-1.569037,165.12,5.07,3,255.48,29 / 29,89210,2019-09-08 12:08:28:449,0.0125,0.1279,10.2043,0.0154,-0.023,9.8065,-0.0857,0.0305,-0.0326,-5.56,-36.75,23.5,1.13,-83.93,-165.02,False
52.40255,-1.569037,165.12,5.07,3,255.48,29 / 29,89310,2019-09-08 12:08:28:549,-0.2909,-0.1555,9.9754,0.0101,-0.018,9.8066,-0.0804,-0.0056,0.025,-5.31,-36.94,23.81,2.13,-83.84,-166.46,False
52.40255,-1.569037,165.12,5.07,3,255.48,29 / 29,89410,2019-09-08 12:08:28:649,-0.2954,-0.1916,10.0262,0.0047,0.0166,9.8066,0.0218,-0.0057,0.0226,-5.5,-37.37,23.25,1.2,-83.88,-166.74,False
52.40255,-1.569037,165.12,5.07,3,255.48,29 / 29,89510,2019-09-08 12:08:28:749,0.325,0.0235,9.8315,0.0008,0.0222,9.8066,-0.0058,0.0106,-0.0089,-4.81,-36.56,23.69,1.09,-83.99,-167.32,False
52.40255,-1.569037,165.12,5.07,3,255.48,29 / 29,89610,2019-09-08 12:08:28:849,0.037,0.0681,10.1054,-0.0135,-0.0088,9.8065,0.0256,0.0061,0.0214,-4.56,-36.69,23.5,1.9,-83.95,-166.65,False
52.40255,-1.569037,165.12,5.07,3,255.48,28 / 29,89710,2019-09-08 12:08:28:949,-0.004,0.0955,9.6231,-0.0073,-0.0066,9.8066,0.0118,-0.0175,0.052,-5.62,-36.87,23.75,0.8,-83.94,-165.29,False
52.40255,-1.569037,165.12,5.07,3,255.48,28 / 29,89809,2019-09-08 12:08:29:048,-0.7562,0.1858,9.9834,-0.0056,0.0163,9.8065,0.0245,0.0245,-0.0236,-5.81,-36.87,23.31,1.09,-83.93,-164.47,False
52.40255,-1.569037,165.12,5.07,3,255.48,28 / 29,89910,2019-09-08 12:08:29:149,0.1898,0.465,9.9396,0.0142,0.0209,9.8065,0.0558,0.026,-0.0419,-5.06,-36.56,23.13,2.41,-84.07,-165.73,False
52.40255,-1.569037,165.12,5.07,3,255.48,28 / 29,90010,2019-09-08 12:08:29:249,0.4865,0.4512,10.0839,0.0013,-0.0181,9.8066,-0.0705,0.0245,-0.0417,-5.44,-37.0,23.44,0.6,-83.96,-167.24,False
52.40255,-1.569037,165.12,5.07,3,255.48,28 / 29,90110,2019-09-08 12:08:29:349,0.3623,0.1104,9.8796,-0.0016,-0.012,9.8066,-0.0437,-0.0029,0.031,-5.37,-36.25,22.88,0.63,-83.97,-167.21,False
52.40255,-1.569037,165.12,5.07,3,255.48,28 / 29,90209,2019-09-08 12:08:29:448,-0.0204,0.0441,9.6813,-0.0076,0.0081,9.8066,-0.0138,0.0014,-0.0024,-5.81,-36.25,23.31,358.88,-84.0,-166.31,False
52.40255,-1.569037,165.12,5.07,3,255.48,28 / 29,90310,2019-09-08 12:08:29:549,0.2069,-0.6723,9.6008,-0.0099,-0.0012,9.8066,-0.0063,0.0001,0.0108,-5.62,-37.12,23.69,1.35,-84.03,-164.83,False
52.40255,-1.569037,165.12,5.07,3,255.48,28 / 29,90410,2019-09-08 12:08:29:649,-0.8076,0.6625,9.9841,0.0034,0.0011,9.8066,-0.0616,0.0315,-0.0356,-5.81,-36.75,23.25,1.97,-84.03,-163.74,False
52.40255,-1.569037,165.12,5.07,3,255.48,28 / 29,90510,2019-09-08 12:08:29:749,0.0256,0.6167,9.488,0.0137,-0.0086,9.8065,-0.0997,0.0097,-0.009,-5.62,-37.37,22.81,0.13,-83.98,-165.27,False
52.40255,-1.569037,165.12,5.07,3,255.48,28 / 29,90610,2019-09-08 12:08:29:849,0.1907,-0.2986,10.0842,0.0021,0.014,9.8066,0.0758,-0.0093,0.0148,-6.06,-36.62,23.31,359.19,-83.99,-166.05,False
52.40255,-1.569037,165.12,5.07,3,255.48,28 / 29,90710,2019-09-08 12:08:29:949,-0.1462,0.7522,9.9942,0.0085,-0.0109,9.8066,0.083,0.0121,-0.0185,-6.25,-37.44,23.94,359.17,-83.97,-166.66,False
52.40255,-1.569037,165.12,5.07,3,255.48,28 / 28,90810,2019-09-08 12:08:30:049,-0.7559,0.6274,9.9551,-0.0018,-0.0142,9.8066,-0.1006,-0.0382,0.0707,-5.81,-36.81,23.81,359.46,-84.0,-166.42,False
52.40255,-1.569037,165.12,5.07,3,255.48,28 / 28,90910,2019-09-08 12:08:30:149,0.2909,0.506,9.7441,-0.0074,0.0138,9.8066,-0.0996,0.0396,-0.0009,-6.44,-37.12,24.0,0.36,-83.97,-165.66,False
52.40255,-1.569037,165.12,5.07,3,255.48,28 / 28,91010,2019-09-08 12:08:30:249,-0.0383,0.2253,9.3669,-0.0003,0.0106,9.8066,0.0843,0.0027,0.0761,-5.56,-37.19,23.44,0.33,-83.93,-165.1,False
52.40255,-1.569037,165.12,5.07,3,255.48,28 / 28,91110,2019-09-08 12:08:30:349,-0.4194,-0.4251,9.6439,0.0012,0.0074,9.8066,0.008,0.0204,0.0216,-6.0,-36.37,24.56,2.68,-83.83,-164.24,False
52.40255,-1.569037,165.12,5.07,3,255.48,28 / 28,91210,2019-09-08 12:08:30:449,0.8785,0.3461,9.8257,-0.0093,0.0211,9.8066,0.0079,0.0012,0.0081,-5.94,-37.06,23.88,2.55,-84.0,-163.82,False
52.40255,-1.569037,165.12,5.07,3,255.48,28 / 28,91310,2019-09-08 12:08:30:549,-0.4547,-0.3931,10.1339,0.0046,-0.0074,9.8066,0.0132,-0.0535,-0.0013,-5.87,-36.75,23.56,1.77,-84.07,-164.48,False
52.40255,-1.569037,165.12,5.07,3,255.48,28 / 28,91410,2019-09-08 12:08:30:649,-0.1554,-0.0689,9.906,0.0103,-0.0087,9.8066,0.0075,-0.0361,-0.0123,-5.31,-37.5,23.56,2.99,-84.18,-165.72,False
52.40255,-1.569037,165.12,5.07,3,255.48,28 / 28,91510,2019-09-08 12:08:30:749,-0.1459,0.4994,9.9183,-0.0072,0.0052,9.8066,-0.0204,-0.0393,0.0191,-5.0,-36.81,23.69,1.51,-84.2,-166.96,False
52.40255,-1.569037,165.12,5.07,3,255.48,28 / 28,91610,2019-09-08 12:08:30:849,0.4108,-0.2358,9.6401,-0.0194,0.0207,9.8066,0.1045,-0.0384,0.0211,-5.12,-36.94,24.0,3.21,-84.26,-165.52,False
52.40247,-1.569558,164.9,3.53,3,255.17,27 / 28,91710,2019-09-08 12:08:30:949,-0.2376,0.2936,10.2107,-0.0045,-0.0082,9.8066,0.0879,-0.0007,0.012,-5.81,-36.44,24.75,1.28,-84.26,-165.41,False
52.40247,-1.569558,164.9,3.53,3,255.17,27 / 28,91810,2019-09-08 12:08:31:049,0.0796,0.889,9.8271,0.0044,-0.0162,9.8066,-0.0721,0.0262,-0.036,-5.94,-36.75,23.56,1.75,-84.23,-164.49,False
52.40247,-1.569558,164.9,3.53,3,255.17,27 / 28,91909,2019-09-08 12:08:31:148,-0.2692,0.2413,9.7827,0.0024,0.0011,9.8066,-0.0785,-0.0239,-0.0076,-5.5,-36.69,23.5,4.44,-84.24,-164.48,False
52.40247,-1.569558,164.9,3.53,3,255.17,27 / 28,92010,2019-09-08 12:08:31:249,-0.2304,-0.4002,9.7818,0.0054,0.0065,9.8066,0.0419,-0.0231,-0.0339,-5.69,-36.44,23.69,0.46,-84.19,-165.57,False
52.40247,-1.569558,164.9,3.53,3,255.17,27 / 28,92110,2019-09-08 12:08:31:349,-0.1286,-0.3816,10.0121,0.0122,-0.0098,9.8065,0.068,0.0231,-0.075,-4.94,-36.31,23.56,2.21,-84.15,-166.36,False
52.40247,-1.569558,164.9,3.53,3,255.17,27 / 28,92210,2019-09-08 12:08:31:449,0.0573,0.9379,10.4136,0.0078,-0.0082,9.8066,-0.0711,-0.0108,0.0361,-6.37,-35.94,24.19,358.19,-84.11,-167.5,False
52.40247,-1.569558,164.9,3.53,3,255.17,27 / 28,92310,2019-09-08 12:08:31:549,-0.2806,0.9138,10.2735,-0.0047,0.0109,9.8066,-0.0773,-0.0135,0.0053,-5.75,-36.69,24.25,359.26,-84.24,-166.59,False
52.40247,-1.569558,164.9,3.53,3,255.17,27 / 28,92409,2019-09-08 12:08:31:648,0.0871,0.7004,10.0872,0.0028,0.0087,9.8066,0.0163,0.0038,-0.0145,-5.69,-37.12,23.81,358.88,-84.27,-166.91,False
52.40247,-1.569558,164.9,3.53,3,255.17,27 / 28,92510,2019-09-08 12:08:31:749,0.0317,0.0298,9.8109,-0.0015,-0.0068,9.8066,0.0248,0.0071,-0.005,-5.37,-36.62,23.81,1.91,-84.25,-166.62,False
52.40247,-1.569558,164.9,3.53,3,255.17,27 / 28,92610,2019-09-08 12:08:31:849,-0.064,0.5119,9.7603,0.0062,0.0007,9.8066,-0.0095,0.0168,0.008,-5.06,-36.69,23.19,1.19,-84.22,-166.74,False
52.40247,-1.569558,164.9,3.53,3,255.17,29 / 29,92711,2019-09-08 12:08:31:950,-0.1057,0.2198,10.0798,0.0073,-0.0056,9.8066,-0.0003,-0.0172,0.0109,-5.75,-36.56,23.5,358.99,-84.21,-166.82,False
52.40247,-1.569558,164.9,3.53,3,255.17,29 / 29,92810,2019-09-08 12:08:32:049,0.0402,0.3988,10.1257,0.0047,-0.0041,9.8066,-0.0145,-0.0184,-0.0209,-5.0,-35.94,23.63,0.41,-84.19,-167.89,False
52.40247,-1.569558,164.9,3.53,3,255.17,29 / 29,92910,2019-09-08 12:08:32:149,-0.0964,0.0481,9.8637,0.0022,-0.0054,9.8066,-0.0221,-0.0309,0.0074,-5.62,-37.31,23.38,356.31,-84.18,-168.47,False
52.40247,-1.569558,164.9,3.53,3,255.17,29 / 29,93010,2019-09-08 12:08:32:249,-0.0213,-0.0528,9.6425,-0.001,-0.0023,9.8066,-0.0603,-0.009,-0.0088,-5.69,-36.69,23.25,356.55,-84.23,-168.27,False
52.40247,-1.569558,164.9,3.53,3,255.17,29 / 29,93110,2019-09-08 12:08:32:349,-0.0774,0.472,10.001,0.0005,0.0006,9.8066,-0.0268,-0.003,-0.027,-5.75,-36.81,23.75,357.06,-84.25,-168.45,False
52.40247,-1.569558,164.9,3.53,3,255.17,29 / 29,93210,2019-09-08 12:08:32:449,0.0598,-0.1887,9.7634,0.0013,0.0123,9.8066,0.0162,-0.0206,-0.026,-5.44,-36.5,23.5,359.37,-84.27,-168.77,False
52.40247,-1.569558,164.9,3.53,3,255.17,29 / 29,93310,2019-09-08 12:08:32:549,-0.1071,0.4602,9.883,0.0061,-0.0084,9.8066,0.0118,-0.0294,-0.0313,-5.19,-36.44,24.06,359.64,-84.25,-168.54,False
52.40247,-1.569558,164.9,3.53,3,255.17,29 / 29,93410,2019-09-08 12:08:32:649,-0.1847,0.9408,10.1481,0.0032,-0.0073,9.8066,0.0075,0.0015,0.001,-5.19,-36.19,23.88,358.84,-84.22,-169.22,False
52.40247,-1.569558,164.9,3.53,3,255.17,29 / 29,93510,2019-09-08 12:08:32:749,0.0454,0.2405,9.733,-0.0004,0.0073,9.8066,-0.0067,0.0081,-0.0081,-5.87,-37.06,24.19,356.33,-84.21,-169.06,False
52.40247,-1.569558,164.9,3.53,3,255.17,29 / 29,93610,2019-09-08 12:08:32:849,-0.4624,0.4101,9.7781,-0.0006,0.0047,9.8066,-0.0194,0.0012,-0.0288,-5.12,-37.19,23.38,358.39,-84.19,-169.08,False
52.40247,-1.569558,164.9,3.53,3,255.17,28 / 28,93710,2019-09-08 12:08:32:949,-0.2597,0.8777,9.8021,0.0014,0.0034,9.8065,-0.013,0.0029,-0.0078,-5.06,-36.69,23.63,359.05,-84.18,-169.03,False
52.40247,-1.569558,164.9,3.53,3,255.17,28 / 28,93810,2019-09-08 12:08:33:049,-0.1538,0.6055,9.7314,-0.0005,0.0051,9.8066,0.0155,-0.0099,0.0031,-5.25,-37.06,23.5,359.03,-84.24,-169.05,False
52.40247,-1.569558,164.9,3.53,3,255.17,28 / 28,93910,2019-09-08 12:08:33:149,-0.2972,0.662,9.9421,0.0031,-0.0013,9.8066,0.0238,-0.0165,0.0077,-4.81,-36.56,23.38,357.97,-84.23,-169.43,False
52.40247,-1.569558,164.9,3.53,3,255.17,28 / 28,94010,2019-09-08 12:08:33:249,-0.1486,0.7002,9.9943,0.0017,0.0047,9.8066,-0.0151,-0.0219,-0.0001,-5.06,-35.81,24.13,357.93,-84.27,-169.98,False
52.40247,-1.569558,164.9,3.53,3,255.17,28 / 28,94110,2019-09-08 12:08:33:349,0.3371,1.0309,9.8337,-0.0006,0.0077,9.8066,-0.0091,0.0138,-0.0137,-5.06,-35.94,23.25,356.57,-84.32,-170.63,False
52.40247,-1.569558,164.9,3.53,3,255.17,28 / 28,94210,2019-09-08 12:08:33:449,-0.5932,0.8957,9.894,-0.0027,0.0059,9.8066,0.0096,0.0091,-0.0182,-5.69,-36.25,23.94,355.05,-84.33,-170.18,False
52.40247,-1.569558,164.9,3.53,3,255.17,28 / 28,94309,2019-09-08 12:08:33:548,-0.2784,0.4019,9.8143,0.0068,-0.0064,9.8066,0.0023,-0.0277,-0.0037,-5.37,-36.62,23.31,357.19,-84.33,-170.1,False
52.40247,-1.569558,164.9,3.53,3,255.17,28 / 28,94410,2019-09-08 12:08:33:649,-0.3217,0.9701,9.946,0.003,-0.0108,9.8066,-0.0099,-0.0388,-0.0565,-5.37,-36.62,23.38,356.42,-84.3,-170.74,False
52.40247,-1.569558,164.9,3.53,3,255.17,28 / 28,94510,2019-09-08 12:08:33:749,-0.0612,1.2527,9.9982,-0.0028,0.0095,9.8066,-0.0309,-0.0051,-0.0401,-5.44,-36.0,23.0,356.05,-84.33,-171.07,False
52.40247,-1.569558,164.9,3.53,3,255.17,28 / 28,94610,2019-09-08 12:08:33:849,-0.1983,0.9908,10.1403,0.0014,0.0049,9.8066,-0.0184,-0.0006,-0.0021,-4.87,-37.06,23.56,356.58,-84.37,-171.12,False
52.40247,-1.569558,164.9,3.53,3,255.17,28 / 28,94710,2019-09-08 12:08:33:949,-0.4604,0.5151,9.8863,-0.0016,0.0023,9.8066,-0.0428,-0.0133,0.0222,-4.62,-36.12,23.44,356.29,-84.36,-170.87,False
52.40247,-1.569558,164.9,3.53,3,255.17,28 / 28,94810,2019-09-08 12:08:34:049,-0.0348,0.8483,9.9025,-0.0023,0.0022,9.8066,0.0152,0.0043,-0.0034,-4.81,-36.37,24.25,356.8,-84.37,-170.95,False
52.40247,-1.569558,164.9,3.53,3,255.17,28 / 28,94910,2019-09-08 12:08:34:149,-0.1057,0.4544,9.9527,0.0016,-0.009,9.8066,0.0434,-0.0094,0.0074,-4.87,-36.25,23.63,356.87,-84.37,-170.9,False
52.40247,-1.569558,164.9,3.53,3,255.17,28 / 28,95010,2019-09-08 12:08:34:249,-0.3278,0.8518,9.8341,0.006,-0.0134,9.8066,-0.0487,-0.0197,-0.0059,-5.06,-36.0,23.81,356.83,-84.29,-170.92,False
52.40247,-1.569558,164.9,3.53,3,255.17,28 / 28,95111,2019-09-08 12:08:34:350,-0.2341,1.4036,9.7544,-0.0032,0.0159,9.8066,-0.0509,-0.0033,-0.0291,-5.44,-36.69,24.06,356.68,-84.28,-171.03,False
52.40247,-1.569558,164.9,3.53,3,255.17,28 / 28,95210,2019-09-08 12:08:34:449,-0.2219,0.0205,10.0187,0.0006,0.0161,9.8066,0.0264,-0.004,-0.0198,-5.25,-36.62,23.88,356.49,-84.36,-171.21,False
52.40247,-1.569558,164.9,3.53,3,255.17,28 / 28,95310,2019-09-08 12:08:34:549,0.0931,0.058,9.7729,0.0095,-0.0106,9.8066,0.0251,-0.0004,0.0024,-5.31,-36.69,23.69,354.9,-84.3,-172.55,False
52.40247,-1.569558,164.9,3.53,3,255.17,28 / 28,95410,2019-09-08 12:08:34:649,0.3563,0.345,9.8769,0.0035,-0.0095,9.8066,-0.0202,-0.0188,0.0199,-5.19,-37.19,24.0,354.4,-84.37,-172.98,False
52.40247,-1.569558,164.9,3.53,3,255.17,28 / 28,95510,2019-09-08 12:08:34:749,0.1357,0.5195,10.0338,-0.008,0.0124,9.8066,-0.013,0.0084,0.0117,-5.06,-36.62,24.0,354.4,-84.41,-172.98,False
52.40247,-1.569558,164.9,3.53,3,255.17,28 / 28,95610,2019-09-08 12:08:34:849,-0.2897,0.3957,10.101,-0.0041,0.011,9.8066,0.0139,0.0016,-0.0136,-5.56,-37.31,23.94,352.77,-84.51,-172.13,False
52.40247,-1.569558,164.9,3.53,3,255.17,28 / 29,95711,2019-09-08 12:08:34:950,-0.157,0.3931,9.8544,0.0,-0.0105,9.8066,0.0386,-0.0138,0.0026,-4.94,-36.81,23.63,355.97,-84.46,-171.66,False
52.40247,-1.569558,164.9,3.53,3,255.17,28 / 29,95810,2019-09-08 12:08:35:049,-0.1417,0.3336,9.8339,0.001,-0.0038,9.8065,-0.0081,0.0104,0.0076,-5.19,-36.56,23.44,355.57,-84.46,-171.48,False
52.40247,-1.569558,164.9,3.53,3,255.17,28 / 29,95910,2019-09-08 12:08:35:149,-0.0003,0.6976,9.9628,0.0027,0.0021,9.8066,-0.0177,0.0165,0.0007,-5.31,-36.75,23.31,355.0,-84.49,-171.96,False
52.40247,-1.569558,164.9,3.53,3,255.17,28 / 29,96010,2019-09-08 12:08:35:249,-0.1016,0.463,9.8164,-0.0004,-0.0006,9.8066,-0.0028,-0.0091,-0.0022,-4.87,-36.69,24.0,355.46,-84.49,-172.09,False
52.40247,-1.569558,164.9,3.53,3,255.17,28 / 29,96110,2019-09-08 12:08:35:349,-0.0564,0.1623,9.8334,0.0,0.0056,9.8066,-0.0186,-0.0037,-0.0274,-5.06,-36.44,23.5,355.29,-84.48,-172.26,False
52.40247,-1.569558,164.9,3.53,3,255.17,28 / 29,96210,2019-09-08 12:08:35:449,-0.1413,0.3197,9.8967,-0.0002,0.0043,9.8066,0.0063,-0.0042,-0.0156,-5.06,-36.62,23.44,354.57,-84.52,-172.32,False
52.40247,-1.569558,164.9,3.53,3,255.17,28 / 29,96310,2019-09-08 12:08:35:549,-0.176,0.197,9.9808,-0.0034,-0.006,9.8066,0.0017,0.001,0.0118,-4.31,-36.75,23.63,358.39,-84.48,-171.9,False
52.40247,-1.569558,164.9,3.53,3,255.17,28 / 29,96410,2019-09-08 12:08:35:649,0.0262,0.2976,9.9852,0.0013,-0.0015,9.8066,-0.0111,-0.0004,0.0174,-4.69,-36.56,23.5,355.71,-84.49,-171.89,False
52.40247,-1.569558,164.9,3.53,3,255.17,28 / 29,96510,2019-09-08 12:08:35:749,-0.0308,0.5047,9.907,-0.0025,0.0049,9.8066,-0.0219,0.0056,-0.0039,-4.81,-36.56,23.38,355.25,-84.51,-171.75,False
52.40247,-1.569558,164.9,3.53,3,255.17,28 / 29,96610,2019-09-08 12:08:35:849,-0.0376,0.0175,9.8694,-0.002,0.0025,9.8066,0.0124,-0.0138,-0.0012,-4.69,-36.31,23.25,355.6,-84.54,-171.47,False
52.40247,-1.569558,164.9,3.53,3,255.17,28 / 28,96710,2019-09-08 12:08:35:949,-0.1836,-0.0446,9.9345,-0.0012,-0.0014,9.8066,0.026,-0.008,0.0039,-4.94,-36.0,24.13,356.4,-84.54,-171.31,False
52.40247,-1.569558,164.9,3.53,3,255.17,28 / 28,96810,2019-09-08 12:08:36:049,0.0154,0.1501,9.8303,0.0014,-0.0018,9.8066,-0.0093,-0.0009,0.0069,-4.75,-36.56,23.63,356.53,-84.56,-171.19,False
52.40247,-1.569558,164.9,3.53,3,255.17,28 / 28,96910,2019-09-08 12:08:36:149,-0.0074,0.2961,9.9297,-0.001,0.0048,9.8066,-0.0165,0.0035,-0.0031,-4.56,-36.81,23.75,356.52,-84.56,-171.2,False
52.40247,-1.569558,164.9,3.53,3,255.17,28 / 28,97009,2019-09-08 12:08:36:248,-0.0014,0.124,9.8512,-0.0001,0.003,9.8066,0.0148,-0.0086,-0.0043,-4.31,-36.25,23.63,359.26,-84.6,-171.17,False
52.40247,-1.569558,164.9,3.53,3,255.17,28 / 28,97110,2019-09-08 12:08:36:349,-0.033,0.0366,9.9172,-0.0006,-0.0004,9.8066,0.0132,-0.0054,0.0081,-5.31,-36.0,23.31,356.21,-84.61,-170.96,False
52.40247,-1.569558,164.9,3.53,3,255.17,28 / 28,97210,2019-09-08 12:08:36:449,-0.1111,0.203,9.8615,0.0007,0.0006,9.8066,-0.0143,0.0064,-0.0071,-4.5,-36.5,24.13,359.53,-84.64,-170.94,False
52.40247,-1.569558,164.9,3.53,3,255.17,28 / 28,97310,2019-09-08 12:08:36:549,-0.0357,0.056,9.8678,-0.0013,0.0021,9.8066,-0.0092,-0.0182,-0.0047,-4.81,-36.37,23.44,356.15,-84.67,-171.02,False
52.40247,-1.569558,164.9,3.53,3,255.17,28 / 28,97410,2019-09-08 12:08:36:649,-0.0449,0.314,9.8669,-0.0002,0.0029,9.8066,0.0013,-0.002,0.0034,-5.19,-36.19,23.44,356.21,-84.7,-170.97,False
52.40247,-1.569558,164.9,3.53,3,255.17,28 / 28,97510,2019-09-08 12:08:36:749,0.0787,-0.0177,9.8942,-0.0004,0.0029,9.8066,0.0024,0.0195,0.0002,-5.0,-36.06,23.56,356.79,-84.72,-171.0,False
52.40247,-1.569558,164.9,3.53,3,255.17,28 / 28,97610,2019-09-08 12:08:36:849,-0.0975,0.356,9.9315,-0.0012,0.002,9.8066,-0.0163,-0.0114,-0.0051,-5.0,-36.5,24.0,356.97,-84.77,-170.84,False
52.40247,-1.569558,164.9,3.53,3,255.17,27 / 28,97710,2019-09-08 12:08:36:949,-0.0161,0.0022,9.7739,-0.0011,0.0033,9.8066,-0.0136,-0.0087,-0.0066,-5.19,-35.94,23.5,356.98,-84.81,-170.84,False
52.40247,-1.569558,164.9,3.53,3,255.17,27 / 28,97809,2019-09-08 12:08:37:048,-0.0437,0.4626,9.9241,-0.0004,0.003,9.8066,0.0194,0.012,0.0079,-5.25,-36.56,23.56,357.07,-84.84,-170.76,False
52.40247,-1.569558,164.9,3.53,3,255.17,27 / 28,97910,2019-09-08 12:08:37:149,-0.0555,-0.3078,9.7938,-0.0006,0.0029,9.8066,-0.009,-0.0034,0.0056,-4.81,-36.5,23.69,357.2,-84.87,-170.65,False
52.40247,-1.569558,164.9,3.53,3,255.17,27 / 28,98010,2019-09-08 12:08:37:249,-0.0369,-0.5293,9.8776,0.0003,0.0012,9.8066,0.0174,-0.0072,-0.0146,-5.12,-36.12,23.0,356.59,-84.89,-170.67,False
52.40247,-1.569558,164.9,3.53,3,255.17,27 / 28,98109,2019-09-08 12:08:37:348,0.0184,-0.6507,9.8324,0.0017,-0.0051,9.8066,0.0258,-0.0014,0.006,-4.81,-35.87,23.31,356.59,-84.87,-170.66,False
52.40247,-1.569558,164.9,3.53,3,255.17,27 / 28,98210,2019-09-08 12:08:37:449,0.1227,-0.0128,9.9429,0.0024,-0.0014,9.8066,-0.0279,0.0088,-0.0131,-5.19,-35.69,23.63,356.88,-84.85,-170.93,False
52.40247,-1.569558,164.9,3.53,3,255.17,27 / 28,98310,2019-09-08 12:08:37:549,0.0576,-0.2007,9.8748,-0.0015,0.0038,9.8066,-0.0147,-0.0123,-0.0027,-4.75,-36.12,23.88,356.78,-84.9,-171.02,False
52.40247,-1.569558,164.9,3.53,3,255.17,27 / 28,98410,2019-09-08 12:08:37:649,0.0138,-0.1003,9.9643,-0.001,0.0016,9.8066,0.0237,0.0027,0.0088,-4.87,-36.06,24.06,356.91,-84.9,-170.9,False
52.40247,-1.569558,164.9,3.53,3,255.17,27 / 28,98510,2019-09-08 12:08:37:749,-0.0305,-0.3467,9.7992,0.001,0.0011,9.8066,-0.0004,0.0096,-0.004,-4.56,-35.87,23.81,357.09,-84.94,-170.76,False
52.40247,-1.569558,164.9,3.53,3,255.17,27 / 28,98610,2019-09-08 12:08:37:849,0.0531,-0.1129,9.9884,0.0007,-0.0006,9.8066,-0.0008,-0.0133,0.0069,-5.12,-36.25,23.38,356.32,-84.96,-170.9,False
52.40247,-1.569558,164.9,3.53,3,255.17,26 / 27,98710,2019-09-08 12:08:37:949,0.0947,-0.3694,9.7845,0.0001,0.0016,9.8066,0.0011,0.0013,0.0008,-4.75,-36.37,23.88,356.85,-84.96,-170.96,False
52.40247,-1.569558,164.9,3.53,3,255.17,26 / 27,98810,2019-09-08 12:08:38:049,-0.0539,-0.3979,9.8931,-0.0012,0.004,9.8066,0.0052,0.0025,0.0043,-5.19,-35.94,24.44,356.97,-84.99,-170.86,False
52.40247,-1.569558,164.9,3.53,3,255.17,26 / 27,98910,2019-09-08 12:08:38:149,-0.0491,-0.3197,9.7735,0.0008,0.0012,9.8065,-0.0061,-0.0072,0.0061,-5.19,-36.06,23.69,356.98,-85.02,-170.86,False
52.40247,-1.569558,164.9,3.53,3,255.17,26 / 27,99010,2019-09-08 12:08:38:249,0.0428,-0.3747,9.9392,0.0012,0.0015,9.8066,0.0069,-0.0087,-0.0056,-4.87,-35.37,23.75,356.76,-85.03,-171.06,False
52.40247,-1.569558,164.9,3.53,3,255.17,26 / 27,99110,2019-09-08 12:08:38:349,0.0746,-0.1575,9.9201,-0.0011,0.0003,9.8066,0.0102,-0.0019,0.0082,-4.31,-35.56,23.44,359.08,-85.04,-170.93,False
52.40247,-1.569558,164.9,3.53,3,255.17,26 / 27,99210,2019-09-08 12:08:38:449,-0.0273,-0.2987,9.803,0.0009,0.002,9.8066,-0.0081,0.0149,-0.0071,-4.75,-35.87,23.56,357.01,-85.06,-170.83,False
52.40247,-1.569558,164.9,3.53,3,255.17,26 / 27,99310,2019-09-08 12:08:38:549,-0.0276,-0.3037,9.8947,0.0008,-0.0007,9.8066,0.0127,-0.0014,0.0027,-5.19,-35.69,23.63,357.03,-85.09,-170.82,False
52.40247,-1.569558,164.9,3.53,3,255.17,26 / 27,99410,2019-09-08 12:08:38:649,0.1316,-0.248,9.8204,0.001,0.0,9.8066,-0.0034,-0.0115,-0.0077,-4.87,-36.12,23.5,356.93,-85.09,-170.9,False
52.40247,-1.569558,164.9,3.53,3,255.17,26 / 27,99510,2019-09-08 12:08:38:749,0.1024,-0.2603,9.9068,-0.0016,0.0006,9.8066,0.0011,-0.0051,-0.0026,-4.81,-35.75,23.88,356.95,-85.11,-170.89,False
52.40247,-1.569558,164.9,3.53,3,255.17,26 / 27,99610,2019-09-08 12:08:38:849,-0.0192,-0.3027,9.8194,-0.001,0.0021,9.8066,-0.0025,0.0101,0.0035,-4.75,-35.56,23.75,357.08,-85.12,-170.77,False
52.40247,-1.569558,164.9,3.53,3,255.17,26 / 27,99710,2019-09-08 12:08:38:949,0.0438,-0.3734,9.8011,0.0007,0.0009,9.8066,-0.0111,0.0161,-0.0076,-5.31,-36.31,23.69,357.06,-85.14,-170.8,False
52.40247,-1.569558,164.9,3.53,3,255.17,26 / 27,99809,2019-09-08 12:08:39:048,0.0933,-0.2972,9.9422,0.0001,0.0027,9.8066,-0.005,-0.0103,-0.0011,-4.62,-36.31,23.56,356.99,-85.16,-170.86,False
52.40247,-1.569558,164.9,3.53,3,255.17,26 / 27,99910,2019-09-08 12:08:39:149,0.0958,-0.3757,9.8005,0.0001,-0.0004,9.8066,0.005,-0.0133,-0.011,-4.81,-35.69,23.81,356.84,-85.17,-170.99,False
52.40247,-1.569558,164.9,3.53,3,255.17,26 / 27,100010,2019-09-08 12:08:39:249,0.0435,-0.2625,9.9083,-0.0014,-0.0009,9.8066,0.0094,-0.0075,0.008,-5.12,-35.75,23.25,356.43,-85.16,-170.83,False
52.40247,-1.569558,164.9,3.53,3,255.17,26 / 27,100110,2019-09-08 12:08:39:349,0.0305,-0.226,9.8698,0.0005,0.0024,9.8066,0.0006,0.0086,0.0014,-5.44,-35.62,24.0,357.05,-85.19,-170.81,False
52.40247,-1.569558,164.9,3.53,3,255.17,26 / 27,100210,2019-09-08 12:08:39:449,0.0582,-0.4194,9.8229,-0.0011,0.001,9.8066,-0.0091,0.012,0.0153,-5.0,-35.69,23.69,357.19,-85.2,-170.69,False
52.40247,-1.569558,164.9,3.53,3,255.17,26 / 27,100310,2019-09-08 12:08:39:549,0.0189,-0.3575,9.9257,0.0005,0.0007,9.8066,-0.0156,0.0095,0.0012,-5.0,-36.62,24.0,357.11,-85.22,-170.75,False
52.40247,-1.569558,164.9,3.53,3,255.17,26 / 27,100410,2019-09-08 12:08:39:649,0.0136,-0.1672,9.951,0.0001,0.0004,9.8066,0.0053,-0.0146,-0.008,-4.75,-36.81,23.5,357.02,-85.22,-170.83,False
52.40247,-1.569558,164.9,3.53,3,255.17,26 / 27,100510,2019-09-08 12:08:39:749,0.0689,-0.3605,9.8045,0.0002,-0.0022,9.8066,0.006,-0.0217,-0.0154,-4.81,-35.81,23.69,356.88,-85.24,-170.96,False
52.40247,-1.569558,164.9,3.53,3,255.17,26 / 27,100610,2019-09-08 12:08:39:849,0.0664,-0.5154,9.8843,-0.0007,0.0006,9.8066,0.004,-0.0258,-0.0095,-4.81,-35.69,22.94,356.44,-85.24,-170.83,False
52.40243,-1.569718,164.81,0.0,3,256.64,26 / 26,100710,2019-09-08 12:08:39:949,-0.0345,-0.1572,9.9074,0.0008,-0.0008,9.8066,0.0136,-0.0099,-0.0093,-5.12,-36.12,23.25,356.33,-85.24,-170.93,False
52.40243,-1.569718,164.81,0.0,3,256.64,26 / 26,100809,2019-09-08 12:08:40:048,0.1065,-0.2669,9.8555,-0.001,0.0027,9.8066,0.0127,-0.0017,0.005,-5.12,-36.0,24.13,357.13,-85.25,-170.75,False
52.40243,-1.569718,164.81,0.0,3,256.64,26 / 26,100910,2019-09-08 12:08:40:149,0.0181,-0.5144,9.806,-0.0004,0.0007,9.8066,0.0054,0.0085,0.0107,-5.12,-35.44,23.13,356.57,-85.26,-170.73,False
52.40243,-1.569718,164.81,0.0,3,256.64,26 / 26,101010,2019-09-08 12:08:40:249,0.0997,-0.5355,9.8675,0.0003,0.0006,9.8066,0.0064,0.0176,0.0133,-4.87,-36.19,23.75,357.19,-85.27,-170.7,False
52.40243,-1.569718,164.81,0.0,3,256.64,26 / 26,101109,2019-09-08 12:08:40:348,0.0231,-0.2321,9.9493,-0.001,0.0003,9.8066,0.0029,0.0091,0.0146,-5.31,-35.94,23.44,356.59,-85.27,-170.7,False
52.40243,-1.569718,164.81,0.0,3,256.64,26 / 26,101210,2019-09-08 12:08:40:449,-0.0434,-0.407,9.8026,0.0015,0.0007,9.8066,-0.0192,-0.001,-0.0116,-4.69,-35.62,23.06,356.51,-85.28,-170.78,False
52.40243,-1.569718,164.81,0.0,3,256.64,26 / 26,101310,2019-09-08 12:08:40:549,0.0826,-0.5175,9.7717,0.0,0.003,9.8066,-0.0161,-0.0115,-0.0078,-5.06,-36.5,23.13,356.36,-85.29,-170.9,False
52.40243,-1.569718,164.81,0.0,3,256.64,26 / 26,101410,2019-09-08 12:08:40:649,-0.0349,-0.3271,9.9567,0.0005,0.0016,9.8066,0.001,-0.0187,-0.0164,-5.12,-36.12,23.63,356.91,-85.31,-170.94,False
52.40243,-1.569718,164.81,0.0,3,256.64,26 / 26,101510,2019-09-08 12:08:40:749,-0.0448,-0.3344,9.8427,-0.0001,-0.002,9.8066,0.0128,-0.0225,-0.0054,-5.37,-36.06,23.69,357.08,-85.3,-170.79,False
52.40243,-1.569718,164.81,0.0,3,256.64,26 / 26,101610,2019-09-08 12:08:40:849,0.0611,-0.3432,9.8111,0.0011,-0.0015,9.8066,0.0051,0.0015,-0.0058,-4.44,-35.81,24.06,359.56,-85.31,-170.92,False
52.40243,-1.569718,164.81,0.0,3,256.64,27 / 28,101710,2019-09-08 12:08:40:949,-0.0181,-0.4078,9.9352,0.0,0.0006,9.8066,0.008,0.0008,0.0102,-4.87,-36.12,23.81,357.05,-85.3,-170.82,False
52.40243,-1.569718,164.81,0.0,3,256.64,27 / 28,101810,2019-09-08 12:08:41:049,-0.0601,-0.3215,9.8334,-0.0001,0.0,9.8066,-0.0066,0.0108,0.0017,-4.94,-36.19,23.88,356.98,-85.3,-170.87,False
52.40243,-1.569718,164.81,0.0,3,256.64,27 / 28,101910,2019-09-08 12:08:41:149,0.07,-0.3497,9.7984,0.0004,0.0003,9.8066,-0.0062,-0.0043,0.0058,-4.62,-36.12,23.56,356.98,-85.3,-170.87,False
52.40243,-1.569718,164.81,0.0,3,256.64,27 / 28,102010,2019-09-08 12:08:41:249,-0.0542,-0.2968,9.9698,0.0018,-0.0001,9.8066,0.0052,-0.0056,-0.0138,-4.12,-35.75,23.19,358.88,-85.29,-171.11,False
52.40243,-1.569718,164.81,0.0,3,256.64,27 / 28,102110,2019-09-08 12:08:41:349,-0.0008,-0.4144,9.7701,0.0004,-0.0016,9.8066,0.0164,-0.0214,0.0018,-4.19,-36.25,23.75,359.34,-85.28,-171.12,False
52.40243,-1.569718,164.81,0.0,3,256.64,27 / 28,102210,2019-09-08 12:08:41:449,0.0721,-0.3768,9.771,0.0001,-0.0007,9.8066,0.0056,0.0008,-0.0014,-4.75,-35.75,24.25,356.62,-85.27,-171.19,False
52.40243,-1.569718,164.81,0.0,3,256.64,27 / 28,102310,2019-09-08 12:08:41:549,-0.0783,-0.4001,9.9756,-0.0015,0.0,9.8066,0.0075,0.0025,0.0181,-4.25,-36.06,24.19,359.48,-85.27,-170.99,False
52.40243,-1.569718,164.81,0.0,3,256.64,27 / 28,102410,2019-09-08 12:08:41:649,-0.0518,-0.3227,9.7986,0.0006,0.0008,9.8066,-0.0114,0.0226,0.0055,-5.19,-35.44,23.75,356.97,-85.27,-170.89,False
52.40243,-1.569718,164.81,0.0,3,256.64,27 / 28,102510,2019-09-08 12:08:41:749,0.0734,-0.2959,9.7896,0.0001,-0.0009,9.8066,-0.0083,0.0053,0.0112,-4.94,-36.37,24.0,357.13,-85.28,-170.75,False
52.40243,-1.569718,164.81,0.0,3,256.64,27 / 28,102610,2019-09-08 12:08:41:849,-0.0264,-0.3911,9.9241,0.0003,0.0,9.8066,0.0011,0.0008,-0.005,-5.06,-36.37,23.75,357.02,-85.27,-170.84,False
52.40243,-1.569718,164.81,0.0,3,256.64,27 / 27,102710,2019-09-08 12:08:41:949,-0.0381,-0.2745,9.8807,0.0004,-0.0024,9.8066,0.0038,-0.0194,-0.0028,-5.12,-36.31,23.75,357.13,-85.27,-170.74,False
52.40243,-1.569718,164.81,0.0,3,256.64,27 / 27,102810,2019-09-08 12:08:42:049,0.0453,-0.2852,9.7961,0.0007,-0.0014,9.8065,0.0091,-0.0167,-0.0117,-4.25,-36.12,23.19,359.07,-85.25,-170.94,False
52.40243,-1.569718,164.81,0.0,3,256.64,27 / 27,102910,2019-09-08 12:08:42:149,-0.0311,-0.3508,9.9549,-0.0004,-0.0004,9.8066,0.0023,-0.0118,0.0045,-5.12,-36.12,23.94,356.93,-85.24,-170.91,False
52.40243,-1.569718,164.81,0.0,3,256.64,27 / 27,103010,2019-09-08 12:08:42:249,-0.0122,-0.1942,9.9444,0.0,-0.001,9.8066,0.0069,0.0075,0.01,-4.69,-35.75,23.25,356.39,-85.21,-170.87,False
52.40243,-1.569718,164.81,0.0,3,256.64,27 / 27,103110,2019-09-08 12:08:42:349,-0.0104,-0.2459,9.8228,0.0,0.0003,9.8066,-0.0104,0.0134,0.0154,-5.19,-35.87,23.56,357.19,-85.22,-170.69,False
52.40243,-1.569718,164.81,0.0,3,256.64,27 / 27,103210,2019-09-08 12:08:42:449,0.0102,-0.439,9.8439,-0.0002,-0.0006,9.8066,0.003,0.0033,0.0126,-4.62,-36.5,23.38,356.6,-85.21,-170.69,False
52.40243,-1.569718,164.81,0.0,3,256.64,27 / 27,103310,2019-09-08 12:08:42:549,0.0483,-0.2695,9.9773,0.0016,-0.0012,9.8066,-0.0061,0.0025,-0.0012,-5.44,-35.81,23.44,356.6,-85.2,-170.68,False
52.40243,-1.569718,164.81,0.0,3,256.64,27 / 27,103410,2019-09-08 12:08:42:649,-0.098,-0.2248,9.8706,0.0012,-0.0026,9.8066,-0.0095,-0.0224,-0.0086,-4.69,-35.87,23.88,356.92,-85.18,-170.92,False
52.40243,-1.569718,164.81,0.0,3,256.64,27 / 27,103510,2019-09-08 12:08:42:749,0.0493,-0.326,9.7885,0.0001,0.0029,9.8066,-0.0089,-0.008,-0.0144,-4.69,-36.37,23.44,356.23,-85.17,-171.01,False
52.40243,-1.569718,164.81,0.0,3,256.64,27 / 27,103610,2019-09-08 12:08:42:849,0.0424,-0.3016,9.9489,-0.0005,0.001,9.8066,0.0161,-0.0111,-0.0005,-4.75,-35.87,23.56,356.83,-85.17,-171.0,False
52.40243,-1.569718,164.81,0.0,3,256.64,27 / 27,103710,2019-09-08 12:08:42:949,-0.0461,-0.2594,9.8846,0.0005,-0.0028,9.8065,0.0024,-0.0029,-0.0005,-5.0,-36.62,23.88,356.78,-85.15,-171.03,False
52.40243,-1.569718,164.81,0.0,3,256.64,27 / 27,103810,2019-09-08 12:08:43:049,-0.005,-0.2902,9.7937,-0.0001,-0.0029,9.8066,-0.0002,0.0114,0.016,-4.87,-36.25,24.0,356.81,-85.14,-171.02,False
52.40243,-1.569718,164.81,0.0,3,256.64,27 / 27,103910,2019-09-08 12:08:43:149,0.0111,-0.2646,9.9276,0.0015,0.0002,9.8066,-0.0066,0.0025,0.0026,-5.62,-36.25,23.75,354.3,-85.13,-170.94,False
52.40243,-1.569718,164.81,0.0,3,256.64,27 / 27,104010,2019-09-08 12:08:43:249,-0.0141,-0.2859,9.8672,-0.0003,-0.0014,9.8066,0.0176,-0.0291,-0.0044,-4.94,-35.5,23.56,356.74,-85.11,-171.08,False
52.40243,-1.569718,164.81,0.0,3,256.64,27 / 27,104110,2019-09-08 12:08:43:349,0.0077,-0.3826,9.8585,0.0009,-0.0005,9.8066,0.0049,-0.0103,-0.0037,-5.0,-36.12,23.88,356.61,-85.09,-171.19,False
52.40243,-1.569718,164.81,0.0,3,256.64,27 / 27,104210,2019-09-08 12:08:43:449,0.003,-0.2545,9.917,-0.0007,-0.0022,9.8066,0.0021,-0.0039,0.0108,-4.81,-35.94,23.81,356.59,-85.07,-171.2,False
52.40243,-1.569718,164.81,0.0,3,256.64,27 / 27,104310,2019-09-08 12:08:43:549,-0.0516,-0.2735,9.7875,0.0012,0.0003,9.8066,-0.0127,0.012,0.0045,-5.0,-36.31,23.56,356.69,-85.04,-171.11,False
52.40243,-1.569718,164.81,0.0,3,256.64,27 / 27,104410,2019-09-08 12:08:43:649,0.0224,-0.2661,9.9133,0.0006,-0.0005,9.8066,0.0109,-0.0052,-0.0009,-4.87,-36.37,24.25,356.49,-85.02,-171.28,False
52.40243,-1.569718,164.81,0.0,3,256.64,27 / 27,104510,2019-09-08 12:08:43:749,0.02,-0.297,9.8407,0.0002,-0.0039,9.8066,0.0169,-0.013,0.0012,-5.12,-36.06,23.19,355.93,-85.0,-171.25,False
52.40243,-1.569718,164.81,0.0,3,256.64,27 / 27,104610,2019-09-08 12:08:43:849,0.0195,-0.3483,9.7888,-0.0003,-0.0027,9.8066,0.0013,0.0008,-0.0025,-5.06,-36.12,23.06,355.96,-84.96,-171.22,False
52.40243,-1.569718,164.81,0.0,3,256.64,27 / 27,104710,2019-09-08 12:08:43:949,-0.0745,-0.2468,9.9712,-0.002,0.0005,9.8066,-0.0031,0.0,0.0167,-4.81,-35.75,23.94,356.63,-84.94,-171.15,False
52.40243,-1.569718,164.81,0.0,3,256.64,27 / 27,104810,2019-09-08 12:08:44:049,-0.0114,-0.3287,9.7883,0.0012,-0.0002,9.8066,-0.0109,0.0155,0.0004,-4.69,-36.0,23.25,356.0,-84.93,-171.18,False
52.40243,-1.569718,164.81,0.0,3,256.64,27 / 27,104910,2019-09-08 12:08:44:149,0.1034,-0.2963,9.8194,0.0006,-0.0005,9.8066,-0.0088,0.0019,0.0082,-5.06,-36.37,23.5,356.6,-84.9,-171.18,False
52.40243,-1.569718,164.81,0.0,3,256.64,27 / 27,105010,2019-09-08 12:08:44:249,-0.0527,-0.2231,9.981,0.0005,0.0002,9.8066,0.0108,-0.0129,-0.0089,-4.94,-36.12,23.75,356.52,-84.89,-171.24,False
52.40243,-1.569718,164.81,0.0,3,256.64,27 / 27,105110,2019-09-08 12:08:44:349,-0.0159,-0.3343,9.8186,0.001,-0.005,9.8066,0.0218,-0.0225,-0.0021,-4.5,-35.94,23.13,358.72,-84.88,-171.23,False
52.40243,-1.569718,164.81,0.0,3,256.64,27 / 27,105210,2019-09-08 12:08:44:449,0.1205,-0.3484,9.7626,0.0012,-0.0045,9.8066,0.0144,-0.004,-0.0058,-5.31,-35.31,23.5,356.42,-84.83,-171.34,False
52.40243,-1.569718,164.81,0.0,3,256.64,27 / 27,105310,2019-09-08 12:08:44:549,-0.0637,-0.2451,9.9697,-0.001,0.0004,9.8066,0.0037,-0.0017,0.0165,-4.94,-35.81,23.25,355.85,-84.81,-171.3,False
52.40243,-1.569718,164.81,0.0,3,256.64,27 / 27,105410,2019-09-08 12:08:44:649,-0.0315,-0.2393,9.8292,0.0004,-0.0005,9.8066,-0.0062,0.004,0.0087,-5.06,-36.25,24.31,356.4,-84.8,-171.33,False
52.40243,-1.569718,164.81,0.0,3,256.64,27 / 27,105510,2019-09-08 12:08:44:749,0.0719,-0.2135,9.7735,-0.0008,0.001,9.8066,-0.0187,0.0028,0.0119,-4.81,-36.44,24.13,356.61,-84.79,-171.16,False
52.40243,-1.569718,164.81,0.0,3,256.64,27 / 27,105610,2019-09-08 12:08:44:849,-0.0774,-0.2791,9.9794,0.001,0.0012,9.8066,0.0087,-0.0088,-0.0106,-5.0,-36.0,23.63,356.3,-84.78,-171.42,False
52.40243,-1.569718,164.81,0.0,3,256.64,26 / 26,105710,2019-09-08 12:08:44:949,-0.0511,-0.3121,9.832,0.001,-0.0031,9.8066,0.0069,-0.0232,-0.0043,-5.5,-36.25,23.88,356.45,-84.77,-171.29,False
52.40243,-1.569718,164.81,0.0,3,256.64,26 / 26,105810,2019-09-08 12:08:45:049,-0.0603,-0.2482,9.9365,0.0,-0.0038,9.8066,0.0039,-0.0135,-0.0104,-4.5,-35.69,23.44,358.57,-84.73,-171.36,False
52.40243,-1.569718,164.81,0.0,3,256.64,26 / 26,105912,2019-09-08 12:08:45:151,-0.0088,-0.1862,9.956,0.0004,-0.0001,9.8066,0.0077,-0.007,0.0056,-5.12,-35.87,23.44,355.68,-84.72,-171.43,False
52.40243,-1.569718,164.81,0.0,3,256.64,26 / 26,106010,2019-09-08 12:08:45:249,0.0216,-0.2784,9.8001,0.0001,-0.0005,9.8066,0.0015,0.0094,0.0125,-5.44,-36.12,23.56,356.22,-84.7,-171.48,False
52.40243,-1.569718,164.81,0.0,3,256.64,26 / 26,106110,2019-09-08 12:08:45:349,-0.0181,-0.2585,9.9158,0.0001,0.0002,9.8066,-0.0089,0.0158,0.0141,-4.69,-36.12,24.19,356.29,-84.68,-171.42,False
52.40243,-1.569718,164.81,0.0,3,256.64,26 / 26,106210,2019-09-08 12:08:45:449,-0.0698,-0.2503,10.0014,0.0011,-0.0018,9.8066,-0.0039,-0.0036,0.0097,-5.0,-35.75,22.81,355.58,-84.67,-171.51,False
52.40243,-1.569718,164.81,0.0,3,256.64,26 / 26,106310,2019-09-08 12:08:45:549,0.0062,-0.171,9.8747,0.0021,-0.0022,9.8066,-0.0083,-0.0048,-0.0059,-5.12,-35.94,23.88,356.21,-84.66,-171.49,False
52.40243,-1.569718,164.81,0.0,3,256.64,26 / 26,106410,2019-09-08 12:08:45:649,-0.0192,-0.4357,9.7917,0.0005,-0.0049,9.8066,-0.0032,-0.0143,-0.0168,-4.5,-36.44,23.94,358.63,-84.63,-171.71,False
52.40243,-1.569718,164.81,0.0,3,256.64,26 / 26,106510,2019-09-08 12:08:45:749,-0.0136,-0.3632,9.8571,-0.0008,0.003,9.8066,-0.0197,-0.0144,-0.0161,-4.94,-36.44,24.0,355.92,-84.63,-171.73,False
52.40243,-1.569718,164.81,0.0,3,256.64,26 / 26,106610,2019-09-08 12:08:45:849,-0.0376,-0.1145,10.0363,-0.0013,-0.0007,9.8066,0.015,-0.0128,-0.0032,-4.81,-36.19,23.63,355.98,-84.6,-171.68,False
52.40243,-1.569718,164.81,0.0,3,256.64,28 / 28,106711,2019-09-08 12:08:45:950,0.0503,-0.2726,9.898,0.0011,-0.0018,9.8066,-0.006,-0.0016,-0.0093,-5.19,-35.31,23.94,356.1,-84.59,-171.59,False
52.40243,-1.569718,164.81,0.0,3,256.64,28 / 28,106810,2019-09-08 12:08:46:049,0.0193,-0.0852,9.7901,-0.0004,-0.0039,9.8066,-0.0147,-0.008,-0.0097,-4.5,-35.87,23.19,358.4,-84.56,-171.49,False
52.40243,-1.569718,164.81,0.0,3,256.64,28 / 28,106910,2019-09-08 12:08:46:149,-0.0574,-0.249,9.8798,0.0023,-0.001,9.8066,0.019,-0.0154,0.0019,-5.06,-36.25,23.88,356.14,-84.55,-171.54,False
52.40243,-1.569718,164.81,0.0,3,256.64,28 / 28,107010,2019-09-08 12:08:46:249,0.003,-0.2464,9.9306,0.0002,-0.0022,9.8066,0.0045,-0.0058,-0.0031,-5.0,-36.19,23.75,355.89,-84.52,-171.75,False
52.40243,-1.569718,164.81,0.0,3,256.64,28 / 28,107110,2019-09-08 12:08:46:349,0.0885,-0.1161,9.8401,0.0009,0.0004,9.8066,0.0097,0.0028,0.0178,-4.81,-35.56,23.56,355.78,-84.53,-171.84,False
52.40243,-1.569718,164.81,0.0,3,256.64,28 / 28,107211,2019-09-08 12:08:46:450,-0.0235,-0.2185,9.8666,0.0,-0.0014,9.8066,-0.0055,0.0074,0.0023,-5.19,-36.31,23.88,355.79,-84.5,-171.83,False
52.40243,-1.569718,164.81,0.0,3,256.64,28 / 28,107310,2019-09-08 12:08:46:549,-0.0188,-0.207,9.959,0.0002,-0.0015,9.8066,-0.005,-0.0036,0.003,-5.19,-36.44,23.81,355.76,-84.49,-171.85,False
52.40243,-1.569718,164.81,0.0,3,256.64,28 / 28,107410,2019-09-08 12:08:46:649,0.1176,-0.0914,9.7836,-0.0014,-0.0033,9.8066,-0.0054,-0.0076,-0.0173,-4.62,-36.37,23.94,355.89,-84.47,-171.74,False
52.40243,-1.569718,164.81,0.0,3,256.64,28 / 28,107510,2019-09-08 12:08:46:749,0.0062,-0.3057,9.8227,0.0008,-0.0023,9.8066,0.0188,-0.0188,0.0017,-5.0,-36.44,24.06,355.84,-84.46,-171.78,False
52.40243,-1.569718,164.81,0.0,3,256.64,28 / 28,107610,2019-09-08 12:08:46:849,-0.019,-0.1332,9.9986,-0.0006,-0.0044,9.8066,-0.0015,0.0001,0.0023,-4.87,-36.44,24.19,355.84,-84.42,-171.78,False
52.40243,-1.569718,164.81,0.0,3,256.64,27 / 28,107710,2019-09-08 12:08:46:949,0.0392,-0.049,9.8212,0.0009,0.0004,9.8066,0.0031,0.008,0.0129,-4.81,-36.0,23.44,355.22,-84.41,-171.78,False
52.40243,-1.569718,164.81,0.0,3,256.64,27 / 28,107810,2019-09-08 12:08:47:049,-0.0332,-0.2831,9.7873,0.0005,-0.0005,9.8066,-0.0099,0.0123,0.0017,-4.37,-36.12,24.44,358.36,-84.39,-171.93,False
52.40243,-1.569718,164.81,0.0,3,256.64,27 / 28,107910,2019-09-08 12:08:47:149,0.0059,-0.1688,9.9525,-0.0003,-0.0016,9.8066,-0.0011,-0.006,-0.0034,-4.81,-36.19,23.81,355.52,-84.37,-172.05,False
52.40243,-1.569718,164.81,0.0,3,256.64,27 / 28,108010,2019-09-08 12:08:47:249,0.0441,0.0095,9.9158,-0.0002,-0.0031,9.8066,-0.0157,-0.0097,-0.0113,-4.62,-36.25,23.31,354.92,-84.34,-172.03,False
52.40243,-1.569718,164.81,0.0,3,256.64,27 / 28,108110,2019-09-08 12:08:47:349,-0.0453,-0.1971,9.8301,0.0004,-0.0003,9.8066,0.0224,-0.0317,-0.0015,-5.44,-36.12,23.44,355.01,-84.34,-171.95,False
52.40243,-1.569718,164.81,0.0,3,256.64,27 / 28,108210,2019-09-08 12:08:47:449,0.0362,-0.2043,9.9006,0.0002,-0.0021,9.8066,-0.0027,-0.0038,-0.0091,-4.81,-35.87,23.19,355.09,-84.32,-171.88,False
52.40243,-1.569718,164.81,0.0,3,256.64,27 / 28,108310,2019-09-08 12:08:47:549,-0.0057,0.003,9.962,0.001,0.0,9.8066,0.0151,-0.0009,0.0108,-4.87,-36.19,23.75,355.48,-84.32,-172.07,False
52.40243,-1.569718,164.81,0.0,3,256.64,27 / 28,108410,2019-09-08 12:08:47:649,-0.0708,-0.0289,9.9444,0.0002,-0.0007,9.8066,-0.002,0.016,0.0123,-4.94,-36.12,23.94,355.49,-84.3,-172.06,False
52.40243,-1.569718,164.81,0.0,3,256.64,27 / 28,108510,2019-09-08 12:08:47:749,0.0533,-0.2518,9.8054,0.0015,-0.0031,9.8066,-0.012,0.01,0.016,-4.69,-36.06,24.06,355.53,-84.3,-172.03,False
52.40243,-1.569718,164.81,0.0,3,256.64,27 / 28,108610,2019-09-08 12:08:47:849,0.0189,-0.2038,9.9289,-0.0007,-0.0017,9.8066,-0.0148,0.0155,0.0052,-4.62,-36.0,23.5,355.53,-84.28,-172.02,False
52.40243,-1.569718,164.81,0.0,3,256.64,27 / 28,108710,2019-09-08 12:08:47:949,0.0212,-0.0372,9.961,-0.0013,-0.0014,9.8066,0.0004,-0.0079,-0.0074,-5.0,-36.31,23.75,355.62,-84.28,-171.95,False
52.40243,-1.569718,164.81,0.0,3,256.64,27 / 28,108810,2019-09-08 12:08:48:049,0.0571,-0.1572,9.8717,-0.0005,0.0002,9.8066,0.0091,-0.0156,-0.0131,-5.25,-36.0,23.88,355.8,-84.25,-171.79,False
52.40243,-1.569718,164.81,0.0,3,256.64,27 / 28,108910,2019-09-08 12:08:48:149,0.0441,-0.151,9.9604,-0.0003,-0.0011,9.8066,-0.0035,-0.0052,-0.0035,-5.62,-36.44,23.63,353.07,-84.25,-171.85,False
52.40243,-1.569718,164.81,0.0,3,256.64,27 / 28,109010,2019-09-08 12:08:48:249,0.0365,-0.145,9.9106,-0.0001,0.001,9.8066,-0.002,-0.0012,-0.0048,-4.69,-36.06,23.63,355.83,-84.24,-171.77,False
52.40243,-1.569718,164.81,0.0,3,256.64,27 / 28,109110,2019-09-08 12:08:48:349,-0.003,-0.2052,9.813,-0.0007,-0.0032,9.8066,-0.0005,0.0131,0.009,-4.81,-36.19,23.38,355.12,-84.24,-171.84,False
52.40243,-1.569718,164.81,0.0,3,256.64,27 / 28,109210,2019-09-08 12:08:48:449,-0.0018,-0.2288,9.925,0.0004,-0.0017,9.8066,-0.0076,0.0143,0.0066,-5.19,-35.81,23.25,355.15,-84.21,-171.81,False
52.40243,-1.569718,164.81,0.0,3,256.64,27 / 28,109310,2019-09-08 12:08:48:549,0.074,-0.0678,9.9734,0.0014,-0.0008,9.8066,-0.0069,0.001,-0.0022,-4.94,-36.06,23.69,355.72,-84.2,-171.86,False
52.40243,-1.569718,164.81,0.0,3,256.64,27 / 28,109410,2019-09-08 12:08:48:649,0.04,-0.1652,9.8077,-0.0008,-0.0004,9.8066,0.0056,-0.0055,-0.0072,-5.25,-36.06,23.56,355.71,-84.18,-171.86,False
52.40243,-1.569718,164.81,0.0,3,256.64,27 / 28,109510,2019-09-08 12:08:48:749,-0.0553,-0.2396,9.8797,-0.0017,-0.0005,9.8066,-0.0053,-0.0069,-0.0158,-4.87,-36.25,23.75,355.83,-84.17,-171.76,False
52.40243,-1.569718,164.81,0.0,3,256.64,27 / 28,109610,2019-09-08 12:08:48:849,0.0512,-0.1599,9.9645,0.0007,0.0004,9.8066,0.0048,-0.0145,-0.0051,-5.31,-35.75,23.5,355.84,-84.17,-171.75,False
52.40243,-1.569718,164.81,0.0,3,256.64,27 / 27,109711,2019-09-08 12:08:48:950,0.0396,-0.0801,9.8465,0.0001,-0.0021,9.8066,0.0024,0.0051,0.0017,-4.69,-35.75,23.94,355.86,-84.17,-171.73,False
52.40243,-1.569718,164.81,0.0,3,256.64,27 / 27,109810,2019-09-08 12:08:49:049,-0.0417,-0.3029,9.8187,0.0002,-0.0013,9.8066,0.0011,0.0054,0.0146,-4.56,-36.75,24.44,355.85,-84.16,-171.73,False
52.40243,-1.569718,164.81,0.0,3,256.64,27 / 27,109910,2019-09-08 12:08:49:149,0.0692,-0.2424,9.9331,-0.001,0.0004,9.8066,-0.0056,0.0197,0.0048,-4.94,-35.69,24.56,356.41,-84.15,-171.74,False
52.40243,-1.569718,164.81,0.0,3,256.64,27 / 27,110010,2019-09-08 12:08:49:249,-0.0442,-0.0456,9.9448,0.0005,0.0008,9.8066,0.0013,0.0113,0.0183,-4.44,-36.0,23.75,358.56,-84.15,-171.75,False
52.40243,-1.569718,164.81,0.0,3,256.64,27 / 27,110110,2019-09-08 12:08:49:349,-0.0016,-0.2706,9.7959,0.0002,-0.0026,9.8066,-0.0229,0.0038,-0.0053,-4.87,-36.12,23.44,355.31,-84.12,-171.67,False
52.40243,-1.569718,164.81,0.0,3,256.64,27 / 27,110210,2019-09-08 12:08:49:449,0.0699,-0.3073,9.8028,-0.0001,0.0,9.8065,-0.0093,-0.0145,-0.0052,-4.75,-36.5,23.19,355.39,-84.13,-171.6,False
52.40243,-1.569718,164.81,0.0,3,256.64,27 / 27,110311,2019-09-08 12:08:49:550,-0.049,-0.1505,9.9716,-0.0014,0.0001,9.8066,0.0016,-0.0208,-0.016,-5.19,-35.94,24.19,356.05,-84.12,-171.56,False
52.40243,-1.569718,164.81,0.0,3,256.64,27 / 27,110410,2019-09-08 12:08:49:649,-0.0673,-0.1312,9.8105,0.0013,-0.0016,9.8066,0.0088,-0.019,-0.0022,-4.94,-36.25,23.31,355.49,-84.12,-171.51,False
52.40243,-1.569718,164.81,0.0,3,256.64,27 / 27,110510,2019-09-08 12:08:49:749,0.0992,-0.2117,9.7785,-0.0007,0.0013,9.8066,0.0138,-0.0032,-0.0051,-4.69,-36.0,24.13,355.97,-84.1,-171.64,False
52.40243,-1.569718,164.81,0.0,3,256.64,27 / 27,110610,2019-09-08 12:08:49:849,-0.0818,-0.2716,9.9922,0.0013,-0.0007,9.8066,0.0097,-0.0003,0.0129,-4.31,-36.12,24.31,358.58,-84.1,-171.73,False
52.40243,-1.569718,164.81,0.0,3,256.64,29 / 29,110711,2019-09-08 12:08:49:950,-0.0885,-0.1671,9.8092,0.0008,-0.0005,9.8066,-0.0067,0.0197,0.009,-5.06,-36.06,23.38,355.21,-84.09,-171.74,False
52.40243,-1.569718,164.81,0.0,3,256.64,29 / 29,110810,2019-09-08 12:08:50:049,-0.0319,-0.1161,9.8886,0.0003,-0.0006,9.8066,-0.0074,0.0024,0.0152,-4.94,-35.62,24.06,355.7,-84.08,-171.85,False
52.40243,-1.569718,164.81,0.0,3,256.64,29 / 29,110910,2019-09-08 12:08:50:149,0.0019,-0.1153,9.9988,-0.0009,0.0001,9.8066,0.0083,-0.0073,-0.0104,-5.37,-36.25,23.88,355.83,-84.06,-171.75,False
52.40243,-1.569718,164.81,0.0,3,256.64,29 / 29,111010,2019-09-08 12:08:50:249,-0.1263,-0.1468,9.8565,0.0003,0.0002,9.8066,0.0071,-0.0184,-0.0008,-4.87,-35.94,23.19,355.22,-84.06,-171.73,False
52.40243,-1.569718,164.81,0.0,3,256.64,29 / 29,111110,2019-09-08 12:08:50:349,0.0234,-0.162,9.9162,0.0013,0.0006,9.8066,0.0046,-0.0159,-0.0043,-4.5,-36.19,23.81,358.67,-84.06,-171.66,False
52.40243,-1.569718,164.81,0.0,3,256.64,29 / 29,111209,2019-09-08 12:08:50:448,-0.0173,-0.1327,9.9804,0.0005,-0.0016,9.8066,0.0056,-0.0077,0.0014,-4.44,-36.31,24.75,359.07,-84.04,-171.7,False
52.40243,-1.569718,164.81,0.0,3,256.64,29 / 29,111310,2019-09-08 12:08:50:549,-0.0811,-0.1643,9.792,0.0014,-0.0022,9.8066,0.0035,0.0059,0.0087,-4.81,-35.75,23.94,355.86,-84.04,-171.72,False
52.40243,-1.569718,164.81,0.0,3,256.64,29 / 29,111410,2019-09-08 12:08:50:649,-0.0171,-0.169,9.9455,0.0009,-0.003,9.8066,-0.0071,0.0168,0.0106,-5.0,-36.37,23.81,355.66,-84.02,-171.88,False
52.40243,-1.569718,164.81,0.0,3,256.64,29 / 29,111510,2019-09-08 12:08:50:749,-0.0215,-0.154,9.9722,-0.0003,0.0013,9.8066,0.0077,0.0028,0.0043,-4.75,-36.19,23.81,355.63,-84.01,-171.91,False
52.40243,-1.569718,164.81,0.0,3,256.64,29 / 29,111610,2019-09-08 12:08:50:849,-0.0974,-0.1482,9.8123,-0.0001,0.0003,9.8066,-0.0007,-0.0111,0.0,-5.12,-35.37,23.56,355.7,-84.01,-171.87,False
52.40243,-1.569718,164.81,0.0,3,256.64,27 / 27,111710,2019-09-08 12:08:50:949,-0.0104,-0.1889,9.9261,0.0007,-0.0001,9.8065,0.0103,-0.0192,-0.0102,-5.0,-36.5,23.88,355.76,-84.01,-171.8,False
52.40243,-1.569718,164.81,0.0,3,256.64,27 / 27,111810,2019-09-08 12:08:51:049,-0.0628,-0.1619,9.9547,-0.001,0.001,9.8066,0.0056,-0.0086,0.0017,-4.81,-36.0,23.38,355.05,-84.0,-171.87,False
52.40243,-1.569718,164.81,0.0,3,256.64,27 / 27,111910,2019-09-08 12:08:51:149,-0.0395,-0.1668,9.8087,0.0021,-0.0018,9.8066,-0.0048,0.0158,0.0098,-4.87,-36.31,23.31,355.16,-83.99,-171.78,False
52.40243,-1.569718,164.81,0.0,3,256.64,27 / 27,112010,2019-09-08 12:08:51:249,-0.0442,-0.0983,9.9571,0.0007,-0.003,9.8066,-0.0157,0.0012,0.0113,-4.19,-36.06,23.56,358.43,-83.97,-171.86,False
52.40243,-1.569718,164.81,0.0,3,256.64,27 / 27,112109,2019-09-08 12:08:51:348,-0.0407,-0.0935,9.9707,-0.0001,0.0018,9.8066,0.0065,-0.0003,0.0005,-5.19,-35.81,24.0,355.82,-83.96,-171.74,False
52.40243,-1.569718,164.81,0.0,3,256.64,27 / 27,112210,2019-09-08 12:08:51:449,-0.0716,-0.1345,9.8096,-0.0008,0.001,9.8066,0.0033,-0.0114,-0.0036,-4.5,-36.0,23.56,358.62,-83.97,-171.7,False
52.40243,-1.569718,164.81,0.0,3,256.64,27 / 27,112310,2019-09-08 12:08:51:549,-0.0008,-0.12,9.9556,0.0,-0.0006,9.8066,0.0095,-0.0181,-0.0059,-4.5,-36.0,23.81,358.68,-83.97,-171.64,False
52.40243,-1.569718,164.81,0.0,3,256.64,27 / 27,112410,2019-09-08 12:08:51:649,-0.013,-0.1129,9.9692,0.0002,-0.0007,9.8066,0.0048,-0.0073,0.0021,-5.06,-35.69,23.56,355.84,-83.96,-171.73,False
52.40243,-1.569718,164.81,0.0,3,256.64,27 / 27,112510,2019-09-08 12:08:51:749,-0.0481,-0.1448,9.8041,0.0015,-0.001,9.8066,0.0036,0.0093,0.0142,-5.06,-35.62,23.75,355.82,-83.96,-171.74,False
52.40243,-1.569718,164.81,0.0,3,256.64,27 / 27,112610,2019-09-08 12:08:51:849,-0.0288,-0.1159,9.952,0.0003,-0.0032,9.8066,-0.011,0.0116,0.0138,-5.31,-35.56,23.81,355.78,-83.95,-171.78,False
52.40243,-1.569718,164.81,0.0,3,256.64,28 / 28,112710,2019-09-08 12:08:51:949,-0.0193,-0.1367,9.969,-0.0012,0.0032,9.8066,0.0097,0.0059,0.0058,-5.37,-35.56,23.38,355.13,-83.94,-171.79,False
52.40243,-1.569718,164.81,0.0,3,256.64,28 / 28,112809,2019-09-08 12:08:52:048,-0.042,-0.1047,9.8519,-0.0009,0.0007,9.8066,0.0032,-0.0096,-0.0039,-5.06,-35.19,23.63,355.88,-83.95,-171.71,False
52.40243,-1.569718,164.81,0.0,3,256.64,28 / 28,112910,2019-09-08 12:08:52:149,-0.0294,-0.2556,9.9055,0.0002,-0.0011,9.8066,-0.0001,-0.0208,-0.0138,-5.31,-35.87,23.75,355.87,-83.93,-171.7,False
52.40243,-1.569718,164.81,0.0,3,256.64,28 / 28,113010,2019-09-08 12:08:52:249,-0.0646,-0.2185,9.9522,-0.0005,-0.0009,9.8066,-0.0046,-0.0156,-0.0099,-4.69,-35.87,23.88,355.79,-83.91,-171.76,False
52.40243,-1.569718,164.81,0.0,3,256.64,28 / 28,113110,2019-09-08 12:08:52:349,-0.0192,0.0123,9.9063,0.002,-0.0011,9.8066,0.0164,-0.0072,0.0028,-4.94,-36.37,24.06,355.84,-83.92,-171.72,False
52.40243,-1.569718,164.81,0.0,3,256.64,28 / 28,113210,2019-09-08 12:08:52:449,0.0221,-0.1923,9.8695,0.001,-0.0039,9.8066,-0.0039,0.0076,0.0087,-5.0,-35.56,23.38,355.03,-83.89,-171.87,False
52.40243,-1.569718,164.81,0.0,3,256.64,28 / 28,113310,2019-09-08 12:08:52:549,-0.067,-0.2118,9.9136,0.0017,0.0003,9.8066,0.0035,0.0041,0.0187,-4.5,-35.75,23.94,358.41,-83.89,-171.87,False
52.40243,-1.569718,164.81,0.0,3,256.64,28 / 28,113410,2019-09-08 12:08:52:649,-0.0363,0.0441,9.9036,0.0002,-0.0004,9.8066,-0.0036,0.0123,0.0054,-4.94,-36.5,24.0,355.52,-83.88,-171.99,False
52.40243,-1.569718,164.81,0.0,3,256.64,28 / 28,113510,2019-09-08 12:08:52:749,0.0518,-0.1619,9.8051,-0.0005,0.0006,9.8066,-0.0075,-0.0099,0.0065,-4.81,-35.87,23.88,355.64,-83.88,-171.89,False
52.40243,-1.569718,164.81,0.0,3,256.64,28 / 28,113610,2019-09-08 12:08:52:849,-0.0169,-0.2118,9.9076,-0.001,-0.0009,9.8066,-0.0076,-0.0037,-0.0181,-5.12,-36.37,23.56,355.78,-83.88,-171.76,False
52.40243,-1.569718,164.81,0.0,3,256.64,28 / 28,113710,2019-09-08 12:08:52:949,-0.0406,-0.0133,9.9435,0.0013,-0.0017,9.8066,0.0027,-0.0177,0.0022,-4.62,-36.0,24.13,355.8,-83.89,-171.75,False
52.40243,-1.569718,164.81,0.0,3,256.64,28 / 28,113810,2019-09-08 12:08:53:049,0.0468,-0.1707,9.801,-0.0002,-0.0011,9.8066,0.01,-0.0028,-0.0072,-4.75,-35.87,24.25,355.79,-83.87,-171.76,False
52.40243,-1.569718,164.81,0.0,3,256.64,28 / 28,113910,2019-09-08 12:08:53:149,0.0092,-0.2178,9.852,-0.0005,0.0009,9.8066,0.0179,0.0038,0.0132,-5.06,-36.06,23.94,355.57,-83.86,-171.94,False
52.40243,-1.569718,164.81,0.0,3,256.64,28 / 28,114010,2019-09-08 12:08:53:249,0.0257,-0.0447,9.9609,-0.0006,0.0018,9.8066,0.0057,0.0152,0.0009,-5.44,-36.31,23.88,355.58,-83.85,-171.93,False
52.40243,-1.569718,164.81,0.0,3,256.64,28 / 28,114110,2019-09-08 12:08:53:349,0.0308,-0.1504,9.8653,0.0006,-0.0032,9.8066,-0.0098,-0.0014,0.0071,-4.87,-36.31,23.63,355.57,-83.83,-171.94,False
52.40243,-1.569718,164.81,0.0,3,256.64,28 / 28,114210,2019-09-08 12:08:53:449,-0.0772,-0.0804,9.8904,-0.0002,-0.0027,9.8066,-0.0151,0.001,-0.0064,-5.06,-36.12,23.81,355.7,-83.82,-171.82,False
52.40243,-1.569718,164.81,0.0,3,256.64,28 / 28,114310,2019-09-08 12:08:53:549,0.0127,-0.0801,9.9141,0.0006,0.0011,9.8066,0.0134,-0.0146,-0.0003,-4.44,-36.0,23.31,358.13,-83.83,-171.68,False
52.40243,-1.569718,164.81,0.0,3,256.64,28 / 28,114410,2019-09-08 12:08:53:649,0.0711,-0.1645,9.8438,-0.0005,-0.0011,9.8066,0.0037,-0.0055,-0.0063,-4.87,-36.75,24.19,355.81,-83.83,-171.71,False
52.40243,-1.569718,164.81,0.0,3,256.64,28 / 28,114510,2019-09-08 12:08:53:749,-0.047,-0.174,9.9094,0.0011,-0.0003,9.8066,-0.003,0.011,0.0121,-4.31,-35.87,23.06,358.03,-83.83,-171.76,False
52.40243,-1.569718,164.81,0.0,3,256.64,28 / 28,114611,2019-09-08 12:08:53:850,0.0001,0.0177,9.966,0.0002,-0.002,9.8066,-0.0135,0.0207,0.0036,-5.19,-36.19,24.19,355.71,-83.82,-171.82,False
52.40243,-1.569718,164.81,0.0,3,256.64,27 / 27,114710,2019-09-08 12:08:53:949,0.0519,-0.1717,9.7726,0.0013,-0.0011,9.8066,-0.0119,0.0005,0.0069,-4.5,-36.5,23.94,358.43,-83.82,-171.85,False
52.40243,-1.569718,164.81,0.0,3,256.64,27 / 27,114809,2019-09-08 12:08:54:048,-0.0595,-0.231,9.8684,-0.0008,0.0003,9.8066,-0.0154,-0.0023,-0.0116,-4.75,-35.44,23.69,355.74,-83.82,-171.81,False
52.40243,-1.569718,164.81,0.0,3,256.64,27 / 27,114910,2019-09-08 12:08:54:149,0.0589,-0.03,9.9948,0.0006,-0.0007,9.8066,0.0084,-0.0278,-0.0072,-5.0,-35.87,24.38,355.77,-83.84,-171.77,False
52.40243,-1.569718,164.81,0.0,3,256.64,27 / 27,115010,2019-09-08 12:08:54:249,0.0434,-0.056,9.8554,0.0002,-0.0024,9.8066,0.0092,-0.0175,-0.0168,-4.5,-35.81,23.94,358.55,-83.82,-171.75,False
52.40243,-1.569718,164.81,0.0,3,256.64,27 / 27,115110,2019-09-08 12:08:54:349,0.0082,-0.3003,9.8459,-0.0003,0.0019,9.8066,0.0108,-0.007,0.0062,-4.75,-36.56,23.56,355.78,-83.83,-171.74,False
52.40243,-1.569718,164.81,0.0,3,256.64,27 / 27,115210,2019-09-08 12:08:54:449,0.0203,-0.1362,9.9355,-0.0002,0.003,9.8066,0.0114,0.0065,0.007,-4.94,-36.19,23.75,355.88,-83.84,-171.68,False
52.40243,-1.569718,164.81,0.0,3,256.64,27 / 27,115310,2019-09-08 12:08:54:549,0.0183,-0.0471,9.8802,0.0003,-0.0021,9.8066,-0.0034,0.0117,0.0165,-4.56,-35.94,23.38,355.2,-83.83,-171.72,False
52.40243,-1.569718,164.81,0.0,3,256.64,27 / 27,115410,2019-09-08 12:08:54:649,0.0532,0.0524,9.8287,-0.0003,-0.0018,9.8066,-0.0097,0.0144,0.0046,-4.56,-36.56,24.0,355.85,-83.82,-171.68,False
52.40243,-1.569718,164.81,0.0,3,256.64,27 / 27,115510,2019-09-08 12:08:54:749,0.0464,-0.1833,9.9284,-0.0002,-0.0008,9.8066,-0.0019,-0.0114,0.0019,-4.62,-36.06,24.06,355.9,-83.81,-171.66,False
52.40243,-1.569718,164.81,0.0,3,256.64,27 / 27,115610,2019-09-08 12:08:54:849,0.0145,-0.1377,9.863,-0.0019,-0.0005,9.8066,0.0039,-0.0169,-0.0111,-5.06,-36.19,23.63,356.13,-83.8,-171.47,False
52.40243,-1.569718,164.81,0.0,3,256.64,28 / 29,115710,2019-09-08 12:08:54:949,0.0265,-0.011,9.8179,0.0007,-0.0003,9.8066,0.0019,-0.0114,-0.0047,-5.12,-35.94,23.75,356.02,-83.79,-171.56,False
52.40243,-1.569718,164.81,0.0,3,256.64,28 / 29,115810,2019-09-08 12:08:55:049,0.094,-0.1082,9.9436,0.0014,0.001,9.8066,0.0045,-0.0006,-0.0057,-4.56,-36.19,24.19,355.97,-83.79,-171.6,False
52.40243,-1.569718,164.81,0.0,3,256.64,28 / 29,115910,2019-09-08 12:08:55:149,-0.0006,-0.1368,9.8332,-0.0004,-0.0037,9.8066,-0.013,0.0152,0.0105,-4.75,-36.19,23.81,355.84,-83.79,-171.7,False
52.40243,-1.569718,164.81,0.0,3,256.64,28 / 29,116009,2019-09-08 12:08:55:248,-0.0193,-0.195,9.8926,-0.0001,-0.0024,9.8066,-0.0162,0.0092,-0.0004,-5.06,-35.87,23.94,356.01,-83.77,-171.57,False
52.40243,-1.569718,164.81,0.0,3,256.64,28 / 29,116110,2019-09-08 12:08:55:349,0.0667,0.0507,9.9829,-0.0006,0.0017,9.8066,0.0158,-0.0103,-0.0033,-5.37,-36.56,23.88,355.91,-83.76,-171.63,False
52.40243,-1.569718,164.81,0.0,3,256.64,28 / 29,116210,2019-09-08 12:08:55:449,-0.0159,-0.1563,9.8311,0.0003,0.0006,9.8066,0.0129,-0.0077,-0.0065,-4.94,-36.25,23.88,355.91,-83.76,-171.65,False
52.40243,-1.569718,164.81,0.0,3,256.64,28 / 29,116310,2019-09-08 12:08:55:549,-0.0235,-0.1114,9.8355,0.0012,-0.0005,9.8066,0.0018,-0.0042,0.0089,-4.56,-36.44,24.38,355.84,-83.76,-171.71,False
52.40243,-1.569718,164.81,0.0,3,256.64,28 / 29,116410,2019-09-08 12:08:55:649,0.0263,0.0158,9.9399,-0.0006,0.0007,9.8066,-0.0014,0.0102,-0.001,-4.25,-36.0,24.0,358.64,-83.75,-171.67,False
52.40243,-1.569718,164.81,0.0,3,256.64,28 / 29,116510,2019-09-08 12:08:55:749,0.0542,-0.1738,9.8137,0.0,-0.0008,9.8066,-0.01,-0.0005,0.0082,-4.62,-35.94,24.0,355.7,-83.74,-171.82,False
52.40243,-1.569718,164.81,0.0,3,256.64,28 / 29,116610,2019-09-08 12:08:55:849,-0.0064,-0.1052,9.9133,-0.0003,-0.0016,9.8066,-0.0104,-0.0036,-0.0102,-5.0,-35.69,23.44,355.16,-83.73,-171.74,False
52.40243,-1.569718,164.81,0.0,3,256.64,27 / 28,116710,2019-09-08 12:08:55:949,0.0037,0.0154,9.9248,0.0014,-0.0002,9.8066,0.0114,-0.01,0.0054,-5.06,-35.75,23.81,355.85,-83.75,-171.69,False
52.40243,-1.569718,164.81,0.0,3,256.64,27 / 28,116810,2019-09-08 12:08:56:049,-0.0307,-0.0616,9.9631,0.0005,-0.0025,9.8066,0.0064,-0.0051,-0.0039,-5.19,-36.12,23.88,355.74,-83.73,-171.79,False
52.40243,-1.569718,164.81,0.0,3,256.64,27 / 28,116910,2019-09-08 12:08:56:149,0.078,0.0281,9.8495,0.0005,-0.0003,9.8066,-0.0042,0.0028,0.0168,-5.31,-36.44,23.5,355.63,-83.73,-171.87,False
52.40243,-1.569718,164.81,0.0,3,256.64,27 / 28,117010,2019-09-08 12:08:56:249,-0.0269,-0.118,9.7832,-0.0007,-0.0008,9.8065,-0.0098,0.0112,0.0046,-4.87,-36.06,23.56,355.68,-83.73,-171.84,False
52.40243,-1.569718,164.81,0.0,3,256.64,27 / 28,117109,2019-09-08 12:08:56:348,-0.0051,-0.1006,9.8981,-0.0002,0.0006,9.8066,-0.0066,-0.0012,0.002,-5.19,-35.75,23.38,354.95,-83.71,-171.91,False
52.40243,-1.569718,164.81,0.0,3,256.64,27 / 28,117210,2019-09-08 12:08:56:449,0.0298,0.1819,9.9662,-0.0014,-0.0005,9.8066,-0.0174,-0.0061,-0.0118,-5.06,-35.87,24.06,355.72,-83.7,-171.8,False
52.40243,-1.569718,164.81,0.0,3,256.64,27 / 28,117310,2019-09-08 12:08:56:549,-0.0733,0.0514,9.9001,0.0008,-0.0013,9.8066,-0.0011,-0.0261,-0.0075,-4.75,-35.56,24.06,355.76,-83.71,-171.77,False
52.40243,-1.569718,164.81,0.0,3,256.64,27 / 28,117410,2019-09-08 12:08:56:649,0.0553,-0.1778,9.7798,-0.0015,-0.0013,9.8066,0.0033,-0.0111,-0.0182,-5.12,-35.87,24.13,355.87,-83.7,-171.68,False
52.40243,-1.569718,164.81,0.0,3,256.64,27 / 28,117510,2019-09-08 12:08:56:749,-0.0014,-0.0326,9.9348,0.0012,0.0003,9.8066,0.0131,-0.0099,0.0007,-4.75,-35.94,23.63,355.84,-83.7,-171.7,False
52.40243,-1.569718,164.81,0.0,3,256.64,27 / 28,117610,2019-09-08 12:08:56:849,-0.0173,0.132,9.988,0.0006,0.003,9.8066,0.017,0.012,0.0056,-4.75,-36.19,24.56,356.23,-83.7,-171.86,False
52.40243,-1.569718,164.81,0.0,3,256.64,27 / 27,117710,2019-09-08 12:08:56:949,0.0444,-0.0347,9.8412,0.0001,-0.0024,9.8066,-0.0105,0.0205,0.0132,-4.94,-36.06,24.31,355.53,-83.71,-171.95,False
52.40243,-1.569718,164.81,0.0,3,256.64,27 / 27,117809,2019-09-08 12:08:57:048,0.0013,-0.2377,9.8744,0.0012,-0.001,9.8066,-0.0064,0.0163,0.0083,-4.69,-36.56,23.81,355.49,-83.7,-171.97,False
52.40243,-1.569718,164.81,0.0,3,256.64,27 / 27,117910,2019-09-08 12:08:57:149,-0.0183,-0.03,9.9465,-0.0006,0.0012,9.8066,0.0028,-0.0042,-0.0013,-4.81,-36.12,24.0,355.55,-83.7,-171.94,False
52.40243,-1.569718,164.81,0.0,3,256.64,27 / 27,118010,2019-09-08 12:08:57:249,0.0387,-0.136,9.8189,-0.0013,0.0016,9.8066,0.0117,-0.0187,-0.0107,-4.62,-36.37,23.69,355.64,-83.7,-171.87,False
52.40243,-1.569718,164.81,0.0,3,256.64,27 / 27,118110,2019-09-08 12:08:57:349,0.0177,-0.1918,9.905,-0.0008,-0.0012,9.8066,-0.0038,-0.0164,-0.0096,-5.0,-36.25,23.69,355.68,-83.69,-171.83,False
52.40243,-1.569718,164.81,0.0,3,256.64,27 / 27,118210,2019-09-08 12:08:57:449,0.0593,-0.054,9.9823,-0.0001,0.0007,9.8066,0.0099,-0.0123,-0.008,-4.81,-35.62,23.63,355.89,-83.69,-171.66,False
52.40243,-1.569718,164.81,0.0,3,256.64,27 / 27,118310,2019-09-08 12:08:57:549,0.0372,-0.0926,9.8331,0.0005,-0.003,9.8066,0.0002,0.0031,0.0042,-4.31,-35.75,23.88,358.58,-83.69,-171.72,False
52.40243,-1.569718,164.81,0.0,3,256.64,27 / 27,118410,2019-09-08 12:08:57:649,-0.0322,-0.147,9.9047,0.002,-0.0031,9.8065,0.0003,0.0044,0.0119,-4.94,-36.06,23.81,355.67,-83.67,-171.84,False
52.40243,-1.569718,164.81,0.0,3,256.64,27 / 27,118510,2019-09-08 12:08:57:749,0.0209,-0.0776,9.9409,-0.0002,0.0003,9.8066,-0.0085,0.015,0.0042,-5.12,-36.5,23.13,354.91,-83.65,-171.94,False
52.40243,-1.569718,164.81,0.0,3,256.64,27 / 27,118610,2019-09-08 12:08:57:849,0.0044,-0.0728,9.8558,-0.0001,0.0013,9.8066,0.0036,-0.0024,0.0047,-5.19,-36.0,23.75,355.54,-83.65,-171.94,False
52.40243,-1.569718,164.81,0.0,3,256.64,27 / 27,118711,2019-09-08 12:08:57:950,-0.0432,-0.225,9.8587,-0.0012,-0.0013,9.8066,-0.0086,-0.0103,-0.0163,-5.06,-36.06,24.13,355.51,-83.65,-171.97,False
52.40243,-1.569718,164.81,0.0,3,256.64,27 / 27,118810,2019-09-08 12:08:58:049,0.0395,-0.0037,9.9657,0.0005,0.0023,9.8065,0.0053,-0.0132,-0.0109,-5.06,-36.12,24.63,356.13,-83.65,-171.93,False
52.40243,-1.569718,164.81,0.0,3,256.64,27 / 27,118909,2019-09-08 12:08:58:148,-0.0199,-0.0859,9.8498,0.0007,-0.0024,9.8066,-0.0023,-0.0013,-0.0022,-4.56,-35.75,23.69,355.42,-83.64,-172.04,False
52.40243,-1.569718,164.81,0.0,3,256.64,27 / 27,119010,2019-09-08 12:08:58:249,0.0109,-0.23,9.8553,0.0018,-0.0012,9.8066,0.0051,0.0054,0.0071,-5.06,-36.25,24.13,355.28,-83.63,-172.15,False
52.40243,-1.569718,164.81,0.0,3,256.64,27 / 27,119110,2019-09-08 12:08:58:349,0.0204,-0.0757,9.9602,-0.0009,-0.0004,9.8066,-0.0088,0.0123,0.0054,-5.25,-35.25,24.13,355.2,-83.62,-172.24,False
52.40243,-1.569718,164.81,0.0,3,256.64,27 / 27,119210,2019-09-08 12:08:58:449,0.0034,-0.0204,9.8974,-0.0005,0.0016,9.8066,0.0018,0.0063,0.0083,-5.31,-35.25,23.38,354.66,-83.63,-172.16,False
52.40243,-1.569718,164.81,0.0,3,256.64,27 / 27,119310,2019-09-08 12:08:58:549,-0.0419,-0.2331,9.7886,0.0003,-0.0029,9.8066,-0.0213,-0.007,-0.0148,-5.44,-35.69,22.69,354.62,-83.61,-172.17,False
52.40243,-1.569718,164.81,0.0,3,256.64,27 / 27,119410,2019-09-08 12:08:58:649,0.0697,-0.1926,9.8439,0.0001,0.0003,9.8066,-0.01,-0.0163,-0.0063,-4.81,-35.69,22.94,354.59,-83.6,-172.19,False
52.40243,-1.569718,164.81,0.0,3,256.64,27 / 27,119510,2019-09-08 12:08:58:749,-0.0896,-0.0658,9.9531,-0.0021,-0.0018,9.8066,0.0014,-0.0121,-0.0181,-4.5,-35.56,23.5,358.27,-83.59,-171.97,False
52.40243,-1.569718,164.81,0.0,3,256.64,27 / 27,119610,2019-09-08 12:08:58:849,-0.0616,-0.0738,9.8235,0.0005,0.0005,9.8066,0.0125,-0.0119,-0.0001,-4.75,-36.12,23.88,355.43,-83.59,-172.02,False
52.40243,-1.569718,164.81,0.0,3,256.64,28 / 28,119710,2019-09-08 12:08:58:949,0.0488,-0.2074,9.8239,0.0,0.0003,9.8066,0.0053,0.0085,0.0043,-5.06,-35.62,24.06,355.45,-83.58,-172.0,False
52.40243,-1.569718,164.81,0.0,3,256.64,28 / 28,119809,2019-09-08 12:08:59:048,-0.0531,-0.144,9.9517,0.0001,-0.0001,9.8066,0.0141,-0.0018,0.0182,-5.25,-36.56,23.81,355.36,-83.58,-172.06,False
52.40243,-1.569718,164.81,0.0,3,256.64,28 / 28,119910,2019-09-08 12:08:59:149,-0.0697,-0.0032,9.8075,-0.0011,0.0002,9.8066,-0.0064,0.0136,0.0051,-5.12,-35.87,23.63,355.34,-83.57,-172.1,False
52.40243,-1.569718,164.81,0.0,3,256.64,28 / 28,120010,2019-09-08 12:08:59:249,0.0447,-0.1645,9.7982,-0.0008,0.0024,9.8066,-0.0027,-0.0029,0.0099,-5.37,-35.87,23.13,354.76,-83.58,-172.05,False
52.40243,-1.569718,164.81,0.0,3,256.64,28 / 28,120110,2019-09-08 12:08:59:349,-0.0439,-0.0608,9.9727,0.0001,-0.0012,9.8066,0.0098,-0.0106,-0.012,-4.37,-36.19,23.5,358.33,-83.56,-171.92,True
52.40243,-1.569718,164.81,0.0,3,256.64,28 / 28,120210,2019-09-08 12:08:59:449,-0.0829,-0.0063,9.8574,0.0023,-0.0022,9.8066,0.0026,-0.0187,0.0014,-4.31,-36.44,22.75,357.71,-83.55,-172.01,True
52.40243,-1.569718,164.81,0.0,3,256.64,28 / 28,120310,2019-09-08 12:08:59:549,0.0207,-0.1017,9.7825,-0.0007,0.0035,9.8066,0.0058,-0.0008,-0.0063,-4.25,-36.06,23.38,357.75,-83.55,-171.98,True
52.40243,-1.569718,164.81,0.0,3,256.64,28 / 28,120410,2019-09-08 12:08:59:649,-0.0738,-0.0537,9.9315,-0.0003,0.0023,9.8066,0.0003,0.0009,0.0102,-5.44,-36.06,23.94,355.45,-83.57,-172.01,True
52.40243,-1.569718,164.81,0.0,3,256.64,28 / 28,120510,2019-09-08 12:08:59:749,-0.0949,-0.1526,9.8234,0.0008,-0.0042,9.8066,-0.0123,0.0094,-0.0012,-5.06,-35.87,24.06,355.51,-83.56,-171.96,True
52.40243,-1.569718,164.81,0.0,3,256.64,28 / 28,120613,2019-09-08 12:08:59:852,0.0505,-0.1088,9.8083,-0.0007,-0.0016,9.8066,-0.0066,-0.0091,0.001,-4.69,-36.12,23.81,355.49,-83.54,-171.97,True
52.40243,-1.569718,164.81,0.0,3,256.64,28 / 28,120710,2019-09-08 12:08:59:949,-0.0687,-0.0354,9.9565,-0.001,0.0006,9.8066,0.0059,-0.0096,-0.0114,-4.94,-36.06,23.44,354.97,-83.55,-171.87,True
52.40243,-1.569718,164.81,0.0,3,256.64,28 / 28,120810,2019-09-08 12:09:00:049,-0.085,-0.0429,9.8049,0.0005,0.0005,9.8066,0.0083,-0.0128,0.0021,-5.81,-36.06,23.5,352.82,-83.56,-171.93,True
52.40243,-1.569718,164.81,0.0,3,256.64,28 / 28,120910,2019-09-08 12:09:00:149,0.0523,-0.121,9.807,-0.0002,0.0004,9.8066,0.0085,0.0111,-0.0005,-4.81,-35.75,23.75,355.51,-83.55,-171.95,True
52.40243,-1.569718,164.81,0.0,3,256.64,28 / 28,121010,2019-09-08 12:09:00:249,-0.0787,-0.092,9.9667,0.001,0.0015,9.8066,0.0153,0.0034,0.0177,-4.87,-36.0,23.63,355.34,-83.55,-172.09,True
52.40243,-1.569718,164.81,0.0,3,256.64,28 / 28,121110,2019-09-08 12:09:00:349,-0.0519,-0.0162,9.8424,0.0,-0.0016,9.8066,-0.0109,0.0137,0.0037,-4.75,-36.0,23.31,354.78,-83.53,-172.02,True
52.40243,-1.569718,164.81,0.0,3,256.64,28 / 28,121210,2019-09-08 12:09:00:449,0.0267,-0.181,9.7853,0.0003,-0.0031,9.8066,-0.0158,-0.0093,0.0049,-5.31,-36.44,23.69,355.44,-83.51,-172.01,True
52.40243,-1.569718,164.81,0.0,3,256.64,28 / 28,121312,2019-09-08 12:09:00:551,-0.0439,-0.1532,9.9494,-0.0009,-0.0002,9.8066,0.011,-0.0162,-0.0142,-4.5,-35.56,23.38,357.85,-83.51,-171.9,True
52.40243,-1.569718,164.81,0.0,3,256.64,28 / 28,121410,2019-09-08 12:09:00:649,-0.1027,0.0575,9.8412,0.0006,-0.0004,9.8066,0.0044,-0.0203,-0.0028,-4.75,-36.19,23.5,355.54,-83.51,-171.92,True
52.40243,-1.569718,164.81,0.0,3,256.64,28 / 28,121510,2019-09-08 12:09:00:749,-0.0002,-0.147,9.763,0.0002,0.001,9.8066,0.0159,-0.0073,-0.0025,-4.75,-35.62,23.31,355.0,-83.51,-171.84,True
52.40243,-1.569718,164.81,0.0,3,256.64,28 / 28,121610,2019-09-08 12:09:00:849,-0.0834,-0.1215,9.9537,0.0003,-0.0005,9.8066,0.0144,-0.0079,0.0092,-4.69,-36.19,24.0,355.5,-83.51,-171.96,True
52.40243,-1.569718,164.81,0.0,3,256.64,26 / 26,121711,2019-09-08 12:09:00:950,-0.0123,0.0458,9.9264,0.0001,-0.0028,9.8066,-0.0021,0.0088,0.0116,-5.0,-35.75,23.81,355.38,-83.5,-172.05,True
52.40243,-1.569718,164.81,0.0,3,256.64,26 / 26,121813,2019-09-08 12:09:01:052,0.0336,-0.1911,9.8268,-0.0002,-0.0025,9.8066,-0.0117,0.0127,0.016,-4.75,-36.06,23.56,355.33,-83.48,-172.09,True
52.40243,-1.569718,164.81,0.0,3,256.64,26 / 26,121910,2019-09-08 12:09:01:149,-0.0767,-0.0846,9.9896,0.0001,0.003,9.8065,0.003,0.0018,0.0054,-5.0,-35.69,23.75,355.42,-83.47,-172.02,True
52.40243,-1.569718,164.81,0.0,3,256.64,26 / 26,122010,2019-09-08 12:09:01:249,-0.0764,0.0443,9.8703,-0.0008,0.0,9.8066,-0.0019,-0.0082,-0.0026,-4.69,-36.19,23.63,355.48,-83.47,-171.97,True
52.40243,-1.569718,164.81,0.0,3,256.64,26 / 26,122110,2019-09-08 12:09:01:349,0.0097,-0.109,9.8847,0.0005,0.0001,9.8066,0.0001,-0.0165,-0.01,-5.0,-36.12,23.5,355.54,-83.47,-171.92,True
52.40243,-1.569718,164.81,0.0,3,256.64,26 / 26,122210,2019-09-08 12:09:01:449,-0.0275,-0.1832,9.9191,0.0002,-0.001,9.8066,-0.0101,-0.0117,-0.0089,-5.44,-36.75,23.44,354.84,-83.47,-171.94,True
52.40243,-1.569718,164.81,0.0,3,256.64,26 / 26,122310,2019-09-08 12:09:01:549,-0.0351,0.1403,9.9099,0.0021,0.0002,9.8066,0.0136,-0.0105,0.0029,-5.19,-36.31,23.81,355.43,-83.47,-172.01,True
52.40243,-1.569718,164.81,0.0,3,256.64,26 / 26,122410,2019-09-08 12:09:01:649,-0.0001,-0.0839,9.8687,0.0003,-0.0038,9.8066,-0.0085,0.004,0.0098,-4.75,-36.0,23.06,354.74,-83.46,-172.04,True
52.40243,-1.569718,164.81,0.0,3,256.64,26 / 26,122510,2019-09-08 12:09:01:749,-0.0812,-0.1425,9.9263,0.0003,0.0028,9.8066,0.0143,0.0092,0.0206,-4.94,-36.06,22.75,354.71,-83.47,-172.07,True
52.40243,-1.569718,164.81,0.0,3,256.64,26 / 26,122610,2019-09-08 12:09:01:849,-0.0185,0.0448,9.9448,-0.0008,0.0004,9.8066,0.0038,0.0045,0.0027,-4.94,-35.81,23.75,355.37,-83.46,-172.05,True
52.40243,-1.569718,164.81,0.0,3,256.64,28 / 28,122710,2019-09-08 12:09:01:949,0.0316,-0.1126,9.8147,0.0006,-0.002,9.8066,-0.0161,0.0013,0.0032,-4.94,-36.19,23.38,354.77,-83.46,-172.02,True
52.40243,-1.569718,164.81,0.0,3,256.64,28 / 28,122810,2019-09-08 12:09:02:049,0.0096,-0.131,9.9025,-0.0007,-0.0023,9.8066,-0.0148,-0.0047,-0.0128,-4.69,-36.06,23.94,355.47,-83.44,-171.97,True
52.40243,-1.569718,164.81,0.0,3,256.64,28 / 28,122910,2019-09-08 12:09:02:149,-0.0545,0.0746,9.9522,0.0009,-0.0001,9.8066,0.0111,-0.0197,0.0003,-4.37,-36.06,23.38,357.76,-83.45,-171.96,True
52.40243,-1.569718,164.81,0.0,3,256.64,28 / 28,123010,2019-09-08 12:09:02:249,0.06,-0.1224,9.815,-0.0004,-0.0016,9.8066,0.0064,-0.0028,-0.0053,-4.5,-36.37,24.31,358.31,-83.44,-171.93,True
52.40243,-1.569718,164.81,0.0,3,256.64,28 / 28,123110,2019-09-08 12:09:02:349,-0.0207,-0.0924,9.8738,0.0009,0.0015,9.8066,0.0105,0.0004,0.0118,-4.81,-36.0,23.69,355.43,-83.43,-172.0,True
52.40243,-1.569718,164.81,0.0,3,256.64,28 / 28,123210,2019-09-08 12:09:02:449,0.0102,0.0841,9.9966,-0.0004,0.0012,9.8065,0.0042,0.0157,0.0061,-4.62,-35.87,23.69,355.33,-83.42,-172.09,True
52.40243,-1.569718,164.81,0.0,3,256.64,28 / 28,123310,2019-09-08 12:09:02:549,0.0386,-0.0505,9.8204,0.0005,-0.0032,9.8066,-0.0147,0.002,0.0103,-4.75,-36.06,23.25,354.59,-83.42,-172.16,True
52.40243,-1.569718,164.81,0.0,3,256.64,28 / 28,123410,2019-09-08 12:09:02:649,-0.014,-0.0435,9.8217,0.0001,-0.0029,9.8066,-0.0254,0.0021,-0.008,-4.5,-35.94,23.69,358.08,-83.39,-172.12,True
52.40243,-1.569718,164.81,0.0,3,256.64,28 / 28,123511,2019-09-08 12:09:02:750,-0.0045,0.0503,9.9931,-0.0003,0.0001,9.8066,0.0107,-0.0214,-0.0055,-4.75,-35.81,23.44,354.77,-83.4,-172.01,True
52.40243,-1.569718,164.81,0.0,3,256.64,28 / 28,123610,2019-09-08 12:09:02:849,0.0373,-0.0113,9.8742,-0.0008,-0.0008,9.8066,0.0115,-0.0157,-0.0166,-5.0,-35.87,23.5,355.5,-83.38,-171.94,True
52.40243,-1.569718,164.81,0.0,3,256.64,29 / 29,123709,2019-09-08 12:09:02:948,-0.0608,-0.1771,9.8374,0.0013,0.0007,9.8066,0.0086,-0.0173,-0.0022,-4.44,-36.0,23.25,357.77,-83.38,-171.95,True
52.40243,-1.569718,164.81,0.0,3,256.64,29 / 29,123810,2019-09-08 12:09:03:049,0.0855,-0.1604,9.8833,-0.0005,0.0015,9.8066,0.011,-0.0043,-0.0025,-4.81,-36.12,23.88,355.45,-83.38,-171.98,True
52.40243,-1.569718,164.81,0.0,3,256.64,29 / 29,123910,2019-09-08 12:09:03:149,-0.0467,0.1396,9.9488,-0.0015,-0.0014,9.8066,0.0103,0.0114,0.013,-5.12,-36.12,23.5,355.3,-83.38,-172.11,True
52.40243,-1.569718,164.81,0.0,3,256.64,29 / 29,124010,2019-09-08 12:09:03:249,0.0212,0.1936,9.8991,0.0003,-0.0005,9.8066,0.0018,0.0162,0.0186,-4.56,-35.94,23.44,354.75,-83.37,-172.02,True
52.40243,-1.569718,164.81,0.0,3,256.64,29 / 29,124110,2019-09-08 12:09:03:349,0.0818,-0.2506,9.7654,-0.0014,0.0002,9.8066,0.0062,0.0085,0.0111,-4.44,-36.0,23.31,357.68,-83.36,-172.02,True
52.40243,-1.569718,164.81,0.0,3,256.64,29 / 29,124210,2019-09-08 12:09:03:449,-0.0296,-0.0979,9.9997,-0.0012,0.0,9.8066,0.0036,0.0066,0.006,-4.56,-35.87,23.25,354.84,-83.34,-171.95,True
52.40243,-1.569718,164.81,0.0,3,256.64,29 / 29,124310,2019-09-08 12:09:03:549,0.0476,0.1659,9.9059,-0.002,-0.0003,9.8066,-0.0204,-0.004,-0.0154,-4.94,-35.37,23.38,354.96,-83.33,-171.87,True
52.40243,-1.569718,164.81,0.0,3,256.64,29 / 29,124410,2019-09-08 12:09:03:649,-0.0196,0.0394,9.787,0.0013,0.0002,9.8066,-0.011,-0.0257,-0.0079,-5.0,-35.69,23.56,355.64,-83.33,-171.82,True
52.40243,-1.569718,164.81,0.0,3,256.64,29 / 29,124510,2019-09-08 12:09:03:749,-0.0868,-0.2034,9.927,-0.0003,-0.0017,9.8066,-0.0033,-0.0132,-0.0162,-4.62,-36.25,23.81,355.74,-83.33,-171.74,True
52.40243,-1.569718,164.81,0.0,3,256.64,29 / 29,124610,2019-09-08 12:09:03:849,0.0143,0.0787,9.9449,0.0008,-0.0009,9.8066,0.0089,-0.0078,0.0043,-5.06,-36.31,23.31,355.03,-83.32,-171.79,True
52.40243,-1.569718,164.81,0.0,3,256.64,29 / 29,124710,2019-09-08 12:09:03:949,-0.0371,0.026,9.7844,-0.0004,-0.0001,9.8066,-0.0028,0.0165,0.0011,-4.62,-35.5,23.69,355.7,-83.32,-171.79,True
52.40243,-1.569718,164.81,0.0,3,256.64,29 / 29,124810,2019-09-08 12:09:04:049,-0.0811,-0.1379,9.9158,0.0003,0.0023,9.8066,0.0058,0.0105,0.0187,-4.81,-35.94,23.75,355.6,-83.33,-171.85,True
52.40243,-1.569718,164.81,0.0,3,256.64,29 / 29,124910,2019-09-08 12:09:04:149,-0.0517,0.0335,9.9356,0.0001,-0.0018,9.8066,-0.0162,0.0157,0.0041,-4.37,-35.44,24.13,358.41,-83.34,-171.85,True
52.40243,-1.569718,164.81,0.0,3,256.64,29 / 29,125010,2019-09-08 12:09:04:249,-0.0463,0.0623,9.801,-0.0001,-0.0002,9.8066,-0.0085,-0.0054,0.0046,-4.87,-35.81,23.63,355.59,-83.33,-171.86,True
52.40243,-1.569718,164.81,0.0,3,256.64,29 / 29,125110,2019-09-08 12:09:04:349,-0.0547,-0.074,9.8852,-0.0011,0.0003,9.8066,0.0127,-0.018,-0.0147,-4.25,-35.56,24.0,358.44,-83.32,-171.81,True
52.40243,-1.569718,164.81,0.0,3,256.64,29 / 29,125210,2019-09-08 12:09:04:449,0.0021,-0.0386,9.9349,0.0004,0.0004,9.8066,0.0192,-0.025,-0.0054,-4.81,-35.87,24.06,355.65,-83.32,-171.81,True
52.40243,-1.569718,164.81,0.0,3,256.64,29 / 29,125310,2019-09-08 12:09:04:549,-0.075,0.1435,9.849,0.0001,0.0013,9.8066,0.0145,0.0009,-0.0045,-5.25,-35.62,23.31,355.09,-83.32,-171.74,True
52.40243,-1.569718,164.81,0.0,3,256.64,29 / 29,125410,2019-09-08 12:09:04:649,-0.062,-0.1132,9.8723,0.0004,0.0017,9.8066,0.0051,-0.005,0.0142,-5.06,-36.62,24.63,356.17,-83.32,-171.85,True
52.40243,-1.569718,164.81,0.0,3,256.64,29 / 29,125510,2019-09-08 12:09:04:749,-0.0115,-0.1157,9.8904,0.0004,-0.002,9.8066,-0.0025,0.0082,0.0117,-5.31,-36.0,23.75,355.58,-83.32,-171.87,True
52.40243,-1.569718,164.81,0.0,3,256.64,29 / 29,125610,2019-09-08 12:09:04:849,-0.1099,0.1291,9.8745,0.0012,-0.0025,9.8066,-0.0186,0.0102,0.013,-5.0,-36.19,23.5,355.49,-83.31,-171.94,True
52.40243,-1.569718,164.81,0.0,3,256.64,28 / 28,125710,2019-09-08 12:09:04:949,-0.0348,-0.043,9.8306,-0.0011,0.0011,9.8066,0.0043,-0.0018,-0.0044,-4.81,-35.06,23.38,355.06,-83.31,-171.78,True
52.40243,-1.569718,164.81,0.0,3,256.64,28 / 28,125810,2019-09-08 12:09:05:049,-0.0063,-0.1585,9.8445,0.0002,-0.001,9.8066,-0.0099,-0.0149,-0.01,-4.37,-35.81,23.88,358.55,-83.31,-171.72,True
52.40243,-1.569718,164.81,0.0,3,256.64,28 / 28,125910,2019-09-08 12:09:05:149,-0.1206,0.1965,9.9673,0.001,0.0011,9.8066,0.0114,-0.017,-0.0119,-4.19,-35.81,23.88,358.53,-83.32,-171.75,True
52.40243,-1.569718,164.81,0.0,3,256.64,28 / 28,126010,2019-09-08 12:09:05:249,0.008,0.0894,9.8272,-0.0006,0.0012,9.8066,0.0063,-0.0102,-0.0046,-5.0,-35.81,23.63,355.71,-83.31,-171.76,True
52.40243,-1.569718,164.81,0.0,3,256.64,28 / 28,126110,2019-09-08 12:09:05:349,-0.0034,-0.1699,9.7679,0.0016,-0.0013,9.8066,0.01,-0.0025,0.0094,-4.56,-36.19,24.06,355.77,-83.32,-171.71,True
52.40243,-1.569718,164.81,0.0,3,256.64,28 / 28,126210,2019-09-08 12:09:05:449,-0.0752,0.0356,9.9581,0.0005,-0.0026,9.8066,0.0006,0.0082,0.0115,-5.25,-36.5,23.88,355.65,-83.3,-171.8,True
52.40243,-1.569718,164.81,0.0,3,256.64,28 / 28,126310,2019-09-08 12:09:05:549,0.0368,0.2639,9.9133,-0.0001,0.0019,9.8066,0.016,0.0091,0.0234,-4.56,-36.0,23.25,354.98,-83.31,-171.83,True
52.40243,-1.569718,164.81,0.0,3,256.64,28 / 28,126410,2019-09-08 12:09:05:649,0.006,0.0738,9.857,-0.0006,0.0014,9.8066,0.0012,0.0217,0.0097,-4.44,-36.81,23.94,358.37,-83.3,-171.86,True
52.40243,-1.569718,164.81,0.0,3,256.64,28 / 28,126510,2019-09-08 12:09:05:749,0.0032,-0.174,9.8309,0.0004,-0.0002,9.8066,-0.0161,0.0057,0.0088,-4.69,-35.81,23.88,355.59,-83.29,-171.86,True
52.40243,-1.569718,164.81,0.0,3,256.64,28 / 28,126610,2019-09-08 12:09:05:849,0.0342,0.221,9.9588,-0.0012,-0.0011,9.8066,-0.0258,-0.0044,-0.013,-5.12,-36.87,23.81,355.68,-83.28,-171.76,True
52.40243,-1.569718,164.81,0.0,3,256.64,28 / 28,126711,2019-09-08 12:09:05:950,-0.0059,0.1867,9.9891,-0.0011,0.0004,9.8066,0.0041,-0.0233,-0.014,-4.44,-36.06,23.81,358.62,-83.29,-171.67,True
52.40243,-1.569718,164.81,0.0,3,256.64,28 / 28,126810,2019-09-08 12:09:06:049,0.0146,-0.052,9.8158,-0.0002,-0.001,9.8066,0.0057,-0.0286,-0.0216,-4.87,-36.31,23.94,355.95,-83.28,-171.56,True
52.40243,-1.569718,164.81,0.0,3,256.64,28 / 28,126910,2019-09-08 12:09:06:149,0.0301,-0.0306,9.9228,0.0004,0.0004,9.8066,0.006,-0.0175,-0.0028,-5.19,-36.19,23.81,355.8,-83.29,-171.68,True
52.40243,-1.569718,164.81,0.0,3,256.64,28 / 28,127010,2019-09-08 12:09:06:249,0.0095,0.1317,9.9769,-0.0007,0.0025,9.8066,0.0072,-0.0012,-0.0028,-4.81,-36.25,23.44,355.18,-83.29,-171.66,True
52.40243,-1.569718,164.81,0.0,3,256.64,28 / 28,127110,2019-09-08 12:09:06:349,0.0412,-0.0254,9.839,0.0008,-0.0045,9.8066,-0.011,0.0086,0.0161,-4.44,-35.44,23.81,358.62,-83.3,-171.68,True
52.40243,-1.569718,164.81,0.0,3,256.64,28 / 28,127210,2019-09-08 12:09:06:449,-0.0164,-0.1776,9.8837,0.0006,-0.0036,9.8066,-0.0065,0.013,0.0136,-4.56,-35.87,23.88,355.86,-83.27,-171.63,True
52.40243,-1.569718,164.81,0.0,3,256.64,28 / 28,127309,2019-09-08 12:09:06:548,-0.0123,0.0426,9.9741,-0.0005,0.0001,9.8066,-0.0086,0.007,0.003,-5.0,-35.87,23.94,355.85,-83.27,-171.64,True
52.40243,-1.569718,164.81,0.0,3,256.64,28 / 28,127410,2019-09-08 12:09:06:649,0.0313,0.0119,9.8389,-0.0012,0.0022,9.8065,0.002,-0.0016,-0.0032,-5.06,-36.25,24.06,355.98,-83.28,-171.54,True
52.40243,-1.569718,164.81,0.0,3,256.64,28 / 28,127510,2019-09-08 12:09:06:749,-0.0314,-0.2204,9.8458,-0.0008,-0.0009,9.8066,-0.009,-0.0151,-0.0189,-4.94,-36.44,23.56,356.13,-83.27,-171.41,True
52.40243,-1.569718,164.81,0.0,3,256.64,28 / 28,127610,2019-09-08 12:09:06:849,0.0537,-0.0191,9.9414,0.0011,0.003,9.8066,0.0096,-0.0158,-0.0117,-4.87,-35.75,23.38,355.43,-83.29,-171.45,True
52.40243,-1.569718,164.81,0.0,3,256.64,27 / 27,127710,2019-09-08 12:09:06:949,0.0114,0.0225,9.8814,-0.0004,-0.0025,9.8066,0.0037,-0.0059,-0.0072,-4.94,-35.87,23.69,356.03,-83.28,-171.49,True
52.40243,-1.569718,164.81,0.0,3,256.64,27 / 27,127810,2019-09-08 12:09:07:049,-0.0023,-0.1896,9.8014,0.0007,0.001,9.8066,0.0167,-0.0024,0.0077,-4.31,-36.06,23.56,358.82,-83.29,-171.51,True
52.40243,-1.569718,164.81,0.0,3,256.64,27 / 27,127910,2019-09-08 12:09:07:149,0.0569,-0.207,9.8545,-0.0012,0.0015,9.8066,0.0014,0.0162,0.0091,-4.5,-36.12,23.44,358.2,-83.27,-171.6,True
52.40243,-1.569718,164.81,0.0,3,256.64,27 / 27,128010,2019-09-08 12:09:07:249,-0.0608,0.0123,9.9356,0.0008,0.0012,9.8066,0.0023,0.014,0.018,-4.81,-36.5,24.25,355.92,-83.28,-171.58,True
52.40243,-1.569718,164.81,0.0,3,256.64,27 / 27,128110,2019-09-08 12:09:07:349,0.003,-0.0344,9.7938,-0.001,0.0006,9.8066,-0.017,0.0109,0.0021,-4.5,-36.56,23.63,358.87,-83.28,-171.46,True
52.40243,-1.569718,164.81,0.0,3,256.64,27 / 27,128212,2019-09-08 12:09:07:451,0.1208,-0.2471,9.7712,0.0,0.0006,9.8066,-0.0102,-0.0068,-0.006,-5.12,-36.31,23.88,356.15,-83.3,-171.4,True
52.40243,-1.569718,164.81,0.0,3,256.64,27 / 27,128310,2019-09-08 12:09:07:549,-0.0648,-0.0418,10.0337,-0.0022,0.0008,9.8066,0.0035,-0.0194,-0.0191,-4.87,-36.06,23.25,355.5,-83.29,-171.4,True
52.40243,-1.569718,164.81,0.0,3,256.64,27 / 27,128410,2019-09-08 12:09:07:649,-0.0891,0.0946,9.8402,0.0015,-0.0022,9.8066,0.0022,-0.0264,-0.0066,-4.81,-35.94,23.56,356.26,-83.31,-171.31,True
52.40243,-1.569718,164.81,0.0,3,256.64,27 / 27,128510,2019-09-08 12:09:07:749,0.0013,0.0167,9.7651,-0.0001,0.0036,9.8066,0.0218,-0.0146,-0.0094,-4.62,-35.37,23.44,355.69,-83.31,-171.27,True
52.40243,-1.569718,164.81,0.0,3,256.64,27 / 27,128609,2019-09-08 12:09:07:848,-0.0216,-0.2352,9.8757,0.0001,0.002,9.8066,0.0163,-0.01,0.0016,-4.81,-36.31,23.94,356.17,-83.34,-171.38,True
52.40243,-1.569718,164.81,0.0,3,256.64,28 / 28,128710,2019-09-08 12:09:07:949,0.021,0.1409,10.0324,0.002,-0.0022,9.8066,0.0146,0.0028,0.0194,-5.31,-35.69,23.94,356.23,-83.35,-171.34,True
52.40243,-1.569718,164.81,0.0,3,256.64,28 / 28,128810,2019-09-08 12:09:08:049,-0.079,0.2825,9.9332,0.0002,-0.0031,9.8066,0.0059,0.0132,0.0197,-5.25,-36.12,23.81,356.06,-83.33,-171.48,True
52.40243,-1.569718,164.81,0.0,3,256.64,28 / 28,128910,2019-09-08 12:09:08:149,-0.0367,-0.0345,9.799,-0.0003,0.002,9.8065,0.0133,0.0146,0.0211,-4.75,-35.81,23.81,356.12,-83.33,-171.43,True
52.40243,-1.569718,164.81,0.0,3,256.64,28 / 28,129010,2019-09-08 12:09:08:249,0.0976,-0.1392,9.9539,0.0001,0.0015,9.8066,-0.0001,0.0188,0.0101,-4.69,-36.06,23.31,355.43,-83.34,-171.46,True
52.40243,-1.569718,164.81,0.0,3,256.64,28 / 28,129110,2019-09-08 12:09:08:349,0.0793,-0.099,9.7495,-0.0004,-0.0014,9.8066,-0.016,-0.0031,0.0067,-5.25,-35.87,23.31,355.58,-83.34,-171.34,True
52.40243,-1.569718,164.81,0.0,3,256.64,28 / 28,129210,2019-09-08 12:09:08:449,-0.0344,-0.1231,9.88,-0.0014,-0.0016,9.8066,-0.0211,-0.0056,-0.0161,-4.81,-36.12,23.88,356.37,-83.33,-171.21,True
52.40243,-1.569718,164.81,0.0,3,256.64,28 / 28,129310,2019-09-08 12:09:08:549,-0.0321,-0.0086,9.9614,0.0003,0.0005,9.8066,0.0004,-0.0224,-0.0121,-5.0,-36.12,23.5,356.47,-83.33,-171.13,True
52.40243,-1.569718,164.81,0.0,3,256.64,28 / 28,129410,2019-09-08 12:09:08:649,0.1454,0.0261,9.81,-0.0005,-0.0001,9.8066,0.0065,-0.0066,-0.0186,-5.19,-35.94,24.5,357.01,-83.33,-171.17,True
52.40243,-1.569718,164.81,0.0,3,256.64,28 / 28,129510,2019-09-08 12:09:08:749,-0.0117,-0.0149,9.8328,-0.0001,0.0015,9.8065,0.0088,-0.0047,0.0128,-4.56,-35.81,24.0,356.37,-83.33,-171.22,True
52.40243,-1.569718,164.81,0.0,3,256.64,28 / 28,129610,2019-09-08 12:09:08:849,0.0174,-0.0482,9.9356,-0.0006,0.0007,9.8066,0.0135,0.0121,0.0062,-4.81,-35.69,23.88,356.5,-83.34,-171.11,True
52.40243,-1.569718,164.81,0.0,3,256.64,28 / 28,129711,2019-09-08 12:09:08:950,0.045,-0.0606,9.895,0.0008,-0.0021,9.8066,-0.021,0.0251,0.0173,-4.75,-35.56,23.75,356.36,-83.32,-171.23,True
52.40243,-1.569718,164.81,0.0,3,256.64,28 / 28,129810,2019-09-08 12:09:09:049,0.0701,0.1154,9.8028,0.001,-0.0017,9.8065,-0.012,0.0151,0.0018,-5.06,-35.87,23.81,356.4,-83.33,-171.2,True
52.40243,-1.569718,164.81,0.0,3,256.64,28 / 28,129910,2019-09-08 12:09:09:149,0.0217,-0.0634,9.9542,-0.0015,0.0014,9.8066,0.0006,-0.006,-0.0028,-4.69,-35.81,23.06,355.72,-83.32,-171.22,True
52.40243,-1.569718,164.81,0.0,3,256.64,28 / 28,130010,2019-09-08 12:09:09:249,0.0019,-0.0546,9.8422,-0.0019,0.0026,9.8066,0.0121,-0.0142,-0.0073,-5.31,-36.56,24.06,356.61,-83.34,-171.01,True
52.40243,-1.569718,164.81,0.0,3,256.64,28 / 28,130109,2019-09-08 12:09:09:348,0.0266,0.1768,9.8508,-0.0001,-0.0009,9.8066,-0.0098,-0.0126,-0.0149,-4.81,-35.94,23.69,356.68,-83.33,-170.96,True
52.40243,-1.569718,164.81,0.0,3,256.64,28 / 28,130210,2019-09-08 12:09:09:449,0.0899,-0.0785,9.7968,-0.0007,0.0027,9.8066,0.0044,-0.0151,-0.0094,-5.0,-36.37,23.06,356.02,-83.34,-170.98,True
52.40243,-1.569718,164.81,0.0,3,256.64,28 / 28,130310,2019-09-08 12:09:09:549,-0.0067,-0.0588,9.9345,0.0005,-0.0037,9.8066,0.0004,0.0043,0.0051,-4.69,-36.25,24.25,356.6,-83.32,-171.03,True
52.40243,-1.569718,164.81,0.0,3,256.64,28 / 28,130410,2019-09-08 12:09:09:649,0.0347,0.2143,9.9593,0.0011,-0.0015,9.8065,0.0175,0.0083,0.0206,-5.31,-35.62,23.25,355.96,-83.34,-171.03,True
52.40243,-1.569718,164.81,0.0,3,256.64,28 / 28,130510,2019-09-08 12:09:09:749,0.0799,-0.024,9.7143,-0.0008,0.0023,9.8066,0.0025,0.0242,0.0107,-4.81,-36.0,24.31,356.55,-83.33,-171.07,True
52.40243,-1.569718,164.81,0.0,3,256.64,28 / 28,130610,2019-09-08 12:09:09:849,-0.0209,-0.126,9.9215,0.0,0.004,9.8066,0.0093,0.0116,0.0114,-4.75,-35.56,23.81,356.58,-83.36,-171.04,True
52.40243,-1.569718,164.81,0.0,3,256.64,27 / 27,130710,2019-09-08 12:09:09:949,0.0135,0.1402,9.9635,-0.0002,-0.0013,9.8066,-0.0186,0.0178,-0.0013,-4.56,-35.12,23.94,356.48,-83.34,-171.14,True
52.40243,-1.569718,164.81,0.0,3,256.64,27 / 27,130810,2019-09-08 12:09:10:049,-0.108,0.1445,9.8666,-0.0004,-0.0016,9.8066,-0.0171,-0.0075,0.0038,-4.94,-35.87,23.81,356.58,-83.34,-171.04,True
52.40243,-1.569718,164.81,0.0,3,256.64,27 / 27,130910,2019-09-08 12:09:10:149,-0.0798,-0.3134,9.8273,0.0001,-0.0016,9.8066,-0.0093,-0.0231,-0.0188,-4.81,-35.75,23.44,356.18,-83.32,-170.85,True
52.40243,-1.569718,164.81,0.0,3,256.64,27 / 27,131010,2019-09-08 12:09:10:249,0.0609,-0.1504,9.8352,0.0008,0.0004,9.8066,0.0028,-0.0201,-0.0099,-4.69,-36.31,23.75,356.71,-83.33,-170.94,True
52.40243,-1.569718,164.81,0.0,3,256.64,27 / 27,131110,2019-09-08 12:09:10:349,-0.0596,0.1343,9.9495,-0.0005,0.0018,9.8066,0.0153,-0.0176,-0.005,-5.37,-36.37,23.75,356.82,-83.33,-170.85,True
52.40243,-1.569718,164.81,0.0,3,256.64,27 / 27,131210,2019-09-08 12:09:10:449,0.0091,-0.1036,9.8094,0.0006,0.0031,9.8066,0.0212,-0.0087,0.0065,-4.94,-35.94,23.56,356.73,-83.35,-170.93,True
52.40243,-1.569718,164.81,0.0,3,256.64,27 / 27,131310,2019-09-08 12:09:10:549,-0.0165,-0.1852,9.7805,0.0009,-0.0001,9.8066,0.0038,0.0166,0.0132,-4.87,-36.25,23.31,356.05,-83.35,-170.96,True
52.40243,-1.569718,164.81,0.0,3,256.64,27 / 27,131410,2019-09-08 12:09:10:649,-0.0748,0.0829,9.9667,0.0014,-0.0027,9.8066,-0.0071,0.0156,0.0097,-4.69,-36.0,23.63,356.53,-83.34,-171.09,True
52.40243,-1.569718,164.81,0.0,3,256.64,27 / 27,131510,2019-09-08 12:09:10:749,-0.0319,0.1606,9.8178,-0.0009,0.0035,9.8066,0.0139,0.0106,0.0052,-5.37,-36.5,23.75,356.57,-83.36,-171.05,True
52.40243,-1.569718,164.81,0.0,3,256.64,27 / 27,131610,2019-09-08 12:09:10:849,-0.0481,-0.1851,9.8042,-0.0006,0.0016,9.8066,0.0048,-0.0087,-0.001,-4.44,-35.94,22.88,358.86,-83.35,-171.06,True
52.40243,-1.569718,164.81,0.0,3,256.64,27 / 28,131710,2019-09-08 12:09:10:949,-0.0346,0.0575,10.0263,0.0011,-0.002,9.8066,-0.0097,-0.0223,-0.0074,-4.81,-35.94,23.94,356.7,-83.36,-170.95,True
52.40243,-1.569718,164.81,0.0,3,256.64,27 / 28,131810,2019-09-08 12:09:11:049,0.0438,0.2224,9.821,-0.0002,-0.0006,9.8066,-0.0124,-0.0172,-0.0158,-4.56,-36.0,23.75,356.63,-83.36,-171.0,True
52.40243,-1.569718,164.81,0.0,3,256.64,27 / 28,131910,2019-09-08 12:09:11:149,-0.012,-0.1492,9.7687,0.0015,-0.0006,9.8066,0.0146,-0.0187,0.0039,-5.25,-36.19,24.06,356.68,-83.36,-170.97,True
52.40243,-1.569718,164.81,0.0,3,256.64,27 / 28,132010,2019-09-08 12:09:11:249,0.0083,0.0527,10.001,0.0018,-0.006,9.8066,-0.004,0.0015,-0.0002,-5.25,-36.44,23.63,356.52,-83.33,-171.09,True
52.40243,-1.569718,164.81,0.0,3,256.64,27 / 28,132110,2019-09-08 12:09:11:349,0.0986,0.1164,9.8171,0.0,0.0022,9.8065,0.0083,0.0081,0.0246,-4.5,-35.69,23.06,358.62,-83.35,-171.26,True
52.40243,-1.569718,164.81,0.0,3,256.64,27 / 28,132210,2019-09-08 12:09:11:449,-0.0379,-0.1154,9.9362,-0.0016,0.0006,9.8065,0.007,0.0154,0.0102,-4.37,-36.12,23.69,359.24,-83.33,-171.17,True
52.40243,-1.569718,164.81,0.0,3,256.64,27 / 28,132310,2019-09-08 12:09:11:549,-0.065,0.1084,9.9202,0.0001,0.0005,9.8066,-0.0097,0.0068,0.0032,-4.69,-35.56,23.94,356.51,-83.32,-171.1,True
52.40243,-1.569718,164.81,0.0,3,256.64,27 / 28,132410,2019-09-08 12:09:11:649,0.0736,-0.028,9.84,-0.0005,-0.0016,9.8066,-0.001,-0.0019,-0.0102,-4.69,-36.81,24.06,356.53,-83.32,-171.07,True
52.40243,-1.569718,164.81,0.0,3,256.64,27 / 28,132510,2019-09-08 12:09:11:749,-0.0104,0.1117,9.8871,0.001,-0.0012,9.8066,-0.0022,-0.0162,-0.0028,-5.31,-36.37,23.69,356.49,-83.33,-171.12,True
52.40243,-1.569718,164.81,0.0,3,256.64,27 / 28,132610,2019-09-08 12:09:11:849,-0.0208,-0.0638,9.7794,-0.0013,-0.0011,9.8065,-0.001,-0.0155,-0.0152,-4.44,-36.37,23.94,359.39,-83.32,-171.04,True
52.40243,-1.569718,164.81,0.0,3,256.64,29 / 29,132710,2019-09-08 12:09:11:949,0.0893,0.1822,9.9083,0.0012,0.002,9.8066,0.0184,-0.0139,0.0004,-5.19,-36.25,24.06,356.55,-83.33,-171.07,True
52.40243,-1.569718,164.81,0.0,3,256.64,29 / 29,132810,2019-09-08 12:09:12:049,0.0704,-0.2067,9.7409,0.0003,0.0022,9.8066,0.0264,-0.0002,0.0014,-4.81,-36.0,23.63,356.41,-83.35,-171.18,True
52.40243,-1.569718,164.81,0.0,3,256.64,29 / 29,132909,2019-09-08 12:09:12:148,0.0227,-0.2664,9.7559,0.0004,-0.0047,9.8066,-0.0134,0.0122,0.0185,-5.25,-35.87,23.19,355.67,-83.36,-171.27,True
52.40243,-1.569718,164.81,0.0,3,256.64,29 / 29,133010,2019-09-08 12:09:12:249,-0.0023,0.1781,9.9635,0.0017,-0.0055,9.8066,-0.0172,0.0184,0.016,-4.69,-36.19,24.25,356.34,-83.32,-171.25,True
52.40243,-1.569718,164.81,0.0,3,256.64,29 / 29,133110,2019-09-08 12:09:12:349,0.01,0.1374,9.7884,-0.001,0.0012,9.8066,0.0014,0.0083,0.0116,-4.62,-36.06,24.06,356.34,-83.35,-171.24,True
52.40243,-1.569718,164.81,0.0,3,256.64,29 / 29,133210,2019-09-08 12:09:12:449,0.1259,0.0027,9.791,-0.0005,0.0019,9.8066,0.0045,0.0028,0.0052,-4.81,-36.5,24.19,356.38,-83.36,-171.22,True
52.40243,-1.569718,164.81,0.0,3,256.64,29 / 29,133310,2019-09-08 12:09:12:549,-0.0304,-0.1208,9.9374,-0.0021,-0.0014,9.8066,-0.0203,-0.0054,-0.0217,-4.87,-36.44,23.81,356.42,-83.35,-171.18,True
52.40243,-1.569718,164.81,0.0,3,256.64,29 / 29,133410,2019-09-08 12:09:12:649,-0.0351,0.1996,9.8377,-0.0009,0.0021,9.8066,-0.0015,-0.0178,-0.0106,-4.87,-36.19,23.81,356.55,-83.36,-171.07,True
52.40243,-1.569718,164.81,0.0,3,256.64,29 / 29,133510,2019-09-08 12:09:12:749,0.0675,-0.003,9.8257,0.0004,-0.0013,9.8066,-0.0009,-0.0094,-0.0138,-5.12,-35.87,23.56,356.6,-83.35,-171.03,True
52.40243,-1.569718,164.81,0.0,3,256.64,29 / 29,133610,2019-09-08 12:09:12:849,0.0015,-0.1731,9.8815,0.0011,-0.0002,9.8065,0.0157,-0.0127,0.003,-4.44,-36.31,22.94,358.77,-83.36,-171.14,True
52.40243,-1.569718,164.81,0.0,3,256.64,28 / 28,133710,2019-09-08 12:09:12:949,-0.0821,0.1281,9.8962,-0.0012,0.0022,9.8066,0.0087,0.0119,0.0064,-5.19,-36.31,23.94,356.45,-83.37,-171.15,True
52.40243,-1.569718,164.81,0.0,3,256.64,28 / 28,133810,2019-09-08 12:09:13:049,0.0267,-0.0299,9.865,-0.0003,0.002,9.8066,0.013,0.0061,0.0223,-4.75,-36.0,23.56,356.42,-83.36,-171.18,True
52.40243,-1.569718,164.81,0.0,3,256.64,28 / 28,133910,2019-09-08 12:09:13:149,-0.0666,-0.1399,9.8708,-0.0007,-0.0032,9.8066,-0.0211,0.0152,-0.0039,-5.06,-36.12,24.0,356.42,-83.35,-171.18,True
52.40243,-1.569718,164.81,0.0,3,256.64,28 / 28,134010,2019-09-08 12:09:13:249,-0.0343,0.0637,9.894,0.0006,-0.0015,9.8066,-0.0195,-0.0041,0.0014,-4.56,-36.19,24.0,356.43,-83.33,-171.17,True
52.40243,-1.569718,164.81,0.0,3,256.64,28 / 28,134110,2019-09-08 12:09:13:349,0.0468,-0.0002,9.9506,-0.0009,0.0026,9.8066,0.0103,-0.0201,-0.0173,-4.81,-36.06,24.0,356.45,-83.32,-171.15,True
52.40243,-1.569718,164.81,0.0,3,256.64,28 / 28,134210,2019-09-08 12:09:13:449,-0.0286,-0.1446,9.8355,0.0002,0.0,9.8066,0.0109,-0.0206,-0.0064,-5.0,-36.37,23.81,356.48,-83.35,-171.13,True
52.40243,-1.569718,164.81,0.0,3,256.64,28 / 28,134310,2019-09-08 12:09:13:549,-0.0362,0.0223,9.9533,-0.0002,0.0017,9.8066,0.012,-0.0164,-0.0058,-5.37,-35.87,24.0,356.64,-83.34,-171.0,True
52.40243,-1.569718,164.81,0.0,3,256.64,28 / 28,134410,2019-09-08 12:09:13:649,-0.0138,-0.033,9.9716,0.0,0.001,9.8066,0.0058,-0.0013,0.0034,-4.31,-36.0,23.81,359.34,-83.36,-171.08,True
52.40243,-1.569718,164.81,0.0,3,256.64,28 / 28,134510,2019-09-08 12:09:13:749,-0.0102,-0.0968,9.8044,0.0016,-0.0029,9.8066,0.0106,0.005,0.0171,-5.0,-36.25,24.06,356.41,-83.36,-171.19,True
52.40243,-1.569718,164.81,0.0,3,256.64,28 / 28,134610,2019-09-08 12:09:13:849,-0.0062,-0.1587,9.9076,0.0022,-0.0048,9.8066,-0.0085,0.0131,0.0177,-4.87,-35.87,24.06,356.22,-83.34,-171.35,True
52.40243,-1.569718,164.81,0.0,3,256.64,28 / 28,134711,2019-09-08 12:09:13:950,0.0637,0.1581,9.916,0.0,0.0026,9.8066,0.0039,0.0064,0.0142,-5.0,-36.31,23.25,355.61,-83.35,-171.31,True
52.40243,-1.569718,164.81,0.0,3,256.64,28 / 28,134810,2019-09-08 12:09:14:049,-0.0333,0.0559,9.8713,-0.0014,0.0022,9.8065,0.0005,0.0002,-0.0029,-4.25,-36.06,23.94,359.07,-83.34,-171.3,True
52.40243,-1.569718,164.81,0.0,3,256.64,28 / 28,134910,2019-09-08 12:09:14:149,0.0654,-0.1019,9.8627,0.0,0.0014,9.8066,-0.0032,-0.0189,-0.0081,-4.75,-36.31,24.31,356.31,-83.34,-171.27,True
52.40243,-1.569718,164.81,0.0,3,256.64,28 / 28,135010,2019-09-08 12:09:14:249,-0.039,-0.1999,9.9142,-0.0006,-0.0003,9.8066,-0.0039,-0.0196,-0.0098,-4.62,-36.44,23.75,356.42,-83.35,-171.18,True
52.40243,-1.569718,164.81,0.0,3,256.64,28 / 28,135111,2019-09-08 12:09:14:350,0.0244,0.1979,9.9897,0.0017,-0.0002,9.8066,0.014,-0.0231,-0.0014,-5.12,-36.12,24.0,356.58,-83.36,-171.05,True
52.40243,-1.569718,164.81,0.0,3,256.64,28 / 28,135210,2019-09-08 12:09:14:449,0.0469,-0.0385,9.7747,0.001,-0.0021,9.8066,0.0002,-0.0099,-0.0058,-5.37,-36.31,23.75,356.45,-83.35,-171.15,True
52.40243,-1.569718,164.81,0.0,3,256.64,28 / 28,135310,2019-09-08 12:09:14:549,-0.0061,-0.1116,9.8354,0.001,0.0023,9.8066,0.0253,0.0045,0.016,-4.56,-35.75,23.25,355.62,-83.37,-171.32,True
52.40243,-1.569718,164.81,0.0,3,256.64,28 / 28,135410,2019-09-08 12:09:14:649,0.01,0.0437,9.9667,-0.0011,0.0031,9.8066,0.0117,0.0183,0.015,-5.19,-35.62,23.31,355.6,-83.37,-171.32,True
52.40243,-1.569718,164.81,0.0,3,256.64,28 / 28,135510,2019-09-08 12:09:14:749,0.0188,0.0557,9.8793,0.0015,-0.0041,9.8066,-0.0119,0.0173,0.0181,-5.06,-36.25,23.75,356.29,-83.37,-171.29,True
52.40243,-1.569718,164.81,0.0,3,256.64,28 / 28,135610,2019-09-08 12:09:14:849,-0.0066,0.1034,9.8247,-0.0001,-0.0014,9.8066,-0.0162,0.0141,-0.0009,-4.69,-36.56,23.0,355.52,-83.34,-171.37,True
52.40243,-1.569718,164.81,0.0,3,256.64,28 / 28,135710,2019-09-08 12:09:14:949,0.067,-0.1755,9.8826,0.0001,-0.0009,9.8066,-0.0142,-0.0096,-0.0059,-4.94,-36.62,23.5,356.24,-83.34,-171.31,True
52.40243,-1.569718,164.81,0.0,3,256.64,28 / 28,135810,2019-09-08 12:09:15:049,-0.0064,0.055,9.9675,-0.0008,-0.0012,9.8066,-0.007,-0.0135,-0.0169,-4.94,-36.19,24.31,356.38,-83.33,-171.21,True
52.40243,-1.569718,164.81,0.0,3,256.64,28 / 28,135910,2019-09-08 12:09:15:149,0.0355,0.1956,9.8515,-0.0014,0.0011,9.8066,-0.0038,-0.0219,-0.0142,-4.75,-35.87,23.63,356.35,-83.34,-171.23,True
52.40243,-1.569718,164.81,0.0,3,256.64,28 / 28,136010,2019-09-08 12:09:15:249,0.1045,-0.2586,9.7968,-0.0003,0.0032,9.8066,0.0105,-0.0117,-0.0137,-4.94,-35.94,23.56,356.5,-83.36,-171.12,True
52.40243,-1.569718,164.81,0.0,3,256.64,28 / 28,136109,2019-09-08 12:09:15:348,-0.032,-0.034,9.9756,0.0013,-0.0036,9.8066,-0.0017,0.0021,0.0012,-4.75,-35.56,23.75,356.35,-83.37,-171.24,True
52.40243,-1.569718,164.81,0.0,3,256.64,28 / 28,136210,2019-09-08 12:09:15:449,0.0229,0.1965,9.8662,0.0011,-0.0028,9.8066,0.0003,0.0068,0.0183,-5.06,-35.69,24.25,356.26,-83.35,-171.31,True
52.40243,-1.569718,164.81,0.0,3,256.64,28 / 28,136310,2019-09-08 12:09:15:549,0.056,-0.0186,9.7802,-0.0007,0.0033,9.8066,0.0035,0.0188,0.008,-4.87,-36.25,23.81,356.28,-83.37,-171.3,True
52.40243,-1.569718,164.81,0.0,3,256.64,28 / 28,136410,2019-09-08 12:09:15:649,-0.0659,-0.0294,9.966,-0.001,0.0033,9.8066,0.0122,-0.0003,0.0097,-5.06,-36.19,23.69,356.3,-83.37,-171.28,True
52.40243,-1.569718,164.81,0.0,3,256.64,28 / 28,136510,2019-09-08 12:09:15:749,0.0616,0.1871,9.9268,0.0,-0.0042,9.8066,-0.0199,0.0015,-0.0157,-4.81,-35.62,23.44,355.72,-83.37,-171.23,True
52.40243,-1.569718,164.81,0.0,3,256.64,28 / 28,136610,2019-09-08 12:09:15:849,0.0428,-0.0118,9.7469,-0.0003,-0.0007,9.8066,-0.0022,-0.0159,-0.0131,-4.75,-36.19,23.25,355.8,-83.35,-171.16,True
52.40243,-1.569718,164.81,0.0,3,256.64,29 / 29,136710,2019-09-08 12:09:15:949,-0.0454,0.0808,9.9639,-0.0017,0.0004,9.8066,0.0083,-0.0099,-0.0145,-4.75,-36.31,23.81,356.39,-83.35,-171.2,True
52.40243,-1.569718,164.81,0.0,3,256.64,29 / 29,136809,2019-09-08 12:09:16:048,-0.0668,-0.019,9.7961,0.0013,0.0007,9.8066,0.0117,-0.0166,0.0065,-4.75,-35.37,23.56,356.46,-83.36,-171.17,True
52.40243,-1.569718,164.81,0.0,3,256.64,29 / 29,136910,2019-09-08 12:09:16:149,0.0442,-0.176,9.7959,-0.0001,0.0015,9.8066,0.0111,0.011,0.0076,-5.44,-35.81,23.88,356.47,-83.37,-171.14,True
52.40243,-1.569718,164.81,0.0,3,256.64,29 / 29,137010,2019-09-08 12:09:16:249,-0.0085,-0.0943,9.9733,-0.0002,0.0018,9.8066,0.0197,0.01,0.0156,-4.69,-36.44,23.81,356.43,-83.38,-171.17,True
52.40243,-1.569718,164.81,0.0,3,256.64,29 / 29,137110,2019-09-08 12:09:16:349,-0.0771,0.1138,9.8728,0.0001,-0.0014,9.8066,-0.0111,0.0228,0.0055,-5.19,-35.94,23.63,356.4,-83.37,-171.2,True
52.40243,-1.569718,164.81,0.0,3,256.64,29 / 29,137210,2019-09-08 12:09:16:449,0.0097,-0.0061,9.7685,-0.0008,-0.0003,9.8066,-0.0188,0.0139,0.0149,-4.62,-35.69,23.69,356.4,-83.36,-171.2,True
52.40243,-1.569718,164.81,0.0,3,256.64,29 / 29,137310,2019-09-08 12:09:16:549,-0.0745,-0.2101,9.9086,0.0006,0.0,9.8066,-0.0014,-0.0102,-0.0033,-4.44,-36.12,23.5,359.34,-83.36,-171.08,True
52.40243,-1.569718,164.81,0.0,3,256.64,29 / 29,137410,2019-09-08 12:09:16:649,-0.0036,0.1515,9.9773,0.001,-0.0015,9.8066,-0.0075,-0.0159,-0.0151,-4.81,-35.94,23.5,356.45,-83.36,-171.16,True
52.40243,-1.569718,164.81,0.0,3,256.64,29 / 29,137510,2019-09-08 12:09:16:749,-0.0503,0.123,9.8301,-0.0008,0.0019,9.8066,0.0026,-0.0274,-0.0093,-5.25,-36.69,24.31,356.6,-83.37,-171.01,True
52.40243,-1.569718,164.81,0.0,3,256.64,29 / 29,137611,2019-09-08 12:09:16:850,0.0166,-0.1289,9.8343,-0.0013,0.0014,9.8065,-0.0013,-0.0068,-0.0103,-4.5,-35.94,24.13,359.48,-83.37,-170.97,True
52.40243,-1.569718,164.81,0.0,3,256.64,27 / 27,137710,2019-09-08 12:09:16:949,-0.0323,0.057,9.9837,0.0008,-0.0019,9.8066,0.0105,0.0027,0.0042,-4.56,-36.12,23.94,356.66,-83.38,-170.99,True
52.40243,-1.569718,164.81,0.0,3,256.64,27 / 27,137810,2019-09-08 12:09:17:049,-0.0672,0.0595,9.8407,0.0014,-0.0043,9.8066,-0.0076,0.0008,0.0082,-4.69,-36.0,23.81,356.51,-83.36,-171.11,True
52.40243,-1.569718,164.81,0.0,3,256.64,27 / 27,137910,2019-09-08 12:09:17:149,-0.0302,-0.0774,9.8315,0.0001,0.0028,9.8066,-0.0002,0.0221,0.0131,-4.75,-36.0,23.94,356.46,-83.36,-171.15,True
52.40243,-1.569718,164.81,0.0,3,256.64,27 / 27,138010,2019-09-08 12:09:17:249,0.0078,0.0845,9.9605,-0.0017,0.0022,9.8066,-0.0021,0.0097,0.0008,-4.87,-36.06,23.44,355.88,-83.38,-171.1,True
52.40243,-1.569718,164.81,0.0,3,256.64,27 / 27,138110,2019-09-08 12:09:17:349,-0.0439,0.0483,9.8813,-0.0003,0.0006,9.8066,-0.0041,-0.0034,-0.0077,-4.62,-36.0,23.69,356.56,-83.37,-171.07,True
52.40243,-1.569718,164.81,0.0,3,256.64,27 / 27,138210,2019-09-08 12:09:17:449,0.0139,-0.0478,9.8233,-0.0002,0.0002,9.8066,0.0023,-0.0148,-0.0156,-4.25,-35.94,23.69,359.32,-83.38,-171.09,True
52.40243,-1.569718,164.81,0.0,3,256.64,27 / 27,138311,2019-09-08 12:09:17:550,0.0364,0.0646,9.9809,0.001,0.0008,9.8066,0.0144,-0.0136,0.0001,-4.37,-36.06,24.06,359.33,-83.38,-171.09,True
52.40243,-1.569718,164.81,0.0,3,256.64,27 / 27,138410,2019-09-08 12:09:17:649,-0.0823,0.161,9.939,-0.0004,-0.0005,9.8066,0.0032,-0.0115,0.0004,-4.25,-36.06,24.0,359.27,-83.39,-171.14,True
52.40243,-1.569718,164.81,0.0,3,256.64,27 / 27,138510,2019-09-08 12:09:17:749,-0.005,0.101,9.8226,0.0009,0.0012,9.8066,0.0112,0.0115,0.0165,-4.75,-36.5,24.25,356.4,-83.4,-171.2,True
52.40243,-1.569718,164.81,0.0,3,256.64,27 / 27,138610,2019-09-08 12:09:17:849,0.0388,-0.1635,9.909,-0.0002,0.0002,9.8066,0.005,-0.0234,-0.0089,-4.94,-36.0,23.63,356.3,-83.4,-171.28,True
52.40243,-1.569718,164.81,0.0,3,256.64,27 / 28,138710,2019-09-08 12:09:17:949,-0.1021,0.126,9.981,0.0007,-0.002,9.8066,0.0021,-0.0056,-0.0105,-4.69,-36.5,24.06,356.27,-83.4,-171.31,True
52.40243,-1.569718,164.81,0.0,3,256.64,27 / 28,138809,2019-09-08 12:09:18:048,0.0483,0.2839,9.8512,-0.0008,-0.0024,9.8066,0.0211,-0.0035,0.0155,-4.81,-35.56,24.13,356.3,-83.38,-171.28,True
52.40243,-1.569718,164.81,0.0,3,256.64,27 / 28,138910,2019-09-08 12:09:18:149,0.1002,-0.2514,9.8046,0.0006,-0.0007,9.8066,0.0237,0.0079,0.0081,-4.75,-36.31,23.38,355.67,-83.39,-171.27,True
52.40243,-1.569718,164.81,0.0,3,256.64,27 / 28,139010,2019-09-08 12:09:18:249,-0.0218,-0.1185,9.8978,-0.0005,-0.0013,9.8066,-0.0094,0.0134,0.0201,-5.0,-36.75,23.88,356.31,-83.38,-171.25,True
52.40243,-1.569718,164.81,0.0,3,256.64,27 / 28,139110,2019-09-08 12:09:18:349,-0.0027,0.1318,9.862,-0.001,0.0009,9.8066,-0.0168,0.0178,0.0075,-4.81,-36.25,24.06,356.38,-83.39,-171.22,True
52.40243,-1.569718,164.81,0.0,3,256.64,27 / 28,139210,2019-09-08 12:09:18:449,0.0659,-0.0824,9.7585,-0.0008,0.0029,9.8066,0.0021,-0.0094,-0.0019,-4.75,-36.37,23.63,356.46,-83.4,-171.15,True
52.40243,-1.569718,164.81,0.0,3,256.64,27 / 28,139310,2019-09-08 12:09:18:549,0.0665,-0.0668,9.897,-0.0002,-0.0036,9.8066,0.0072,-0.0123,-0.0109,-4.81,-36.81,23.63,356.31,-83.38,-171.25,True
52.40243,-1.569718,164.81,0.0,3,256.64,27 / 28,139410,2019-09-08 12:09:18:649,0.0769,0.0397,9.9132,0.0004,-0.0013,9.8066,-0.001,-0.0223,-0.0057,-5.12,-36.12,23.88,356.34,-83.37,-171.25,True
52.40243,-1.569718,164.81,0.0,3,256.64,27 / 28,139510,2019-09-08 12:09:18:749,-0.0133,-0.0008,9.8012,-0.0016,-0.0001,9.8066,0.0072,-0.0068,-0.0069,-4.62,-36.12,23.81,356.35,-83.37,-171.24,True
52.40243,-1.569718,164.81,0.0,3,256.64,27 / 28,139611,2019-09-08 12:09:18:850,0.0593,-0.0933,9.8405,-0.001,0.0014,9.8066,0.0016,0.0063,0.0087,-4.81,-36.25,23.25,355.89,-83.37,-171.09,True
52.40243,-1.569718,164.81,0.0,3,256.64,28 / 28,139710,2019-09-08 12:09:18:949,-0.0033,0.0515,9.9396,-0.0014,0.0007,9.8066,-0.0013,0.0106,0.0162,-4.56,-36.19,23.63,356.56,-83.36,-171.07,True
52.40243,-1.569718,164.81,0.0,3,256.64,28 / 28,139810,2019-09-08 12:09:19:049,-0.0334,0.0067,9.7879,-0.0003,0.0016,9.8066,-0.0057,0.0121,0.0057,-4.56,-36.31,23.94,356.64,-83.37,-171.0,True
52.40243,-1.569718,164.81,0.0,3,256.64,28 / 28,139909,2019-09-08 12:09:19:148,0.0349,-0.0544,9.824,0.0001,-0.0031,9.8066,0.0082,-0.0047,0.0026,-4.19,-35.75,23.5,359.37,-83.35,-171.06,True
52.40243,-1.569718,164.81,0.0,3,256.64,28 / 28,140010,2019-09-08 12:09:19:249,0.0181,-0.0434,9.904,0.0012,-0.0009,9.8066,-0.0152,-0.006,-0.0128,-4.62,-36.06,23.75,356.5,-83.36,-171.12,True
52.40243,-1.569718,164.81,0.0,3,256.64,28 / 28,140111,2019-09-08 12:09:19:350,-0.0774,0.0694,9.8131,-0.0011,0.0011,9.8066,0.0061,-0.0127,-0.0075,-4.75,-36.69,23.88,356.5,-83.36,-171.1,True
52.40243,-1.569718,164.81,0.0,3,256.64,28 / 28,140210,2019-09-08 12:09:19:449,0.0207,0.0066,9.8389,0.0007,0.0021,9.8066,-0.0037,-0.0046,-0.0056,-4.94,-36.0,23.31,355.9,-83.37,-171.09,True
52.40243,-1.569718,164.81,0.0,3,256.64,28 / 28,140310,2019-09-08 12:09:19:549,0.0204,-0.0496,9.9191,-0.0003,-0.0012,9.8066,0.0109,0.0008,0.0066,-4.87,-35.87,24.13,356.59,-83.37,-171.04,True
52.40243,-1.569718,164.81,0.0,3,256.64,28 / 28,140410,2019-09-08 12:09:19:649,-0.0989,0.0137,9.8074,0.0007,0.0,9.8066,0.0008,0.0163,0.0012,-4.87,-35.87,23.69,356.64,-83.37,-171.0,True
52.40243,-1.569718,164.81,0.0,3,256.64,28 / 28,140510,2019-09-08 12:09:19:749,0.0336,-0.044,9.8194,0.0005,-0.002,9.8066,0.0062,0.006,0.0093,-4.81,-36.37,23.63,356.62,-83.36,-171.02,True
52.40243,-1.569718,164.81,0.0,3,256.64,28 / 28,140610,2019-09-08 12:09:19:849,0.0393,-0.0719,9.9541,0.0016,-0.0001,9.8066,-0.013,-0.0053,-0.012,-5.25,-36.25,23.38,355.88,-83.37,-171.1,True
52.40243,-1.569718,164.81,0.0,3,256.64,28 / 28,140715,2019-09-08 12:09:19:954,-0.0627,0.0953,9.8543,-0.001,0.0016,9.8066,-0.0019,-0.0139,-0.0053,-4.75,-35.19,23.44,355.8,-83.37,-171.19,True
52.40243,-1.569718,164.81,0.0,3,256.64,28 / 28,140810,2019-09-08 12:09:20:049,0.0564,-0.0884,9.7914,-0.0003,0.0022,9.8066,0.0145,-0.0148,-0.0111,-4.87,-36.12,23.88,356.46,-83.38,-171.15,True
52.40243,-1.569718,164.81,0.0,3,256.64,28 / 28,140909,2019-09-08 12:09:20:148,-0.0293,-0.171,9.8794,-0.0013,-0.0009,9.8066,0.0128,-0.0136,0.0071,-5.19,-36.5,23.81,356.61,-83.36,-171.02,True
52.40243,-1.569718,164.81,0.0,3,256.64,28 / 28,141010,2019-09-08 12:09:20:249,-0.0328,0.1684,9.9342,-0.0005,0.0009,9.8066,0.0116,-0.0021,0.0057,-4.87,-36.5,23.88,356.63,-83.37,-171.01,True
52.40243,-1.569718,164.81,0.0,3,256.64,28 / 28,141110,2019-09-08 12:09:20:349,0.0532,-0.0263,9.8577,-0.0011,0.0003,9.8066,0.0115,0.006,0.0188,-4.87,-35.87,23.63,356.61,-83.37,-171.02,True
52.40243,-1.569718,164.81,0.0,3,256.64,28 / 28,141210,2019-09-08 12:09:20:449,-0.0388,-0.1902,9.7894,0.0016,-0.0004,9.8066,-0.0045,0.0182,0.0058,-4.44,-36.25,23.25,358.87,-83.37,-171.06,True
52.40243,-1.569718,164.81,0.0,3,256.64,28 / 28,141309,2019-09-08 12:09:20:548,-0.0944,0.0789,9.9645,0.0004,0.0012,9.8066,-0.0032,-0.0145,0.011,-4.75,-35.87,23.25,355.9,-83.37,-171.09,True
52.40243,-1.569718,164.81,0.0,3,256.64,28 / 28,141410,2019-09-08 12:09:20:649,0.0177,-0.0718,9.9453,0.0,0.0018,9.8066,-0.0005,-0.0149,-0.0105,-5.25,-36.12,23.88,356.31,-83.39,-171.28,True
52.40243,-1.569718,164.81,0.0,3,256.64,28 / 28,141510,2019-09-08 12:09:20:749,-0.0051,0.015,9.7977,0.0003,-0.0006,9.8066,-0.0088,-0.0248,-0.007,-4.44,-35.62,23.63,359.07,-83.38,-171.31,True
52.40243,-1.569718,164.81,0.0,3,256.64,28 / 28,141610,2019-09-08 12:09:20:849,-0.048,-0.0319,9.9257,0.0006,-0.0021,9.8066,0.0131,-0.0128,-0.0056,-4.56,-36.44,23.88,356.18,-83.36,-171.38,True
52.40243,-1.569718,164.81,0.0,3,256.64,28 / 28,141710,2019-09-08 12:09:20:949,-0.0419,-0.1375,9.9758,0.0003,0.0027,9.8066,0.0122,-0.0067,-0.0021,-5.56,-36.56,23.63,353.46,-83.35,-171.33,True
52.40243,-1.569718,164.81,0.0,3,256.64,28 / 28,141810,2019-09-08 12:09:21:049,-0.0133,-0.0341,9.8375,-0.0008,0.001,9.8066,0.0047,0.0098,0.0112,-5.0,-36.31,24.0,356.22,-83.37,-171.35,True
52.40243,-1.569718,164.81,0.0,3,256.64,28 / 28,141910,2019-09-08 12:09:21:149,-0.0376,-0.0376,9.9456,-0.0004,0.0013,9.8066,-0.0097,0.0121,0.0158,-4.81,-36.44,23.69,356.33,-83.38,-171.26,True
52.40243,-1.569718,164.81,0.0,3,256.64,28 / 28,142010,2019-09-08 12:09:21:249,-0.081,-0.0958,9.9362,-0.0005,0.0001,9.8066,0.0079,0.0003,0.0077,-5.12,-36.5,23.56,356.34,-83.39,-171.25,True
52.40243,-1.569718,164.81,0.0,3,256.64,28 / 28,142110,2019-09-08 12:09:21:349,-0.028,-0.0357,9.8208,0.0004,0.0003,9.8066,-0.0015,0.0,-0.0032,-4.75,-36.56,23.31,355.65,-83.39,-171.27,True
52.40243,-1.569718,164.81,0.0,3,256.64,28 / 28,142210,2019-09-08 12:09:21:449,0.0053,-0.042,9.9069,0.0013,-0.0021,9.8066,0.0067,-0.0132,-0.0129,-5.0,-36.0,23.56,356.2,-83.39,-171.37,True
52.40243,-1.569718,164.81,0.0,3,256.64,28 / 28,142310,2019-09-08 12:09:21:549,-0.0773,-0.0451,9.9772,-0.0005,0.0023,9.8066,0.001,-0.0183,-0.0055,-4.56,-36.37,23.69,356.16,-83.38,-171.4,True
52.40243,-1.569718,164.81,0.0,3,256.64,28 / 28,142410,2019-09-08 12:09:21:649,-0.0265,0.0148,9.8734,-0.0009,0.0,9.8066,0.0116,-0.0045,0.0094,-4.75,-36.06,23.69,356.24,-83.39,-171.33,True
52.40243,-1.569718,164.81,0.0,3,256.64,28 / 28,142510,2019-09-08 12:09:21:749,0.0056,-0.1566,9.8487,-0.0004,0.0007,9.8065,-0.0127,0.0154,0.0098,-4.31,-35.87,23.19,358.7,-83.39,-171.2,True
52.40243,-1.569718,164.81,0.0,3,256.64,28 / 28,142613,2019-09-08 12:09:21:852,-0.0527,-0.1374,9.9905,0.0006,-0.002,9.8066,0.0098,0.0072,0.0191,-4.62,-36.5,23.75,356.35,-83.38,-171.24,True
52.40243,-1.569718,164.81,0.0,3,256.64,27 / 27,142710,2019-09-08 12:09:21:949,0.0423,-0.1576,9.8036,0.0009,0.0013,9.8066,-0.0072,0.013,0.0019,-4.94,-36.75,23.63,356.43,-83.39,-171.16,True
52.40243,-1.569718,164.81,0.0,3,256.64,27 / 27,142810,2019-09-08 12:09:22:049,-0.0654,0.0384,9.9383,-0.0003,-0.0014,9.8066,-0.0087,-0.0092,0.004,-5.06,-35.81,23.75,356.39,-83.39,-171.21,True
52.40243,-1.569718,164.81,0.0,3,256.64,27 / 27,142910,2019-09-08 12:09:22:149,0.0406,0.1338,9.8317,0.0004,-0.0001,9.8065,-0.0147,-0.0076,-0.0159,-4.62,-36.12,23.81,356.36,-83.4,-171.23,True
52.40243,-1.569718,164.81,0.0,3,256.64,27 / 27,143010,2019-09-08 12:09:22:249,0.0565,-0.1172,9.8975,0.0006,-0.0001,9.8066,0.0061,-0.0123,-0.0123,-5.06,-36.06,24.19,356.29,-83.38,-171.29,True
52.40243,-1.569718,164.81,0.0,3,256.64,27 / 27,143110,2019-09-08 12:09:22:349,-0.0494,0.0471,9.9559,-0.0006,-0.0017,9.8066,0.002,-0.0148,-0.0079,-4.87,-35.56,23.75,356.29,-83.38,-171.29,True
52.40243,-1.569718,164.81,0.0,3,256.64,27 / 27,143210,2019-09-08 12:09:22:449,0.0365,0.2288,9.9161,-0.0008,-0.0008,9.8066,0.0153,-0.0055,0.0086,-4.75,-35.56,23.63,356.4,-83.37,-171.19,True
52.40243,-1.569718,164.81,0.0,3,256.64,27 / 27,143310,2019-09-08 12:09:22:549,0.0779,-0.2071,9.8207,0.0004,-0.0024,9.8066,0.0145,0.0073,0.0077,-4.62,-36.87,24.06,356.49,-83.38,-171.11,True
52.40243,-1.569718,164.81,0.0,3,256.64,27 / 27,143410,2019-09-08 12:09:22:649,-0.0201,-0.1111,9.8875,-0.0009,-0.0023,9.8065,-0.0014,0.0129,0.0185,-4.81,-36.25,24.5,357.23,-83.35,-170.98,True
52.40243,-1.569718,164.81,0.0,3,256.64,27 / 27,143510,2019-09-08 12:09:22:749,0.0059,0.1401,9.8775,-0.0001,0.0002,9.8066,-0.0081,0.0093,0.0053,-4.56,-36.25,23.63,356.64,-83.36,-171.0,True
52.40243,-1.569718,164.81,0.0,3,256.64,27 / 27,143610,2019-09-08 12:09:22:849,0.1143,-0.1353,9.7781,-0.0008,0.0034,9.8066,0.0033,-0.0156,0.0003,-5.19,-36.06,23.44,355.97,-83.37,-171.02,True
52.40243,-1.569718,164.81,0.0,3,256.64,26 / 26,143710,2019-09-08 12:09:22:949,0.0165,-0.0915,9.965,0.0,-0.0033,9.8066,0.0149,-0.0091,-0.0141,-4.37,-36.5,24.5,359.72,-83.34,-171.14,True
52.40243,-1.569718,164.81,0.0,3,256.64,26 / 26,143810,2019-09-08 12:09:23:049,0.0205,0.1165,9.8513,0.0002,-0.003,9.8066,0.0006,-0.008,-0.0066,-4.81,-35.56,23.81,356.59,-83.34,-171.04,True
52.40243,-1.569718,164.81,0.0,3,256.64,26 / 26,143910,2019-09-08 12:09:23:149,0.0851,-0.1451,9.771,-0.0002,0.0013,9.8065,0.0152,-0.0041,-0.002,-4.75,-36.25,23.56,356.56,-83.33,-171.06,True
52.40243,-1.569718,164.81,0.0,3,256.64,26 / 26,144010,2019-09-08 12:09:23:249,0.062,-0.0756,9.8952,-0.0001,0.0013,9.8065,-0.0098,0.0137,0.0073,-4.5,-36.62,23.38,358.94,-83.34,-170.99,True
52.40243,-1.569718,164.81,0.0,3,256.64,26 / 26,144110,2019-09-08 12:09:23:349,0.071,0.0553,9.9327,-0.0004,0.0001,9.8066,-0.0006,0.0197,0.0061,-4.81,-36.44,23.75,356.66,-83.33,-170.98,True
52.40243,-1.569718,164.81,0.0,3,256.64,26 / 26,144210,2019-09-08 12:09:23:449,-0.0126,0.0889,9.7982,0.0007,-0.0007,9.8066,-0.0023,0.0058,-0.0003,-4.87,-36.25,23.38,356.03,-83.33,-170.97,True
52.40243,-1.569718,164.81,0.0,3,256.64,26 / 26,144310,2019-09-08 12:09:23:549,0.0495,-0.1601,9.8041,-0.0001,-0.0023,9.8066,0.0041,-0.0061,-0.0021,-5.06,-36.06,23.63,356.56,-83.33,-171.07,True
52.40243,-1.569718,164.81,0.0,3,256.64,26 / 26,144410,2019-09-08 12:09:23:649,0.0549,0.1526,9.9551,0.001,-0.0028,9.8066,0.0087,-0.0171,-0.0182,-4.62,-36.75,23.88,356.55,-83.32,-171.05,True
52.40243,-1.569718,164.81,0.0,3,256.64,26 / 26,144510,2019-09-08 12:09:23:749,-0.0338,0.0611,9.8055,-0.0004,-0.0015,9.8066,0.0142,-0.022,-0.0094,-4.81,-35.81,23.69,356.46,-83.32,-171.14,True
52.40243,-1.569718,164.81,0.0,3,256.64,26 / 26,144610,2019-09-08 12:09:23:849,0.0812,-0.0509,9.7682,-0.0002,0.0005,9.8066,0.0091,-0.0069,-0.0002,-4.87,-35.87,23.81,356.54,-83.31,-171.08,True
52.40243,-1.569718,164.81,0.0,3,256.64,27 / 28,144710,2019-09-08 12:09:23:949,-0.0173,-0.1464,9.8753,-0.0021,-0.0002,9.8066,0.0093,0.0038,0.0132,-4.75,-36.12,23.63,356.62,-83.31,-171.01,True
52.40243,-1.569718,164.81,0.0,3,256.64,27 / 28,144810,2019-09-08 12:09:24:049,-0.0259,0.1444,9.8692,-0.0011,0.0014,9.8066,0.0084,0.018,0.0057,-5.12,-36.0,23.94,356.8,-83.3,-170.86,True
52.40243,-1.569718,164.81,0.0,3,256.64,27 / 28,144910,2019-09-08 12:09:24:149,0.0808,0.0598,9.8477,-0.0003,-0.002,9.8066,0.0173,0.0117,0.0224,-4.75,-36.06,24.0,356.82,-83.28,-170.85,True
52.40243,-1.569718,164.81,0.0,3,256.64,27 / 28,145009,2019-09-08 12:09:24:248,-0.01,-0.1776,9.8732,0.001,-0.0015,9.8066,-0.017,0.0069,-0.0049,-4.56,-36.25,23.56,356.78,-83.29,-170.88,True
52.40243,-1.569718,164.81,0.0,3,256.64,27 / 28,145110,2019-09-08 12:09:24:349,-0.1123,0.1945,9.9104,-0.0018,0.0034,9.8066,-0.0143,-0.0097,-0.0003,-4.56,-36.06,23.94,356.67,-83.28,-170.97,True
52.40243,-1.569718,164.81,0.0,3,256.64,27 / 28,145210,2019-09-08 12:09:24:449,0.034,-0.0401,9.8383,-0.0005,0.0019,9.8066,0.0115,-0.0199,-0.0083,-4.75,-36.37,23.56,356.63,-83.3,-171.0,True
52.40243,-1.569718,164.81,0.0,3,256.64,27 / 28,145310,2019-09-08 12:09:24:549,0.0061,-0.1844,9.8566,-0.001,-0.0022,9.8066,0.0123,-0.0095,-0.0028,-5.0,-35.31,23.31,356.11,-83.28,-170.93,True
52.40243,-1.569718,164.81,0.0,3,256.64,27 / 28,145410,2019-09-08 12:09:24:649,-0.0833,0.169,9.9411,0.0006,-0.0018,9.8066,0.0104,0.0015,-0.0012,-5.25,-36.31,23.38,356.15,-83.28,-170.87,True
52.40243,-1.569718,164.81,0.0,3,256.64,27 / 28,145510,2019-09-08 12:09:24:749,0.023,0.0317,9.8981,-0.0011,0.001,9.8066,0.0128,-0.0017,0.0191,-5.25,-36.0,23.88,356.89,-83.28,-170.79,True
52.40243,-1.569718,164.81,0.0,3,256.64,27 / 28,145613,2019-09-08 12:09:24:852,-0.018,-0.1491,9.8033,0.0013,0.0001,9.8066,-0.0021,0.0187,0.013,-5.44,-35.94,23.5,356.82,-83.28,-170.84,True
52.40243,-1.569718,164.81,0.0,3,256.64,28 / 28,145710,2019-09-08 12:09:24:949,-0.049,-0.0054,9.93,0.0004,0.0009,9.8066,-0.0059,0.0024,0.011,-4.87,-35.5,23.5,357.02,-83.28,-170.69,True
52.40243,-1.569718,164.81,0.0,3,256.64,28 / 28,145810,2019-09-08 12:09:25:049,0.0073,-0.0224,9.9431,-0.0009,0.0015,9.8066,0.0019,-0.0053,-0.0069,-4.87,-36.19,23.75,356.9,-83.3,-170.78,True
52.40243,-1.569718,164.81,0.0,3,256.64,28 / 28,145910,2019-09-08 12:09:25:149,-0.0243,-0.0498,9.8088,0.0002,-0.0009,9.8066,0.0003,-0.016,-0.008,-4.56,-35.62,23.38,356.28,-83.29,-170.77,True
52.40243,-1.569718,164.81,0.0,3,256.64,28 / 28,146010,2019-09-08 12:09:25:249,0.0063,0.0217,9.9512,-0.0003,-0.0017,9.8066,0.0134,-0.0172,-0.0083,-4.44,-36.06,23.63,359.67,-83.29,-170.8,True
52.40243,-1.569718,164.81,0.0,3,256.64,28 / 28,146110,2019-09-08 12:09:25:349,-0.0651,-0.049,9.9722,0.0001,0.0027,9.8066,0.0076,-0.0076,-0.0019,-4.81,-35.87,23.94,356.83,-83.29,-170.84,True
52.40243,-1.569718,164.81,0.0,3,256.64,28 / 28,146210,2019-09-08 12:09:25:449,-0.0168,-0.1225,9.8031,-0.0013,0.0016,9.8066,0.0031,0.0026,0.0181,-4.75,-36.06,23.25,356.26,-83.29,-170.78,True
52.40243,-1.569718,164.81,0.0,3,256.64,28 / 28,146310,2019-09-08 12:09:25:549,0.0173,-0.1033,9.9009,-0.0001,0.0017,9.8066,-0.0127,0.013,0.0204,-5.19,-36.06,23.69,356.94,-83.28,-170.74,True
52.40243,-1.569718,164.81,0.0,3,256.64,28 / 28,146410,2019-09-08 12:09:25:649,-0.052,-0.0407,9.9606,-0.001,-0.0006,9.8066,0.0087,0.0062,0.0098,-5.06,-35.5,23.69,356.98,-83.29,-170.72,True
52.40243,-1.569718,164.81,0.0,3,256.64,28 / 28,146510,2019-09-08 12:09:25:749,-0.0534,0.116,9.9095,0.0011,-0.0002,9.8066,-0.0026,-0.0017,0.0016,-5.12,-36.25,24.13,356.94,-83.3,-170.75,True
52.40243,-1.569718,164.81,0.0,3,256.64,28 / 28,146609,2019-09-08 12:09:25:848,0.0677,-0.1272,9.8337,0.0019,-0.0025,9.8066,-0.0132,-0.0155,-0.0071,-4.69,-35.75,23.38,356.06,-83.28,-170.94,True
52.40243,-1.569718,164.81,0.0,3,256.64,28 / 29,146710,2019-09-08 12:09:25:949,-0.0708,-0.1604,9.8822,0.0007,0.0017,9.8066,-0.0114,-0.0139,-0.0182,-5.31,-35.69,24.25,356.62,-83.29,-171.01,True
52.40243,-1.569718,164.81,0.0,3,256.64,28 / 29,146810,2019-09-08 12:09:26:049,0.0077,0.1588,9.9684,-0.0007,0.0012,9.8065,0.0183,-0.0251,-0.0045,-4.56,-36.5,23.75,356.57,-83.3,-171.05,True
52.40243,-1.569718,164.81,0.0,3,256.64,28 / 29,146910,2019-09-08 12:09:26:149,0.0217,-0.0405,9.8007,0.0008,-0.0028,9.8066,0.0112,-0.0136,-0.0081,-4.75,-35.75,23.69,356.61,-83.3,-171.02,True
52.40243,-1.569718,164.81,0.0,3,256.64,28 / 29,147010,2019-09-08 12:09:26:249,-0.0166,-0.1868,9.8166,-0.0011,-0.0016,9.8066,0.0185,-0.008,0.013,-5.19,-35.75,23.63,356.66,-83.27,-170.97,True
52.40243,-1.569718,164.81,0.0,3,256.64,28 / 29,147110,2019-09-08 12:09:26:349,0.0391,0.0997,9.9605,-0.0004,-0.0006,9.8066,0.0059,0.0229,0.012,-5.06,-35.75,23.5,356.76,-83.28,-170.9,True
52.40243,-1.569718,164.81,0.0,3,256.64,28 / 29,147210,2019-09-08 12:09:26:449,0.024,0.1277,9.8642,-0.0002,-0.0007,9.8066,-0.0041,0.0193,0.0178,-4.87,-36.25,23.63,356.79,-83.27,-170.87,True
52.40243,-1.569718,164.81,0.0,3,256.64,28 / 29,147310,2019-09-08 12:09:26:549,0.0236,0.1425,9.8395,0.0004,0.0019,9.8066,-0.0173,0.0094,0.0044,-5.31,-35.81,23.69,356.77,-83.29,-170.88,True
52.40243,-1.569718,164.81,0.0,3,256.64,28 / 29,147410,2019-09-08 12:09:26:649,0.0496,-0.04,9.9576,-0.0007,0.0033,9.8066,-0.0029,-0.0112,-0.0027,-4.56,-35.69,23.69,356.73,-83.3,-170.92,True
52.40243,-1.569718,164.81,0.0,3,256.64,28 / 29,147510,2019-09-08 12:09:26:749,-0.0019,0.0135,9.9035,0.0013,-0.0023,9.8065,-0.004,-0.0102,-0.017,-5.06,-35.31,23.25,355.99,-83.3,-171.02,True
52.40243,-1.569718,164.81,0.0,3,256.64,28 / 29,147610,2019-09-08 12:09:26:849,0.0659,0.2054,9.8204,0.0015,-0.0022,9.8066,-0.0009,-0.0167,-0.0111,-4.56,-36.31,23.88,356.46,-83.28,-171.14,True
52.40243,-1.569718,164.81,0.0,3,256.64,28 / 28,147710,2019-09-08 12:09:26:949,0.1058,-0.0188,9.9071,-0.0014,0.0024,9.8066,0.0027,0.0017,-0.0068,-5.25,-35.69,23.75,356.53,-83.31,-171.09,True
52.40243,-1.569718,164.81,0.0,3,256.64,28 / 28,147809,2019-09-08 12:09:27:048,-0.0026,-0.0816,9.8962,-0.0009,0.0021,9.8066,-0.012,0.0054,0.0097,-4.87,-36.06,23.75,356.62,-83.3,-171.01,True
52.40243,-1.569718,164.81,0.0,3,256.64,28 / 28,147910,2019-09-08 12:09:27:149,0.0261,0.1236,9.7999,0.0017,-0.0006,9.8066,-0.0078,0.0093,-0.0003,-5.31,-35.87,24.19,356.53,-83.3,-171.08,True
52.40243,-1.569718,164.81,0.0,3,256.64,28 / 28,148010,2019-09-08 12:09:27:249,0.0726,-0.0081,9.8864,0.0004,0.002,9.8066,-0.0001,-0.004,-0.0059,-5.06,-35.81,23.69,356.39,-83.3,-171.2,True
52.40243,-1.569718,164.81,0.0,3,256.64,28 / 28,148111,2019-09-08 12:09:27:350,-0.011,-0.0655,9.8416,0.0003,-0.0004,9.8066,0.0069,-0.0087,-0.0085,-5.25,-35.44,22.94,355.54,-83.3,-171.39,True
52.40243,-1.569718,164.81,0.0,3,256.64,28 / 28,148210,2019-09-08 12:09:27:449,0.0654,0.0408,9.9588,-0.0007,0.001,9.8066,0.0082,-0.0182,-0.0077,-5.25,-35.81,24.06,356.21,-83.3,-171.35,True
52.40243,-1.569718,164.81,0.0,3,256.64,28 / 28,148310,2019-09-08 12:09:27:549,0.033,0.0284,9.8936,-0.001,-0.0007,9.8066,0.0057,-0.008,-0.0085,-4.62,-35.87,23.63,356.22,-83.3,-171.34,True
52.40243,-1.569718,164.81,0.0,3,256.64,28 / 28,148410,2019-09-08 12:09:27:649,-0.0252,-0.0679,9.8376,-0.0003,-0.0014,9.8066,-0.0033,0.0084,0.004,-5.0,-35.75,22.81,355.7,-83.29,-171.24,True
52.40243,-1.569718,164.81,0.0,3,256.64,28 / 28,148510,2019-09-08 12:09:27:749,0.1108,0.2066,9.8894,-0.0009,0.0015,9.8066,-0.0119,0.0093,0.008,-5.56,-35.19,23.75,353.61,-83.28,-171.25,True
52.40243,-1.569718,164.81,0.0,3,256.64,28 / 28,148610,2019-09-08 12:09:27:849,-0.0367,0.0426,9.7886,-0.0009,0.0021,9.8066,0.0046,0.0161,0.0075,-4.75,-35.81,23.69,356.35,-83.29,-171.23,True
52.40243,-1.569718,164.81,0.0,3,256.64,27 / 28,148710,2019-09-08 12:09:27:949,-0.0589,-0.2493,9.9926,0.0007,-0.0062,9.8066,0.0187,0.0043,0.0079,-5.06,-35.81,23.31,355.76,-83.29,-171.19,True
52.40243,-1.569718,164.81,0.0,3,256.64,27 / 28,148810,2019-09-08 12:09:28:049,-0.0437,0.1697,9.9298,0.0019,0.0002,9.8066,-0.0171,-0.0032,-0.0107,-4.94,-36.0,24.06,356.22,-83.29,-171.34,True
52.40243,-1.569718,164.81,0.0,3,256.64,27 / 28,148909,2019-09-08 12:09:28:148,-0.0124,0.0439,9.7297,-0.0009,0.0014,9.8066,-0.0047,-0.0234,-0.006,-4.81,-35.62,23.5,356.11,-83.29,-171.43,True
52.40243,-1.569718,164.81,0.0,3,256.64,27 / 28,149010,2019-09-08 12:09:28:249,-0.0715,-0.1757,9.9169,0.0009,0.0022,9.8066,0.0052,-0.0148,-0.0173,-5.19,-36.0,23.56,356.03,-83.29,-171.49,True
52.40243,-1.569718,164.81,0.0,3,256.64,27 / 28,149110,2019-09-08 12:09:28:349,0.004,-0.0309,9.9183,0.0002,-0.0022,9.8066,0.0183,-0.0281,-0.0031,-5.19,-35.81,23.5,356.02,-83.28,-171.5,True
52.40243,-1.569718,164.81,0.0,3,256.64,27 / 28,149210,2019-09-08 12:09:28:449,-0.0579,0.2094,9.8786,0.0004,-0.0021,9.8066,0.0202,0.0008,-0.0012,-5.19,-35.87,23.5,356.04,-83.26,-171.49,True
52.40243,-1.569718,164.81,0.0,3,256.64,27 / 28,149310,2019-09-08 12:09:28:549,-0.0439,-0.1212,9.9312,-0.0004,0.0017,9.8066,0.0163,0.0051,0.0159,-4.94,-36.12,23.69,356.03,-83.25,-171.49,True
52.40243,-1.569718,164.81,0.0,3,256.64,27 / 28,149410,2019-09-08 12:09:28:649,-0.0543,0.1318,9.9114,-0.0002,0.0005,9.8066,-0.005,0.0211,0.0107,-5.5,-36.06,23.94,356.08,-83.27,-171.45,True
52.40243,-1.569718,164.81,0.0,3,256.64,27 / 28,149510,2019-09-08 12:09:28:749,-0.034,0.0842,9.7717,0.0007,0.0013,9.8066,-0.0075,0.0111,0.0156,-4.81,-35.87,23.81,356.16,-83.28,-171.38,True
52.40243,-1.569718,164.81,0.0,3,256.64,27 / 28,149610,2019-09-08 12:09:28:849,-0.0473,-0.162,9.888,0.0008,-0.0007,9.8066,-0.0047,0.0009,-0.0005,-4.75,-35.56,23.38,355.44,-83.27,-171.45,True
52.40243,-1.569718,164.81,0.0,3,256.64,28 / 28,149710,2019-09-08 12:09:28:949,0.0103,0.1065,9.9276,0.0012,0.0,9.8066,-0.003,-0.0133,-0.0076,-4.69,-36.0,23.75,356.09,-83.28,-171.45,True
52.40243,-1.569718,164.81,0.0,3,256.64,28 / 28,149809,2019-09-08 12:09:29:048,-0.0845,0.0974,9.807,0.0,-0.0007,9.8066,0.0072,-0.025,-0.0055,-4.69,-35.94,24.0,355.92,-83.28,-171.58,True
52.40243,-1.569718,164.81,0.0,3,256.64,28 / 28,149910,2019-09-08 12:09:29:149,-0.0063,-0.155,9.9002,-0.0001,0.0015,9.8066,0.0087,-0.015,-0.007,-5.12,-35.5,24.0,355.99,-83.28,-171.55,True
52.40243,-1.569718,164.81,0.0,3,256.64,28 / 28,150010,2019-09-08 12:09:29:249,-0.0081,0.0441,9.915,0.0012,-0.0005,9.8066,-0.0001,0.0066,0.0085,-4.87,-36.37,23.56,355.9,-83.27,-171.6,True
52.40243,-1.569718,164.81,0.0,3,256.64,28 / 28,150110,2019-09-08 12:09:29:349,-0.0687,0.089,9.8483,0.0,0.0007,9.8066,-0.006,0.0069,0.013,-4.75,-35.56,23.31,355.44,-83.27,-171.45,True
52.40243,-1.569718,164.81,0.0,3,256.64,28 / 28,150209,2019-09-08 12:09:29:448,0.011,-0.0932,9.8491,-0.0008,-0.0003,9.8066,0.0087,0.0116,0.0162,-5.37,-35.75,23.5,356.16,-83.28,-171.39,True
52.40243,-1.569718,164.81,0.0,3,256.64,28 / 28,150310,2019-09-08 12:09:29:549,0.0297,0.0835,9.9931,0.0012,-0.0009,9.8066,-0.0034,0.0023,-0.0001,-4.81,-35.12,23.56,356.26,-83.28,-171.32,True
52.40243,-1.569718,164.81,0.0,3,256.64,28 / 28,150411,2019-09-08 12:09:29:650,-0.0633,0.1929,9.9483,0.0001,-0.002,9.8066,-0.0121,-0.0088,-0.0098,-5.06,-36.37,23.81,356.19,-83.27,-171.36,True
52.40243,-1.569718,164.81,0.0,3,256.64,28 / 28,150510,2019-09-08 12:09:29:749,0.0032,0.0947,9.8131,-0.0005,0.0015,9.8066,-0.0159,-0.0166,-0.0156,-5.0,-35.44,23.13,355.53,-83.29,-171.4,True
52.40243,-1.569718,164.81,0.0,3,256.64,28 / 28,150610,2019-09-08 12:09:29:849,0.0634,-0.0753,9.8966,-0.0011,0.0022,9.8066,0.0139,-0.0241,-0.0067,-5.0,-35.75,23.31,355.52,-83.28,-171.38,True
52.40243,-1.569718,164.81,0.0,3,256.64,29 / 29,150710,2019-09-08 12:09:29:949,-0.0561,0.0639,9.9738,0.0008,-0.0017,9.8066,0.0027,-0.0103,-0.0095,-5.12,-36.19,23.44,355.53,-83.28,-171.38,True
52.40243,-1.569718,164.81,0.0,3,256.64,29 / 29,150810,2019-09-08 12:09:30:049,0.0257,0.2986,9.8662,0.0,-0.0023,9.8066,0.0199,-0.0076,0.0118,-5.25,-36.37,23.63,356.13,-83.25,-171.4,True
52.40243,-1.569718,164.81,0.0,3,256.64,29 / 29,150910,2019-09-08 12:09:30:149,0.0323,-0.1758,9.8349,0.0,0.0002,9.8066,0.0121,0.0117,0.012,-5.19,-36.5,23.75,356.21,-83.26,-171.34,True
52.40243,-1.569718,164.81,0.0,3,256.64,29 / 29,151010,2019-09-08 12:09:30:249,-0.089,-0.0412,9.9235,0.0001,0.0001,9.8066,-0.0111,0.0108,0.0217,-4.06,-35.87,23.75,359.02,-83.26,-171.34,True
52.40243,-1.569718,164.81,0.0,3,256.64,29 / 29,151110,2019-09-08 12:09:30:349,0.114,0.2011,9.9044,0.0005,0.0005,9.8066,-0.0137,0.0206,0.0043,-4.87,-35.87,23.81,356.03,-83.28,-171.49,True
52.40243,-1.569718,164.81,0.0,3,256.64,29 / 29,151210,2019-09-08 12:09:30:449,0.012,-0.0777,9.7654,-0.0008,0.0019,9.8066,-0.0054,-0.0028,-0.0004,-4.5,-36.31,23.88,358.93,-83.28,-171.42,True
52.40243,-1.569718,164.81,0.0,3,256.64,29 / 29,151310,2019-09-08 12:09:30:549,0.027,-0.1372,9.8381,0.0012,-0.0014,9.8066,-0.0047,-0.0172,-0.0154,-4.87,-36.19,23.88,356.01,-83.29,-171.51,True
52.40243,-1.569718,164.81,0.0,3,256.64,29 / 29,151410,2019-09-08 12:09:30:649,0.0301,0.1133,9.9361,0.001,-0.0012,9.8066,-0.0083,-0.0154,-0.0149,-4.62,-36.0,23.25,355.27,-83.29,-171.59,True
52.40243,-1.569718,164.81,0.0,3,256.64,29 / 29,151510,2019-09-08 12:09:30:749,0.0068,0.0238,9.8133,-0.001,-0.0006,9.8066,0.0107,-0.0176,-0.0106,-5.37,-36.19,23.88,355.92,-83.29,-171.59,True
52.40243,-1.569718,164.81,0.0,3,256.64,29 / 29,151610,2019-09-08 12:09:30:849,0.0497,-0.024,9.8064,-0.0007,0.0018,9.8066,0.0035,-0.0032,-0.0001,-5.44,-35.75,23.56,356.01,-83.29,-171.51,True
52.40243,-1.569718,164.81,0.0,3,256.64,28 / 28,151710,2019-09-08 12:09:30:949,0.0518,0.1914,9.9011,-0.0019,-0.002,9.8066,0.0082,0.003,0.0176,-4.94,-35.56,23.63,356.01,-83.29,-171.51,True
52.40243,-1.569718,164.81,0.0,3,256.64,28 / 28,151810,2019-09-08 12:09:31:049,0.0851,-0.0746,9.9215,0.0003,0.0014,9.8065,0.0071,-0.0174,-0.0069,-5.25,-36.0,23.56,356.09,-83.29,-171.44,True
52.40243,-1.569718,164.81,0.0,3,256.64,28 / 28,151910,2019-09-08 12:09:31:149,-0.0053,0.061,9.8812,-0.0002,-0.0008,9.8066,0.0,-0.005,-0.0086,-5.25,-36.56,23.88,356.08,-83.29,-171.43,True
52.40243,-1.569718,164.81,0.0,3,256.64,28 / 28,152009,2019-09-08 12:09:31:248,0.0191,-0.1699,9.796,0.0009,-0.0002,9.8066,0.0108,-0.0026,0.0075,-4.81,-36.06,23.63,356.07,-83.3,-171.47,True
52.40243,-1.569718,164.81,0.0,3,256.64,28 / 28,152110,2019-09-08 12:09:31:349,0.0339,-0.1051,9.9179,-0.0004,0.0021,9.8066,0.0024,0.0225,0.005,-4.5,-36.0,23.81,358.87,-83.3,-171.46,True
52.40243,-1.569718,164.81,0.0,3,256.64,28 / 28,152210,2019-09-08 12:09:31:449,-0.0268,0.0048,9.9206,0.0012,0.0027,9.8066,0.0047,0.0057,0.0199,-4.62,-36.12,23.63,355.97,-83.3,-171.54,True
52.40243,-1.569718,164.81,0.0,3,256.64,28 / 28,152310,2019-09-08 12:09:31:549,-0.0442,-0.141,9.7701,-0.0004,-0.0017,9.8066,-0.0148,0.0009,-0.0063,-4.62,-35.87,23.56,356.08,-83.31,-171.46,True
52.40243,-1.569718,164.81,0.0,3,256.64,28 / 28,152410,2019-09-08 12:09:31:649,0.0387,-0.0267,9.8943,0.0002,-0.0004,9.8066,-0.0036,-0.013,-0.0018,-4.87,-36.25,23.0,355.52,-83.3,-171.39,True
52.40243,-1.569718,164.81,0.0,3,256.64,28 / 28,152510,2019-09-08 12:09:31:749,-0.0781,-0.0489,9.9064,0.0001,-0.0012,9.8066,-0.0056,-0.0184,-0.0134,-4.81,-35.94,23.25,355.65,-83.31,-171.28,True
52.40243,-1.569718,164.81,0.0,3,256.64,28 / 28,152610,2019-09-08 12:09:31:849,-0.0522,-0.0167,9.7831,0.002,-0.0002,9.8066,0.0112,-0.0095,-0.0028,-5.12,-36.44,23.38,355.54,-83.31,-171.37,True
52.40243,-1.569718,164.81,0.0,3,256.64,28 / 28,152711,2019-09-08 12:09:31:950,0.0704,-0.0712,9.8441,-0.0001,0.0014,9.8066,0.0001,0.0066,0.0012,-4.81,-36.06,23.56,356.1,-83.31,-171.44,True
52.40243,-1.569718,164.81,0.0,3,256.64,28 / 28,152810,2019-09-08 12:09:32:049,-0.0034,-0.0138,9.952,0.0,0.0031,9.8066,0.0124,0.0076,0.0111,-4.56,-36.06,23.44,355.34,-83.33,-171.54,True
52.40243,-1.569718,164.81,0.0,3,256.64,28 / 28,152910,2019-09-08 12:09:32:149,-0.1018,-0.05,9.7786,-0.0007,-0.0016,9.8066,-0.0152,0.0175,-0.001,-4.37,-35.69,23.44,358.33,-83.31,-171.49,True
52.40243,-1.569718,164.81,0.0,3,256.64,28 / 28,153010,2019-09-08 12:09:32:249,0.0378,-0.1227,9.7538,0.0008,-0.0004,9.8066,-0.0071,-0.001,0.0021,-4.5,-36.37,23.5,358.76,-83.31,-171.55,True
52.40243,-1.569718,164.81,0.0,3,256.64,28 / 28,153111,2019-09-08 12:09:32:350,-0.0625,-0.0531,9.9438,-0.0011,0.0018,9.8066,-0.0038,-0.0093,-0.0123,-4.75,-35.75,22.75,355.38,-83.31,-171.5,True
52.40243,-1.569718,164.81,0.0,3,256.64,28 / 28,153210,2019-09-08 12:09:32:449,-0.0524,0.1138,9.8973,0.0001,-0.001,9.8066,-0.0104,-0.0166,-0.006,-5.19,-35.87,23.94,356.03,-83.31,-171.5,True
52.40243,-1.569718,164.81,0.0,3,256.64,28 / 28,153310,2019-09-08 12:09:32:549,-0.0834,0.063,9.7925,-0.0002,0.0037,9.8066,0.0166,-0.0208,-0.0069,-4.5,-35.75,23.81,359.0,-83.32,-171.36,True
52.40243,-1.569718,164.81,0.0,3,256.64,28 / 28,153410,2019-09-08 12:09:32:649,-0.0597,-0.2352,9.8813,-0.0007,0.0013,9.8066,0.0127,-0.009,-0.0006,-5.19,-36.06,24.13,356.17,-83.35,-171.39,True
52.40243,-1.569718,164.81,0.0,3,256.64,28 / 28,153510,2019-09-08 12:09:32:749,0.0351,0.0895,9.9643,0.0024,-0.0021,9.8065,0.0083,0.0014,0.0113,-5.06,-35.37,23.69,356.2,-83.35,-171.38,True
52.40243,-1.569718,164.81,0.0,3,256.64,28 / 28,153610,2019-09-08 12:09:32:849,-0.0696,0.0882,9.8419,0.0009,-0.0038,9.8066,-0.0047,0.0146,0.0132,-5.12,-35.5,23.75,356.0,-83.34,-171.55,True
52.40243,-1.569718,164.81,0.0,3,256.64,28 / 28,153710,2019-09-08 12:09:32:949,-0.062,-0.1337,9.8655,0.0005,0.0025,9.8066,0.0083,0.0112,0.0167,-4.81,-36.37,23.81,356.03,-83.34,-171.5,True
52.40243,-1.569718,164.81,0.0,3,256.64,28 / 28,153812,2019-09-08 12:09:33:051,-0.0022,0.0384,9.9108,-0.0006,0.0008,9.8066,0.0013,-0.0047,0.0019,-4.87,-35.69,23.56,356.06,-83.36,-171.47,True
52.40243,-1.569718,164.81,0.0,3,256.64,28 / 28,153910,2019-09-08 12:09:33:149,-0.0195,0.0344,9.8433,0.0008,0.0006,9.8066,0.0032,-0.0153,-0.0048,-4.56,-35.87,23.44,355.38,-83.35,-171.51,True
52.40243,-1.569718,164.81,0.0,3,256.64,28 / 28,154010,2019-09-08 12:09:33:249,-0.0064,-0.0629,9.8394,-0.001,0.0012,9.8066,0.0071,-0.0108,-0.0076,-4.5,-36.19,24.0,358.82,-83.35,-171.51,True
52.40243,-1.569718,164.81,0.0,3,256.64,28 / 28,154110,2019-09-08 12:09:33:349,-0.0147,0.1115,9.9864,0.0009,-0.0003,9.8066,0.0153,-0.0148,0.0026,-5.0,-35.94,23.81,356.02,-83.36,-171.51,True
52.40243,-1.569718,164.81,0.0,3,256.64,28 / 28,154210,2019-09-08 12:09:33:449,-0.0817,0.1145,9.8701,0.0006,-0.0011,9.8066,-0.0022,0.0066,0.0055,-5.12,-36.12,23.5,355.94,-83.35,-171.58,True
52.40243,-1.569718,164.81,0.0,3,256.64,28 / 28,154310,2019-09-08 12:09:33:549,0.0585,0.0738,9.8129,0.0008,0.0027,9.8066,0.0195,0.0062,0.0163,-5.12,-36.81,23.75,355.82,-83.35,-171.65,True
52.40243,-1.569718,164.81,0.0,3,256.64,28 / 28,154410,2019-09-08 12:09:33:649,-0.0219,0.0525,9.932,-0.0005,0.0017,9.8066,0.0011,0.0066,0.0077,-5.19,-35.56,23.25,355.12,-83.35,-171.72,True
52.40243,-1.569718,164.81,0.0,3,256.64,28 / 28,154510,2019-09-08 12:09:33:749,0.0913,0.0001,9.9068,0.0011,-0.0027,9.8066,0.0046,-0.016,0.004,-4.56,-35.62,24.0,355.83,-83.36,-171.66,True
52.40243,-1.569718,164.81,0.0,3,256.64,28 / 28,154610,2019-09-08 12:09:33:849,0.0329,0.178,9.8126,0.0003,-0.0005,9.8066,-0.0121,-0.0071,-0.0135,-4.5,-36.19,23.63,358.55,-83.34,-171.73,True
52.40243,-1.569718,164.81,0.0,3,256.64,26 / 26,154710,2019-09-08 12:09:33:949,0.013,-0.062,9.8576,0.0009,0.0006,9.8066,0.0072,-0.0099,-0.0044,-5.06,-36.19,23.94,355.78,-83.36,-171.71,True
52.40243,-1.569718,164.81,0.0,3,256.64,26 / 26,154809,2019-09-08 12:09:34:048,-0.0779,0.1343,10.0199,-0.0001,-0.0037,9.8066,0.0015,-0.0037,-0.0035,-5.0,-35.94,23.31,355.11,-83.34,-171.73,True
52.40243,-1.569718,164.81,0.0,3,256.64,26 / 26,154910,2019-09-08 12:09:34:149,0.0424,0.1385,9.775,0.0,0.0005,9.8066,0.0017,0.0052,0.0207,-4.81,-36.12,23.75,355.66,-83.37,-171.81,True
52.40243,-1.569718,164.81,0.0,3,256.64,26 / 26,155010,2019-09-08 12:09:34:249,0.1069,-0.2203,9.8332,0.0004,-0.0024,9.8066,-0.0043,0.0187,0.0057,-4.56,-35.94,24.06,355.67,-83.35,-171.8,True
52.40243,-1.569718,164.81,0.0,3,256.64,26 / 26,155110,2019-09-08 12:09:34:349,-0.0322,0.0762,10.0006,0.0,0.0001,9.8066,-0.013,0.0121,0.0124,-5.0,-36.12,23.94,355.5,-83.35,-171.94,True
52.40243,-1.569718,164.81,0.0,3,256.64,26 / 26,155210,2019-09-08 12:09:34:449,0.0756,0.158,9.8498,-0.0002,0.0001,9.8066,-0.015,0.0058,-0.0058,-5.06,-35.81,24.31,355.56,-83.35,-171.89,True
52.40243,-1.569718,164.81,0.0,3,256.64,26 / 26,155310,2019-09-08 12:09:34:549,0.0287,-0.2456,9.7061,-0.0002,-0.0011,9.8066,-0.0113,-0.0134,-0.0123,-5.31,-36.25,24.06,355.61,-83.34,-171.84,True
52.40243,-1.569718,164.81,0.0,3,256.64,26 / 26,155410,2019-09-08 12:09:34:649,0.0427,-0.2268,9.7912,-0.0011,-0.0013,9.8066,-0.0037,-0.0179,-0.0131,-4.81,-35.87,23.94,355.69,-83.32,-171.77,True
52.40243,-1.569718,164.81,0.0,3,256.64,26 / 26,155510,2019-09-08 12:09:34:749,0.103,0.1553,9.9129,0.0001,0.0016,9.8066,-0.0075,-0.0193,-0.019,-4.69,-36.06,23.56,355.72,-83.33,-171.76,True
52.40243,-1.569718,164.81,0.0,3,256.64,26 / 26,155610,2019-09-08 12:09:34:849,-0.0489,0.1489,9.8173,0.0001,0.0022,9.8066,0.0035,-0.0183,-0.0095,-5.44,-36.5,23.5,355.74,-83.35,-171.74,True
52.40243,-1.569718,164.81,0.0,3,256.64,27 / 28,155710,2019-09-08 12:09:34:949,0.0568,-0.05,9.8069,-0.0004,-0.002,9.8066,-0.0004,-0.0055,-0.004,-5.37,-35.87,23.81,355.65,-83.35,-171.81,True
52.40243,-1.569718,164.81,0.0,3,256.64,27 / 28,155810,2019-09-08 12:09:35:049,0.0278,-0.0011,9.9401,0.0018,-0.0009,9.8066,0.002,0.0104,0.0139,-5.19,-36.06,23.88,355.48,-83.34,-171.95,True
52.40243,-1.569718,164.81,0.0,3,256.64,27 / 28,155909,2019-09-08 12:09:35:148,-0.0147,0.1042,9.7687,-0.0009,0.0024,9.8066,0.0047,0.0134,0.0109,-4.75,-36.0,23.69,355.52,-83.36,-171.92,True
52.40243,-1.569718,164.81,0.0,3,256.64,27 / 28,156009,2019-09-08 12:09:35:248,0.0811,-0.0448,9.7911,0.0003,0.0018,9.8066,0.0063,0.0085,0.0108,-5.19,-36.06,23.44,354.85,-83.35,-171.94,True
52.40243,-1.569718,164.81,0.0,3,256.64,27 / 28,156110,2019-09-08 12:09:35:349,-0.0011,-0.121,9.8767,-0.001,-0.001,9.8066,-0.0141,-0.0038,-0.0115,-5.0,-36.5,23.75,355.48,-83.34,-171.96,True
52.40243,-1.569718,164.81,0.0,3,256.64,27 / 28,156210,2019-09-08 12:09:35:449,-0.0671,0.136,9.8584,0.0003,0.0007,9.8066,-0.0062,-0.0124,-0.0061,-4.87,-35.94,23.88,355.58,-83.34,-171.87,True
52.40243,-1.569718,164.81,0.0,3,256.64,27 / 28,156310,2019-09-08 12:09:35:549,0.0234,0.0417,9.8373,-0.0011,-0.0005,9.8066,0.0042,-0.0137,-0.0172,-5.12,-35.94,24.0,355.67,-83.34,-171.79,True
52.40243,-1.569718,164.81,0.0,3,256.64,27 / 28,156410,2019-09-08 12:09:35:649,-0.0086,-0.0213,9.8902,0.0021,0.0009,9.8066,0.008,-0.0127,0.0026,-5.25,-36.06,23.94,355.52,-83.34,-171.92,True
52.40243,-1.569718,164.81,0.0,3,256.64,27 / 28,156510,2019-09-08 12:09:35:749,-0.0497,0.0468,9.8743,-0.0002,0.0001,9.8066,-0.0004,0.0117,0.0092,-5.06,-36.31,23.81,355.49,-83.34,-171.95,True
52.40243,-1.569718,164.81,0.0,3,256.64,27 / 28,156610,2019-09-08 12:09:35:849,-0.0067,-0.0109,9.798,0.0005,-0.0005,9.8066,0.0045,0.0074,0.0157,-4.5,-36.19,24.0,358.31,-83.34,-171.93,True
52.40243,-1.569718,164.81,0.0,3,256.64,28 / 28,156712,2019-09-08 12:09:35:951,-0.0624,-0.1777,9.7947,0.0,-0.0017,9.8066,-0.0203,0.0093,-0.002,-5.25,-35.69,23.75,355.55,-83.33,-171.89,True
52.40243,-1.569718,164.81,0.0,3,256.64,28 / 28,156810,2019-09-08 12:09:36:049,-0.0361,0.1506,9.9347,0.0005,-0.0003,9.8066,-0.0111,-0.0114,0.004,-4.56,-35.81,23.81,355.5,-83.32,-171.93,True
52.40243,-1.569718,164.81,0.0,3,256.64,28 / 28,156909,2019-09-08 12:09:36:148,0.0321,0.0387,9.8776,-0.0008,0.0002,9.8066,0.0029,-0.0164,-0.0169,-4.94,-36.0,23.81,355.65,-83.31,-171.81,True
52.40243,-1.569718,164.81,0.0,3,256.64,28 / 28,157010,2019-09-08 12:09:36:249,-0.0417,-0.147,9.8138,0.0011,-0.0001,9.8066,0.0127,-0.0256,-0.0026,-4.62,-35.69,23.56,355.62,-83.32,-171.84,True
52.40243,-1.569718,164.81,0.0,3,256.64,28 / 28,157110,2019-09-08 12:09:36:349,-0.1511,0.0974,9.9454,-0.0011,0.0017,9.8066,0.0094,0.0009,-0.0079,-4.5,-36.62,23.63,358.52,-83.33,-171.74,True
52.40243,-1.569718,164.81,0.0,3,256.64,28 / 28,157210,2019-09-08 12:09:36:449,-0.0451,-0.0484,9.9414,0.001,0.0026,9.8066,0.0085,-0.0029,0.0101,-4.5,-35.94,23.56,358.43,-83.33,-171.82,True
52.40243,-1.569718,164.81,0.0,3,256.64,28 / 28,157310,2019-09-08 12:09:36:549,0.0069,-0.0528,9.8112,0.0018,-0.0009,9.8066,0.0146,0.0083,0.0186,-5.44,-36.44,24.0,355.56,-83.33,-171.88,True
52.40243,-1.569718,164.81,0.0,3,256.64,28 / 28,157410,2019-09-08 12:09:36:649,-0.0416,-0.0173,9.9628,0.0012,-0.0029,9.8066,-0.0021,0.0063,0.0124,-4.62,-35.87,23.5,355.37,-83.31,-172.04,True
52.40243,-1.569718,164.81,0.0,3,256.64,28 / 28,157510,2019-09-08 12:09:36:749,-0.052,-0.0505,9.9054,-0.001,0.0029,9.8066,0.0089,0.0092,0.0035,-4.56,-36.0,23.31,354.74,-83.29,-172.02,True
52.40243,-1.569718,164.81,0.0,3,256.64,28 / 28,157610,2019-09-08 12:09:36:849,-0.0475,-0.0198,9.8111,-0.0007,0.0014,9.8066,0.0076,-0.0128,-0.0012,-4.62,-35.69,23.94,355.51,-83.31,-171.93,True
52.40243,-1.569718,164.81,0.0,3,256.64,28 / 28,157710,2019-09-08 12:09:36:949,-0.0149,0.0068,9.9195,0.0001,0.0004,9.8066,0.01,-0.0135,-0.0058,-5.12,-36.37,23.25,354.91,-83.31,-171.89,True
52.40243,-1.569718,164.81,0.0,3,256.64,29 / 29,157810,2019-09-08 12:09:37:049,-0.056,-0.0285,9.9024,0.0004,0.0002,9.8066,0.002,-0.0082,0.0033,-5.06,-36.0,23.94,355.44,-83.31,-171.98,True
52.40243,-1.569718,164.81,0.0,3,256.64,29 / 29,157910,2019-09-08 12:09:37:149,-0.0143,-0.1317,9.7436,-0.0002,-0.0005,9.8066,-0.0025,0.009,0.01,-5.0,-36.0,23.44,354.73,-83.3,-172.03,True
52.40243,-1.569718,164.81,0.0,3,256.64,29 / 29,158010,2019-09-08 12:09:37:249,-0.0076,0.0998,9.966,-0.0003,-0.0013,9.8066,-0.0049,0.0122,0.006,-5.19,-36.06,23.44,354.79,-83.3,-171.98,True
52.40243,-1.569718,164.81,0.0,3,256.64,29 / 29,158110,2019-09-08 12:09:37:349,-0.0175,-0.0139,9.8789,-0.0006,-0.0002,9.8066,0.0044,-0.0087,-0.0038,-4.56,-35.69,23.25,354.87,-83.31,-171.92,True
52.40243,-1.569718,164.81,0.0,3,256.64,29 / 29,158210,2019-09-08 12:09:37:449,-0.0545,-0.1116,9.7396,-0.0002,-0.0014,9.8066,0.0056,-0.0132,-0.0019,-4.37,-36.12,23.19,357.88,-83.31,-171.86,True
52.40243,-1.569718,164.81,0.0,3,256.64,29 / 29,158310,2019-09-08 12:09:37:549,-0.0805,0.1644,9.9424,-0.0013,0.0032,9.8066,0.0211,-0.004,0.0004,-4.94,-36.81,23.5,355.65,-83.32,-171.79,True
52.40243,-1.569718,164.81,0.0,3,256.64,29 / 29,158410,2019-09-08 12:09:37:649,-0.0109,0.0341,9.9013,0.0012,0.0005,9.8066,0.0113,0.0006,0.0126,-4.31,-35.69,23.56,358.35,-83.31,-171.89,True
52.40243,-1.569718,164.81,0.0,3,256.64,29 / 29,158510,2019-09-08 12:09:37:749,-0.042,-0.0903,9.8039,0.0001,-0.0009,9.8066,-0.0074,0.0155,0.0117,-4.56,-35.94,23.06,354.91,-83.31,-171.89,True
52.40243,-1.569718,164.81,0.0,3,256.64,29 / 29,158610,2019-09-08 12:09:37:849,-0.0369,0.0478,9.9157,0.0005,-0.0022,9.8066,-0.0162,0.0056,0.0105,-4.44,-36.31,23.75,358.34,-83.3,-171.9,True
52.40243,-1.569718,164.81,0.0,3,256.64,27 / 27,158710,2019-09-08 12:09:37:949,-0.0498,0.0086,9.9727,0.0,0.0012,9.8066,-0.001,-0.0091,-0.0033,-4.75,-36.06,24.31,355.69,-83.3,-171.78,True
52.40243,-1.569718,164.81,0.0,3,256.64,27 / 27,158810,2019-09-08 12:09:38:049,-0.0254,-0.0547,9.7837,0.0005,-0.0008,9.8066,0.0058,-0.022,-0.0037,-4.25,-36.12,23.63,358.45,-83.31,-171.81,True
52.40243,-1.569718,164.81,0.0,3,256.64,27 / 27,158909,2019-09-08 12:09:38:148,-0.0463,0.0298,9.9241,0.0014,0.0017,9.8066,0.012,-0.0136,-0.0118,-5.0,-36.44,23.88,355.78,-83.3,-171.7,True
52.40243,-1.569718,164.81,0.0,3,256.64,27 / 27,159010,2019-09-08 12:09:38:249,0.071,0.2428,9.9545,0.0001,-0.0005,9.8065,0.0066,-0.0217,-0.0011,-4.5,-36.25,23.75,358.48,-83.31,-171.78,True
52.40243,-1.569718,164.81,0.0,3,256.64,27 / 27,159110,2019-09-08 12:09:38:349,-0.0526,0.1742,9.8504,0.0003,0.001,9.8066,0.0156,0.0005,0.0098,-4.69,-36.44,23.88,355.71,-83.31,-171.76,True
52.40243,-1.569718,164.81,0.0,3,256.64,27 / 27,159210,2019-09-08 12:09:38:449,-0.0116,-0.1335,9.8086,0.0011,-0.0012,9.8065,-0.0023,0.0108,0.0154,-5.31,-36.19,22.94,354.92,-83.3,-171.88,True
52.40243,-1.569718,164.81,0.0,3,256.64,27 / 27,159310,2019-09-08 12:09:38:549,0.0036,-0.1222,9.9172,0.002,0.0006,9.8066,0.0137,0.0081,0.0183,-4.56,-36.31,23.69,355.35,-83.31,-172.05,True
52.40243,-1.569718,164.81,0.0,3,256.64,27 / 27,159410,2019-09-08 12:09:38:649,0.0296,0.1551,9.9624,-0.0013,-0.0019,9.8066,-0.0036,0.0133,0.001,-4.62,-36.25,23.56,355.43,-83.28,-171.99,True
52.40243,-1.569718,164.81,0.0,3,256.64,27 / 27,159510,2019-09-08 12:09:38:749,0.0629,0.039,9.7794,-0.0005,0.0017,9.8066,0.0015,-0.0086,0.0048,-4.81,-35.87,23.88,355.4,-83.28,-172.01,True
52.40243,-1.569718,164.81,0.0,3,256.64,27 / 27,159610,2019-09-08 12:09:38:849,0.0044,-0.0831,9.9394,-0.0012,-0.0001,9.8066,-0.0132,-0.0129,-0.0116,-4.69,-35.81,23.31,354.87,-83.28,-171.92,True
52.40243,-1.569718,164.81,0.0,3,256.64,29 / 29,159710,2019-09-08 12:09:38:949,0.0114,0.1065,9.9923,0.0011,-0.0003,9.8065,0.0095,-0.0289,-0.0057,-5.25,-35.94,24.0,355.56,-83.29,-171.88,True
52.40243,-1.569718,164.81,0.0,3,256.64,29 / 29,159810,2019-09-08 12:09:39:049,0.0689,-0.0796,9.7538,-0.0003,-0.0014,9.8066,0.0065,-0.0129,-0.0148,-5.19,-36.19,23.69,355.52,-83.29,-171.91,True
52.40243,-1.569718,164.81,0.0,3,256.64,29 / 29,159910,2019-09-08 12:09:39:149,-0.013,0.0601,9.8611,0.0012,0.0024,9.8066,0.0051,-0.0101,0.0113,-4.44,-35.81,23.81,358.16,-83.31,-172.05,True
52.40243,-1.569718,164.81,0.0,3,256.64,29 / 29,160010,2019-09-08 12:09:39:249,0.0609,0.055,9.8856,0.0001,0.003,9.8066,0.0013,0.0123,0.0024,-4.69,-35.31,24.31,355.42,-83.32,-172.02,True
52.40243,-1.569718,164.81,0.0,3,256.64,29 / 29,160110,2019-09-08 12:09:39:349,0.0294,-0.0749,9.8264,-0.0005,-0.0041,9.8065,-0.0085,0.0078,0.0143,-4.81,-36.19,24.06,355.29,-83.33,-172.11,False
52.40243,-1.569718,164.81,0.0,3,256.64,29 / 29,160210,2019-09-08 12:09:39:449,0.0151,0.0855,9.7936,-0.0003,-0.0014,9.8066,-0.0161,0.0017,-0.0018,-5.31,-36.06,23.75,355.45,-83.3,-171.97,False
52.40243,-1.569718,164.81,0.0,3,256.64,29 / 29,160310,2019-09-08 12:09:39:549,0.0349,0.0275,9.94,0.0002,0.0003,9.8066,0.0015,-0.0087,-0.0049,-4.5,-36.06,23.19,357.72,-83.31,-171.99,False
52.40243,-1.569718,164.81,0.0,3,256.64,29 / 29,160410,2019-09-08 12:09:39:649,0.0946,-0.0477,9.8157,-0.0023,0.0009,9.8066,0.0136,-0.0131,-0.0103,-4.37,-35.87,23.75,358.38,-83.31,-171.86,False
52.40243,-1.569718,164.81,0.0,3,256.64,29 / 29,160510,2019-09-08 12:09:39:749,-0.0368,0.0499,9.7849,-0.0005,0.0006,9.8066,0.0052,-0.0149,-0.0047,-5.0,-36.0,23.69,355.66,-83.31,-171.8,False
52.40243,-1.569718,164.81,0.0,3,256.64,29 / 29,160610,2019-09-08 12:09:39:849,0.1058,-0.0613,9.9106,-0.0004,0.0019,9.8066,0.0129,0.0034,-0.0021,-4.69,-35.81,24.5,356.21,-83.32,-171.83,False
52.40243,-1.569718,164.81,0.0,3,256.64,26 / 26,160710,2019-09-08 12:09:39:949,0.055,-0.0015,9.8644,0.0008,-0.0027,9.8066,-0.0076,0.0103,0.0109,-5.25,-36.0,23.69,355.45,-83.32,-171.98,False
52.40243,-1.569718,164.81,0.0,3,256.64,26 / 26,160810,2019-09-08 12:09:40:049,0.0307,0.0954,9.7936,-0.0002,-0.0023,9.8066,-0.0094,0.013,0.0129,-4.62,-36.0,23.81,355.46,-83.29,-171.96,False
52.40243,-1.569718,164.81,0.0,3,256.64,26 / 26,160910,2019-09-08 12:09:40:149,0.0188,-0.1352,9.8837,-0.0013,-0.0005,9.8066,-0.0056,0.0001,-0.0058,-4.94,-36.0,23.56,355.5,-83.29,-171.93,False
52.40243,-1.569718,164.81,0.0,3,256.64,26 / 26,161010,2019-09-08 12:09:40:249,-0.0182,0.038,9.9296,0.0003,0.0001,9.8066,-0.0053,-0.0022,-0.0105,-4.81,-36.19,23.56,355.55,-83.29,-171.89,False
52.40243,-1.569718,164.81,0.0,3,256.64,26 / 26,161110,2019-09-08 12:09:40:349,0.0812,0.2305,9.86,-0.0008,0.0004,9.8066,-0.0054,-0.0108,-0.0174,-4.12,-35.94,23.69,358.31,-83.29,-171.93,False
52.40243,-1.569718,164.81,0.0,3,256.64,26 / 26,161210,2019-09-08 12:09:40:449,-0.0069,-0.1257,9.7929,-0.0004,0.0015,9.8066,0.0057,-0.019,-0.0085,-4.25,-36.06,22.94,357.84,-83.29,-171.89,False
52.40243,-1.569718,164.81,0.0,3,256.64,26 / 26,161310,2019-09-08 12:09:40:549,-0.1115,-0.0809,9.9394,-0.0002,-0.0023,9.8066,0.0059,-0.0112,-0.0073,-4.69,-36.0,23.38,354.89,-83.31,-171.9,False
52.40243,-1.569718,164.81,0.0,3,256.64,26 / 26,161410,2019-09-08 12:09:40:649,0.0088,0.0503,9.8358,0.0024,-0.0012,9.8066,0.0125,0.0025,0.0087,-4.94,-35.37,23.56,355.4,-83.29,-172.04,False
52.40243,-1.569718,164.81,0.0,3,256.64,26 / 26,161510,2019-09-08 12:09:40:749,0.0292,-0.0443,9.7203,-0.0003,0.0005,9.8066,0.0018,0.019,0.0119,-5.06,-36.37,23.94,355.34,-83.29,-172.06,False
52.40243,-1.569718,164.81,0.0,3,256.64,26 / 26,161610,2019-09-08 12:09:40:849,0.0029,-0.0318,9.9171,0.0003,0.0016,9.8066,0.0142,0.0171,0.019,-4.56,-36.31,23.5,355.29,-83.29,-172.1,False
52.40243,-1.569718,164.81,0.0,3,256.64,27 / 27,161710,2019-09-08 12:09:40:949,-0.0108,-0.2562,9.8218,-0.0009,-0.0015,9.8066,-0.0216,0.0088,-0.0044,-5.06,-36.0,23.44,354.75,-83.27,-172.01,False
52.40243,-1.569718,164.81,0.0,3,256.64,27 / 27,161809,2019-09-08 12:09:41:048,-0.0932,0.1572,9.9077,0.0007,-0.0012,9.8066,-0.0156,-0.0048,0.0004,-4.75,-35.37,23.38,354.8,-83.27,-171.99,False
52.40243,-1.569718,164.81,0.0,3,256.64,27 / 27,161910,2019-09-08 12:09:41:149,0.0638,-0.0093,9.8814,-0.0007,0.0003,9.8066,0.01,-0.0163,-0.0166,-4.87,-36.0,23.63,355.48,-83.26,-171.94,False
52.40243,-1.569718,164.81,0.0,3,256.64,27 / 27,162010,2019-09-08 12:09:41:249,-0.0509,-0.156,9.808,0.0016,0.0008,9.8066,0.0101,-0.0257,0.0012,-5.0,-36.87,23.56,355.38,-83.28,-172.01,False
52.40243,-1.569718,164.81,0.0,3,256.64,27 / 27,162110,2019-09-08 12:09:41:349,-0.1321,0.1735,9.9127,-0.0004,0.0031,9.8066,0.0136,0.0049,-0.0114,-5.12,-36.44,23.75,355.43,-83.26,-171.98,False
52.40243,-1.569718,164.81,0.0,3,256.64,27 / 27,162210,2019-09-08 12:09:41:449,-0.0018,0.0107,9.8981,0.0017,0.0026,9.8066,0.01,-0.0001,0.0175,-4.31,-36.12,23.69,357.96,-83.28,-172.21,False
52.40243,-1.569718,164.81,0.0,3,256.64,27 / 27,162310,2019-09-08 12:09:41:549,-0.0371,-0.0582,9.8077,0.0011,-0.0032,9.8066,-0.013,0.012,0.0145,-5.12,-35.94,23.19,354.54,-83.26,-172.18,False
52.40243,-1.569718,164.81,0.0,3,256.64,27 / 27,162410,2019-09-08 12:09:41:649,-0.0444,0.1391,9.9368,0.0006,-0.0024,9.8066,-0.0225,0.0149,0.0068,-4.69,-36.31,23.88,355.2,-83.27,-172.17,False
52.40243,-1.569718,164.81,0.0,3,256.64,27 / 27,162510,2019-09-08 12:09:41:749,-0.045,-0.0319,9.9704,-0.0008,0.0012,9.8066,0.0048,0.0029,-0.0054,-4.87,-35.94,24.0,355.33,-83.26,-172.07,False
52.40243,-1.569718,164.81,0.0,3,256.64,27 / 27,162610,2019-09-08 12:09:41:849,-0.042,0.033,9.8282,-0.0001,0.0005,9.8066,-0.0002,-0.0167,-0.0075,-4.62,-35.37,23.56,355.37,-83.27,-172.06,False
52.40243,-1.569718,164.81,0.0,3,256.64,27 / 27,162710,2019-09-08 12:09:41:949,-0.0226,-0.0576,9.8727,0.0,0.0012,9.8066,0.0107,-0.0199,-0.0145,-4.81,-36.37,23.75,355.41,-83.27,-172.0,False
52.40243,-1.569718,164.81,0.0,3,256.64,28 / 28,162811,2019-09-08 12:09:42:050,-0.1382,-0.0819,9.9621,-0.0009,0.0012,9.8066,0.0089,-0.0203,-0.0047,-4.56,-35.62,23.56,355.37,-83.27,-172.04,False
52.40243,-1.569718,164.81,0.0,3,256.64,28 / 28,162910,2019-09-08 12:09:42:149,-0.0011,0.122,9.8961,0.0022,0.0003,9.8066,0.0134,-0.0074,0.0095,-4.81,-36.31,23.63,355.46,-83.27,-171.96,False
52.40243,-1.569718,164.81,0.0,3,256.64,28 / 28,163010,2019-09-08 12:09:42:249,0.0226,-0.1078,9.7741,0.0009,-0.0033,9.8066,-0.0017,0.0115,0.0079,-4.87,-36.62,23.75,355.25,-83.27,-172.11,False
52.40243,-1.569718,164.81,0.0,3,256.64,28 / 28,163110,2019-09-08 12:09:42:349,-0.0063,-0.2221,9.879,-0.0003,0.0019,9.8066,0.0196,0.0125,0.0213,-5.06,-36.06,23.25,354.52,-83.27,-172.2,False
52.40243,-1.569718,164.81,0.0,3,256.64,28 / 28,163210,2019-09-08 12:09:42:449,-0.0339,0.2143,10.0336,-0.0004,0.0014,9.8066,0.0003,0.0155,0.0141,-5.25,-36.06,23.69,355.19,-83.27,-172.18,False
52.40243,-1.569718,164.81,0.0,3,256.64,28 / 28,163310,2019-09-08 12:09:42:549,0.0356,-0.0003,9.7761,-0.0003,-0.0016,9.8066,-0.0189,0.0021,0.0078,-4.94,-36.37,23.69,355.36,-83.26,-172.04,False
52.40243,-1.569718,164.81,0.0,3,256.64,28 / 28,163410,2019-09-08 12:09:42:649,-0.0474,-0.0898,9.8001,-0.0022,-0.0007,9.8066,-0.0199,-0.0049,-0.0148,-4.25,-36.0,23.94,358.34,-83.26,-171.9,False
52.40243,-1.569718,164.81,0.0,3,256.64,28 / 28,163510,2019-09-08 12:09:42:749,0.0492,0.0586,10.0011,0.0004,-0.0006,9.8066,-0.0038,-0.0213,-0.0127,-4.69,-35.37,23.56,355.61,-83.26,-171.86,False
52.40243,-1.569718,164.81,0.0,3,256.64,28 / 28,163610,2019-09-08 12:09:42:849,0.0254,0.1177,9.8879,0.001,-0.0023,9.8066,-0.0049,-0.0153,-0.016,-4.62,-36.31,23.94,355.55,-83.25,-171.88,False
52.40243,-1.569718,164.81,0.0,3,256.64,28 / 28,163710,2019-09-08 12:09:42:949,0.0494,0.1444,9.8069,0.0001,0.0012,9.8066,0.0045,-0.0134,-0.005,-4.19,-36.19,23.75,358.37,-83.26,-171.87,False
52.40243,-1.569718,164.81,0.0,3,256.64,28 / 28,163810,2019-09-08 12:09:43:049,0.0425,-0.1088,9.894,-0.0002,0.0026,9.8066,0.0124,-0.0068,0.0021,-4.75,-36.19,23.44,354.92,-83.27,-171.87,False
52.40243,-1.569718,164.81,0.0,3,256.64,28 / 28,163909,2019-09-08 12:09:43:148,-0.0457,0.0956,9.9202,-0.0002,-0.0025,9.8066,0.0056,0.0127,0.0119,-5.0,-35.94,23.13,354.8,-83.25,-171.97,False
52.40243,-1.569718,164.81,0.0,3,256.64,28 / 28,164010,2019-09-08 12:09:43:249,0.0375,0.2009,9.8565,0.0006,-0.0005,9.8066,0.0011,0.0173,0.0137,-4.87,-36.19,23.25,354.76,-83.25,-172.0,False
52.40243,-1.569718,164.81,0.0,3,256.64,28 / 28,164110,2019-09-08 12:09:43:349,0.0677,-0.1665,9.7771,-0.0008,-0.0009,9.8066,-0.004,0.0127,0.008,-4.69,-35.94,23.56,355.46,-83.25,-171.96,False
52.40243,-1.569718,164.81,0.0,3,256.64,28 / 28,164210,2019-09-08 12:09:43:449,-0.0436,-0.0424,9.9407,-0.0005,0.0004,9.8066,-0.0024,0.0009,0.0014,-4.62,-36.19,23.88,355.6,-83.24,-171.84,False
52.40243,-1.569718,164.81,0.0,3,256.64,28 / 28,164310,2019-09-08 12:09:43:549,0.055,0.1812,9.8725,-0.0014,-0.0001,9.8065,-0.0065,-0.0095,-0.015,-5.06,-35.94,23.5,355.62,-83.24,-171.83,False
52.40243,-1.569718,164.81,0.0,3,256.64,28 / 28,164410,2019-09-08 12:09:43:649,0.0752,-0.0601,9.8039,-0.0003,0.0023,9.8066,0.0051,-0.0158,-0.0105,-4.75,-36.37,22.94,355.11,-83.24,-171.71,False
52.40243,-1.569718,164.81,0.0,3,256.64,28 / 28,164510,2019-09-08 12:09:43:749,-0.0631,-0.1194,9.9335,0.0001,-0.0026,9.8066,-0.006,-0.0079,-0.0139,-5.19,-35.56,23.63,355.66,-83.23,-171.79,False
52.40243,-1.569718,164.81,0.0,3,256.64,28 / 28,164610,2019-09-08 12:09:43:849,0.0269,0.1603,9.9042,0.0016,-0.0005,9.8066,0.0009,-0.001,0.0078,-4.37,-36.12,23.5,358.36,-83.24,-171.88,False
52.40243,-1.569718,164.81,0.0,3,256.64,28 / 28,164709,2019-09-08 12:09:43:948,-0.0416,-0.0575,9.7745,0.0004,0.0005,9.8066,0.0012,0.0145,0.0107,-4.25,-36.12,24.25,358.41,-83.24,-171.84,False
52.40243,-1.569718,164.81,0.0,3,256.64,28 / 28,164810,2019-09-08 12:09:44:049,-0.0356,-0.1233,9.9298,0.0007,0.0006,9.8066,0.0084,0.0131,0.0172,-5.19,-36.12,23.38,354.86,-83.25,-171.92,False
52.40243,-1.569718,164.81,0.0,3,256.64,28 / 28,164910,2019-09-08 12:09:44:149,0.029,0.0339,9.8904,-0.0002,-0.0002,9.8066,-0.015,0.0064,-0.0009,-4.81,-36.5,23.81,355.43,-83.25,-171.98,False
52.40243,-1.569718,164.81,0.0,3,256.64,28 / 28,165010,2019-09-08 12:09:44:249,-0.0542,0.0756,9.8023,-0.0002,0.0005,9.8065,-0.0074,-0.0092,-0.0002,-4.87,-35.44,23.56,355.51,-83.26,-171.94,False
52.40243,-1.569718,164.81,0.0,3,256.64,28 / 28,165110,2019-09-08 12:09:44:349,-0.0496,-0.0705,9.8708,-0.0002,-0.0004,9.8066,0.0089,-0.0178,-0.0188,-4.87,-35.81,23.81,355.62,-83.24,-171.83,False
52.40243,-1.569718,164.81,0.0,3,256.64,28 / 28,165210,2019-09-08 12:09:44:449,0.0302,-0.108,9.8749,0.0016,0.0001,9.8066,0.0131,-0.0288,-0.0054,-4.87,-36.25,24.0,355.49,-83.25,-171.93,False
52.40243,-1.569718,164.81,0.0,3,256.64,28 / 28,165310,2019-09-08 12:09:44:549,-0.0603,0.2104,9.9302,0.0002,0.0027,9.8066,0.0168,-0.0133,-0.0043,-4.19,-35.75,24.25,358.38,-83.24,-171.86,False
52.40243,-1.569718,164.81,0.0,3,256.64,28 / 28,165410,2019-09-08 12:09:44:649,-0.0262,-0.0193,9.7431,-0.0002,0.0021,9.8066,0.0151,-0.0058,0.0101,-4.62,-36.0,23.13,354.8,-83.26,-171.97,False
52.40243,-1.569718,164.81,0.0,3,256.64,28 / 28,165510,2019-09-08 12:09:44:749,-0.0541,-0.2745,9.8078,0.0021,-0.0019,9.8066,0.0105,0.0174,0.0215,-4.94,-36.12,23.19,354.82,-83.27,-171.96,False
52.40243,-1.569718,164.81,0.0,3,256.64,28 / 28,165610,2019-09-08 12:09:44:849,-0.0953,0.1213,9.8669,0.0007,-0.0028,9.8066,-0.0061,0.0115,0.0172,-5.06,-36.25,23.75,355.35,-83.27,-172.05,False
52.40243,-1.569718,164.81,0.0,3,256.64,27 / 28,165710,2019-09-08 12:09:44:949,0.0625,0.2864,9.857,-0.0005,0.0031,9.8066,0.0214,0.0017,0.0169,-4.62,-35.94,24.38,355.39,-83.28,-172.02,False
52.40243,-1.569718,164.81,0.0,3,256.64,27 / 28,165810,2019-09-08 12:09:45:049,-0.0393,-0.0545,9.789,0.0003,-0.0003,9.8066,-0.0049,0.0036,0.0039,-5.37,-36.06,24.44,355.37,-83.26,-172.03,False
52.40243,-1.569718,164.81,0.0,3,256.64,27 / 28,165910,2019-09-08 12:09:45:149,-0.0627,-0.033,9.9148,0.0004,0.0011,9.8066,-0.0153,-0.0109,-0.0069,-4.81,-35.75,23.94,355.54,-83.27,-171.9,False
52.40243,-1.569718,164.81,0.0,3,256.64,27 / 28,166009,2019-09-08 12:09:45:248,0.0681,0.2391,9.87,-0.001,0.0,9.8066,-0.0063,-0.0112,-0.0161,-4.81,-36.12,23.5,355.63,-83.28,-171.82,False
52.40243,-1.569718,164.81,0.0,3,256.64,27 / 28,166110,2019-09-08 12:09:45:349,-0.0349,-0.0823,9.7726,0.001,-0.0007,9.8066,0.0105,-0.0138,0.0025,-4.56,-36.06,24.0,355.73,-83.29,-171.74,False
52.40243,-1.569718,164.81,0.0,3,256.64,27 / 28,166210,2019-09-08 12:09:45:449,-0.0751,-0.144,9.924,-0.0004,-0.0026,9.8066,0.0084,-0.0027,0.0031,-5.0,-36.94,23.94,355.76,-83.28,-171.7,False
52.40243,-1.569718,164.81,0.0,3,256.64,27 / 28,166310,2019-09-08 12:09:45:549,0.1011,0.1649,9.8454,0.0004,0.0037,9.8066,0.0141,0.0023,0.0232,-4.94,-35.81,23.19,355.05,-83.31,-171.77,False
52.40243,-1.569718,164.81,0.0,3,256.64,27 / 28,166410,2019-09-08 12:09:45:649,-0.0234,0.0818,9.8873,-0.0017,0.0038,9.8066,0.0093,0.0217,0.0059,-4.19,-35.87,23.56,358.55,-83.3,-171.73,False
52.40243,-1.569718,164.81,0.0,3,256.64,27 / 28,166510,2019-09-08 12:09:45:749,0.0449,-0.1,9.8831,0.0007,-0.0021,9.8066,-0.0107,0.0045,0.0086,-4.81,-36.06,23.75,355.64,-83.3,-171.81,False
52.40243,-1.569718,164.81,0.0,3,256.64,27 / 28,166610,2019-09-08 12:09:45:849,0.0644,0.1404,9.9287,-0.0015,-0.0008,9.8066,-0.0124,0.0113,-0.0062,-4.56,-36.19,24.0,355.77,-83.29,-171.71,False
52.40243,-1.569718,164.81,0.0,3,256.64,28 / 29,166710,2019-09-08 12:09:45:949,0.033,0.0211,9.8472,-0.0004,0.0025,9.8065,0.0101,-0.0221,-0.0102,-4.94,-36.0,23.19,355.18,-83.3,-171.66,False
52.40243,-1.569718,164.81,0.0,3,256.64,28 / 29,166810,2019-09-08 12:09:46:049,0.0062,-0.0508,9.8184,0.0007,-0.002,9.8066,-0.0043,-0.0183,-0.0102,-5.06,-36.19,23.81,355.82,-83.3,-171.67,False
52.40243,-1.569718,164.81,0.0,3,256.64,28 / 29,166910,2019-09-08 12:09:46:149,0.0347,0.1565,9.9383,0.0,0.001,9.8066,0.0193,-0.0153,0.0018,-4.44,-36.06,23.13,358.15,-83.32,-171.64,False
52.40243,-1.569718,164.81,0.0,3,256.64,28 / 29,167010,2019-09-08 12:09:46:249,-0.0048,0.099,9.9749,0.0007,-0.0006,9.8065,0.0124,0.0008,0.0033,-4.44,-36.06,24.06,358.64,-83.3,-171.66,False
52.40243,-1.569718,164.81,0.0,3,256.64,28 / 29,167111,2019-09-08 12:09:46:350,0.0434,-0.0266,9.7432,0.0008,-0.0011,9.8066,-0.0053,0.0044,0.0178,-4.31,-35.5,23.25,358.1,-83.31,-171.69,False
52.40243,-1.569718,164.81,0.0,3,256.64,28 / 29,167209,2019-09-08 12:09:46:448,-0.023,-0.1643,9.8281,0.0009,-0.0001,9.8066,-0.0067,0.0214,0.0125,-5.06,-35.94,23.44,355.07,-83.31,-171.76,False
52.40243,-1.569718,164.81,0.0,3,256.64,28 / 29,167310,2019-09-08 12:09:46:549,0.075,-0.0574,9.9831,-0.0011,0.0006,9.8066,-0.0025,0.0086,0.0028,-5.0,-35.94,22.81,354.95,-83.3,-171.85,False
52.40243,-1.569718,164.81,0.0,3,256.64,28 / 29,167410,2019-09-08 12:09:46:649,0.0212,0.0812,9.9183,0.0,0.001,9.8066,-0.0024,0.0055,0.0077,-5.12,-36.0,23.63,355.71,-83.31,-171.76,False
52.40243,-1.569718,164.81,0.0,3,256.64,28 / 29,167510,2019-09-08 12:09:46:749,-0.026,-0.228,9.7569,-0.0007,-0.0021,9.8066,-0.0237,-0.0052,-0.0161,-4.56,-36.12,23.25,355.23,-83.3,-171.63,False
52.40243,-1.569718,164.81,0.0,3,256.64,28 / 29,167610,2019-09-08 12:09:46:849,-0.0389,0.0166,9.9263,0.0009,0.0014,9.8066,-0.0028,-0.0247,-0.0072,-5.12,-35.94,23.56,355.87,-83.3,-171.63,False
52.40243,-1.569718,164.81,0.0,3,256.64,28 / 28,167710,2019-09-08 12:09:46:949,-0.0123,0.0917,9.9814,-0.0005,-0.0019,9.8066,0.0015,-0.0209,-0.0224,-4.81,-36.06,23.44,355.26,-83.31,-171.6,False
52.40243,-1.569718,164.81,0.0,3,256.64,28 / 28,167810,2019-09-08 12:09:47:049,-0.0283,-0.0381,9.7759,0.0005,-0.0001,9.8066,0.0109,-0.019,0.0025,-4.62,-35.62,22.88,355.2,-83.31,-171.65,False
52.40243,-1.569718,164.81,0.0,3,256.64,28 / 28,167909,2019-09-08 12:09:47:148,-0.0095,-0.133,9.7866,-0.002,0.0036,9.8065,0.019,0.0019,0.0042,-4.94,-35.75,23.5,355.89,-83.31,-171.61,False
52.40243,-1.569718,164.81,0.0,3,256.64,28 / 28,168010,2019-09-08 12:09:47:249,0.0239,-0.105,9.9036,0.0002,0.0031,9.8066,0.0236,0.0057,0.0167,-4.69,-35.81,23.63,355.87,-83.35,-171.63,False
52.40243,-1.569718,164.81,0.0,3,256.64,28 / 28,168110,2019-09-08 12:09:47:349,0.0094,0.1228,9.9731,0.0009,-0.0041,9.8066,-0.0008,0.0089,0.0166,-4.37,-35.75,23.38,358.03,-83.32,-171.74,False
52.40243,-1.569718,164.81,0.0,3,256.64,28 / 28,168210,2019-09-08 12:09:47:449,-0.0569,0.1095,9.7578,0.0012,-0.0031,9.8066,-0.0215,0.017,0.0139,-4.44,-36.62,23.69,358.43,-83.31,-171.82,False
52.40243,-1.569718,164.81,0.0,3,256.64,28 / 28,168310,2019-09-08 12:09:47:549,-0.1079,-0.2886,9.8006,-0.0009,0.0007,9.8066,0.0004,0.0029,-0.002,-4.94,-36.06,23.44,355.14,-83.33,-171.7,False
52.40243,-1.569718,164.81,0.0,3,256.64,28 / 28,168410,2019-09-08 12:09:47:649,0.0581,0.1364,10.0135,0.0004,-0.0009,9.8066,-0.0086,-0.0056,-0.0069,-4.81,-35.81,23.44,355.06,-83.31,-171.77,False
52.40243,-1.569718,164.81,0.0,3,256.64,28 / 28,168510,2019-09-08 12:09:47:749,-0.0707,0.1865,9.9071,-0.0008,0.002,9.8066,-0.007,-0.0148,-0.0112,-5.12,-36.0,23.0,355.16,-83.31,-171.68,False
52.40243,-1.569718,164.81,0.0,3,256.64,28 / 28,168610,2019-09-08 12:09:47:849,0.0301,-0.0569,9.789,-0.0009,-0.0006,9.8066,-0.0078,-0.0134,-0.018,-4.25,-35.56,23.13,358.2,-83.32,-171.6,False
52.40243,-1.569718,164.81,0.0,3,256.64,28 / 28,168710,2019-09-08 12:09:47:949,0.0245,0.0976,9.9616,-0.0004,0.0018,9.8066,0.0096,-0.0209,0.0013,-4.62,-36.44,23.56,355.95,-83.32,-171.56,False
52.40243,-1.569718,164.81,0.0,3,256.64,28 / 28,168810,2019-09-08 12:09:48:049,0.0722,-0.0473,9.7763,-0.0004,-0.0022,9.8066,0.0081,-0.0167,-0.0028,-4.25,-36.12,23.31,358.22,-83.32,-171.58,False
52.40243,-1.569718,164.81,0.0,3,256.64,28 / 28,168910,2019-09-08 12:09:48:149,-0.0043,-0.1544,9.8139,-0.0001,0.0023,9.8066,0.0184,0.0082,0.0152,-4.69,-35.94,23.94,355.85,-83.34,-171.65,False
52.40243,-1.569718,164.81,0.0,3,256.64,28 / 28,169010,2019-09-08 12:09:48:249,0.0522,0.0709,9.9965,-0.0001,0.0031,9.8066,0.011,0.0182,0.0134,-4.56,-35.94,23.0,355.19,-83.35,-171.66,False
52.40243,-1.569718,164.81,0.0,3,256.64,28 / 28,169110,2019-09-08 12:09:48:349,0.0254,0.106,9.8564,-0.0004,-0.0027,9.8066,-0.0137,0.0125,0.0132,-4.62,-36.19,24.13,355.77,-83.35,-171.71,False
52.40243,-1.569718,164.81,0.0,3,256.64,28 / 28,169210,2019-09-08 12:09:48:449,0.0161,0.0093,9.8041,0.0,-0.0016,9.8066,-0.0252,0.0104,0.0016,-4.06,-36.0,23.13,358.07,-83.34,-171.7,False
52.40243,-1.569718,164.81,0.0,3,256.64,28 / 28,169310,2019-09-08 12:09:48:549,0.1013,-0.0816,9.939,-0.0004,-0.0002,9.8066,0.0057,-0.0154,-0.0065,-5.06,-36.25,23.38,355.16,-83.34,-171.68,False
52.40243,-1.569718,164.81,0.0,3,256.64,28 / 28,169410,2019-09-08 12:09:48:649,0.0218,0.0781,9.8736,-0.0008,0.0008,9.8066,0.0079,-0.0202,-0.0132,-4.81,-36.31,23.69,355.98,-83.35,-171.54,False
52.40243,-1.569718,164.81,0.0,3,256.64,28 / 28,169510,2019-09-08 12:09:48:749,-0.0052,0.1786,9.7819,-0.0007,0.0001,9.8065,-0.0096,-0.0048,-0.0063,-5.0,-36.19,23.69,356.1,-83.37,-171.45,False
52.40243,-1.569718,164.81,0.0,3,256.64,28 / 28,169609,2019-09-08 12:09:48:848,0.093,-0.0476,9.882,-0.0003,0.0032,9.8066,0.0106,-0.0019,-0.0046,-4.37,-36.31,23.13,358.42,-83.38,-171.43,False
52.40243,-1.569718,164.81,0.0,3,256.64,27 / 27,169710,2019-09-08 12:09:48:949,0.0047,-0.0319,9.9322,0.0006,-0.0046,9.8066,-0.0037,0.0069,0.0084,-4.5,-36.12,23.88,358.79,-83.39,-171.53,False
52.40243,-1.569718,164.81,0.0,3,256.64,27 / 27,169809,2019-09-08 12:09:49:048,-0.0573,-0.0881,9.7805,0.0012,-0.0023,9.8066,0.0026,0.0176,0.0133,-5.31,-36.06,23.81,355.87,-83.36,-171.63,False
52.40243,-1.569718,164.81,0.0,3,256.64,27 / 27,169910,2019-09-08 12:09:49:149,0.0634,-0.1668,9.7786,-0.0015,0.0008,9.8066,-0.0092,0.0152,0.0034,-4.5,-35.56,24.13,358.6,-83.36,-171.69,False
52.40243,-1.569718,164.81,0.0,3,256.64,27 / 27,170010,2019-09-08 12:09:49:249,-0.0238,-0.0453,9.9715,-0.0003,0.0014,9.8066,-0.0022,0.0003,0.0018,-4.81,-36.31,23.44,355.27,-83.37,-171.6,False
52.40243,-1.569718,164.81,0.0,3,256.64,27 / 27,170110,2019-09-08 12:09:49:349,0.0883,0.2454,9.9454,-0.0009,0.0013,9.8066,-0.0172,-0.0065,-0.0188,-4.31,-36.37,23.63,358.79,-83.37,-171.53,False
52.40243,-1.569718,164.81,0.0,3,256.64,27 / 27,170210,2019-09-08 12:09:49:449,0.0687,-0.091,9.7568,-0.0006,0.0007,9.8066,0.0021,-0.0211,-0.0128,-4.37,-36.75,23.63,358.85,-83.37,-171.48,False
52.40243,-1.569718,164.81,0.0,3,256.64,27 / 27,170310,2019-09-08 12:09:49:549,-0.0535,-0.1567,9.9278,-0.0005,-0.0016,9.8066,0.0054,-0.0089,-0.0148,-4.62,-36.0,23.5,355.99,-83.37,-171.54,False
52.40243,-1.569718,164.81,0.0,3,256.64,27 / 27,170410,2019-09-08 12:09:49:649,0.0231,0.1331,9.946,0.001,-0.0004,9.8066,0.0109,-0.0172,0.0069,-4.37,-36.25,23.69,358.74,-83.37,-171.58,False
52.40243,-1.569718,164.81,0.0,3,256.64,27 / 27,170510,2019-09-08 12:09:49:749,0.0266,0.0634,9.78,-0.0007,0.0037,9.8066,0.0171,0.0073,0.01,-4.87,-35.87,23.69,355.94,-83.36,-171.58,False
52.40243,-1.569718,164.81,0.0,3,256.64,27 / 27,170610,2019-09-08 12:09:49:849,-0.0602,-0.157,9.8234,0.0002,0.0017,9.8066,0.0137,0.0059,0.0212,-4.37,-35.81,23.75,358.74,-83.4,-171.57,False
52.40243,-1.569718,164.81,0.0,3,256.64,28 / 29,170710,2019-09-08 12:09:49:949,-0.0483,-0.2368,9.834,0.0001,-0.0024,9.8066,-0.0076,0.0213,0.0117,-4.44,-36.06,23.94,358.79,-83.39,-171.54,False
52.40243,-1.569718,164.81,0.0,3,256.64,28 / 29,170810,2019-09-08 12:09:50:049,-0.0156,0.1922,9.9175,0.0005,-0.0036,9.8066,-0.0211,0.012,0.0194,-4.5,-36.19,23.5,358.68,-83.39,-171.62,False
52.40243,-1.569718,164.81,0.0,3,256.64,28 / 29,170910,2019-09-08 12:09:50:149,-0.005,-0.0108,9.7471,-0.0003,0.0019,9.8066,-0.0034,0.0024,0.0035,-5.19,-36.69,23.75,356.02,-83.39,-171.5,False
52.40243,-1.569718,164.81,0.0,3,256.64,28 / 29,171009,2019-09-08 12:09:50:248,-0.0504,-0.2742,9.7944,-0.0002,0.0007,9.8066,-0.0047,-0.0114,-0.0045,-4.37,-36.0,23.5,358.87,-83.4,-171.47,False
52.40243,-1.569718,164.81,0.0,3,256.64,28 / 29,171110,2019-09-08 12:09:50:349,-0.0414,0.0778,9.9107,0.0003,0.0013,9.8066,-0.01,-0.0177,-0.0138,-4.94,-36.56,24.13,356.19,-83.39,-171.36,False
52.40243,-1.569718,164.81,0.0,3,256.64,28 / 29,171210,2019-09-08 12:09:50:449,0.0926,0.2354,9.8443,-0.0012,0.0,9.8066,-0.0089,-0.0155,-0.0201,-4.25,-36.12,23.0,358.54,-83.4,-171.33,False
52.40243,-1.569718,164.81,0.0,3,256.64,28 / 29,171310,2019-09-08 12:09:50:549,-0.0102,-0.0697,9.7992,0.0005,0.0015,9.8066,0.0173,-0.016,0.0037,-4.37,-36.56,23.25,358.48,-83.41,-171.36,False
52.40243,-1.569718,164.81,0.0,3,256.64,28 / 29,171410,2019-09-08 12:09:50:649,-0.0218,-0.1174,9.9122,-0.001,-0.0002,9.8066,0.003,0.0028,0.0107,-5.0,-36.0,24.06,356.27,-83.41,-171.31,False
52.40243,-1.569718,164.81,0.0,3,256.64,28 / 29,171510,2019-09-08 12:09:50:749,0.0687,0.2076,9.8883,0.0004,0.0015,9.8066,0.0183,0.0049,0.0241,-4.75,-36.56,23.5,356.27,-83.41,-171.29,False
52.40243,-1.569718,164.81,0.0,3,256.64,28 / 29,171610,2019-09-08 12:09:50:849,-0.02,0.0844,9.817,-0.0007,0.0002,9.8066,-0.0093,0.0256,0.0069,-4.56,-35.87,24.19,356.31,-83.4,-171.27,False
52.40243,-1.569718,164.81,0.0,3,256.64,27 / 28,171710,2019-09-08 12:09:50:949,0.0297,-0.085,9.8764,0.0002,-0.0001,9.8066,0.0009,-0.0033,0.0076,-4.31,-36.0,23.69,359.07,-83.41,-171.3,False
52.40243,-1.569718,164.81,0.0,3,256.64,27 / 28,171809,2019-09-08 12:09:51:048,0.0358,0.1425,9.9131,-0.0005,-0.0006,9.8066,-0.0166,0.0001,-0.0084,-4.94,-36.0,23.5,356.32,-83.4,-171.27,False
52.40243,-1.569718,164.81,0.0,3,256.64,27 / 28,171910,2019-09-08 12:09:51:149,0.0145,0.1176,9.8947,0.0005,-0.0001,9.8066,0.0026,-0.025,-0.009,-4.87,-36.56,23.69,356.4,-83.41,-171.19,False
52.40243,-1.569718,164.81,0.0,3,256.64,27 / 28,172010,2019-09-08 12:09:51:249,0.012,-0.0755,9.8095,0.0007,-0.0024,9.8066,0.0006,-0.0178,-0.0127,-5.0,-36.12,23.44,355.79,-83.4,-171.18,False
52.40243,-1.569718,164.81,0.0,3,256.64,27 / 28,172110,2019-09-08 12:09:51:349,0.0631,0.0451,9.9218,0.0001,0.0015,9.8066,0.0133,-0.0137,0.0067,-4.5,-36.06,22.81,358.63,-83.42,-171.25,False
52.40243,-1.569718,164.81,0.0,3,256.64,27 / 28,172210,2019-09-08 12:09:51:449,0.0728,0.1805,9.9942,0.0004,0.0026,9.8066,0.0183,0.0084,0.0022,-4.56,-35.87,23.5,356.3,-83.43,-171.29,False
52.40243,-1.569718,164.81,0.0,3,256.64,27 / 28,172311,2019-09-08 12:09:51:550,0.0608,-0.0001,9.798,0.0016,-0.0042,9.8066,-0.0066,0.0148,0.0217,-4.31,-36.12,23.81,358.88,-83.44,-171.46,False
52.40243,-1.569718,164.81,0.0,3,256.64,27 / 28,172410,2019-09-08 12:09:51:649,0.0258,-0.1604,9.8557,0.0007,-0.0029,9.8066,-0.0032,0.0151,0.0117,-4.37,-35.31,23.75,358.79,-83.41,-171.54,False
52.40243,-1.569718,164.81,0.0,3,256.64,27 / 28,172510,2019-09-08 12:09:51:749,0.0282,0.0048,9.9607,0.0,-0.0009,9.8066,-0.0179,0.0184,0.0054,-4.69,-36.0,23.25,355.31,-83.41,-171.57,False
52.40243,-1.569718,164.81,0.0,3,256.64,27 / 28,172610,2019-09-08 12:09:51:849,0.0758,0.1774,9.9494,-0.0008,0.0023,9.8066,-0.0038,0.0061,0.0012,-4.56,-36.19,23.56,355.95,-83.42,-171.57,False
52.40243,-1.569718,164.81,0.0,3,256.64,27 / 27,172710,2019-09-08 12:09:51:949,-0.0232,-0.2779,9.7119,-0.0023,-0.0008,9.8066,-0.0297,-0.007,-0.0142,-4.69,-36.69,23.81,355.92,-83.4,-171.58,False
52.40243,-1.569718,164.81,0.0,3,256.64,27 / 27,172810,2019-09-08 12:09:52:049,0.0576,-0.2682,9.7807,-0.0005,0.0021,9.8066,0.0005,-0.0221,-0.016,-4.81,-36.25,23.5,356.13,-83.41,-171.42,False
52.40243,-1.569718,164.81,0.0,3,256.64,27 / 27,172910,2019-09-08 12:09:52:149,0.0091,-0.0333,9.9373,-0.0013,-0.0004,9.8066,-0.0023,-0.0161,-0.0159,-4.62,-35.56,23.13,355.59,-83.41,-171.34,False
52.40243,-1.569718,164.81,0.0,3,256.64,27 / 27,173010,2019-09-08 12:09:52:249,-0.0314,0.0121,9.7981,0.0,0.0007,9.8066,0.0121,-0.0217,-0.0068,-4.75,-36.25,23.5,356.32,-83.42,-171.27,False
52.40243,-1.569718,164.81,0.0,3,256.64,27 / 27,173110,2019-09-08 12:09:52:349,0.0013,-0.1708,9.8319,0.0004,0.0029,9.8066,0.0168,0.0013,0.0002,-4.12,-35.75,23.75,359.04,-83.41,-171.33,False
52.40243,-1.569718,164.81,0.0,3,256.64,27 / 27,173210,2019-09-08 12:09:52:449,-0.0469,-0.1127,9.9399,0.0003,0.0028,9.8066,0.0277,0.0073,0.0213,-4.31,-35.81,23.25,358.34,-83.44,-171.49,False
52.40243,-1.569718,164.81,0.0,3,256.64,27 / 27,173310,2019-09-08 12:09:52:549,-0.0545,0.0582,9.9256,0.0014,-0.004,9.8066,-0.0104,0.0208,0.0135,-4.87,-36.06,23.81,356.01,-83.43,-171.52,False
52.40243,-1.569718,164.81,0.0,3,256.64,27 / 27,173409,2019-09-08 12:09:52:648,-0.0298,0.1844,9.7927,0.0007,-0.0047,9.8066,-0.0218,0.0156,0.0185,-4.69,-35.87,22.5,355.26,-83.41,-171.62,False
52.40243,-1.569718,164.81,0.0,3,256.64,27 / 27,173510,2019-09-08 12:09:52:749,-0.0501,-0.2062,9.8366,-0.0002,0.0018,9.8066,0.0014,0.0015,0.0035,-5.25,-36.37,23.06,355.39,-83.42,-171.51,False
52.40243,-1.569718,164.81,0.0,3,256.64,27 / 27,173613,2019-09-08 12:09:52:852,0.0257,0.1436,9.9934,-0.0017,0.0008,9.8066,-0.0142,-0.0072,-0.0118,-4.44,-35.94,24.0,358.93,-83.41,-171.42,False
52.40243,-1.569718,164.81,0.0,3,256.64,28 / 28,173710,2019-09-08 12:09:52:949,0.072,0.0082,9.8379,0.0001,0.0002,9.8066,-0.017,-0.0197,-0.0108,-4.31,-36.0,23.5,359.06,-83.42,-171.32,False
52.40243,-1.569718,164.81,0.0,3,256.64,28 / 28,173810,2019-09-08 12:09:53:049,0.0188,-0.0297,9.8033,-0.0008,-0.0001,9.8066,-0.0104,-0.0191,-0.0203,-4.94,-36.25,23.44,355.7,-83.42,-171.25,False
52.40243,-1.569718,164.81,0.0,3,256.64,28 / 28,173910,2019-09-08 12:09:53:149,0.0235,-0.0831,9.9063,0.0016,0.0,9.8066,0.0057,-0.0217,-0.0013,-4.69,-36.25,23.19,355.75,-83.43,-171.21,False
52.40243,-1.569718,164.81,0.0,3,256.64,28 / 28,174010,2019-09-08 12:09:53:249,0.032,0.0583,9.8314,-0.0003,-0.0002,9.8066,0.0035,-0.0011,0.0,-4.75,-36.0,23.5,356.29,-83.43,-171.29,False
52.40243,-1.569718,164.81,0.0,3,256.64,28 / 28,174110,2019-09-08 12:09:53:349,-0.0433,-0.2056,9.8981,0.0014,0.0001,9.8066,0.0121,0.0011,0.0264,-4.75,-36.06,23.19,355.49,-83.44,-171.43,False
52.40243,-1.569718,164.81,0.0,3,256.64,28 / 28,174209,2019-09-08 12:09:53:448,0.0034,0.0195,9.924,0.0007,-0.0007,9.8066,0.0007,0.0155,0.0104,-4.19,-36.19,23.44,358.41,-83.43,-171.43,False
52.40243,-1.569718,164.81,0.0,3,256.64,28 / 28,174310,2019-09-08 12:09:53:549,0.1091,-0.0175,9.7834,-0.0012,0.0021,9.8066,-0.0109,0.0003,0.0115,-4.19,-35.94,23.88,358.92,-83.43,-171.43,False
52.40243,-1.569718,164.81,0.0,3,256.64,28 / 28,174410,2019-09-08 12:09:53:649,0.0379,0.1489,9.8608,-0.0012,0.0,9.8066,-0.0106,-0.0037,-0.0073,-4.94,-35.81,23.69,356.31,-83.44,-171.28,False
52.40243,-1.569718,164.81,0.0,3,256.64,28 / 28,174510,2019-09-08 12:09:53:749,-0.0108,-0.059,9.8473,0.0006,-0.0002,9.8066,0.0128,-0.0245,-0.0054,-4.44,-35.75,23.63,359.16,-83.43,-171.23,False
52.40243,-1.569718,164.81,0.0,3,256.64,28 / 28,174610,2019-09-08 12:09:53:849,0.0861,-0.1343,9.8609,0.0002,-0.0015,9.8066,0.0062,-0.0124,-0.0146,-4.56,-36.31,23.75,356.37,-83.43,-171.23,False
52.40243,-1.569718,164.81,0.0,3,256.64,27 / 27,174710,2019-09-08 12:09:53:949,0.0149,0.081,9.9262,0.0004,0.0013,9.8066,0.0028,-0.0024,0.006,-4.81,-36.06,23.75,356.21,-83.44,-171.36,False
52.40243,-1.569718,164.81,0.0,3,256.64,27 / 27,174810,2019-09-08 12:09:54:049,0.0079,0.0325,9.8748,-0.0006,0.0004,9.8066,-0.0031,0.0073,0.0082,-4.81,-35.5,23.44,355.6,-83.44,-171.36,False
52.40243,-1.569718,164.81,0.0,3,256.64,27 / 27,174910,2019-09-08 12:09:54:149,0.0356,-0.0857,9.8516,0.0,-0.0029,9.8066,-0.0105,0.0081,0.0074,-5.0,-36.31,23.63,356.2,-83.45,-171.37,False
52.40243,-1.569718,164.81,0.0,3,256.64,27 / 27,175010,2019-09-08 12:09:54:249,0.0563,0.0621,9.9279,0.001,-0.0016,9.8066,-0.0182,0.0067,-0.0045,-4.94,-36.44,23.38,355.51,-83.43,-171.41,False
52.40243,-1.569718,164.81,0.0,3,256.64,27 / 27,175110,2019-09-08 12:09:54:349,-0.0049,0.0781,9.9147,-0.0004,-0.0002,9.8066,0.0004,-0.0179,-0.0041,-4.25,-36.62,23.19,358.52,-83.44,-171.34,False
52.40243,-1.569718,164.81,0.0,3,256.64,27 / 27,175210,2019-09-08 12:09:54:449,0.103,-0.0246,9.8165,-0.0019,-0.0003,9.8066,0.004,-0.0156,-0.0131,-5.12,-36.19,23.56,356.44,-83.44,-171.17,False
52.40243,-1.569718,164.81,0.0,3,256.64,27 / 27,175310,2019-09-08 12:09:54:549,-0.0171,-0.0078,9.9366,-0.0008,0.0002,9.8066,0.0061,-0.0053,-0.0016,-5.06,-36.06,23.38,355.78,-83.46,-171.19,False
52.40243,-1.569718,164.81,0.0,3,256.64,27 / 27,175409,2019-09-08 12:09:54:648,0.0407,0.1717,9.9758,0.0017,0.0027,9.8066,0.0067,0.0042,0.0014,-4.81,-36.44,23.38,355.68,-83.46,-171.27,False
52.40243,-1.569718,164.81,0.0,3,256.64,27 / 27,175510,2019-09-08 12:09:54:749,0.0438,-0.0893,9.7996,0.0009,-0.0056,9.8066,-0.0157,0.0079,0.0106,-4.69,-35.81,23.81,356.18,-83.47,-171.39,False
52.40243,-1.569718,164.81,0.0,3,256.64,27 / 27,175610,2019-09-08 12:09:54:849,0.0651,-0.1453,9.9161,0.0001,-0.003,9.8066,-0.0156,0.021,0.0053,-5.19,-36.19,23.25,355.45,-83.44,-171.46,False
52.40243,-1.569718,164.81,0.0,3,256.64,27 / 28,175710,2019-09-08 12:09:54:949,0.0219,0.0123,9.9608,-0.0004,0.0012,9.8066,-0.0038,0.0025,0.0007,-4.87,-36.12,23.56,356.02,-83.45,-171.52,False
52.40243,-1.569718,164.81,0.0,3,256.64,27 / 28,175809,2019-09-08 12:09:55:048,0.0601,0.0236,9.8318,-0.0011,0.0028,9.8066,0.001,-0.0027,-0.0078,-4.87,-36.25,23.69,356.1,-83.45,-171.45,False
52.40243,-1.569718,164.81,0.0,3,256.64,27 / 28,175910,2019-09-08 12:09:55:149,-0.0245,-0.0976,9.898,-0.0003,-0.0014,9.8066,-0.0014,-0.0153,-0.0195,-5.19,-36.62,23.19,355.35,-83.45,-171.52,False
52.40243,-1.569718,164.81,0.0,3,256.64,27 / 28,176010,2019-09-08 12:09:55:249,0.013,-0.0724,9.9146,0.0009,0.0002,9.8066,0.0088,-0.016,-0.0065,-4.81,-35.94,23.06,355.36,-83.44,-171.54,False
52.40243,-1.569718,164.81,0.0,3,256.64,27 / 28,176111,2019-09-08 12:09:55:350,0.0145,0.0012,9.8132,-0.0004,-0.0007,9.8066,0.0002,-0.0059,0.0007,-4.56,-36.56,23.75,355.95,-83.44,-171.56,False
52.40243,-1.569718,164.81,0.0,3,256.64,27 / 28,176210,2019-09-08 12:09:55:449,-0.0594,-0.159,9.8307,0.001,-0.0012,9.8066,-0.0011,0.0085,0.015,-4.56,-35.75,23.56,355.94,-83.43,-171.58,False
52.40243,-1.569718,164.81,0.0,3,256.64,27 / 28,176310,2019-09-08 12:09:55:549,0.0808,-0.0655,9.9425,-0.0004,-0.0001,9.8066,0.0048,0.0171,0.0031,-4.62,-36.44,23.44,355.28,-83.42,-171.59,False
52.40243,-1.569718,164.81,0.0,3,256.64,27 / 28,176410,2019-09-08 12:09:55:649,0.0107,0.0021,9.8707,0.0011,0.0005,9.8066,0.0038,0.0037,0.0025,-4.5,-36.06,23.0,358.11,-83.41,-171.68,False
52.40243,-1.569718,164.81,0.0,3,256.64,27 / 28,176510,2019-09-08 12:09:55:749,-0.0072,-0.0991,9.8718,-0.0007,-0.0002,9.8066,-0.0063,-0.0089,-0.0083,-4.94,-36.31,23.88,355.75,-83.41,-171.74,False
52.40243,-1.569718,164.81,0.0,3,256.64,27 / 28,176611,2019-09-08 12:09:55:850,0.0636,-0.0196,9.9424,0.0012,0.0011,9.8066,0.0025,-0.0072,-0.0058,-4.5,-35.62,23.44,358.02,-83.42,-171.75,False
52.40243,-1.569718,164.81,0.0,3,256.64,27 / 27,176709,2019-09-08 12:09:55:948,0.0132,-0.0808,9.7831,0.0001,-0.0029,9.8066,-0.0055,0.0037,-0.0044,-4.69,-36.5,23.56,355.66,-83.4,-171.81,False
52.40243,-1.569718,164.81,0.0,3,256.64,27 / 27,176809,2019-09-08 12:09:56:048,-0.0617,-0.1247,9.8848,0.0017,-0.0006,9.8066,-0.0036,0.001,0.0143,-4.19,-36.81,23.75,358.3,-83.4,-171.93,False
52.40243,-1.569718,164.81,0.0,3,256.64,27 / 27,176910,2019-09-08 12:09:56:149,0.0839,0.1253,9.9847,-0.0017,0.0008,9.8066,-0.0046,0.002,-0.0011,-4.12,-36.31,23.5,358.24,-83.4,-171.99,False
52.40243,-1.569718,164.81,0.0,3,256.64,27 / 27,177010,2019-09-08 12:09:56:249,0.009,0.0097,9.8309,0.0003,0.0016,9.8066,-0.0036,-0.0078,-0.0015,-4.44,-35.5,23.13,357.87,-83.4,-171.88,False
52.40243,-1.569718,164.81,0.0,3,256.64,27 / 27,177110,2019-09-08 12:09:56:349,-0.0526,-0.1016,9.8875,-0.0016,-0.0012,9.8066,0.0008,-0.0113,-0.0143,-4.37,-36.44,23.25,357.92,-83.41,-171.83,False
52.40243,-1.569718,164.81,0.0,3,256.64,27 / 27,177210,2019-09-08 12:09:56:449,-0.0032,0.0854,9.9651,0.0006,0.0016,9.8066,0.003,-0.0103,-0.0055,-4.56,-36.12,23.06,355.03,-83.4,-171.8,False
52.40243,-1.569718,164.81,0.0,3,256.64,27 / 27,177310,2019-09-08 12:09:56:549,0.0397,-0.0163,9.7963,0.0005,-0.0022,9.8066,-0.0098,0.0058,0.005,-5.12,-36.12,23.81,355.5,-83.4,-171.94,False
52.40243,-1.569718,164.81,0.0,3,256.64,27 / 27,177410,2019-09-08 12:09:56:649,0.0015,0.0053,9.938,0.0007,-0.0003,9.8066,-0.0106,0.0132,0.0029,-4.69,-35.81,23.38,354.79,-83.4,-171.99,False
52.40243,-1.569718,164.81,0.0,3,256.64,27 / 27,177510,2019-09-08 12:09:56:749,-0.0196,0.0827,9.9348,0.0005,-0.0024,9.8066,-0.0082,-0.0059,0.0026,-4.81,-35.87,23.31,354.66,-83.4,-172.1,False
52.40243,-1.569718,164.81,0.0,3,256.64,27 / 27,177610,2019-09-08 12:09:56:849,0.0896,-0.1103,9.7794,-0.002,0.0003,9.8066,0.0091,-0.0069,-0.0117,-4.75,-35.81,23.19,354.82,-83.4,-171.97,False
52.40243,-1.569718,164.81,0.0,3,256.64,28 / 28,177711,2019-09-08 12:09:56:950,0.0103,0.1423,9.8596,-0.0004,0.0002,9.8066,0.0038,-0.0081,-0.007,-4.87,-35.94,22.94,354.76,-83.4,-172.02,False
52.40243,-1.569718,164.81,0.0,3,256.64,28 / 28,177810,2019-09-08 12:09:57:049,0.0279,-0.1527,9.7345,-0.0003,0.0021,9.8066,0.0191,-0.0052,-0.0017,-5.0,-36.5,24.06,355.4,-83.4,-172.02,False
52.40243,-1.569718,164.81,0.0,3,256.64,28 / 28,177909,2019-09-08 12:09:57:148,0.0138,-0.0538,9.9105,0.0005,-0.0032,9.8066,-0.0108,0.0093,0.0135,-4.19,-36.31,22.94,357.52,-83.38,-172.16,False
52.40243,-1.569718,164.81,0.0,3,256.64,28 / 28,178010,2019-09-08 12:09:57:249,-0.0186,0.1456,9.8884,0.0019,-0.0037,9.8066,-0.0138,0.018,0.0106,-4.69,-35.94,23.44,354.52,-83.38,-172.21,False
52.40243,-1.569718,164.81,0.0,3,256.64,28 / 28,178110,2019-09-08 12:09:57:349,0.0928,-0.0718,9.7398,-0.0009,0.0019,9.8066,-0.0007,-0.0018,0.0028,-5.31,-36.0,23.69,355.12,-83.38,-172.25,False
52.40243,-1.569718,164.81,0.0,3,256.64,28 / 28,178210,2019-09-08 12:09:57:449,0.0774,-0.1043,9.889,-0.0017,0.0013,9.8066,0.007,-0.0095,-0.0126,-4.87,-35.94,22.94,354.68,-83.39,-172.09,False
52.40243,-1.569718,164.81,0.0,3,256.64,28 / 28,178310,2019-09-08 12:09:57:549,0.0457,0.0961,9.9319,-0.0005,-0.0016,9.8066,-0.0024,-0.0118,-0.0112,-5.0,-36.12,23.31,354.63,-83.4,-172.13,False
52.40243,-1.569718,164.81,0.0,3,256.64,28 / 28,178410,2019-09-08 12:09:57:649,0.0225,-0.0343,9.765,0.0009,-0.0008,9.8066,0.0086,-0.0129,-0.0047,-4.81,-36.0,23.19,354.73,-83.39,-172.05,False
52.40243,-1.569718,164.81,0.0,3,256.64,28 / 28,178510,2019-09-08 12:09:57:749,0.0354,-0.0799,9.8231,0.0012,-0.0015,9.8066,-0.0046,0.0029,0.005,-4.25,-36.0,23.31,357.5,-83.39,-172.17,False
52.40243,-1.569718,164.81,0.0,3,256.64,28 / 28,178610,2019-09-08 12:09:57:849,0.0016,0.1016,9.9138,0.0007,0.0006,9.8066,0.0038,0.0041,0.0118,-4.31,-36.44,23.19,357.39,-83.38,-172.26,False
52.40243,-1.569718,164.81,0.0,3,256.64,27 / 28,178710,2019-09-08 12:09:57:949,-0.022,0.0183,9.7735,-0.001,-0.0003,9.8066,-0.0001,0.01,0.0003,-4.56,-36.19,23.38,354.4,-83.37,-172.32,False
52.40243,-1.569718,164.81,0.0,3,256.64,27 / 28,178810,2019-09-08 12:09:58:049,0.0502,-0.0843,9.8158,-0.0004,0.0017,9.8065,0.0021,-0.0002,0.0008,-5.0,-35.75,23.19,354.48,-83.37,-172.25,False
52.40243,-1.569718,164.81,0.0,3,256.64,27 / 28,178910,2019-09-08 12:09:58:149,0.05,0.049,9.9075,-0.0011,0.0003,9.8066,0.0055,-0.0195,-0.0109,-5.12,-36.06,23.69,355.07,-83.37,-172.29,False
52.40243,-1.569718,164.81,0.0,3,256.64,27 / 28,179010,2019-09-08 12:09:58:249,-0.0671,0.0403,9.797,0.0002,0.0008,9.8066,0.0063,-0.0151,-0.0041,-4.56,-35.69,23.38,354.53,-83.37,-172.21,False
52.40243,-1.569718,164.81,0.0,3,256.64,27 / 28,179110,2019-09-08 12:09:58:349,0.0426,-0.107,9.8349,0.0003,-0.003,9.8066,-0.0054,0.0005,0.0018,-5.0,-35.94,23.75,355.1,-83.35,-172.27,False
52.40243,-1.569718,164.81,0.0,3,256.64,27 / 28,179210,2019-09-08 12:09:58:449,-0.0058,0.1784,9.9473,0.0011,-0.0021,9.8066,-0.0117,0.0073,0.0114,-5.06,-36.37,23.25,354.39,-83.35,-172.32,False
52.40243,-1.569718,164.81,0.0,3,256.64,27 / 28,179310,2019-09-08 12:09:58:549,0.0194,-0.0494,9.7762,0.0012,-0.0006,9.8066,-0.0108,0.0094,0.0082,-5.0,-36.19,23.56,355.02,-83.36,-172.34,False
52.40243,-1.569718,164.81,0.0,3,256.64,27 / 28,179410,2019-09-08 12:09:58:649,0.0394,-0.0829,9.7779,-0.0011,0.0017,9.8066,0.0002,0.0036,-0.002,-4.87,-35.87,23.63,355.03,-83.36,-172.33,False
52.40243,-1.569718,164.81,0.0,3,256.64,27 / 28,179510,2019-09-08 12:09:58:749,0.0097,0.1013,9.9634,-0.002,-0.001,9.8066,-0.0056,-0.0066,-0.0199,-5.06,-36.5,23.81,355.03,-83.36,-172.33,False
52.40243,-1.569718,164.81,0.0,3,256.64,27 / 28,179610,2019-09-08 12:09:58:849,-0.0327,0.0498,9.8066,-0.0003,0.0023,9.8066,0.0083,-0.0153,-0.0071,-4.37,-35.94,23.63,357.97,-83.37,-172.2,False
52.40243,-1.569718,164.81,0.0,3,256.64,26 / 26,179710,2019-09-08 12:09:58:949,0.038,-0.0409,9.793,0.0,-0.0017,9.8066,0.0014,-0.0018,-0.0081,-5.25,-35.69,23.69,355.2,-83.37,-172.19,False
52.40243,-1.569718,164.81,0.0,3,256.64,26 / 26,179810,2019-09-08 12:09:59:049,0.0819,0.208,9.9143,0.0024,-0.0001,9.8066,0.0071,0.0026,0.015,-4.81,-36.12,23.75,355.0,-83.38,-172.35,False
52.40243,-1.569718,164.81,0.0,3,256.64,26 / 26,179910,2019-09-08 12:09:59:149,0.029,-0.0722,9.7888,0.0004,-0.0002,9.8066,-0.0029,0.0237,0.0092,-4.94,-36.06,23.88,354.95,-83.38,-172.4,False
52.40243,-1.569718,164.81,0.0,3,256.64,26 / 26,180010,2019-09-08 12:09:59:249,-0.0887,-0.1503,9.9415,0.0,0.0004,9.8066,0.0068,0.001,0.017,-5.06,-35.87,23.25,354.32,-83.38,-172.38,False
52.40243,-1.569718,164.81,0.0,3,256.64,26 / 26,180109,2019-09-08 12:09:59:348,0.022,0.0579,9.8855,-0.0016,0.0,9.8066,-0.0101,0.0067,-0.0063,-5.0,-36.0,23.5,355.04,-83.37,-172.31,False
52.40243,-1.569718,164.81,0.0,3,256.64,26 / 26,180210,2019-09-08 12:09:59:449,0.0202,-0.0122,9.7688,-0.0002,0.0012,9.8066,0.0028,-0.0119,-0.0087,-4.94,-36.06,23.31,354.53,-83.38,-172.2,False
52.40243,-1.569718,164.81,0.0,3,256.64,26 / 26,180310,2019-09-08 12:09:59:549,-0.0819,-0.0909,9.9562,0.0003,-0.0022,9.8066,0.0065,-0.0156,-0.0183,-4.81,-36.25,24.0,355.13,-83.36,-172.24,False
52.40243,-1.569718,164.81,0.0,3,256.64,26 / 26,180410,2019-09-08 12:09:59:649,0.0495,0.0635,9.9038,0.0021,-0.002,9.8066,0.0037,-0.0124,0.0065,-4.5,-36.31,23.44,357.25,-83.35,-172.37,False
52.40243,-1.569718,164.81,0.0,3,256.64,26 / 26,180510,2019-09-08 12:09:59:749,-0.009,0.0143,9.7526,0.0004,0.0016,9.8065,0.0034,0.0069,0.0027,-4.75,-35.69,23.06,354.29,-83.34,-172.4,False
52.40243,-1.569718,164.81,0.0,3,256.64,26 / 26,180609,2019-09-08 12:09:59:848,-0.0751,-0.0716,9.9573,0.0014,0.0006,9.8066,-0.003,0.0132,0.0185,-4.94,-35.81,23.63,354.88,-83.34,-172.44,False
52.40243,-1.569718,164.81,0.0,3,256.64,27 / 28,180709,2019-09-08 12:09:59:948,-0.0165,0.0648,9.9349,0.0008,-0.0012,9.8066,-0.0098,0.003,0.0001,-4.56,-36.12,23.69,354.81,-83.33,-172.51,False
52.40243,-1.569718,164.81,0.0,3,256.64,27 / 28,180810,2019-09-08 12:10:00:049,-0.0217,-0.0207,9.77,0.0001,0.0005,9.8066,-0.0033,-0.0049,-0.0015,-5.19,-35.81,23.56,354.81,-83.34,-172.5,False
52.40243,-1.569718,164.81,0.0,3,256.64,27 / 28,180910,2019-09-08 12:10:00:149,-0.0581,-0.0488,9.9709,0.0004,-0.0013,9.8066,0.0035,-0.012,-0.0108,-4.69,-36.44,23.69,354.77,-83.35,-172.54,False
52.40243,-1.569718,164.81,0.0,3,256.64,27 / 28,181010,2019-09-08 12:10:00:249,0.0389,0.1316,9.8774,0.0017,-0.0016,9.8066,0.0038,-0.021,0.0029,-4.31,-35.69,23.88,357.43,-83.34,-172.65,False
52.40243,-1.569718,164.81,0.0,3,256.64,27 / 28,181110,2019-09-08 12:10:00:349,-0.0422,0.0045,9.7623,-0.0005,0.0009,9.8066,-0.0073,0.0183,-0.0014,-5.06,-36.12,23.94,354.52,-83.34,-172.74,False
52.40243,-1.569718,164.81,0.0,3,256.64,27 / 28,181209,2019-09-08 12:10:00:448,-0.0542,-0.024,9.957,0.0007,0.0025,9.8066,0.0051,0.0026,0.0116,-4.5,-36.37,23.88,357.24,-83.34,-172.81,False
52.40243,-1.569718,164.81,0.0,3,256.64,27 / 28,181310,2019-09-08 12:10:00:549,0.0303,0.1799,9.9324,-0.0009,-0.0007,9.8066,-0.0102,0.0018,-0.0099,-5.0,-35.62,22.94,353.81,-83.33,-172.79,False
52.40243,-1.569718,164.81,0.0,3,256.64,27 / 28,181410,2019-09-08 12:10:00:649,-0.0365,-0.0744,9.719,0.0003,0.0018,9.8066,0.0006,-0.0198,-0.0041,-5.19,-36.0,23.13,353.76,-83.34,-172.83,False
52.40243,-1.569718,164.81,0.0,3,256.64,27 / 28,181514,2019-09-08 12:10:00:753,-0.0632,0.1455,10.0054,-0.0009,-0.001,9.8066,0.0101,-0.0146,-0.0149,-5.0,-36.12,23.94,354.48,-83.35,-172.78,False
52.40243,-1.569718,164.81,0.0,3,256.64,27 / 28,181610,2019-09-08 12:10:00:849,-0.0388,-0.2158,9.7776,0.001,-0.001,9.8066,0.0079,-0.013,-0.0038,-4.75,-35.81,23.69,354.47,-83.34,-172.79,False
52.40243,-1.569718,164.81,0.0,3,256.64,29 / 29,181710,2019-09-08 12:10:00:949,-0.0268,0.0741,9.8006,-0.0015,0.0023,9.8066,0.0104,0.0014,0.0025,-4.75,-35.81,23.38,353.7,-83.35,-172.88,False
52.40243,-1.569718,164.81,0.0,3,256.64,29 / 29,181810,2019-09-08 12:10:01:049,-0.0787,-0.096,9.9013,-0.0003,0.0021,9.8066,0.0091,0.008,0.0161,-5.56,-36.19,23.63,351.67,-83.37,-172.84,False
52.40243,-1.569718,164.81,0.0,3,256.64,29 / 29,181910,2019-09-08 12:10:01:149,-0.019,-0.0304,9.9102,0.0004,-0.002,9.8066,-0.0138,0.0155,0.0052,-4.56,-35.94,23.44,353.77,-83.34,-172.82,False
52.40243,-1.569718,164.81,0.0,3,256.64,29 / 29,182010,2019-09-08 12:10:01:249,-0.0049,0.0828,9.8109,0.0004,-0.0017,9.8066,-0.0082,0.006,0.0072,-4.81,-36.5,23.5,354.3,-83.34,-172.93,False
52.40243,-1.569718,164.81,0.0,3,256.64,29 / 29,182110,2019-09-08 12:10:01:349,-0.0894,-0.0795,9.8245,0.0009,0.0008,9.8066,-0.0069,-0.0133,-0.0123,-4.31,-35.56,23.31,356.5,-83.33,-172.98,False
52.40243,-1.569718,164.81,0.0,3,256.64,29 / 29,182210,2019-09-08 12:10:01:449,-0.0266,-0.0136,9.9648,0.0007,-0.0018,9.8066,-0.016,-0.0213,-0.0115,-4.62,-36.37,23.0,353.47,-83.33,-173.06,False
52.40243,-1.569718,164.81,0.0,3,256.64,29 / 29,182310,2019-09-08 12:10:01:549,-0.1011,0.0953,9.9249,0.0001,0.0029,9.8066,0.0202,-0.0214,-0.0133,-4.62,-35.69,23.56,354.14,-83.33,-173.06,False
52.40243,-1.569718,164.81,0.0,3,256.64,29 / 29,182410,2019-09-08 12:10:01:649,-0.0331,0.126,9.8318,0.0003,0.0013,9.8066,0.0076,-0.0201,0.0033,-5.0,-36.12,23.56,353.99,-83.35,-173.18,False
52.40243,-1.569718,164.81,0.0,3,256.64,29 / 29,182510,2019-09-08 12:10:01:749,-0.0444,-0.1439,9.8402,0.0006,-0.0019,9.8066,0.0054,0.0055,0.0093,-4.12,-36.12,24.13,356.76,-83.34,-173.2,False
52.40243,-1.569718,164.81,0.0,3,256.64,29 / 29,182610,2019-09-08 12:10:01:849,-0.1083,0.1717,9.8731,0.0006,-0.003,9.8066,-0.015,0.0178,0.0133,-4.81,-35.62,22.94,353.25,-83.33,-173.24,False
52.40243,-1.569718,164.81,0.0,3,256.64,27 / 28,182710,2019-09-08 12:10:01:949,-0.1038,-0.0067,9.9236,0.0,0.0031,9.8066,0.0114,0.0017,0.0095,-4.87,-36.0,23.75,353.95,-83.33,-173.21,False
52.40243,-1.569718,164.81,0.0,3,256.64,27 / 28,182810,2019-09-08 12:10:02:049,-0.0399,0.0934,9.8942,0.0003,0.0006,9.8065,0.0021,-0.0052,-0.0014,-4.37,-36.06,23.81,356.73,-83.34,-173.22,False
52.40243,-1.569718,164.81,0.0,3,256.64,27 / 28,182910,2019-09-08 12:10:02:149,-0.0852,0.0725,9.7798,0.001,0.0002,9.8066,0.0086,-0.0182,-0.0086,-4.19,-35.94,23.63,356.85,-83.34,-173.13,False
52.40243,-1.569718,164.81,0.0,3,256.64,27 / 28,183010,2019-09-08 12:10:02:249,-0.0426,-0.0689,9.9311,-0.0001,-0.0001,9.8066,0.0054,-0.0066,0.0015,-4.75,-36.06,23.94,353.92,-83.34,-173.23,False
52.40243,-1.569718,164.81,0.0,3,256.64,27 / 28,183110,2019-09-08 12:10:02:349,-0.0638,0.0638,9.8649,0.0008,-0.0004,9.8066,-0.0021,0.0072,0.0034,-4.37,-36.56,24.13,356.61,-83.32,-173.31,False
52.40243,-1.569718,164.81,0.0,3,256.64,27 / 28,183210,2019-09-08 12:10:02:449,-0.0742,-0.0882,9.7934,0.0,-0.0005,9.8066,-0.0057,0.0107,0.0088,-4.81,-36.37,23.63,353.76,-83.32,-173.37,False
52.40243,-1.569718,164.81,0.0,3,256.64,27 / 28,183310,2019-09-08 12:10:02:549,-0.0581,-0.1597,9.9283,0.0011,-0.0021,9.8066,-0.0076,-0.0025,0.0026,-4.56,-36.19,23.31,353.14,-83.31,-173.33,False
52.40243,-1.569718,164.81,0.0,3,256.64,27 / 28,183410,2019-09-08 12:10:02:649,-0.0509,0.0585,9.8246,0.0001,-0.0014,9.8066,0.0041,-0.0221,-0.0032,-4.69,-35.81,23.25,353.11,-83.31,-173.35,False
52.40243,-1.569718,164.81,0.0,3,256.64,27 / 28,183510,2019-09-08 12:10:02:749,-0.0587,0.022,9.7632,-0.0004,0.0033,9.8066,0.0138,-0.0095,-0.0074,-4.62,-35.69,23.31,353.2,-83.3,-173.28,False
52.40243,-1.569718,164.81,0.0,3,256.64,27 / 28,183610,2019-09-08 12:10:02:849,-0.0743,-0.1253,9.9093,-0.0001,0.004,9.8065,0.017,-0.0127,0.0019,-4.5,-36.12,23.81,356.52,-83.33,-173.39,False
52.40243,-1.569718,164.81,0.0,3,256.64,26 / 26,183710,2019-09-08 12:10:02:949,-0.0774,-0.0445,9.8199,0.0019,-0.0023,9.8066,0.0046,0.0063,0.0089,-4.75,-36.25,23.5,353.65,-83.31,-173.45,False
52.40243,-1.569718,164.81,0.0,3,256.64,26 / 26,183809,2019-09-08 12:10:03:048,-0.0786,-0.0921,9.9176,0.0017,-0.005,9.8066,-0.0164,0.0077,0.0146,-4.62,-36.5,24.06,353.54,-83.29,-173.54,False
52.40243,-1.569718,164.81,0.0,3,256.64,26 / 26,183910,2019-09-08 12:10:03:149,0.0361,0.0834,9.8329,-0.0003,0.0037,9.8066,0.0084,0.0029,0.0058,-4.75,-36.06,23.56,353.52,-83.3,-173.56,False
52.40243,-1.569718,164.81,0.0,3,256.64,26 / 26,184010,2019-09-08 12:10:03:249,-0.0505,0.061,9.8637,-0.0012,0.0008,9.8066,-0.0069,-0.0054,-0.0041,-4.5,-36.19,23.88,356.34,-83.31,-173.54,False
52.40243,-1.569718,164.81,0.0,3,256.64,26 / 26,184110,2019-09-08 12:10:03:349,-0.0436,-0.0607,9.8843,0.0013,-0.0011,9.8066,-0.0063,-0.0194,-0.0105,-4.56,-36.12,23.81,353.61,-83.31,-173.49,False
52.40243,-1.569718,164.81,0.0,3,256.64,26 / 26,184210,2019-09-08 12:10:03:449,-0.115,-0.1037,9.9489,-0.0003,-0.0005,9.8066,-0.0076,-0.0137,-0.0131,-5.44,-35.87,23.69,353.49,-83.3,-173.59,False
52.40243,-1.569718,164.81,0.0,3,256.64,26 / 26,184310,2019-09-08 12:10:03:549,-0.0213,0.0533,9.8539,0.001,0.0006,9.8065,0.019,-0.0122,0.0048,-4.75,-36.19,23.5,353.36,-83.31,-173.7,False
52.40243,-1.569718,164.81,0.0,3,256.64,26 / 26,184410,2019-09-08 12:10:03:649,0.0046,0.0207,9.8752,-0.0006,-0.001,9.8066,0.0002,0.0053,0.0033,-4.75,-35.75,23.56,353.35,-83.31,-173.7,False
52.40243,-1.569718,164.81,0.0,3,256.64,26 / 26,184510,2019-09-08 12:10:03:749,-0.0791,-0.1345,9.9102,0.0012,-0.0015,9.8066,0.0,0.0109,0.0173,-5.06,-35.81,23.06,352.59,-83.32,-173.78,False
52.40243,-1.569718,164.81,0.0,3,256.64,26 / 26,184611,2019-09-08 12:10:03:850,-0.0366,0.1064,9.9168,0.0004,-0.0026,9.8066,-0.014,0.0157,0.0053,-4.44,-35.87,23.25,355.47,-83.29,-173.82,False
52.40243,-1.569718,164.81,0.0,3,256.64,27 / 27,184709,2019-09-08 12:10:03:948,-0.0721,0.0086,9.9,-0.0002,0.0015,9.8066,-0.0083,-0.0071,0.0009,-5.0,-35.62,23.38,352.52,-83.3,-173.83,False
52.40243,-1.569718,164.81,0.0,3,256.64,27 / 27,184810,2019-09-08 12:10:04:049,0.0202,0.2371,9.8977,-0.0014,0.0009,9.8066,-0.0143,-0.0038,-0.0147,-4.81,-36.75,23.31,352.53,-83.3,-173.79,False
52.40243,-1.569718,164.81,0.0,3,256.64,27 / 27,184910,2019-09-08 12:10:04:149,-0.093,0.1002,9.8878,0.0005,-0.0014,9.8066,-0.0007,-0.022,-0.0049,-4.81,-36.06,23.56,353.27,-83.29,-173.76,False
52.40243,-1.569718,164.81,0.0,3,256.64,27 / 27,185010,2019-09-08 12:10:04:249,-0.0383,-0.0903,9.8469,0.0002,-0.001,9.8066,0.0081,-0.0151,-0.0131,-4.81,-35.87,23.69,353.28,-83.29,-173.75,False
52.40243,-1.569718,164.81,0.0,3,256.64,27 / 27,185110,2019-09-08 12:10:04:349,-0.0256,0.1093,9.8773,0.0016,0.0026,9.8066,0.0128,-0.0015,0.0057,-4.31,-36.31,23.25,355.53,-83.29,-173.77,False
52.40243,-1.569718,164.81,0.0,3,256.64,27 / 27,185210,2019-09-08 12:10:04:449,-0.0175,-0.0249,9.7441,0.0008,0.0018,9.8066,0.0115,0.0068,0.0058,-5.06,-36.06,23.44,352.33,-83.3,-173.99,False
52.40243,-1.569718,164.81,0.0,3,256.64,27 / 27,185310,2019-09-08 12:10:04:549,0.0071,0.0166,9.8057,0.0,-0.0038,9.8066,-0.0131,0.0119,0.0139,-4.87,-36.44,23.38,352.22,-83.31,-174.08,False
52.40243,-1.569718,164.81,0.0,3,256.64,27 / 27,185410,2019-09-08 12:10:04:649,-0.028,0.0392,9.9354,-0.0008,-0.0011,9.8066,-0.0172,0.0157,0.0082,-4.69,-36.31,23.81,353.03,-83.28,-173.96,False
52.40243,-1.569718,164.81,0.0,3,256.64,27 / 27,185510,2019-09-08 12:10:04:749,-0.0138,0.039,9.9793,0.0004,-0.0009,9.8066,-0.0092,-0.0047,-0.0008,-4.31,-35.87,24.06,355.86,-83.28,-173.93,False
52.40243,-1.569718,164.81,0.0,3,256.64,27 / 27,185610,2019-09-08 12:10:04:849,0.0543,0.1489,9.8033,0.0,-0.0004,9.8066,-0.012,-0.008,-0.016,-4.81,-36.0,23.13,352.51,-83.28,-173.84,False
52.40243,-1.569718,164.81,0.0,3,256.64,27 / 28,185710,2019-09-08 12:10:04:949,-0.0648,-0.1795,9.8493,-0.002,-0.0005,9.8066,-0.0054,-0.0219,-0.0154,-4.87,-36.56,24.25,353.14,-83.29,-173.84,False
52.40243,-1.569718,164.81,0.0,3,256.64,27 / 28,185810,2019-09-08 12:10:05:049,0.0188,-0.1004,9.9189,-0.0009,0.0021,9.8066,0.0004,-0.0183,-0.0086,-4.56,-35.75,23.94,353.41,-83.29,-173.65,False
52.40243,-1.569718,164.81,0.0,3,256.64,27 / 28,185910,2019-09-08 12:10:05:149,-0.0784,0.0115,9.8473,0.0009,-0.0037,9.8066,-0.0079,0.004,-0.0074,-4.69,-35.81,23.56,353.42,-83.31,-173.64,False
52.40243,-1.569718,164.81,0.0,3,256.64,27 / 28,186010,2019-09-08 12:10:05:249,-0.0112,-0.0626,9.8843,0.0001,0.0,9.8066,-0.0028,0.013,0.0096,-4.56,-35.94,23.75,353.29,-83.29,-173.75,False
52.40243,-1.569718,164.81,0.0,3,256.64,27 / 28,186110,2019-09-08 12:10:05:349,0.0252,0.0282,9.9678,-0.0007,0.0005,9.8066,-0.0043,0.0034,0.002,-5.19,-36.25,23.5,353.24,-83.29,-173.79,False
52.40243,-1.569718,164.81,0.0,3,256.64,27 / 28,186210,2019-09-08 12:10:05:449,-0.0383,-0.0332,9.8175,-0.0007,0.0003,9.8066,0.002,-0.002,0.002,-4.44,-36.0,23.88,356.11,-83.28,-173.73,False
52.40243,-1.569718,164.81,0.0,3,256.64,27 / 28,186309,2019-09-08 12:10:05:548,-0.0637,-0.1622,9.8816,-0.0019,-0.0018,9.8066,-0.007,-0.0122,-0.0143,-4.62,-35.25,23.25,352.74,-83.28,-173.69,False
52.40243,-1.569718,164.81,0.0,3,256.64,27 / 28,186410,2019-09-08 12:10:05:649,0.0319,0.0608,9.9524,-0.0003,0.0019,9.8066,0.0032,-0.0103,-0.0112,-4.69,-36.0,23.63,353.51,-83.29,-173.57,False
52.40243,-1.569718,164.81,0.0,3,256.64,27 / 28,186510,2019-09-08 12:10:05:749,-0.0272,-0.0751,9.8527,0.0007,-0.0031,9.8066,-0.0022,-0.0054,-0.0014,-4.56,-36.0,23.44,352.82,-83.29,-173.59,False
52.40243,-1.569718,164.81,0.0,3,256.64,27 / 28,186610,2019-09-08 12:10:05:849,-0.0372,-0.1505,9.8055,0.0004,-0.0013,9.8066,0.0109,0.0073,0.0061,-5.0,-36.44,23.94,353.44,-83.29,-173.62,False
52.40243,-1.569718,164.81,0.0,3,256.64,28 / 28,186710,2019-09-08 12:10:05:949,-0.0948,0.0404,9.9661,-0.0009,0.0002,9.8066,-0.0056,0.0201,0.0027,-5.31,-35.31,23.38,352.73,-83.28,-173.7,False
52.40243,-1.569718,164.81,0.0,3,256.64,28 / 28,186810,2019-09-08 12:10:06:049,-0.0583,-0.0409,9.8703,-0.0006,0.0011,9.8066,0.0075,0.0042,0.0126,-5.06,-35.75,23.38,352.71,-83.29,-173.68,False
52.40243,-1.569718,164.81,0.0,3,256.64,28 / 28,186910,2019-09-08 12:10:06:149,-0.0751,-0.0545,9.7753,-0.0006,0.0014,9.8066,-0.008,-0.0004,-0.0109,-4.81,-35.81,23.19,352.71,-83.29,-173.67,False
52.40243,-1.569718,164.81,0.0,3,256.64,28 / 28,187010,2019-09-08 12:10:06:249,0.0532,-0.1336,9.8897,0.001,0.0005,9.8066,0.0071,-0.0205,-0.0021,-4.94,-36.56,23.5,353.34,-83.3,-173.67,False
52.40243,-1.569718,164.81,0.0,3,256.64,28 / 28,187110,2019-09-08 12:10:06:349,-0.0604,0.0427,9.9419,-0.0015,-0.0017,9.8066,0.003,-0.0132,-0.0125,-4.94,-36.31,23.88,353.51,-83.3,-173.56,False
52.40243,-1.569718,164.81,0.0,3,256.64,28 / 28,187210,2019-09-08 12:10:06:449,-0.1041,-0.0342,9.7673,0.0008,-0.0004,9.8066,0.0128,-0.0097,0.0019,-4.69,-35.5,23.19,353.0,-83.3,-173.47,False
52.40243,-1.569718,164.81,0.0,3,256.64,28 / 28,187310,2019-09-08 12:10:06:549,0.0179,-0.0981,9.801,-0.0009,0.0034,9.8066,0.0161,0.0067,-0.0025,-5.12,-35.25,23.63,353.71,-83.31,-173.43,False
52.40243,-1.569718,164.81,0.0,3,256.64,28 / 28,187410,2019-09-08 12:10:06:649,-0.0751,-0.0522,9.976,0.0013,0.0035,9.8066,0.0185,0.0118,0.0195,-5.19,-36.31,24.38,353.42,-83.31,-173.65,False
52.40243,-1.569718,164.81,0.0,3,256.64,28 / 28,187510,2019-09-08 12:10:06:749,-0.0417,0.0271,9.8846,0.0006,-0.0052,9.8066,-0.0187,0.017,0.0068,-5.44,-35.94,23.63,353.4,-83.3,-173.66,False
52.40243,-1.569718,164.81,0.0,3,256.64,28 / 28,187610,2019-09-08 12:10:06:849,-0.0553,-0.0982,9.873,0.0007,-0.0047,9.8066,-0.0205,0.0065,0.0099,-4.81,-36.37,23.06,352.69,-83.28,-173.69,False
52.40243,-1.569718,164.81,0.0,3,256.64,28 / 28,187710,2019-09-08 12:10:06:949,-0.0896,-0.0789,9.9261,-0.0009,0.0021,9.8065,0.0087,-0.0069,-0.0086,-4.75,-35.75,23.69,353.44,-83.27,-173.62,False
52.40243,-1.569718,164.81,0.0,3,256.64,28 / 28,187810,2019-09-08 12:10:07:049,-0.0392,0.1309,9.9059,-0.0005,0.0004,9.8066,0.0085,-0.0227,-0.0101,-4.44,-36.44,23.0,355.74,-83.28,-173.59,False
52.40243,-1.569718,164.81,0.0,3,256.64,28 / 28,187910,2019-09-08 12:10:07:149,-0.0546,0.0905,9.782,0.0011,0.0006,9.8066,0.0065,-0.0143,-0.0117,-4.19,-35.87,23.38,355.8,-83.27,-173.55,False
52.40243,-1.569718,164.81,0.0,3,256.64,28 / 28,188010,2019-09-08 12:10:07:249,-0.0944,-0.0698,9.9081,0.0003,0.0001,9.8066,0.0024,-0.0067,0.0119,-4.5,-36.0,22.88,355.71,-83.28,-173.62,False
52.40243,-1.569718,164.81,0.0,3,256.64,28 / 28,188110,2019-09-08 12:10:07:349,-0.0665,0.0507,9.8641,0.0004,-0.0004,9.8066,0.0028,0.0101,0.0115,-4.5,-35.94,23.94,356.45,-83.28,-173.45,False
52.40243,-1.569718,164.81,0.0,3,256.64,28 / 28,188210,2019-09-08 12:10:07:449,-0.061,0.033,9.8003,-0.0005,-0.0013,9.8066,-0.0098,0.0155,0.0163,-4.87,-35.94,23.81,353.67,-83.27,-173.43,False
52.40243,-1.569718,164.81,0.0,3,256.64,28 / 28,188310,2019-09-08 12:10:07:549,-0.0987,-0.081,9.9503,-0.0001,-0.001,9.8066,-0.0002,-0.0016,-0.0001,-4.69,-36.5,24.13,353.78,-83.28,-173.34,False
52.40243,-1.569718,164.81,0.0,3,256.64,28 / 28,188410,2019-09-08 12:10:07:649,0.0095,0.1131,9.9047,-0.0001,-0.0012,9.8066,0.0001,-0.009,-0.0048,-4.75,-36.5,23.81,353.73,-83.27,-173.38,False
52.40243,-1.569718,164.81,0.0,3,256.64,28 / 28,188510,2019-09-08 12:10:07:749,-0.0629,0.0652,9.7742,-0.0001,0.0028,9.8066,0.0122,-0.0153,-0.0089,-4.69,-36.19,23.5,353.81,-83.29,-173.32,False
52.40243,-1.569718,164.81,0.0,3,256.64,28 / 28,188610,2019-09-08 12:10:07:849,-0.0762,-0.0511,9.9051,-0.0007,0.0018,9.8066,0.0032,-0.0133,0.0006,-4.44,-36.0,23.88,356.57,-83.29,-173.36,False
52.40243,-1.569718,164.81,0.0,3,256.64,27 / 27,188711,2019-09-08 12:10:07:950,-0.023,0.1005,9.9435,0.0018,-0.0027,9.8066,0.0063,0.0013,0.0049,-4.87,-36.5,24.0,353.88,-83.29,-173.27,False
52.40243,-1.569718,164.81,0.0,3,256.64,27 / 27,188810,2019-09-08 12:10:08:049,-0.048,0.051,9.7848,-0.0001,-0.0039,9.8066,-0.0133,0.0075,0.0155,-5.06,-36.25,23.94,353.74,-83.27,-173.37,False
52.40243,-1.569718,164.81,0.0,3,256.64,27 / 27,188910,2019-09-08 12:10:08:149,-0.0728,-0.0469,9.8871,-0.0008,0.0021,9.8066,0.0095,0.0016,0.0066,-4.5,-36.19,23.0,356.22,-83.27,-173.21,False
52.40243,-1.569718,164.81,0.0,3,256.64,27 / 27,189009,2019-09-08 12:10:08:248,-0.0173,0.0771,9.9588,-0.0007,0.0001,9.8066,-0.0057,-0.0058,-0.0021,-4.94,-36.19,24.0,354.03,-83.27,-173.14,False
52.40243,-1.569718,164.81,0.0,3,256.64,27 / 27,189110,2019-09-08 12:10:08:349,-0.0835,0.0296,9.8449,0.0001,0.0017,9.8066,0.0108,-0.0169,-0.0028,-5.0,-36.19,23.5,354.13,-83.28,-173.06,False
52.40243,-1.569718,164.81,0.0,3,256.64,27 / 27,189210,2019-09-08 12:10:08:449,-0.0403,-0.0345,9.8326,-0.0001,-0.0004,9.8066,0.0057,-0.0197,-0.008,-4.81,-35.69,23.81,354.17,-83.27,-173.02,False
52.40243,-1.569718,164.81,0.0,3,256.64,27 / 27,189310,2019-09-08 12:10:08:549,0.0277,0.0539,9.9494,0.0012,-0.0011,9.8066,0.0094,-0.0118,0.0074,-5.0,-36.44,23.75,354.25,-83.27,-172.95,False
52.40243,-1.569718,164.81,0.0,3,256.64,27 / 27,189410,2019-09-08 12:10:08:649,-0.1074,0.1041,9.8443,0.0004,-0.0038,9.8066,-0.0098,0.005,0.0058,-4.94,-35.81,23.75,354.17,-83.25,-173.02,False
52.40243,-1.569718,164.81,0.0,3,256.64,27 / 27,189510,2019-09-08 12:10:08:749,-0.042,0.0459,9.8413,-0.0009,0.0027,9.8065,0.0125,0.0104,0.0158,-5.12,-35.94,23.5,354.15,-83.25,-173.03,False
52.40243,-1.569718,164.81,0.0,3,256.64,27 / 27,189610,2019-09-08 12:10:08:849,0.0648,0.0428,9.9778,-0.001,0.0014,9.8066,-0.0045,0.0085,-0.0023,-4.69,-35.75,23.38,353.6,-83.26,-172.95,False
52.40243,-1.569718,164.81,0.0,3,256.64,28 / 28,189710,2019-09-08 12:10:08:949,-0.0715,0.01,9.871,0.0001,0.0,9.8066,0.0038,-0.0184,-0.0005,-4.69,-35.75,23.13,353.59,-83.25,-172.95,False
52.40243,-1.569718,164.81,0.0,3,256.64,28 / 28,189810,2019-09-08 12:10:09:049,0.0163,0.0443,9.7711,-0.0001,-0.0011,9.8066,-0.0079,-0.0107,-0.0102,-4.62,-35.56,23.5,354.25,-83.24,-172.95,False
52.40243,-1.569718,164.81,0.0,3,256.64,28 / 28,189910,2019-09-08 12:10:09:149,-0.0251,0.0297,9.9536,0.0013,0.0005,9.8066,0.0168,-0.0281,-0.0038,-4.25,-35.62,23.19,356.68,-83.25,-172.83,False
52.40243,-1.569718,164.81,0.0,3,256.64,28 / 28,190010,2019-09-08 12:10:09:249,-0.0778,0.1282,9.9735,-0.0003,-0.0016,9.8066,0.0094,-0.0067,-0.0091,-4.62,-36.25,23.5,354.26,-83.24,-172.95,False
52.40243,-1.569718,164.81,0.0,3,256.64,28 / 28,190110,2019-09-08 12:10:09:349,0.0443,0.2883,9.8806,-0.0001,0.0022,9.8066,0.0184,0.007,0.0087,-4.44,-36.19,23.13,356.47,-83.24,-173.0,False
52.40243,-1.569718,164.81,0.0,3,256.64,28 / 28,190209,2019-09-08 12:10:09:448,0.025,-0.0937,9.8431,-0.0014,0.0034,9.8065,0.0108,0.0089,0.0121,-4.94,-35.94,23.25,353.55,-83.26,-172.98,False
52.40243,-1.569718,164.81,0.0,3,256.64,28 / 28,190310,2019-09-08 12:10:09:549,-0.0269,0.0438,9.9263,-0.0002,-0.0025,9.8066,-0.012,0.0121,0.0141,-4.81,-36.37,23.06,353.56,-83.25,-172.97,False
52.40243,-1.569718,164.81,0.0,3,256.64,28 / 28,190410,2019-09-08 12:10:09:649,0.0094,0.1015,9.7861,-0.0009,-0.0022,9.8066,-0.0188,-0.0003,-0.0073,-4.56,-36.12,23.44,353.8,-83.24,-172.78,False
52.40243,-1.569718,164.81,0.0,3,256.64,28 / 28,190510,2019-09-08 12:10:09:749,0.0833,-0.1107,9.8835,0.001,0.0007,9.8066,0.0031,-0.0162,-0.0035,-4.75,-35.37,23.13,353.92,-83.26,-172.72,False
52.40243,-1.569718,164.81,0.0,3,256.64,28 / 28,190610,2019-09-08 12:10:09:849,-0.028,0.0138,9.9184,-0.0015,0.0004,9.8066,0.0021,-0.0131,-0.0123,-4.37,-36.12,23.63,357.47,-83.26,-172.61,False
52.40243,-1.569718,164.81,0.0,3,256.64,28 / 28,190710,2019-09-08 12:10:09:949,-0.0002,0.0791,9.8482,-0.0004,-0.0015,9.8066,0.0043,-0.0095,0.0025,-4.56,-35.75,23.63,354.6,-83.27,-172.67,False
52.40243,-1.569718,164.81,0.0,3,256.64,27 / 28,190810,2019-09-08 12:10:10:049,0.0764,-0.0109,9.8555,-0.0003,0.0005,9.8066,0.0023,0.008,-0.0013,-4.37,-35.81,23.5,357.42,-83.25,-172.65,False
52.40243,-1.569718,164.81,0.0,3,256.64,27 / 28,190910,2019-09-08 12:10:10:149,-0.0533,0.1078,9.9327,-0.0013,-0.0019,9.8066,-0.0117,0.0141,0.0108,-4.69,-36.31,23.63,354.61,-83.24,-172.65,False
52.40243,-1.569718,164.81,0.0,3,256.64,27 / 28,191009,2019-09-08 12:10:10:248,0.0098,0.1356,9.8395,-0.0013,-0.0007,9.8066,-0.0137,0.0112,-0.0028,-4.44,-35.94,23.19,356.97,-83.24,-172.59,False
52.40243,-1.569718,164.81,0.0,3,256.64,27 / 28,191110,2019-09-08 12:10:10:349,0.0214,-0.084,9.8118,0.0002,0.0,9.8066,-0.0031,-0.0113,-0.0076,-5.06,-35.75,23.19,353.97,-83.25,-172.64,False
52.40243,-1.569718,164.81,0.0,3,256.64,27 / 28,191210,2019-09-08 12:10:10:449,-0.003,-0.0959,9.8556,-0.0013,0.0005,9.8065,0.0055,-0.008,-0.0186,-4.75,-36.0,23.44,354.1,-83.25,-172.54,False
52.40243,-1.569718,164.81,0.0,3,256.64,27 / 28,191310,2019-09-08 12:10:10:549,0.0652,0.1993,9.8817,-0.0017,0.0028,9.8066,0.0108,-0.013,-0.0075,-4.75,-36.06,23.38,354.05,-83.24,-172.57,False
52.40243,-1.569718,164.81,0.0,3,256.64,27 / 28,191410,2019-09-08 12:10:10:649,-0.0329,0.0264,9.7858,-0.0008,0.0029,9.8066,0.01,-0.0028,0.0013,-4.56,-35.56,23.63,354.83,-83.26,-172.47,False
52.40243,-1.569718,164.81,0.0,3,256.64,27 / 28,191510,2019-09-08 12:10:10:749,-0.001,-0.1331,9.8258,0.0006,-0.0036,9.8066,-0.002,0.0064,0.011,-4.37,-35.81,23.31,357.02,-83.26,-172.56,False
52.40243,-1.569718,164.81,0.0,3,256.64,27 / 28,191610,2019-09-08 12:10:10:849,0.0391,0.1305,9.9275,0.0003,-0.0044,9.8066,-0.0136,0.0134,0.0114,-4.31,-35.75,23.75,357.56,-83.25,-172.53,False
52.40243,-1.569718,164.81,0.0,3,256.64,29 / 29,191710,2019-09-08 12:10:10:949,0.0706,-0.0002,9.8362,-0.0011,0.0013,9.8066,0.0042,0.0079,0.0061,-4.75,-36.19,23.25,354.0,-83.26,-172.62,False
52.40243,-1.569718,164.81,0.0,3,256.64,29 / 29,191810,2019-09-08 12:10:11:049,-0.0566,-0.0312,9.8816,-0.0022,0.0001,9.8066,0.01,-0.0108,0.0009,-4.69,-36.25,24.19,354.94,-83.25,-172.39,False
52.40243,-1.569718,164.81,0.0,3,256.64,29 / 29,191910,2019-09-08 12:10:11:149,-0.0659,-0.0389,9.8375,-0.0014,-0.0023,9.8066,-0.0056,-0.0096,-0.0131,-5.12,-36.25,23.63,355.13,-83.24,-172.23,False
52.40243,-1.569718,164.81,0.0,3,256.64,29 / 29,192010,2019-09-08 12:10:11:249,0.0594,-0.0246,9.8489,-0.0004,0.0012,9.8066,0.0064,-0.0147,-0.009,-5.12,-35.87,24.19,355.21,-83.24,-172.16,False
52.40243,-1.569718,164.81,0.0,3,256.64,29 / 29,192110,2019-09-08 12:10:11:349,-0.0337,-0.0493,9.886,0.0014,-0.001,9.8066,-0.004,0.0004,-0.0013,-4.87,-36.19,23.5,355.06,-83.24,-172.29,False
52.40243,-1.569718,164.81,0.0,3,256.64,29 / 29,192210,2019-09-08 12:10:11:449,0.0672,0.134,9.8819,-0.0002,0.0001,9.8066,-0.0003,0.0095,0.0073,-4.44,-35.87,23.63,357.74,-83.24,-172.39,False
52.40243,-1.569718,164.81,0.0,3,256.64,29 / 29,192310,2019-09-08 12:10:11:549,0.0579,-0.0923,9.842,-0.0014,0.0007,9.8066,-0.0027,0.0099,0.0045,-4.75,-36.19,23.56,354.94,-83.24,-172.38,False
52.40243,-1.569718,164.81,0.0,3,256.64,29 / 29,192410,2019-09-08 12:10:11:649,-0.0238,-0.0721,9.8876,-0.0004,0.0021,9.8066,0.0087,0.001,0.0003,-5.19,-36.62,23.38,354.42,-83.25,-172.24,False
52.40243,-1.569718,164.81,0.0,3,256.64,29 / 29,192510,2019-09-08 12:10:11:749,0.1173,0.1846,9.8321,-0.0025,0.0009,9.8065,-0.005,-0.0107,-0.0121,-4.56,-36.19,23.69,355.23,-83.26,-172.14,False
52.40243,-1.569718,164.81,0.0,3,256.64,29 / 29,192610,2019-09-08 12:10:11:849,-0.0322,-0.0113,9.8389,-0.0003,-0.0001,9.8066,0.0047,-0.0202,-0.0049,-4.94,-36.12,23.38,354.73,-83.25,-172.02,False
52.40243,-1.569718,164.81,0.0,3,256.64,28 / 28,192710,2019-09-08 12:10:11:949,-0.0385,-0.0795,9.9411,-0.001,-0.0025,9.8066,0.0029,-0.0048,-0.0023,-4.62,-36.19,23.63,355.31,-83.26,-172.08,False
52.40243,-1.569718,164.81,0.0,3,256.64,28 / 28,192810,2019-09-08 12:10:12:049,0.0151,0.1682,9.8577,0.0019,-0.0012,9.8066,0.0085,0.0024,0.0106,-4.62,-36.25,23.13,354.58,-83.25,-172.14,False
52.40243,-1.569718,164.81,0.0,3,256.64,28 / 28,192910,2019-09-08 12:10:12:149,0.0983,-0.1357,9.7364,-0.0018,0.0027,9.8066,-0.0005,0.0206,0.0023,-4.62,-36.06,23.25,354.48,-83.23,-172.23,False
52.40243,-1.569718,164.81,0.0,3,256.64,28 / 28,193010,2019-09-08 12:10:12:249,-0.0751,-0.0883,9.9535,-0.0004,0.004,9.8066,0.0116,0.0072,0.0155,-4.37,-35.56,23.81,358.09,-83.26,-172.11,False
52.40243,-1.569718,164.81,0.0,3,256.64,28 / 28,193110,2019-09-08 12:10:12:349,0.0956,0.1141,9.8963,-0.0007,-0.0017,9.8066,-0.012,0.0003,-0.0122,-4.5,-35.94,23.25,357.72,-83.24,-171.98,False
52.40243,-1.569718,164.81,0.0,3,256.64,28 / 28,193210,2019-09-08 12:10:12:449,0.0132,-0.0459,9.764,0.0002,-0.0004,9.8066,0.0027,-0.0184,-0.0037,-4.69,-36.25,23.06,354.82,-83.25,-171.95,False
52.40243,-1.569718,164.81,0.0,3,256.64,28 / 28,193310,2019-09-08 12:10:12:549,-0.0647,-0.0501,9.9645,-0.0003,-0.0009,9.8066,0.0098,-0.0208,-0.0124,-5.0,-36.31,23.69,355.51,-83.25,-171.92,False
52.40243,-1.569718,164.81,0.0,3,256.64,28 / 28,193410,2019-09-08 12:10:12:649,0.0004,0.1487,9.9182,0.0011,-0.0008,9.8066,0.0143,-0.0175,0.0076,-4.75,-36.06,23.13,354.83,-83.25,-171.94,False
52.40243,-1.569718,164.81,0.0,3,256.64,28 / 28,193510,2019-09-08 12:10:12:749,0.003,0.0775,9.7866,-0.0002,0.0027,9.8066,0.012,0.0027,0.0028,-4.75,-36.62,23.31,354.81,-83.24,-171.93,False
52.40243,-1.569718,164.81,0.0,3,256.64,28 / 28,193610,2019-09-08 12:10:12:849,-0.0948,-0.1249,9.8965,0.0007,0.002,9.8065,0.0111,0.0034,0.0193,-4.56,-36.31,23.5,355.38,-83.26,-172.02,False
52.40243,-1.569718,164.81,0.0,3,256.64,28 / 28,193710,2019-09-08 12:10:12:949,0.0,0.0003,9.9095,-0.0001,-0.0023,9.8066,-0.0122,0.0165,0.0037,-4.94,-35.94,24.19,355.34,-83.25,-172.06,False
52.40243,-1.569718,164.81,0.0,3,256.64,28 / 28,193810,2019-09-08 12:10:13:049,-0.0101,0.0863,9.8263,-0.0003,-0.0014,9.8066,-0.0118,-0.0055,0.0017,-5.0,-35.56,23.44,354.74,-83.24,-172.01,False
52.40243,-1.569718,164.81,0.0,3,256.64,28 / 28,193910,2019-09-08 12:10:13:149,-0.0682,-0.0639,9.8842,-0.0008,0.0002,9.8066,0.0017,-0.0158,-0.0161,-5.25,-35.87,23.44,354.84,-83.24,-171.93,False
52.40243,-1.569718,164.81,0.0,3,256.64,28 / 28,194010,2019-09-08 12:10:13:249,0.012,-0.0704,9.868,0.0013,-0.0012,9.8066,0.0052,-0.0227,-0.0066,-4.37,-36.0,23.63,358.3,-83.25,-171.93,False
52.40243,-1.569718,164.81,0.0,3,256.64,28 / 28,194110,2019-09-08 12:10:13:349,-0.0873,0.144,9.8954,-0.0005,0.0032,9.8066,0.0167,-0.0094,-0.005,-4.75,-36.44,23.44,354.87,-83.25,-171.91,False
52.40243,-1.569718,164.81,0.0,3,256.64,28 / 28,194210,2019-09-08 12:10:13:449,-0.0245,0.0478,9.8583,0.0,0.0014,9.8066,0.013,-0.004,0.0113,-4.81,-36.12,23.88,355.4,-83.25,-172.01,False
52.40243,-1.569718,164.81,0.0,3,256.64,28 / 28,194310,2019-09-08 12:10:13:549,0.0471,-0.1625,9.832,0.0001,-0.0006,9.8066,0.0016,0.0148,0.0093,-4.94,-36.19,23.19,354.73,-83.25,-172.02,False
52.40243,-1.569718,164.81,0.0,3,256.64,28 / 28,194410,2019-09-08 12:10:13:649,-0.0905,0.0595,9.8953,0.0001,-0.0022,9.8066,-0.0175,0.0106,0.0096,-4.19,-36.12,23.56,358.19,-83.24,-172.02,False
52.40243,-1.569718,164.81,0.0,3,256.64,28 / 28,194510,2019-09-08 12:10:13:749,-0.0012,0.1119,9.8522,-0.0007,0.0014,9.8066,0.0083,-0.0019,-0.0025,-5.0,-36.5,23.88,355.39,-83.24,-172.01,False
52.40243,-1.569718,164.81,0.0,3,256.64,28 / 28,194610,2019-09-08 12:10:13:849,0.0847,0.009,9.9325,0.001,-0.0015,9.8066,0.0045,-0.015,-0.0016,-4.25,-36.12,23.38,357.66,-83.24,-172.04,False
52.40243,-1.569718,164.81,0.0,3,256.64,28 / 29,194710,2019-09-08 12:10:13:949,-0.0486,0.2555,9.9248,-0.0017,0.0024,9.8066,0.0137,-0.014,-0.0072,-4.56,-36.69,23.88,355.62,-83.25,-171.81,False
52.40243,-1.569718,164.81,0.0,3,256.64,28 / 29,194810,2019-09-08 12:10:14:049,-0.0601,0.0827,9.8229,0.0003,0.0012,9.8066,0.0025,-0.0115,0.0079,-4.56,-36.31,23.56,355.59,-83.24,-171.85,False
52.40243,-1.569718,164.81,0.0,3,256.64,28 / 29,194910,2019-09-08 12:10:14:149,-0.0926,-0.0345,9.8714,0.0017,-0.0023,9.8066,0.0004,0.0019,0.0085,-4.44,-36.06,23.63,358.52,-83.24,-171.75,False
52.40243,-1.569718,164.81,0.0,3,256.64,28 / 29,195010,2019-09-08 12:10:14:249,-0.0416,0.1852,9.9273,0.0014,-0.0033,9.8066,-0.0191,0.0161,0.0116,-4.62,-36.25,23.63,355.48,-83.21,-171.93,False
52.40243,-1.569718,164.81,0.0,3,256.64,28 / 29,195110,2019-09-08 12:10:14:349,0.0122,0.1002,9.789,0.0003,0.0021,9.8066,0.0068,-0.0071,0.003,-4.69,-36.06,23.25,354.97,-83.21,-171.82,False
52.40243,-1.569718,164.81,0.0,3,256.64,28 / 29,195210,2019-09-08 12:10:14:449,-0.0735,-0.1449,9.9018,-0.0012,0.0013,9.8066,0.013,-0.0072,-0.002,-4.56,-35.87,23.63,355.61,-83.23,-171.83,False
52.40243,-1.569718,164.81,0.0,3,256.64,28 / 29,195310,2019-09-08 12:10:14:549,-0.0205,0.0638,9.9321,0.0007,-0.0008,9.8066,0.0082,-0.0079,-0.0048,-5.19,-36.0,23.5,355.64,-83.22,-171.81,False
52.40243,-1.569718,164.81,0.0,3,256.64,28 / 29,195410,2019-09-08 12:10:14:649,0.0002,0.0386,9.8282,-0.0004,0.0017,9.8066,0.0032,-0.0031,0.0023,-4.5,-36.25,23.19,357.88,-83.22,-171.85,False
52.40243,-1.569718,164.81,0.0,3,256.64,28 / 29,195510,2019-09-08 12:10:14:749,-0.061,-0.1381,9.8949,0.0007,-0.0017,9.8066,-0.0046,0.0145,0.0109,-4.87,-35.75,23.5,355.64,-83.22,-171.81,False
52.40243,-1.569718,164.81,0.0,3,256.64,28 / 29,195610,2019-09-08 12:10:14:849,-0.0033,0.1227,9.9155,0.0011,-0.0016,9.8066,-0.0165,0.0074,0.0076,-4.75,-36.12,23.63,355.58,-83.21,-171.85,False
52.40243,-1.569718,164.81,0.0,3,256.64,29 / 29,195710,2019-09-08 12:10:14:949,-0.0373,-0.0245,9.8888,-0.0008,0.002,9.8066,0.0057,-0.0012,-0.0031,-4.62,-36.12,23.63,355.71,-83.23,-171.75,False
52.40243,-1.569718,164.81,0.0,3,256.64,29 / 29,195810,2019-09-08 12:10:15:049,-0.0292,0.0884,9.9425,-0.0012,0.0002,9.8066,0.001,-0.0101,-0.0001,-4.81,-36.19,23.31,355.12,-83.22,-171.7,False
52.40243,-1.569718,164.81,0.0,3,256.64,29 / 29,195910,2019-09-08 12:10:15:149,-0.1106,0.2168,9.8393,0.0003,0.0008,9.8066,0.0014,-0.0157,-0.0133,-5.19,-36.44,23.88,356.01,-83.22,-171.51,False
52.40243,-1.569718,164.81,0.0,3,256.64,29 / 29,196010,2019-09-08 12:10:15:249,-0.01,-0.078,9.842,-0.0008,0.0008,9.8066,0.006,-0.0121,-0.0072,-4.81,-35.87,23.56,355.93,-83.23,-171.57,False
52.40243,-1.569718,164.81,0.0,3,256.64,29 / 29,196110,2019-09-08 12:10:15:349,0.0802,0.112,9.9894,0.0014,-0.0003,9.8066,0.0216,-0.0117,0.0138,-4.25,-36.0,23.69,358.75,-83.23,-171.56,False
52.40243,-1.569718,164.81,0.0,3,256.64,29 / 29,196210,2019-09-08 12:10:15:449,-0.0774,0.2078,9.9202,0.0002,-0.0025,9.8066,0.0059,0.0065,0.0091,-4.25,-35.81,23.38,358.12,-83.22,-171.66,False
52.40243,-1.569718,164.81,0.0,3,256.64,29 / 29,196309,2019-09-08 12:10:15:548,0.0559,0.0023,9.822,0.0004,0.0015,9.8065,0.0143,0.0072,0.0229,-5.06,-36.12,23.0,355.04,-83.23,-171.76,False
52.40243,-1.569718,164.81,0.0,3,256.64,29 / 29,196410,2019-09-08 12:10:15:649,0.0584,-0.0025,9.933,-0.0008,0.0004,9.8066,-0.0026,0.0106,0.0049,-4.56,-36.19,23.75,355.77,-83.22,-171.7,False
52.40243,-1.569718,164.81,0.0,3,256.64,29 / 29,196510,2019-09-08 12:10:15:749,-0.0023,-0.0125,9.8834,0.0009,0.0011,9.8066,0.0023,-0.0022,0.0025,-4.44,-36.31,23.38,358.05,-83.21,-171.71,False
52.40243,-1.569718,164.81,0.0,3,256.64,29 / 29,196610,2019-09-08 12:10:15:849,-0.0257,0.172,9.8907,-0.0012,-0.0007,9.8066,-0.0023,-0.0169,-0.0077,-4.44,-36.0,23.31,358.09,-83.22,-171.69,False
52.40243,-1.569718,164.81,0.0,3,256.64,28 / 28,196710,2019-09-08 12:10:15:949,0.0465,-0.0621,9.902,0.0012,0.0,9.8066,0.0095,-0.0224,-0.0025,-4.44,-35.81,23.81,358.74,-83.23,-171.57,False
52.40243,-1.569718,164.81,0.0,3,256.64,28 / 28,196810,2019-09-08 12:10:16:049,-0.0472,0.0728,9.9222,0.0001,-0.0036,9.8066,-0.0051,-0.0074,-0.0058,-4.87,-35.87,23.44,355.19,-83.21,-171.65,False
52.40243,-1.569718,164.81,0.0,3,256.64,28 / 28,196909,2019-09-08 12:10:16:148,0.0109,0.1339,9.8138,0.0001,0.0016,9.8066,0.0095,0.0056,0.0111,-5.0,-36.5,23.69,355.77,-83.23,-171.7,False
52.40243,-1.569718,164.81,0.0,3,256.64,28 / 28,197010,2019-09-08 12:10:16:249,0.0809,-0.0261,9.9524,-0.0007,0.0013,9.8066,0.0024,0.0168,0.0032,-4.12,-36.06,23.13,358.06,-83.22,-171.7,False
52.40243,-1.569718,164.81,0.0,3,256.64,28 / 28,197110,2019-09-08 12:10:16:349,-0.0448,0.0944,9.909,0.0006,-0.0009,9.8066,-0.0066,-0.0057,0.0105,-4.37,-36.31,23.19,358.04,-83.21,-171.72,False
52.40243,-1.569718,164.81,0.0,3,256.64,28 / 28,197210,2019-09-08 12:10:16:449,0.0712,0.1329,9.8358,-0.001,-0.0015,9.8066,-0.0085,-0.0053,-0.0095,-4.56,-36.12,23.56,355.88,-83.2,-171.61,False
52.40243,-1.569718,164.81,0.0,3,256.64,28 / 28,197310,2019-09-08 12:10:16:549,0.0089,0.012,9.9389,0.0005,0.0003,9.8066,0.0145,-0.0217,-0.005,-4.62,-35.75,23.38,355.32,-83.2,-171.53,False
52.40243,-1.569718,164.81,0.0,3,256.64,28 / 28,197410,2019-09-08 12:10:16:649,-0.0544,0.1473,9.9343,-0.0002,-0.0014,9.8065,0.0002,-0.011,-0.0094,-4.87,-35.94,23.69,355.94,-83.2,-171.56,False
52.40243,-1.569718,164.81,0.0,3,256.64,28 / 28,197510,2019-09-08 12:10:16:749,0.0006,0.225,9.8232,0.0002,0.0026,9.8066,0.0151,0.0051,0.0093,-4.62,-35.94,23.56,355.8,-83.23,-171.68,False
52.40243,-1.569718,164.81,0.0,3,256.64,28 / 28,197613,2019-09-08 12:10:16:852,0.0832,-0.0948,9.8355,-0.0006,0.0037,9.8066,0.0084,0.0122,0.0081,-4.69,-35.62,23.06,355.09,-83.23,-171.72,False
52.40243,-1.569718,164.81,0.0,3,256.64,28 / 28,197710,2019-09-08 12:10:16:949,0.0016,-0.0635,9.9166,0.0011,-0.0037,9.8066,-0.0114,0.0159,0.0179,-4.94,-35.87,23.69,355.69,-83.23,-171.77,False
52.40243,-1.569718,164.81,0.0,3,256.64,28 / 28,197810,2019-09-08 12:10:17:049,0.0296,0.3182,9.8825,0.0002,-0.004,9.8066,-0.0305,0.0083,0.0028,-4.25,-35.81,23.44,358.07,-83.19,-171.7,False
52.40243,-1.569718,164.81,0.0,3,256.64,28 / 28,197910,2019-09-08 12:10:17:149,0.06,-0.0902,9.7709,-0.0008,0.0003,9.8066,-0.0014,-0.0155,-0.0051,-4.75,-36.19,23.44,355.24,-83.21,-171.61,False
52.40243,-1.569718,164.81,0.0,3,256.64,28 / 28,198010,2019-09-08 12:10:17:249,-0.0789,-0.0688,9.93,-0.0008,0.0009,9.8066,0.0025,-0.0168,-0.0151,-4.81,-36.5,23.63,356.02,-83.21,-171.5,False
52.40243,-1.569718,164.81,0.0,3,256.64,28 / 28,198110,2019-09-08 12:10:17:349,0.0123,0.2639,9.937,0.0002,-0.0015,9.8066,0.0004,-0.0213,-0.0123,-4.44,-36.12,23.56,358.81,-83.2,-171.51,False
52.40243,-1.569718,164.81,0.0,3,256.64,28 / 28,198210,2019-09-08 12:10:17:449,0.0221,0.0538,9.7431,0.0003,0.003,9.8066,0.0155,-0.0109,-0.0075,-4.62,-36.06,22.81,355.3,-83.21,-171.56,False
52.40243,-1.569718,164.81,0.0,3,256.64,28 / 28,198310,2019-09-08 12:10:17:549,0.055,-0.1194,9.7525,0.0001,-0.0024,9.8066,0.0073,0.0071,0.009,-4.81,-36.44,23.56,355.8,-83.22,-171.67,False
52.40243,-1.569718,164.81,0.0,3,256.64,28 / 28,198410,2019-09-08 12:10:17:649,0.0305,-0.0316,9.9373,0.0005,0.0006,9.8066,0.0172,0.0048,0.019,-4.44,-36.06,23.13,358.08,-83.21,-171.69,False
52.40243,-1.569718,164.81,0.0,3,256.64,28 / 28,198509,2019-09-08 12:10:17:748,-0.0335,0.2697,9.8698,-0.0008,0.0013,9.8066,0.0093,0.0172,0.0149,-5.06,-36.31,23.63,355.65,-83.2,-171.8,False
52.40243,-1.569718,164.81,0.0,3,256.64,28 / 28,198615,2019-09-08 12:10:17:854,0.0963,0.0467,9.7807,0.001,0.0014,9.8066,0.0039,0.0134,0.0151,-4.81,-35.31,23.5,355.68,-83.2,-171.79,False
52.40243,-1.569718,164.81,0.0,3,256.64,28 / 28,198710,2019-09-08 12:10:17:949,0.0632,0.1162,9.8994,-0.001,-0.0014,9.8066,-0.0071,-0.0018,-0.009,-4.81,-36.56,23.94,355.73,-83.18,-171.71,False
52.40243,-1.569718,164.81,0.0,3,256.64,28 / 28,198809,2019-09-08 12:10:18:048,-0.0136,0.0293,9.7946,-0.0013,0.0006,9.8066,0.0029,0.0166,0.0061,-4.94,-36.0,23.25,355.07,-83.19,-171.74,False
52.40243,-1.569718,164.81,0.0,3,256.64,28 / 28,198910,2019-09-08 12:10:18:149,-0.091,-0.0013,9.9301,0.0011,0.0015,9.8066,0.0037,0.01,0.0182,-5.0,-36.37,23.44,354.95,-83.2,-171.84,False
52.40243,-1.569718,164.81,0.0,3,256.64,28 / 28,199010,2019-09-08 12:10:18:249,0.0359,0.0895,9.9292,-0.001,-0.0017,9.8066,-0.0125,0.0034,-0.0019,-4.31,-36.06,24.0,358.47,-83.19,-171.79,False
52.40243,-1.569718,164.81,0.0,3,256.64,28 / 28,199110,2019-09-08 12:10:18:349,0.0192,0.1505,9.7511,0.0004,-0.0007,9.8066,-0.0072,-0.0075,-0.0032,-4.94,-36.25,24.13,355.7,-83.19,-171.75,False
52.40243,-1.569718,164.81,0.0,3,256.64,28 / 28,199210,2019-09-08 12:10:18:449,-0.0693,-0.0847,9.9187,-0.0014,0.0008,9.8066,0.0064,-0.0214,-0.012,-5.25,-36.31,23.63,355.78,-83.18,-171.69,False
52.40243,-1.569718,164.81,0.0,3,256.64,28 / 28,199310,2019-09-08 12:10:18:549,-0.099,0.0615,9.8625,0.0008,-0.0002,9.8066,0.0018,-0.0129,-0.0038,-5.12,-36.31,23.81,355.86,-83.2,-171.63,False
52.40243,-1.569718,164.81,0.0,3,256.64,28 / 28,199410,2019-09-08 12:10:18:649,0.1116,-0.0413,9.8521,0.0002,0.0015,9.8066,0.0085,0.0039,-0.0038,-4.94,-36.25,23.38,355.03,-83.21,-171.77,False
52.40243,-1.569718,164.81,0.0,3,256.64,28 / 28,199511,2019-09-08 12:10:18:750,-0.0256,0.0416,9.9703,0.0013,-0.0003,9.8066,0.002,0.0021,0.0165,-4.81,-36.12,24.06,355.53,-83.2,-171.9,False
52.40243,-1.569718,164.81,0.0,3,256.64,28 / 28,199610,2019-09-08 12:10:18:849,-0.0586,0.008,9.7925,-0.0007,-0.0009,9.8065,-0.0167,0.0141,0.008,-5.0,-35.62,24.0,355.6,-83.2,-171.84,False
52.40243,-1.569718,164.81,0.0,3,256.64,28 / 28,199710,2019-09-08 12:10:18:949,0.0243,-0.0675,9.7482,0.0005,-0.0013,9.8066,-0.0215,-0.0011,0.0087,-4.75,-35.87,23.81,355.65,-83.19,-171.79,False
52.40243,-1.569718,164.81,0.0,3,256.64,28 / 28,199809,2019-09-08 12:10:19:048,-0.0463,-0.1445,9.9559,0.0001,0.0001,9.8066,0.0019,-0.0114,-0.0097,-4.5,-35.69,23.56,358.55,-83.2,-171.72,False
52.40243,-1.569718,164.81,0.0,3,256.64,28 / 28,199910,2019-09-08 12:10:19:149,-0.0271,0.124,9.9083,0.0002,-0.0015,9.8066,0.0052,-0.0215,-0.0043,-5.06,-35.31,23.0,355.11,-83.19,-171.73,False
52.40243,-1.569718,164.81,0.0,3,256.64,28 / 28,200010,2019-09-08 12:10:19:249,-0.0889,0.1198,9.6554,-0.0004,0.0031,9.8066,-0.0017,-0.0131,-0.0071,-5.12,-35.44,23.5,355.9,-83.2,-171.61,False
52.40243,-1.569718,164.81,0.0,3,256.64,28 / 28,200110,2019-09-08 12:10:19:349,-0.1131,-0.0446,9.9827,-0.0002,0.0004,9.8066,0.0069,-0.0204,0.0011,-4.44,-36.19,23.38,358.1,-83.21,-171.68,False
52.40243,-1.569718,164.81,0.0,3,256.64,28 / 28,200210,2019-09-08 12:10:19:449,0.108,0.0964,9.9504,0.0029,-0.0026,9.8066,0.0055,0.006,0.0131,-4.5,-35.94,23.63,358.54,-83.21,-171.73,False
52.40243,-1.569718,164.81,0.0,3,256.64,28 / 28,200310,2019-09-08 12:10:19:549,0.0346,0.1859,9.7919,0.0011,-0.0022,9.8066,-0.0006,0.0107,0.0172,-4.81,-36.19,23.5,355.55,-83.2,-171.88,False
52.40243,-1.569718,164.81,0.0,3,256.64,28 / 28,200410,2019-09-08 12:10:19:649,-0.1531,0.1084,9.9198,-0.0008,0.0009,9.8066,0.005,0.0122,0.0183,-4.37,-35.81,23.25,358.05,-83.21,-171.72,False
52.40243,-1.569718,164.81,0.0,3,256.64,28 / 28,200510,2019-09-08 12:10:19:749,0.0766,-0.0412,9.9138,-0.0008,0.0021,9.8065,-0.009,0.011,0.0043,-4.69,-36.19,23.38,355.07,-83.2,-171.74,False
52.40243,-1.569718,164.81,0.0,3,256.64,28 / 28,200610,2019-09-08 12:10:19:849,-0.0245,0.0078,9.8649,0.0002,0.0003,9.8066,0.0063,-0.0081,0.0017,-4.62,-36.0,23.69,355.65,-83.21,-171.8,False
52.40243,-1.569718,164.81,0.0,3,256.64,29 / 29,200710,2019-09-08 12:10:19:949,-0.0016,0.1035,9.8822,-0.0013,-0.0008,9.8066,-0.001,-0.0148,-0.0202,-5.0,-35.94,23.63,355.71,-83.2,-171.75,False
52.40243,-1.569718,164.81,0.0,3,256.64,29 / 29,200810,2019-09-08 12:10:20:049,0.0921,-0.1165,9.8888,0.0025,-0.0008,9.8066,-0.0036,-0.0214,-0.0053,-4.87,-36.69,24.25,355.53,-83.21,-171.87,False
52.40243,-1.569718,164.81,0.0,3,256.64,29 / 29,200910,2019-09-08 12:10:20:149,-0.0659,0.0992,9.8707,0.0003,-0.0022,9.8066,-0.0047,-0.0231,-0.0075,-4.94,-35.94,23.81,355.58,-83.21,-171.85,False
52.40243,-1.569718,164.81,0.0,3,256.64,29 / 29,201010,2019-09-08 12:10:20:249,0.0388,0.1372,9.8345,-0.0001,0.0018,9.8066,0.0142,0.0016,0.0114,-4.87,-36.19,23.44,354.78,-83.22,-171.98,False
52.40243,-1.569718,164.81,0.0,3,256.64,29 / 29,201110,2019-09-08 12:10:20:349,0.054,-0.1039,9.8967,-0.0001,0.0005,9.8066,0.0058,0.0155,0.0074,-4.87,-35.75,23.38,354.75,-83.22,-172.0,False
52.40243,-1.569718,164.81,0.0,3,256.64,29 / 29,201210,2019-09-08 12:10:20:449,-0.099,0.0575,9.8901,0.0007,-0.0024,9.8066,-0.0107,0.0112,0.0138,-4.69,-35.94,24.06,355.38,-83.23,-172.02,False
52.40243,-1.569718,164.81,0.0,3,256.64,29 / 29,201310,2019-09-08 12:10:20:549,0.0532,0.076,9.821,-0.0015,-0.0019,9.8066,-0.0117,0.006,-0.0059,-4.56,-36.0,23.81,355.46,-83.21,-171.95,False
52.40243,-1.569718,164.81,0.0,3,256.64,29 / 29,201410,2019-09-08 12:10:20:649,0.0726,-0.0442,9.8587,0.0015,0.0003,9.8066,0.0109,-0.0236,-0.007,-4.94,-36.0,23.38,354.71,-83.22,-172.03,False
52.40243,-1.569718,164.81,0.0,3,256.64,29 / 29,201510,2019-09-08 12:10:20:749,-0.0487,-0.0701,9.9263,0.0005,0.0003,9.8066,0.0143,-0.0138,-0.0134,-5.12,-36.0,23.38,354.67,-83.22,-172.07,False
52.40243,-1.569718,164.81,0.0,3,256.64,29 / 29,201611,2019-09-08 12:10:20:850,0.0727,0.2325,9.9014,-0.0004,0.0012,9.8066,0.0078,-0.0094,-0.0014,-5.12,-36.31,23.75,355.24,-83.22,-172.13,False
52.40243,-1.569718,164.81,0.0,3,256.64,29 / 29,201709,2019-09-08 12:10:20:948,0.0128,-0.0505,9.7649,0.0,0.0033,9.8066,0.0174,-0.0012,0.0029,-4.25,-35.69,23.31,357.6,-83.21,-172.08,False
52.40243,-1.569718,164.81,0.0,3,256.64,29 / 29,201810,2019-09-08 12:10:21:049,-0.0001,-0.1639,9.8114,0.0012,-0.0032,9.8066,-0.0005,0.0145,0.018,-4.75,-35.87,23.5,355.13,-83.21,-172.22,False
52.40243,-1.569718,164.81,0.0,3,256.64,29 / 29,201911,2019-09-08 12:10:21:150,0.0721,0.108,9.9571,0.0007,-0.0021,9.8066,0.0008,0.0195,0.0079,-4.75,-35.56,23.06,354.52,-83.2,-172.19,False
52.40243,-1.569718,164.81,0.0,3,256.64,29 / 29,202010,2019-09-08 12:10:21:249,-0.0087,0.0716,9.7791,-0.0007,0.0005,9.8066,-0.0099,0.0038,0.0015,-4.56,-36.19,23.25,354.47,-83.2,-172.22,False
52.40243,-1.569718,164.81,0.0,3,256.64,29 / 29,202110,2019-09-08 12:10:21:349,-0.0139,-0.0187,9.787,-0.0002,0.0011,9.8066,0.0051,-0.0065,-0.0047,-4.37,-35.75,23.06,357.54,-83.22,-172.13,False
52.40243,-1.569718,164.81,0.0,3,256.64,29 / 29,202210,2019-09-08 12:10:21:449,-0.0033,0.048,9.9163,-0.0005,0.0005,9.8066,-0.0098,-0.0141,-0.017,-4.5,-35.81,23.19,357.53,-83.2,-172.14,False
52.40243,-1.569718,164.81,0.0,3,256.64,29 / 29,202310,2019-09-08 12:10:21:549,-0.0383,0.0786,9.8336,0.0001,0.0031,9.8066,0.0153,-0.0217,-0.0101,-4.75,-35.69,22.88,354.58,-83.21,-172.14,False
52.40243,-1.569718,164.81,0.0,3,256.64,29 / 29,202410,2019-09-08 12:10:21:649,0.071,0.0773,9.763,0.0003,-0.0004,9.8066,-0.0002,-0.009,-0.0115,-4.19,-35.94,23.69,357.93,-83.21,-172.23,False
52.40243,-1.569718,164.81,0.0,3,256.64,29 / 29,202510,2019-09-08 12:10:21:749,-0.0312,-0.14,9.836,0.0009,-0.0014,9.8066,0.0203,-0.0123,0.0078,-4.62,-35.56,22.63,354.44,-83.22,-172.25,False
52.40243,-1.569718,164.81,0.0,3,256.64,29 / 29,202610,2019-09-08 12:10:21:849,-0.1157,0.1672,9.9446,-0.001,0.0026,9.8066,0.0167,0.0199,0.0064,-4.69,-36.06,23.44,354.47,-83.2,-172.23,False
52.40243,-1.569718,164.81,0.0,3,256.64,28 / 29,202710,2019-09-08 12:10:21:949,-0.0311,0.1945,9.9627,0.0011,0.0029,9.8066,0.0267,0.0078,0.0235,-4.25,-35.37,23.44,357.33,-83.22,-172.32,False
52.40243,-1.569718,164.81,0.0,3,256.64,28 / 29,202809,2019-09-08 12:10:22:048,-0.0136,-0.1843,9.7563,0.0013,-0.0027,9.8066,-0.0135,0.0148,0.0105,-4.06,-35.37,23.38,357.39,-83.21,-172.27,False
52.40243,-1.569718,164.81,0.0,3,256.64,28 / 29,202910,2019-09-08 12:10:22:149,-0.0739,0.0207,9.9133,-0.0001,-0.0011,9.8066,-0.0121,0.0027,0.014,-4.37,-35.37,23.31,357.28,-83.2,-172.35,False
52.40243,-1.569718,164.81,0.0,3,256.64,28 / 29,203010,2019-09-08 12:10:22:249,-0.0168,-0.127,9.9613,0.0,-0.0005,9.8066,-0.0026,-0.0122,-0.0077,-3.94,-35.62,23.88,357.95,-83.19,-172.22,False
52.40243,-1.569718,164.81,0.0,3,256.64,28 / 29,203110,2019-09-08 12:10:22:349,-0.0729,0.0854,9.8051,-0.0005,0.0002,9.8066,0.0005,-0.0218,-0.0072,-4.69,-35.37,23.88,355.18,-83.19,-172.21,False
52.40243,-1.569718,164.81,0.0,3,256.64,28 / 29,203210,2019-09-08 12:10:22:449,0.0123,-0.1731,9.9079,-0.0002,0.0013,9.8066,0.0087,-0.0086,-0.0114,-5.06,-36.06,24.38,355.24,-83.19,-172.13,False
52.40243,-1.569718,164.81,0.0,3,256.64,28 / 29,203310,2019-09-08 12:10:22:549,0.0014,-0.1628,9.9376,-0.0005,0.0014,9.8066,0.0121,-0.0103,0.0007,-5.06,-35.69,23.56,355.18,-83.19,-172.18,False
52.40243,-1.569718,164.81,0.0,3,256.64,28 / 29,203410,2019-09-08 12:10:22:649,-0.0399,0.0535,9.7773,0.0009,-0.0018,9.8066,0.0016,0.0134,0.0108,-4.69,-35.31,22.94,354.52,-83.19,-172.22,False
52.40243,-1.569718,164.81,0.0,3,256.64,28 / 29,203510,2019-09-08 12:10:22:749,-0.0665,-0.0321,9.9598,0.0014,-0.0038,9.8066,-0.0183,0.0194,0.0157,-4.75,-35.81,23.88,354.98,-83.17,-172.34,False
52.40243,-1.569718,164.81,0.0,3,256.64,28 / 29,203610,2019-09-08 12:10:22:849,0.0616,0.0099,9.991,-0.0009,0.0035,9.8066,0.0114,0.0033,0.0042,-4.5,-36.06,24.0,357.9,-83.2,-172.26,False
52.40243,-1.569718,164.81,0.0,3,256.64,28 / 29,203710,2019-09-08 12:10:22:949,-0.0785,0.1383,9.8543,-0.0015,0.0021,9.8066,0.0024,-0.0154,-0.0005,-4.44,-35.81,23.69,357.97,-83.19,-172.2,False
52.40243,-1.569718,164.81,0.0,3,256.64,28 / 29,203810,2019-09-08 12:10:23:049,0.031,-0.066,9.9102,0.0018,-0.0002,9.8066,0.007,-0.0226,-0.0073,-4.5,-36.0,23.38,357.54,-83.19,-172.13,False
52.40243,-1.569718,164.81,0.0,3,256.64,28 / 29,203910,2019-09-08 12:10:23:149,-0.0993,-0.0047,9.9238,0.001,-0.0008,9.8066,-0.0053,-0.025,-0.0056,-4.62,-36.5,23.63,355.1,-83.19,-172.25,False
52.40243,-1.569718,164.81,0.0,3,256.64,28 / 29,204010,2019-09-08 12:10:23:249,-0.0555,0.1574,9.9018,0.0023,-0.0005,9.8065,0.0128,-0.0107,0.0046,-4.69,-36.12,23.75,355.14,-83.21,-172.22,False
52.40243,-1.569718,164.81,0.0,3,256.64,28 / 29,204110,2019-09-08 12:10:23:349,0.0707,-0.0884,9.8075,0.0006,-0.0019,9.8066,-0.0041,0.0081,0.0049,-5.25,-35.5,23.38,354.29,-83.19,-172.4,False
52.40243,-1.569718,164.81,0.0,3,256.64,28 / 29,204210,2019-09-08 12:10:23:449,-0.0976,-0.1098,9.8911,0.0016,0.0005,9.8066,0.0101,0.008,0.0263,-4.19,-36.12,23.44,357.06,-83.2,-172.52,False
52.40243,-1.569718,164.81,0.0,3,256.64,28 / 29,204310,2019-09-08 12:10:23:549,0.0166,0.0962,9.9843,-0.001,0.0014,9.8066,0.007,0.0152,0.0051,-4.62,-36.0,24.0,354.89,-83.2,-172.42,False
52.40243,-1.569718,164.81,0.0,3,256.64,28 / 29,204410,2019-09-08 12:10:23:649,0.0187,-0.0121,9.7864,-0.0005,-0.0013,9.8066,-0.022,-0.0016,0.0,-4.37,-35.75,23.69,357.68,-83.2,-172.43,False
52.40243,-1.569718,164.81,0.0,3,256.64,28 / 29,204510,2019-09-08 12:10:23:749,-0.032,-0.1043,9.8084,-0.0017,-0.0001,9.8066,-0.0217,-0.0179,-0.0109,-4.75,-36.56,23.75,354.98,-83.2,-172.32,False
52.40243,-1.569718,164.81,0.0,3,256.64,28 / 29,204610,2019-09-08 12:10:23:849,0.0226,0.1435,10.0168,-0.0001,0.0002,9.8066,0.0127,-0.0231,-0.0098,-4.44,-36.31,23.44,357.32,-83.22,-172.31,False
52.40243,-1.569718,164.81,0.0,3,256.64,27 / 28,204710,2019-09-08 12:10:23:949,0.0307,0.0091,9.8919,0.0004,0.0015,9.8066,0.0118,-0.019,-0.0191,-4.81,-36.31,24.0,355.02,-83.22,-172.31,False
52.40243,-1.569718,164.81,0.0,3,256.64,27 / 28,204809,2019-09-08 12:10:24:048,0.0156,0.0934,9.7619,0.0007,0.0007,9.8066,0.0108,-0.0181,-0.0008,-4.81,-36.25,23.5,354.87,-83.22,-172.44,False
52.40243,-1.569718,164.81,0.0,3,256.64,27 / 28,204910,2019-09-08 12:10:24:149,0.0478,-0.2203,9.8545,0.0011,0.0015,9.8066,0.0172,-0.0007,-0.0003,-5.0,-35.69,23.69,354.78,-83.22,-172.51,False
52.40243,-1.569718,164.81,0.0,3,256.64,27 / 28,205010,2019-09-08 12:10:24:249,-0.0147,0.1404,9.9384,-0.0001,-0.0005,9.8066,0.0124,0.0091,0.0178,-5.19,-36.44,22.94,354.0,-83.22,-172.61,False
52.40243,-1.569718,164.81,0.0,3,256.64,27 / 28,205110,2019-09-08 12:10:24:349,0.0605,0.2738,9.9065,0.001,-0.0004,9.8066,0.0089,0.0197,0.0227,-4.69,-36.06,23.69,354.62,-83.21,-172.64,False
52.40243,-1.569718,164.81,0.0,3,256.64,27 / 28,205210,2019-09-08 12:10:24:449,0.0603,-0.1624,9.7908,-0.0008,-0.0006,9.8066,-0.0054,0.0162,0.0067,-4.5,-36.12,24.0,357.52,-83.2,-172.56,False
52.40243,-1.569718,164.81,0.0,3,256.64,27 / 28,205310,2019-09-08 12:10:24:549,-0.1006,-0.062,9.9177,0.0005,-0.0005,9.8066,-0.0045,-0.0008,0.003,-4.44,-36.0,23.5,357.58,-83.21,-172.52,False
52.40243,-1.569718,164.81,0.0,3,256.64,27 / 28,205410,2019-09-08 12:10:24:649,0.03,0.22,9.8995,-0.0009,0.0013,9.8066,-0.0051,-0.009,-0.0167,-4.25,-36.0,23.69,357.58,-83.2,-172.52,False
52.40243,-1.569718,164.81,0.0,3,256.64,27 / 28,205510,2019-09-08 12:10:24:749,0.052,-0.0114,9.791,-0.0012,0.0032,9.8066,0.0054,-0.0147,-0.0094,-4.62,-36.31,23.25,354.21,-83.23,-172.44,False
52.40243,-1.569718,164.81,0.0,3,256.64,27 / 28,205610,2019-09-08 12:10:24:849,-0.0549,0.0787,9.9365,0.0004,-0.0032,9.8066,-0.0049,-0.0077,-0.0108,-4.81,-36.0,22.94,354.19,-83.24,-172.46,False
52.40243,-1.569718,164.81,0.0,3,256.64,29 / 29,205710,2019-09-08 12:10:24:949,-0.0355,0.0233,9.8693,0.0015,-0.0021,9.8066,0.0002,0.0011,0.0111,-4.06,-36.44,23.31,357.13,-83.24,-172.46,False
52.40243,-1.569718,164.81,0.0,3,256.64,29 / 29,205810,2019-09-08 12:10:25:049,0.0917,-0.0289,9.8762,0.0001,0.0026,9.8066,0.0077,0.0203,0.0028,-4.81,-36.56,23.56,354.73,-83.23,-172.53,False
52.40243,-1.569718,164.81,0.0,3,256.64,29 / 29,205909,2019-09-08 12:10:25:148,-0.0517,0.018,9.9672,0.0004,0.0034,9.8066,0.0158,-0.0068,0.0208,-4.37,-35.5,23.5,357.44,-83.25,-172.65,False
52.40243,-1.569718,164.81,0.0,3,256.64,29 / 29,206010,2019-09-08 12:10:25:249,-0.0362,-0.0404,9.8111,-0.0005,-0.0015,9.8066,-0.0102,0.0067,0.0011,-5.12,-35.94,23.75,354.66,-83.24,-172.61,False
52.40243,-1.569718,164.81,0.0,3,256.64,29 / 29,206110,2019-09-08 12:10:25:349,0.0921,-0.1308,9.8369,0.0018,-0.0012,9.8066,-0.008,-0.0154,0.0013,-4.44,-36.31,23.88,357.51,-83.23,-172.58,False
52.40243,-1.569718,164.81,0.0,3,256.64,29 / 29,206210,2019-09-08 12:10:25:449,-0.0985,0.0138,9.9282,-0.0006,0.0015,9.8066,0.0132,-0.0139,-0.0164,-4.62,-35.44,23.31,354.14,-83.24,-172.53,False
52.40243,-1.569718,164.81,0.0,3,256.64,29 / 29,206310,2019-09-08 12:10:25:549,-0.0482,-0.016,9.8767,0.0006,-0.0008,9.8066,0.0176,-0.0216,0.0044,-4.87,-35.37,23.69,354.72,-83.24,-172.59,False
52.40243,-1.569718,164.81,0.0,3,256.64,29 / 29,206410,2019-09-08 12:10:25:649,0.0513,-0.0813,9.7009,0.0003,0.0017,9.8066,0.0077,-0.0031,0.0035,-4.94,-35.94,23.63,354.69,-83.25,-172.59,False
52.40243,-1.569718,164.81,0.0,3,256.64,29 / 29,206510,2019-09-08 12:10:25:749,-0.0976,-0.0793,9.9998,-0.0001,0.0004,9.8065,0.0119,0.0068,0.0229,-4.56,-36.06,23.38,353.94,-83.25,-172.67,False
52.40243,-1.569718,164.81,0.0,3,256.64,29 / 29,206610,2019-09-08 12:10:25:849,-0.0675,0.116,9.8682,0.0007,-0.0006,9.8066,-0.0052,0.019,0.0111,-4.75,-36.0,23.69,354.67,-83.24,-172.61,False
52.40243,-1.569718,164.81,0.0,3,256.64,28 / 28,206710,2019-09-08 12:10:25:949,0.0236,0.0501,9.7737,-0.0001,-0.0001,9.8066,-0.012,0.006,0.0142,-4.81,-36.44,23.75,354.65,-83.25,-172.63,False
52.40243,-1.569718,164.81,0.0,3,256.64,28 / 28,206810,2019-09-08 12:10:26:049,-0.0527,-0.1296,9.9156,-0.0004,0.0007,9.8066,0.0006,-0.0058,-0.0056,-4.75,-35.69,23.19,354.08,-83.25,-172.55,False
52.40243,-1.569718,164.81,0.0,3,256.64,28 / 28,206910,2019-09-08 12:10:26:149,-0.0533,0.2208,9.955,0.0005,-0.0001,9.8066,-0.0021,-0.0184,-0.008,-5.44,-36.44,23.56,354.72,-83.26,-172.57,False
52.40243,-1.569718,164.81,0.0,3,256.64,28 / 28,207010,2019-09-08 12:10:26:249,-0.0619,0.177,9.8131,0.0005,0.0023,9.8066,-0.0008,-0.024,-0.0175,-4.69,-35.75,22.88,354.04,-83.28,-172.59,False
52.40243,-1.569718,164.81,0.0,3,256.64,28 / 28,207110,2019-09-08 12:10:26:349,-0.0376,-0.1542,9.7695,-0.0005,0.0007,9.8066,-0.0002,-0.0186,-0.0135,-4.69,-35.44,23.31,353.96,-83.28,-172.69,False
52.40243,-1.569718,164.81,0.0,3,256.64,28 / 28,207210,2019-09-08 12:10:26:449,0.0486,0.1108,10.0425,0.0031,-0.0015,9.8066,0.0164,-0.0131,0.0039,-3.87,-36.06,22.88,356.81,-83.29,-172.72,False
52.40243,-1.569718,164.81,0.0,3,256.64,28 / 28,207310,2019-09-08 12:10:26:549,-0.0568,0.1454,9.9349,0.0007,-0.0033,9.8066,0.0112,0.0083,0.0044,-4.44,-36.31,23.56,357.03,-83.28,-172.98,False
52.40243,-1.569718,164.81,0.0,3,256.64,28 / 28,207410,2019-09-08 12:10:26:649,0.0109,0.185,9.8214,-0.0006,0.0031,9.8066,0.0279,0.0103,0.0253,-4.56,-36.37,23.38,353.41,-83.28,-173.1,False
52.40243,-1.569718,164.81,0.0,3,256.64,28 / 28,207510,2019-09-08 12:10:26:749,0.0308,-0.1334,9.8654,-0.0022,0.0024,9.8066,0.0082,0.0191,0.0135,-4.69,-36.06,23.31,353.58,-83.28,-172.97,False
52.40243,-1.569718,164.81,0.0,3,256.64,28 / 28,207610,2019-09-08 12:10:26:849,-0.0309,0.049,9.9782,0.0001,-0.0029,9.8066,-0.0103,0.0075,0.0167,-4.12,-36.31,23.5,357.04,-83.27,-172.97,False
52.40243,-1.569718,164.81,0.0,3,256.64,28 / 29,207710,2019-09-08 12:10:26:949,0.005,-0.0689,9.7561,-0.001,-0.002,9.8066,-0.025,0.0109,-0.0051,-4.81,-35.81,23.5,354.35,-83.26,-172.87,False
52.40243,-1.569718,164.81,0.0,3,256.64,28 / 29,207810,2019-09-08 12:10:27:049,0.0131,-0.1142,9.9131,-0.0006,-0.0004,9.8066,-0.0144,-0.0124,-0.0142,-4.69,-35.87,23.5,354.39,-83.27,-172.84,False
52.40243,-1.569718,164.81,0.0,3,256.64,28 / 29,207910,2019-09-08 12:10:27:149,0.0016,0.0981,9.9268,-0.0004,0.0006,9.8066,-0.0015,-0.0213,-0.0179,-5.0,-35.94,23.94,354.44,-83.27,-172.8,False
52.40243,-1.569718,164.81,0.0,3,256.64,28 / 29,208010,2019-09-08 12:10:27:249,-0.1005,-0.1719,9.7492,-0.0012,0.0013,9.8066,-0.0028,-0.0175,-0.014,-4.56,-36.5,23.25,353.74,-83.28,-172.83,False
52.40243,-1.569718,164.81,0.0,3,256.64,28 / 29,208110,2019-09-08 12:10:27:349,0.0435,-0.2515,9.8056,0.0008,0.0032,9.8065,0.0096,-0.0088,-0.0184,-4.31,-35.81,23.69,357.25,-83.3,-172.79,False
52.40243,-1.569718,164.81,0.0,3,256.64,28 / 29,208210,2019-09-08 12:10:27:449,-0.0562,-0.019,9.9463,-0.0001,-0.0014,9.8066,-0.0006,0.0097,0.0034,-4.75,-36.19,23.75,354.24,-83.29,-172.97,False
52.40243,-1.569718,164.81,0.0,3,256.64,28 / 29,208310,2019-09-08 12:10:27:549,0.0204,0.1835,9.8747,0.0006,0.0007,9.8066,0.0055,0.0143,0.0158,-4.62,-35.56,23.88,354.21,-83.3,-172.99,False
52.40243,-1.569718,164.81,0.0,3,256.64,28 / 29,208410,2019-09-08 12:10:27:649,0.0708,-0.1485,9.8397,0.0001,0.0006,9.8066,-0.0027,0.0186,0.0078,-4.56,-36.62,23.63,354.17,-83.3,-173.0,False
52.40243,-1.569718,164.81,0.0,3,256.64,28 / 29,208510,2019-09-08 12:10:27:749,-0.0737,-0.1299,9.9709,0.0001,-0.0001,9.8066,0.0023,0.0047,0.0067,-5.0,-36.62,23.56,354.2,-83.31,-172.98,False
52.40243,-1.569718,164.81,0.0,3,256.64,28 / 29,208610,2019-09-08 12:10:27:849,0.0299,0.1731,9.9096,-0.0019,-0.0002,9.8066,-0.0161,-0.006,-0.0119,-4.31,-36.56,23.38,356.47,-83.3,-172.99,False
52.40243,-1.569718,164.81,0.0,3,256.64,28 / 28,208710,2019-09-08 12:10:27:949,0.0593,-0.181,9.8512,-0.0005,0.0022,9.8066,-0.0059,-0.0224,-0.0124,-4.5,-35.94,23.44,356.62,-83.32,-172.88,False
52.40243,-1.569718,164.81,0.0,3,256.64,28 / 28,208809,2019-09-08 12:10:28:048,-0.05,-0.0039,10.0244,-0.0001,-0.0017,9.8066,0.0007,-0.0206,-0.0193,-4.62,-35.62,23.5,354.3,-83.32,-172.92,False
52.40243,-1.569718,164.81,0.0,3,256.64,28 / 28,208910,2019-09-08 12:10:28:149,-0.043,0.0256,9.7872,0.0025,-0.0015,9.8066,0.0104,-0.0211,-0.0069,-4.87,-36.06,23.44,353.49,-83.32,-173.05,False
52.40243,-1.569718,164.81,0.0,3,256.64,28 / 28,209010,2019-09-08 12:10:28:249,0.0815,-0.1906,9.7145,-0.0017,0.0046,9.8066,0.0324,-0.0051,-0.0005,-4.31,-36.12,23.31,356.35,-83.32,-173.11,False
52.40243,-1.569718,164.81,0.0,3,256.64,28 / 28,209110,2019-09-08 12:10:28:349,-0.157,-0.2318,9.9285,0.0013,0.0019,9.8066,0.024,-0.0013,0.0264,-4.12,-36.62,24.19,356.79,-83.35,-173.16,False
52.40243,-1.569718,164.81,0.0,3,256.64,28 / 28,209210,2019-09-08 12:10:28:449,-0.0398,0.2033,9.9721,0.0004,-0.0001,9.8066,0.0064,0.0199,0.023,-4.81,-36.0,23.44,353.42,-83.34,-173.1,False
52.40243,-1.569718,164.81,0.0,3,256.64,28 / 28,209310,2019-09-08 12:10:28:549,-0.0355,0.1249,9.8294,0.0003,-0.0002,9.8066,-0.0013,0.0102,0.0227,-4.87,-35.75,23.06,353.35,-83.34,-173.16,False
52.40243,-1.569718,164.81,0.0,3,256.64,28 / 28,209410,2019-09-08 12:10:28:649,-0.0746,-0.3178,9.8058,-0.0003,0.0,9.8066,-0.0052,0.0093,0.0125,-4.62,-36.06,23.63,354.1,-83.33,-173.09,False
52.40243,-1.569718,164.81,0.0,3,256.64,28 / 28,209510,2019-09-08 12:10:28:749,0.0222,0.0582,9.9745,-0.0013,0.0007,9.8066,-0.0106,-0.0034,-0.0028,-4.62,-35.94,23.31,353.58,-83.33,-172.97,False
52.40243,-1.569718,164.81,0.0,3,256.64,28 / 28,209610,2019-09-08 12:10:28:849,-0.0707,0.2455,9.9512,-0.0008,0.0019,9.8066,-0.0103,-0.0277,-0.0118,-4.75,-35.81,23.31,353.69,-83.34,-172.88,False
52.40243,-1.569718,164.81,0.0,3,256.64,28 / 28,209710,2019-09-08 12:10:28:949,0.0142,-0.0063,9.82,-0.0002,0.001,9.8066,-0.0105,-0.0185,-0.0217,-4.19,-35.87,23.88,357.2,-83.35,-172.84,False
52.40243,-1.569718,164.81,0.0,3,256.64,28 / 28,209810,2019-09-08 12:10:29:049,0.0169,-0.1443,9.8965,0.0014,0.0006,9.8066,0.0073,-0.0252,-0.0056,-4.75,-35.44,22.81,353.79,-83.36,-172.84,False
52.40243,-1.569718,164.81,0.0,3,256.64,28 / 28,209910,2019-09-08 12:10:29:149,-0.1226,0.1197,9.9289,0.0,-0.002,9.8066,0.0019,-0.0109,-0.0062,-4.06,-35.69,23.56,357.07,-83.35,-172.95,False
52.40243,-1.569718,164.81,0.0,3,256.64,28 / 28,210010,2019-09-08 12:10:29:249,0.0869,0.1321,9.836,0.0005,0.0013,9.8066,0.021,-0.0004,0.0208,-3.31,-35.69,23.75,359.82,-83.36,-173.02,False
52.40243,-1.569718,164.81,0.0,3,256.64,28 / 28,210110,2019-09-08 12:10:29:349,0.0809,-0.1653,9.8445,-0.0008,0.0002,9.8066,0.01,0.0249,0.0054,-4.62,-36.56,23.75,354.2,-83.36,-172.98,False
52.40243,-1.569718,164.81,0.0,3,256.64,28 / 28,210210,2019-09-08 12:10:29:449,-0.0518,-0.0348,9.8695,-0.0004,-0.0008,9.8066,-0.0126,0.009,0.0138,-4.94,-36.19,24.13,354.2,-83.36,-173.01,False
52.40243,-1.569718,164.81,0.0,3,256.64,28 / 28,210310,2019-09-08 12:10:29:549,-0.0106,0.1912,9.9538,-0.0004,-0.0025,9.8066,-0.0197,0.0112,0.0069,-4.37,-35.87,23.81,357.06,-83.35,-172.96,False
52.40243,-1.569718,164.81,0.0,3,256.64,28 / 28,210410,2019-09-08 12:10:29:649,0.0445,-0.1935,9.7498,0.0009,-0.0012,9.8066,-0.0108,-0.0129,-0.0081,-4.75,-35.81,23.25,353.78,-83.36,-172.82,False
52.40243,-1.569718,164.81,0.0,3,256.64,28 / 28,210510,2019-09-08 12:10:29:749,0.0012,-0.1073,9.8508,0.0006,-0.0009,9.8066,-0.0085,-0.0125,-0.0136,-4.12,-35.87,23.81,357.2,-83.36,-172.84,False
52.40243,-1.569718,164.81,0.0,3,256.64,28 / 28,210610,2019-09-08 12:10:29:849,0.0717,0.2367,9.967,-0.0004,0.0003,9.8066,0.0042,-0.0204,-0.0134,-4.44,-36.25,23.56,357.17,-83.38,-172.86,False
52.40243,-1.569718,164.81,0.0,3,256.64,28 / 28,210710,2019-09-08 12:10:29:949,-0.0143,0.0158,9.7441,-0.0005,0.0042,9.8066,0.0193,-0.0116,-0.0132,-5.06,-35.94,23.81,354.44,-83.39,-172.81,False
52.40243,-1.569718,164.81,0.0,3,256.64,28 / 28,210809,2019-09-08 12:10:30:048,0.021,-0.0696,9.8122,-0.0007,-0.0027,9.8066,0.001,-0.0012,0.0046,-4.19,-36.06,23.81,357.01,-83.4,-173.0,False
52.40243,-1.569718,164.81,0.0,3,256.64,28 / 28,210910,2019-09-08 12:10:30:149,0.0327,-0.0467,9.9032,0.0012,-0.0001,9.8066,0.0053,0.0167,0.0123,-4.37,-36.19,23.75,357.01,-83.39,-173.0,False
52.40243,-1.569718,164.81,0.0,3,256.64,28 / 28,211010,2019-09-08 12:10:30:249,-0.0777,0.1229,9.8174,-0.0014,0.0007,9.8066,0.0026,0.0217,0.0105,-4.56,-36.31,23.75,354.18,-83.39,-173.03,False
52.40243,-1.569718,164.81,0.0,3,256.64,28 / 28,211110,2019-09-08 12:10:30:349,0.0208,0.044,9.8109,-0.0001,0.0019,9.8066,0.003,0.0059,0.0138,-4.44,-35.75,23.69,357.14,-83.4,-172.89,False
52.40243,-1.569718,164.81,0.0,3,256.64,28 / 28,211210,2019-09-08 12:10:30:449,-0.0079,-0.0337,9.8988,-0.0011,0.0003,9.8066,-0.0066,0.0063,-0.013,-4.5,-35.69,23.75,357.35,-83.39,-172.72,False
52.40243,-1.569718,164.81,0.0,3,256.64,28 / 28,211310,2019-09-08 12:10:30:549,-0.0891,0.1137,9.893,0.0007,0.0012,9.8066,-0.0061,-0.0241,-0.0015,-4.37,-35.87,23.56,357.28,-83.39,-172.78,False
52.40243,-1.569718,164.81,0.0,3,256.64,28 / 28,211410,2019-09-08 12:10:30:649,-0.0065,0.0743,9.8834,-0.0003,-0.0009,9.8066,-0.0045,-0.0243,-0.02,-4.81,-36.12,23.5,354.68,-83.39,-172.62,False
52.40243,-1.569718,164.81,0.0,3,256.64,28 / 28,211510,2019-09-08 12:10:30:749,-0.0477,-0.1539,9.7296,0.0019,-0.0021,9.8065,-0.0019,-0.0239,-0.0099,-4.81,-35.94,23.94,354.56,-83.4,-172.72,False
52.40243,-1.569718,164.81,0.0,3,256.64,28 / 28,211610,2019-09-08 12:10:30:849,-0.0793,0.1022,9.9802,0.0002,0.0035,9.8066,0.0304,-0.0078,-0.0091,-4.69,-35.62,23.56,354.58,-83.4,-172.71,False
52.40243,-1.569718,164.81,0.0,3,256.64,28 / 28,211709,2019-09-08 12:10:30:948,-0.0498,0.0343,9.9751,0.0002,0.002,9.8066,0.0222,-0.0103,0.0184,-4.69,-35.81,24.31,354.4,-83.42,-172.85,False
52.40243,-1.569718,164.81,0.0,3,256.64,28 / 28,211810,2019-09-08 12:10:31:049,-0.0722,0.1108,9.8222,0.001,-0.0013,9.8066,0.0197,0.0073,0.0231,-4.94,-35.06,23.44,353.81,-83.42,-172.83,False
52.40243,-1.569718,164.81,0.0,3,256.64,28 / 28,211910,2019-09-08 12:10:31:149,-0.0761,-0.2188,9.818,-0.0004,-0.0007,9.8066,-0.0007,0.0162,0.0299,-4.5,-35.94,23.31,356.73,-83.4,-172.81,False
52.40243,-1.569718,164.81,0.0,3,256.64,28 / 28,212010,2019-09-08 12:10:31:249,-0.075,-0.2605,9.8951,0.0012,0.0006,9.8066,0.0064,0.0124,0.0216,-4.62,-36.19,23.19,353.89,-83.4,-172.73,False
52.40243,-1.569718,164.81,0.0,3,256.64,28 / 28,212110,2019-09-08 12:10:31:349,0.0059,0.2386,10.0084,-0.0008,-0.0009,9.8066,-0.01,0.0154,0.005,-5.06,-35.19,23.56,354.59,-83.4,-172.72,False
52.40243,-1.569718,164.81,0.0,3,256.64,28 / 28,212210,2019-09-08 12:10:31:449,0.0382,-0.0337,9.8442,0.0007,-0.0024,9.8066,-0.0269,-0.0025,0.0002,-4.5,-35.5,22.69,356.86,-83.41,-172.72,False
52.40243,-1.569718,164.81,0.0,3,256.64,28 / 28,212311,2019-09-08 12:10:31:550,-0.0515,-0.221,9.7594,-0.0014,0.0006,9.8066,-0.0357,0.0009,-0.021,-4.94,-35.5,23.5,354.67,-83.4,-172.66,False
52.40243,-1.569718,164.81,0.0,3,256.64,28 / 28,212410,2019-09-08 12:10:31:649,-0.0188,0.0038,9.9827,0.0007,-0.0015,9.8066,0.0138,-0.0325,-0.0114,-4.56,-35.81,23.19,353.97,-83.42,-172.67,False
52.40243,-1.569718,164.81,0.0,3,256.64,28 / 28,212510,2019-09-08 12:10:31:749,0.0518,-0.0555,9.8552,-0.001,-0.001,9.8066,0.0073,-0.0159,-0.0181,-4.37,-36.06,23.13,356.97,-83.41,-172.61,False
52.40243,-1.569718,164.81,0.0,3,256.64,28 / 28,212610,2019-09-08 12:10:31:849,-0.0462,-0.1743,9.8412,0.0007,0.0027,9.8066,0.0199,-0.0146,0.0087,-4.62,-35.5,23.31,353.88,-83.42,-172.78,False
52.40243,-1.569718,164.81,0.0,3,256.64,27 / 28,212710,2019-09-08 12:10:31:949,0.0833,-0.1273,9.9117,-0.0012,0.0046,9.8066,0.0153,0.0077,0.0034,-4.87,-35.87,23.38,353.84,-83.43,-172.78,False
52.40243,-1.569718,164.81,0.0,3,256.64,27 / 28,212810,2019-09-08 12:10:32:049,0.0138,-0.0261,9.8809,-0.0001,-0.0047,9.8066,-0.0139,0.0135,0.0212,-5.0,-36.19,23.31,353.74,-83.44,-172.86,False
52.40243,-1.569718,164.81,0.0,3,256.64,27 / 28,212910,2019-09-08 12:10:32:149,-0.0356,0.1013,9.7116,0.0002,-0.003,9.8066,-0.0152,0.0149,0.0059,-5.12,-36.25,23.0,353.91,-83.41,-172.72,False
52.40243,-1.569718,164.81,0.0,3,256.64,27 / 28,213010,2019-09-08 12:10:32:249,0.0476,-0.0928,9.8774,-0.0006,0.0012,9.8066,-0.007,0.0084,-0.0037,-4.37,-35.75,23.31,356.8,-83.42,-172.75,False
52.40243,-1.569718,164.81,0.0,3,256.64,27 / 28,213110,2019-09-08 12:10:32:349,-0.039,0.0415,9.9263,-0.0005,0.0035,9.8066,0.006,-0.0142,-0.0108,-4.31,-36.06,23.31,356.88,-83.43,-172.68,False
52.40243,-1.569718,164.81,0.0,3,256.64,27 / 28,213210,2019-09-08 12:10:32:449,0.0658,0.1806,9.8556,0.0005,-0.004,9.8066,-0.0104,-0.0217,-0.0211,-4.37,-35.81,23.56,357.29,-83.44,-172.78,False
52.40243,-1.569718,164.81,0.0,3,256.64,27 / 28,213310,2019-09-08 12:10:32:549,0.0656,-0.1413,9.8563,0.0012,-0.0005,9.8066,0.0013,-0.0171,-0.0099,-4.69,-36.12,23.69,354.39,-83.42,-172.86,False
52.40243,-1.569718,164.81,0.0,3,256.64,27 / 28,213410,2019-09-08 12:10:32:649,-0.0432,-0.027,9.9075,0.0007,-0.0019,9.8066,0.0011,0.0,0.0005,-4.94,-35.5,23.19,353.72,-83.43,-172.91,False
52.40243,-1.569718,164.81,0.0,3,256.64,27 / 28,213510,2019-09-08 12:10:32:749,-0.0079,0.232,9.9441,0.0015,-0.0005,9.8066,0.0162,0.0049,0.0115,-4.94,-36.44,23.75,354.24,-83.43,-172.99,False
52.40243,-1.569718,164.81,0.0,3,256.64,27 / 28,213610,2019-09-08 12:10:32:849,0.0593,-0.1884,9.6915,-0.0006,0.0014,9.8066,0.0033,0.0164,0.0133,-4.31,-36.0,23.06,356.48,-83.42,-173.01,False
52.40243,-1.569718,164.81,0.0,3,256.64,28 / 29,213710,2019-09-08 12:10:32:949,-0.0619,-0.1899,9.9634,0.0003,0.0001,9.8065,0.0103,0.0021,0.0167,-4.56,-36.06,23.19,353.53,-83.43,-173.04,False
52.40243,-1.569718,164.81,0.0,3,256.64,28 / 29,213810,2019-09-08 12:10:33:049,0.0375,0.059,9.8698,-0.002,0.002,9.8066,-0.0149,0.0156,-0.0083,-4.69,-35.94,22.63,353.54,-83.42,-173.02,False
52.40243,-1.569718,164.81,0.0,3,256.64,28 / 29,213909,2019-09-08 12:10:33:148,-0.0804,0.1328,9.9078,-0.0011,0.0,9.8066,-0.0147,-0.0095,0.0022,-4.25,-35.81,23.25,356.61,-83.43,-172.9,False
52.40243,-1.569718,164.81,0.0,3,256.64,28 / 29,214010,2019-09-08 12:10:33:249,-0.037,-0.2492,9.8132,0.0013,-0.0004,9.8066,-0.0179,-0.0113,-0.0172,-4.37,-36.5,23.56,357.37,-83.43,-172.71,False
52.40243,-1.569718,164.81,0.0,3,256.64,28 / 29,214110,2019-09-08 12:10:33:349,-0.0163,-0.3531,9.7211,0.0009,-0.0025,9.8066,-0.009,-0.0288,-0.0183,-4.75,-35.87,23.81,354.47,-83.43,-172.8,False
52.40243,-1.569718,164.81,0.0,3,256.64,28 / 29,214210,2019-09-08 12:10:33:449,-0.0879,0.2149,9.957,-0.0015,0.005,9.8066,0.0104,-0.0222,-0.0131,-4.31,-35.62,23.31,356.79,-83.45,-172.76,False
52.40243,-1.569718,164.81,0.0,3,256.64,28 / 29,214310,2019-09-08 12:10:33:549,-0.0108,0.1536,9.815,0.0003,0.0019,9.8066,0.0123,-0.0124,-0.0008,-4.56,-35.62,23.63,354.47,-83.45,-172.8,False
52.40243,-1.569718,164.81,0.0,3,256.64,28 / 29,214410,2019-09-08 12:10:33:649,-0.0828,-0.1649,9.7567,0.0011,-0.0004,9.8066,0.0142,0.0028,0.0067,-4.62,-36.44,23.5,354.5,-83.45,-172.77,False
52.40243,-1.569718,164.81,0.0,3,256.64,28 / 29,214510,2019-09-08 12:10:33:749,-0.0729,0.0266,9.9355,0.0014,-0.0032,9.8066,0.0031,0.011,0.0139,-5.12,-36.37,23.44,353.62,-83.44,-172.96,False
52.40243,-1.569718,164.81,0.0,3,256.64,28 / 29,214610,2019-09-08 12:10:33:849,0.0004,0.2328,9.8861,-0.0004,0.0016,9.8066,0.0069,0.0175,0.0195,-4.44,-36.31,23.25,356.55,-83.44,-172.95,False
52.40243,-1.569718,164.81,0.0,3,256.64,28 / 29,214710,2019-09-08 12:10:33:949,0.0852,-0.0673,9.7915,-0.0007,0.0005,9.8066,-0.0061,0.0067,0.0077,-4.62,-35.62,23.25,353.77,-83.45,-172.84,False
52.40243,-1.569718,164.81,0.0,3,256.64,28 / 29,214810,2019-09-08 12:10:34:049,-0.0345,-0.0864,9.9,-0.0003,-0.0005,9.8066,-0.0084,-0.007,0.0026,-5.0,-35.69,23.56,354.6,-83.45,-172.69,False
52.40243,-1.569718,164.81,0.0,3,256.64,28 / 29,214910,2019-09-08 12:10:34:149,-0.012,0.1996,9.8907,-0.0002,-0.0001,9.8066,-0.0165,-0.0193,-0.0141,-3.87,-35.75,23.44,356.92,-83.45,-172.65,False
52.40243,-1.569718,164.81,0.0,3,256.64,28 / 29,215010,2019-09-08 12:10:34:249,-0.0463,0.069,9.8772,0.0009,-0.0004,9.8066,0.0135,-0.0222,-0.0001,-4.31,-35.5,23.94,357.3,-83.46,-172.77,False
52.40243,-1.569718,164.81,0.0,3,256.64,28 / 29,215110,2019-09-08 12:10:34:349,0.0302,-0.2187,9.834,-0.0013,-0.0007,9.8066,0.013,-0.019,-0.0124,-4.5,-35.62,23.31,356.89,-83.45,-172.68,False
52.40243,-1.569718,164.81,0.0,3,256.64,28 / 29,215210,2019-09-08 12:10:34:449,0.0155,0.0379,9.9144,-0.0001,0.0006,9.8066,0.0103,-0.0042,0.0127,-5.06,-35.69,23.69,354.51,-83.45,-172.77,False
52.40243,-1.569718,164.81,0.0,3,256.64,28 / 29,215311,2019-09-08 12:10:34:550,-0.0379,0.027,9.8588,-0.0014,0.0025,9.8066,0.0037,0.0154,-0.0002,-4.12,-35.75,23.44,356.89,-83.45,-172.68,False
52.40243,-1.569718,164.81,0.0,3,256.64,28 / 29,215410,2019-09-08 12:10:34:649,0.0504,-0.0851,9.8561,-0.0008,-0.0011,9.8066,-0.0093,0.0129,0.0091,-4.62,-35.69,23.5,354.58,-83.44,-172.7,False
52.40243,-1.569718,164.81,0.0,3,256.64,28 / 29,215510,2019-09-08 12:10:34:749,-0.0362,0.0466,9.9259,0.0006,-0.0025,9.8066,-0.0172,0.0019,0.0024,-4.25,-36.37,24.06,357.43,-83.43,-172.65,False
52.40243,-1.569718,164.81,0.0,3,256.64,28 / 29,215610,2019-09-08 12:10:34:849,-0.0511,0.0574,9.8962,0.0002,0.0003,9.8066,0.0116,-0.0143,-0.0056,-4.44,-35.56,24.0,357.55,-83.45,-172.56,False
52.40243,-1.569718,164.81,0.0,3,256.64,29 / 29,215710,2019-09-08 12:10:34:949,-0.0052,-0.0798,9.8606,0.0003,-0.0009,9.8066,0.0075,-0.0106,-0.0109,-4.62,-36.0,23.56,354.73,-83.44,-172.58,False
52.40243,-1.569718,164.81,0.0,3,256.64,29 / 29,215810,2019-09-08 12:10:35:049,0.0767,0.0507,9.932,0.0002,0.0015,9.8066,0.0113,-0.0084,0.004,-4.44,-36.12,23.75,357.41,-83.46,-172.67,False
52.40243,-1.569718,164.81,0.0,3,256.64,29 / 29,215910,2019-09-08 12:10:35:149,-0.0124,0.1604,9.984,-0.0011,0.0021,9.8066,0.0142,0.0069,0.0047,-4.69,-36.19,23.63,354.75,-83.45,-172.57,False
52.40243,-1.569718,164.81,0.0,3,256.64,29 / 29,216010,2019-09-08 12:10:35:249,0.0342,-0.1071,9.7762,-0.0005,-0.0038,9.8066,-0.0053,0.0098,0.0225,-4.44,-36.37,23.06,357.01,-83.45,-172.58,False
52.40243,-1.569718,164.81,0.0,3,256.64,29 / 29,216110,2019-09-08 12:10:35:349,-0.0355,-0.0836,9.8931,-0.0002,-0.0032,9.8066,-0.0072,0.0216,0.0085,-4.69,-36.25,23.44,354.27,-83.42,-172.43,False
52.40243,-1.569718,164.81,0.0,3,256.64,29 / 29,216210,2019-09-08 12:10:35:449,0.075,-0.0393,9.9131,-0.0028,0.001,9.8066,-0.0052,0.0096,-0.0056,-4.75,-35.69,23.88,354.92,-83.43,-172.43,False
52.40243,-1.569718,164.81,0.0,3,256.64,29 / 29,216310,2019-09-08 12:10:35:549,0.0514,0.0155,9.8366,0.0005,-0.0005,9.8066,-0.0033,-0.0051,-0.0082,-4.5,-36.0,24.19,357.89,-83.44,-172.28,False
52.40243,-1.569718,164.81,0.0,3,256.64,29 / 29,216410,2019-09-08 12:10:35:649,-0.0178,-0.0806,9.9009,0.0,0.0,9.8066,-0.0063,-0.0147,-0.0121,-4.44,-35.81,23.69,357.89,-83.44,-172.28,False
52.40243,-1.569718,164.81,0.0,3,256.64,29 / 29,216510,2019-09-08 12:10:35:749,-0.0803,-0.013,9.8459,0.0012,0.0025,9.8066,0.0073,-0.0134,-0.0079,-4.44,-36.0,23.75,357.85,-83.45,-172.31,False
52.40243,-1.569718,164.81,0.0,3,256.64,29 / 29,216609,2019-09-08 12:10:35:848,0.0176,-0.0676,9.8131,0.0017,-0.0052,9.8065,-0.0097,0.0006,0.0057,-5.12,-36.37,23.81,354.92,-83.46,-172.43,False
52.40243,-1.569718,164.81,0.0,3,256.64,28 / 28,216710,2019-09-08 12:10:35:949,0.002,-0.1171,9.9155,0.0022,-0.0044,9.8066,-0.0065,0.0095,0.0094,-4.5,-35.81,23.5,357.55,-83.42,-172.56,False
52.40243,-1.569718,164.81,0.0,3,256.64,28 / 28,216810,2019-09-08 12:10:36:049,-0.001,-0.0177,9.9072,-0.0013,0.002,9.8066,-0.0021,0.0075,0.0022,-4.19,-36.31,23.5,357.59,-83.42,-172.52,False
52.40243,-1.569718,164.81,0.0,3,256.64,28 / 28,216909,2019-09-08 12:10:36:148,0.0553,-0.1734,9.7829,-0.0007,0.0022,9.8066,0.0119,-0.0068,-0.0012,-4.5,-36.25,24.06,357.7,-83.44,-172.44,False
52.40243,-1.569718,164.81,0.0,3,256.64,28 / 28,217010,2019-09-08 12:10:36:249,-0.0448,-0.1026,9.9176,-0.0016,0.001,9.8066,0.0039,-0.0143,-0.0124,-4.69,-35.81,23.69,354.95,-83.43,-172.4,False
52.40243,-1.569718,164.81,0.0,3,256.64,28 / 28,217110,2019-09-08 12:10:36:349,-0.0162,0.054,9.952,-0.0006,0.0017,9.8066,0.0088,-0.005,-0.0089,-4.37,-36.12,23.56,357.7,-83.43,-172.44,False
52.40243,-1.569718,164.81,0.0,3,256.64,28 / 28,217210,2019-09-08 12:10:36:449,0.0414,-0.1542,9.7028,0.0001,-0.0013,9.8066,-0.0049,0.0063,0.0036,-5.06,-36.12,23.81,354.78,-83.43,-172.54,False
52.40243,-1.569718,164.81,0.0,3,256.64,28 / 28,217310,2019-09-08 12:10:36:549,-0.0501,0.0599,10.0378,0.0015,-0.001,9.8066,-0.007,0.0089,0.0054,-4.44,-36.19,23.25,357.01,-83.42,-172.58,False
52.40243,-1.569718,164.81,0.0,3,256.64,28 / 28,217410,2019-09-08 12:10:36:649,0.0057,0.0909,9.8231,-0.0003,0.0002,9.8066,-0.002,-0.0097,-0.0029,-4.5,-36.5,23.31,357.04,-83.43,-172.55,False
52.40243,-1.569718,164.81,0.0,3,256.64,28 / 28,217510,2019-09-08 12:10:36:749,0.0571,-0.0592,9.875,0.0,-0.001,9.8066,0.0123,-0.0129,-0.0082,-4.5,-35.87,23.38,357.1,-83.42,-172.5,False
52.40243,-1.569718,164.81,0.0,3,256.64,28 / 28,217610,2019-09-08 12:10:36:849,-0.0365,0.1456,9.8762,-0.0003,0.0019,9.8066,0.0169,-0.0055,-0.002,-5.0,-36.06,23.38,354.1,-83.43,-172.57,False
52.40243,-1.569718,164.81,0.0,3,256.64,27 / 27,217710,2019-09-08 12:10:36:949,-0.0525,-0.019,9.8008,0.0002,0.0006,9.8066,0.0035,0.0082,0.0094,-4.62,-35.37,24.0,354.66,-83.41,-172.67,False
52.40243,-1.569718,164.81,0.0,3,256.64,27 / 27,217809,2019-09-08 12:10:37:048,-0.03,0.0238,9.9058,-0.0009,-0.0029,9.8066,0.003,-0.0135,-0.0009,-4.19,-36.25,23.75,357.36,-83.41,-172.71,False
52.40243,-1.569718,164.81,0.0,3,256.64,27 / 27,217910,2019-09-08 12:10:37:149,0.0635,0.0822,9.8314,-0.0007,-0.0017,9.8066,-0.0152,0.0141,0.0016,-5.06,-35.62,23.69,354.72,-83.39,-172.59,False
52.40243,-1.569718,164.81,0.0,3,256.64,27 / 27,218010,2019-09-08 12:10:37:249,0.0066,-0.1258,9.8417,0.0012,-0.0012,9.8066,0.0122,-0.0175,-0.0028,-4.75,-35.56,23.5,354.68,-83.4,-172.62,False
52.40243,-1.569718,164.81,0.0,3,256.64,27 / 27,218110,2019-09-08 12:10:37:349,-0.0653,-0.0208,9.9157,0.0005,-0.0005,9.8065,0.0021,-0.0078,-0.0109,-4.44,-35.44,23.44,356.9,-83.39,-172.68,False
52.40243,-1.569718,164.81,0.0,3,256.64,27 / 27,218210,2019-09-08 12:10:37:449,0.0428,0.1563,9.836,-0.0021,0.0019,9.8066,0.0165,0.0056,0.0103,-4.69,-35.12,24.0,354.65,-83.41,-172.67,False
52.40243,-1.569718,164.81,0.0,3,256.64,27 / 27,218310,2019-09-08 12:10:37:549,-0.003,-0.061,9.8146,0.0001,0.0027,9.8066,0.0113,-0.0198,-0.0039,-4.12,-36.31,23.13,356.87,-83.41,-172.69,False
52.40243,-1.569718,164.81,0.0,3,256.64,27 / 27,218410,2019-09-08 12:10:37:649,-0.0277,-0.0819,9.8485,0.0009,-0.0042,9.8066,-0.0162,0.0147,0.0168,-4.75,-35.94,24.06,354.5,-83.41,-172.77,False
52.40243,-1.569718,164.81,0.0,3,256.64,27 / 27,218510,2019-09-08 12:10:37:749,-0.0321,0.1655,9.8893,0.001,-0.0021,9.8066,0.0101,-0.004,0.0075,-4.81,-36.19,23.75,354.49,-83.4,-172.77,False
52.40243,-1.569718,164.81,0.0,3,256.64,27 / 27,218609,2019-09-08 12:10:37:848,-0.0073,-0.0138,9.822,-0.0013,-0.001,9.8066,-0.0139,-0.0042,-0.003,-4.12,-36.06,23.63,357.48,-83.39,-172.62,False
52.40243,-1.569718,164.81,0.0,3,256.64,27 / 27,218710,2019-09-08 12:10:37:949,0.0535,-0.0388,9.7524,0.0004,0.0006,9.8066,0.0067,0.0086,0.0227,-5.0,-35.81,23.31,354.08,-83.39,-172.58,False
52.40243,-1.569718,164.81,0.0,3,256.64,27 / 27,218810,2019-09-08 12:10:38:049,0.0041,0.066,9.9768,-0.0022,0.0007,9.8066,0.0026,-0.02,-0.0139,-4.12,-36.12,23.31,356.94,-83.39,-172.63,False
52.40243,-1.569718,164.81,0.0,3,256.64,27 / 27,218910,2019-09-08 12:10:38:149,0.0034,-0.0061,9.8022,0.0013,0.0032,9.8066,0.0062,-0.0028,0.0039,-5.0,-36.06,23.63,354.75,-83.4,-172.56,False
52.40243,-1.569718,164.81,0.0,3,256.64,27 / 27,219010,2019-09-08 12:10:38:249,0.0085,-0.0658,9.8553,0.0003,-0.0025,9.8065,-0.0087,-0.0165,-0.0015,-4.94,-35.94,24.31,354.68,-83.4,-172.62,False
52.40243,-1.569718,164.81,0.0,3,256.64,27 / 27,219110,2019-09-08 12:10:38:349,0.0446,0.0104,9.849,0.0018,-0.0021,9.8066,0.0087,-0.0204,-0.0005,-4.44,-36.0,23.81,357.41,-83.4,-172.67,False
52.40243,-1.569718,164.81,0.0,3,256.64,27 / 27,219210,2019-09-08 12:10:38:449,-0.0509,0.05,9.7815,-0.0019,0.0031,9.8066,0.0033,0.0135,0.004,-4.44,-36.44,23.63,357.48,-83.41,-172.61,False
52.40243,-1.569718,164.81,0.0,3,256.64,27 / 27,219310,2019-09-08 12:10:38:549,0.0819,-0.0707,9.8509,-0.0004,0.004,9.8066,-0.0032,-0.0011,0.0047,-4.62,-35.81,23.5,354.71,-83.42,-172.59,False
52.40243,-1.569718,164.81,0.0,3,256.64,27 / 27,219410,2019-09-08 12:10:38:649,-0.0088,-0.047,9.9186,-0.0007,-0.0016,9.8066,-0.0145,0.0061,-0.0116,-4.44,-35.25,23.25,357.03,-83.42,-172.58,False
52.40243,-1.569718,164.81,0.0,3,256.64,27 / 27,219510,2019-09-08 12:10:38:749,-0.0354,0.0493,9.8385,0.0016,-0.0009,9.8066,-0.0079,0.0129,0.0064,-4.37,-36.31,23.44,356.91,-83.42,-172.66,False
52.40243,-1.569718,164.81,0.0,3,256.64,27 / 27,219610,2019-09-08 12:10:38:849,0.0545,-0.0643,9.7109,-0.0004,-0.0003,9.8065,0.0042,-0.0129,-0.0136,-4.62,-35.81,22.69,353.92,-83.42,-172.71,False
52.40243,-1.569718,164.81,0.0,3,256.64,28 / 28,219711,2019-09-08 12:10:38:950,-0.0245,-0.0089,9.9464,0.0016,0.0006,9.8066,-0.0149,-0.0056,-0.0026,-4.5,-36.12,23.19,356.77,-83.42,-172.77,False
52.40243,-1.569718,164.81,0.0,3,256.64,28 / 28,219810,2019-09-08 12:10:39:049,-0.0731,0.0887,9.8456,-0.0022,0.0009,9.8066,0.0187,0.0056,-0.0039,-4.81,-35.81,23.25,353.95,-83.41,-172.68,False
52.40243,-1.569718,164.81,0.0,3,256.64,28 / 28,219910,2019-09-08 12:10:39:149,0.0473,-0.0238,9.8195,-0.0002,0.0015,9.8066,0.0049,-0.0146,-0.0154,-4.0,-35.44,23.81,357.42,-83.41,-172.68,False
52.40243,-1.569718,164.81,0.0,3,256.64,28 / 28,220010,2019-09-08 12:10:39:249,-0.016,-0.0509,9.9283,-0.0012,0.0006,9.8066,-0.0171,0.0141,0.0119,-4.44,-36.0,24.44,357.46,-83.41,-172.63,False
52.40243,-1.569718,164.81,0.0,3,256.64,28 / 28,220110,2019-09-08 12:10:39:349,-0.0481,0.075,9.8051,0.0012,0.0013,9.8066,-0.006,0.0008,-0.0009,-4.94,-35.62,23.38,353.98,-83.41,-172.66,False
52.40243,-1.569718,164.81,0.0,3,256.64,28 / 28,220210,2019-09-08 12:10:39:449,-0.0715,-0.1125,9.8204,-0.0014,-0.0017,9.8066,0.0057,0.0047,0.0,-4.69,-35.87,23.13,353.84,-83.41,-172.77,False
52.40243,-1.569718,164.81,0.0,3,256.64,28 / 28,220310,2019-09-08 12:10:39:549,-0.0498,-0.1461,9.8849,0.0012,-0.0012,9.8066,0.0111,0.0157,0.0057,-4.75,-35.94,23.81,354.51,-83.4,-172.76,False
52.40243,-1.569718,164.81,0.0,3,256.64,28 / 28,220410,2019-09-08 12:10:39:649,-0.0804,0.1807,9.8793,0.0002,0.0018,9.8066,-0.0028,-0.0232,-0.0099,-4.94,-36.0,22.88,353.82,-83.41,-172.8,False
52.40243,-1.569718,164.81,0.0,3,256.64,28 / 28,220510,2019-09-08 12:10:39:749,0.0105,-0.007,9.8847,-0.0004,0.0004,9.8066,-0.0104,0.0095,0.0024,-4.56,-36.0,23.75,354.42,-83.4,-172.83,False
52.40243,-1.569718,164.81,0.0,3,256.64,28 / 28,220610,2019-09-08 12:10:39:849,-0.0913,-0.1869,9.7921,-0.0001,-0.0001,9.8066,0.0066,-0.0146,0.0004,-4.56,-36.0,23.5,354.4,-83.38,-172.85,False
52.40243,-1.569718,164.81,0.0,3,256.64,27 / 27,220710,2019-09-08 12:10:39:949,-0.0811,0.107,9.9314,0.0006,-0.0006,9.8066,-0.002,-0.0087,-0.0156,-5.0,-36.19,22.81,353.71,-83.38,-172.87,False
52.40243,-1.569718,164.81,0.0,3,256.64,27 / 27,220809,2019-09-08 12:10:40:048,-0.0479,0.0251,9.9088,-0.0003,0.0003,9.8065,0.0164,-0.0018,0.0119,-4.69,-35.69,23.19,353.82,-83.38,-172.78,False
52.40243,-1.569718,164.81,0.0,3,256.64,27 / 27,220911,2019-09-08 12:10:40:150,-0.0854,-0.1137,9.7856,0.0006,-0.0009,9.8066,0.0074,-0.0188,-0.0101,-4.87,-35.87,22.88,353.81,-83.39,-172.79,False
52.40243,-1.569718,164.81,0.0,3,256.64,27 / 27,221010,2019-09-08 12:10:40:249,-0.0742,-0.1007,9.9225,0.0004,0.0019,9.8066,-0.0063,0.0134,0.017,-5.19,-36.06,23.69,354.52,-83.39,-172.75,False
52.40243,-1.569718,164.81,0.0,3,256.64,27 / 27,221110,2019-09-08 12:10:40:349,-0.0346,-0.0988,9.9418,0.0007,0.002,9.8066,-0.0034,-0.0153,-0.018,-4.75,-35.87,23.69,354.32,-83.41,-172.92,False
52.40243,-1.569718,164.81,0.0,3,256.64,27 / 27,221210,2019-09-08 12:10:40:449,-0.022,0.001,9.8087,0.0015,-0.002,9.8065,0.0001,-0.0009,-0.0011,-4.37,-36.44,24.0,356.93,-83.39,-173.07,False
52.40243,-1.569718,164.81,0.0,3,256.64,27 / 27,221310,2019-09-08 12:10:40:549,-0.068,-0.0308,9.9082,-0.0006,-0.0036,9.8066,0.0183,-0.0024,-0.0025,-4.5,-36.12,23.38,356.55,-83.38,-172.95,False
52.40243,-1.569718,164.81,0.0,3,256.64,27 / 27,221410,2019-09-08 12:10:40:649,-0.0732,-0.0855,9.9372,-0.0009,0.0027,9.8066,-0.0077,-0.0167,-0.0136,-4.62,-36.25,23.38,353.68,-83.38,-172.9,False
52.40243,-1.569718,164.81,0.0,3,256.64,27 / 27,221510,2019-09-08 12:10:40:749,-0.0376,0.1492,9.9571,0.0002,-0.0011,9.8066,0.0086,0.011,0.0165,-4.44,-36.37,23.69,357.1,-83.38,-172.92,False
52.40243,-1.569718,164.81,0.0,3,256.64,27 / 27,221610,2019-09-08 12:10:40:849,-0.0277,-0.1418,9.795,0.0002,0.0005,9.8066,0.0005,-0.0155,-0.0109,-5.19,-36.5,23.5,354.32,-83.37,-172.91,False
52.40243,-1.569718,164.81,0.0,3,256.64,27 / 28,221711,2019-09-08 12:10:40:950,-0.0879,-0.2507,9.8748,0.0009,0.0006,9.8066,0.0145,0.0111,0.0178,-4.25,-36.37,24.38,356.99,-83.37,-173.01,False
52.40243,-1.569718,164.81,0.0,3,256.64,27 / 28,221810,2019-09-08 12:10:41:049,0.0558,0.1873,10.0429,0.002,-0.0004,9.8066,0.0187,0.0071,0.0038,-4.19,-35.69,23.25,356.34,-83.37,-173.12,False
52.40243,-1.569718,164.81,0.0,3,256.64,27 / 28,221910,2019-09-08 12:10:41:149,-0.0565,-0.0648,9.7876,0.0005,-0.003,9.8066,-0.0279,-0.0032,-0.001,-4.37,-36.31,23.63,356.91,-83.36,-173.08,False
52.40243,-1.569718,164.81,0.0,3,256.64,27 / 28,222010,2019-09-08 12:10:41:249,-0.0493,-0.0553,9.7586,0.0003,0.0021,9.8066,0.0012,0.0202,0.0157,-4.31,-35.5,23.75,356.86,-83.37,-173.14,False
52.40243,-1.569718,164.81,0.0,3,256.64,27 / 28,222110,2019-09-08 12:10:41:349,0.0188,-0.0408,9.9878,-0.0011,0.003,9.8066,-0.0039,-0.0208,-0.0136,-4.81,-35.81,24.06,354.06,-83.37,-173.12,False
52.40243,-1.569718,164.81,0.0,3,256.64,27 / 28,222210,2019-09-08 12:10:41:449,0.0095,0.1532,9.8964,0.0009,-0.0046,9.8066,0.0126,0.019,0.0131,-4.75,-35.44,23.56,353.99,-83.37,-173.21,False
52.40243,-1.569718,164.81,0.0,3,256.64,27 / 28,222310,2019-09-08 12:10:41:549,0.0004,0.1902,9.8096,-0.0005,-0.0019,9.8066,-0.0079,-0.007,-0.0145,-5.0,-35.62,23.5,354.09,-83.34,-173.1,False
52.40243,-1.569718,164.81,0.0,3,256.64,27 / 28,222409,2019-09-08 12:10:41:648,0.0413,-0.1893,9.8855,0.0,0.0001,9.8066,-0.0101,-0.0126,-0.0037,-4.5,-35.87,23.69,356.76,-83.35,-173.2,False
52.40243,-1.569718,164.81,0.0,3,256.64,27 / 28,222510,2019-09-08 12:10:41:749,-0.0286,0.0089,9.8984,-0.0005,0.0009,9.8066,0.0012,0.003,0.0003,-4.12,-35.87,22.81,356.33,-83.35,-173.13,False
52.40243,-1.569718,164.81,0.0,3,256.64,27 / 28,222610,2019-09-08 12:10:41:849,-0.0041,0.1441,9.8378,-0.0003,-0.0009,9.8066,0.0124,-0.0233,-0.0051,-3.69,-36.12,23.13,356.28,-83.35,-173.16,False
52.40243,-1.569718,164.81,0.0,3,256.64,29 / 29,222710,2019-09-08 12:10:41:949,0.0792,-0.1785,9.8314,-0.0004,0.0019,9.8066,0.0029,0.0145,0.0097,-4.62,-36.37,23.75,354.05,-83.35,-173.13,False
52.40243,-1.569718,164.81,0.0,3,256.64,29 / 29,222810,2019-09-08 12:10:42:049,-0.0529,-0.0158,9.9599,0.0005,-0.0015,9.8066,0.0078,-0.0108,0.0076,-4.75,-36.56,23.88,353.85,-83.35,-173.27,False
52.40243,-1.569718,164.81,0.0,3,256.64,29 / 29,222910,2019-09-08 12:10:42:149,0.0654,0.2481,9.8853,0.0025,-0.0011,9.8066,-0.0208,0.0027,-0.0156,-4.37,-36.0,24.06,356.56,-83.35,-173.37,False
52.40243,-1.569718,164.81,0.0,3,256.64,29 / 29,223010,2019-09-08 12:10:42:249,0.0133,-0.0807,9.7614,-0.0014,0.0009,9.8066,-0.0021,0.0158,0.0169,-4.75,-35.62,23.25,353.14,-83.34,-173.33,False
52.40243,-1.569718,164.81,0.0,3,256.64,29 / 29,223110,2019-09-08 12:10:42:349,-0.073,-0.1384,9.9444,-0.0003,0.0027,9.8066,0.003,-0.012,-0.0133,-4.81,-36.5,23.5,353.84,-83.34,-173.3,False
52.40243,-1.569718,164.81,0.0,3,256.64,29 / 29,223210,2019-09-08 12:10:42:449,-0.0607,0.1061,9.904,-0.0003,-0.0006,9.8066,-0.0022,0.0085,0.0042,-4.5,-36.19,23.81,356.67,-83.33,-173.28,False
52.40243,-1.569718,164.81,0.0,3,256.64,29 / 29,223310,2019-09-08 12:10:42:549,-0.053,-0.0232,9.7729,0.0009,0.0009,9.8066,0.01,-0.0185,-0.0038,-4.69,-36.31,23.5,353.8,-83.32,-173.34,False
52.40243,-1.569718,164.81,0.0,3,256.64,29 / 29,223410,2019-09-08 12:10:42:649,-0.0507,-0.2405,9.8833,0.0007,-0.0005,9.8066,-0.0236,-0.0054,-0.0134,-4.56,-36.62,23.94,353.83,-83.31,-173.28,False
52.40243,-1.569718,164.81,0.0,3,256.64,29 / 29,223510,2019-09-08 12:10:42:749,-0.0096,-0.0513,9.8755,0.0012,-0.0003,9.8066,0.0163,-0.007,0.0067,-4.62,-36.19,23.88,353.77,-83.33,-173.36,False
52.40243,-1.569718,164.81,0.0,3,256.64,29 / 29,223610,2019-09-08 12:10:42:849,-0.0846,0.1172,9.8763,-0.0005,0.0033,9.8066,-0.0044,-0.0182,-0.0147,-5.0,-36.31,23.25,353.1,-83.32,-173.37,False
52.40243,-1.569718,164.81,0.0,3,256.64,27 / 27,223710,2019-09-08 12:10:42:949,-0.0243,-0.2613,9.7727,0.0004,0.0028,9.8066,0.0232,0.0093,0.0246,-4.69,-36.0,23.94,353.59,-83.35,-173.51,False
52.40243,-1.569718,164.81,0.0,3,256.64,27 / 27,223810,2019-09-08 12:10:43:049,-0.0351,-0.2606,9.8301,0.0003,-0.001,9.8066,0.013,-0.0145,-0.0043,-4.44,-35.87,23.88,356.28,-83.33,-173.59,False
52.40243,-1.569718,164.81,0.0,3,256.64,27 / 27,223910,2019-09-08 12:10:43:149,-0.0909,0.1237,9.9183,0.0005,-0.0014,9.8066,-0.0105,0.0108,0.014,-4.56,-36.19,23.38,352.83,-83.33,-173.59,False
52.40243,-1.569718,164.81,0.0,3,256.64,27 / 27,224010,2019-09-08 12:10:43:249,-0.0274,0.0984,9.8245,-0.0018,0.001,9.8065,0.0151,0.0005,0.0153,-4.62,-35.44,23.5,353.67,-83.32,-173.47,False
52.40243,-1.569718,164.81,0.0,3,256.64,27 / 27,224110,2019-09-08 12:10:43:349,-0.0894,-0.1351,9.7254,-0.0002,-0.0007,9.8066,-0.0122,-0.0112,-0.005,-5.12,-35.62,23.69,353.83,-83.33,-173.31,False
52.40243,-1.569718,164.81,0.0,3,256.64,27 / 27,224210,2019-09-08 12:10:43:449,-0.1365,0.0509,9.9678,-0.0001,-0.0003,9.8066,0.0148,0.0145,0.0229,-5.12,-35.5,23.38,353.29,-83.34,-173.25,False
52.40243,-1.569718,164.81,0.0,3,256.64,27 / 27,224310,2019-09-08 12:10:43:549,0.0353,0.2558,9.8455,-0.0014,0.0008,9.8066,-0.0142,-0.0156,-0.0205,-4.19,-36.12,23.31,356.26,-83.33,-173.18,False
52.40243,-1.569718,164.81,0.0,3,256.64,27 / 27,224410,2019-09-08 12:10:43:649,-0.1112,0.021,9.827,0.0019,-0.0007,9.8065,0.0107,0.0049,0.0145,-4.12,-36.37,23.63,356.59,-83.34,-173.34,False
52.40243,-1.569718,164.81,0.0,3,256.64,27 / 27,224510,2019-09-08 12:10:43:749,-0.0409,-0.1039,9.8751,-0.0003,-0.0027,9.8066,-0.0025,-0.0064,-0.0149,-4.19,-36.69,23.5,356.55,-83.34,-173.35,False
52.40243,-1.569718,164.81,0.0,3,256.64,27 / 27,224610,2019-09-08 12:10:43:849,-0.0249,0.2031,9.8112,0.0005,0.0044,9.8066,0.0223,0.0062,0.0112,-4.37,-36.19,23.0,355.92,-83.35,-173.46,False
52.40243,-1.569718,164.81,0.0,3,256.64,28 / 28,224710,2019-09-08 12:10:43:949,0.021,-0.1059,9.9353,-0.0013,0.0014,9.8066,0.013,0.014,0.0078,-3.94,-35.94,23.25,355.87,-83.34,-173.5,False
52.40243,-1.569718,164.81,0.0,3,256.64,28 / 28,224810,2019-09-08 12:10:44:049,-0.0772,0.122,9.9386,0.0008,-0.0031,9.8066,-0.0023,-0.0139,-0.0037,-5.06,-36.44,23.25,353.05,-83.35,-173.41,False
52.40243,-1.569718,164.81,0.0,3,256.64,28 / 28,224910,2019-09-08 12:10:44:149,0.0097,0.1561,9.8293,-0.0012,-0.0012,9.8066,-0.0152,0.0152,0.0094,-4.5,-35.56,23.38,356.12,-83.33,-173.29,False
52.40243,-1.569718,164.81,0.0,3,256.64,28 / 28,225010,2019-09-08 12:10:44:249,0.0801,-0.1653,9.818,-0.0003,0.0005,9.8066,0.0103,-0.0265,-0.0021,-4.87,-36.0,23.19,353.2,-83.34,-173.28,False
52.40243,-1.569718,164.81,0.0,3,256.64,28 / 28,225110,2019-09-08 12:10:44:349,-0.0531,-0.0798,9.8843,-0.0015,-0.0017,9.8066,-0.0053,-0.0006,-0.003,-4.94,-36.25,23.13,353.42,-83.33,-173.1,False
52.40243,-1.569718,164.81,0.0,3,256.64,28 / 28,225210,2019-09-08 12:10:44:449,0.0145,0.1944,9.8918,0.0008,-0.0005,9.8066,0.01,-0.0109,0.0066,-4.56,-36.44,23.5,353.99,-83.35,-173.18,False
52.40243,-1.569718,164.81,0.0,3,256.64,28 / 28,225310,2019-09-08 12:10:44:549,0.0131,-0.1189,9.7819,0.0012,0.0028,9.8066,-0.0017,-0.0212,-0.0092,-4.69,-36.37,23.63,353.91,-83.35,-173.25,False
52.40243,-1.569718,164.81,0.0,3,256.64,28 / 28,225410,2019-09-08 12:10:44:649,-0.0434,-0.1492,9.8074,-0.0004,-0.0037,9.8066,-0.0042,0.0143,0.0235,-4.5,-35.5,23.44,356.01,-83.35,-173.41,False
52.40243,-1.569718,164.81,0.0,3,256.64,28 / 28,225510,2019-09-08 12:10:44:749,0.0245,0.0624,9.9089,-0.0008,-0.0001,9.8066,0.0023,-0.0212,-0.0015,-4.19,-36.19,23.13,356.2,-83.33,-173.23,False
52.40243,-1.569718,164.81,0.0,3,256.64,28 / 28,225610,2019-09-08 12:10:44:849,0.0538,-0.169,9.852,-0.0008,-0.0007,9.8066,0.0008,0.0174,0.0052,-4.62,-36.19,23.44,353.36,-83.32,-173.15,False
52.40243,-1.569718,164.81,0.0,3,256.64,28 / 28,225710,2019-09-08 12:10:44:949,-0.0572,-0.0951,9.9486,-0.0001,0.0014,9.8066,0.013,0.0016,0.0186,-3.81,-36.19,23.88,356.84,-83.33,-173.14,False
52.40243,-1.569718,164.81,0.0,3,256.64,28 / 28,225810,2019-09-08 12:10:45:049,0.0384,0.1068,9.8648,-0.0022,0.0024,9.8066,0.0016,-0.0088,-0.0094,-4.37,-36.12,23.69,356.82,-83.34,-173.15,False
52.40243,-1.569718,164.81,0.0,3,256.64,28 / 28,225910,2019-09-08 12:10:45:149,-0.0008,-0.0903,9.8549,-0.0008,0.0016,9.8066,-0.0097,0.0097,0.0181,-4.5,-36.5,23.75,356.96,-83.34,-173.03,False
52.40243,-1.569718,164.81,0.0,3,256.64,28 / 28,226010,2019-09-08 12:10:45:249,-0.071,-0.175,9.8861,0.0007,-0.002,9.8066,-0.0047,-0.0199,-0.0176,-5.06,-36.06,23.0,353.49,-83.35,-173.05,False
52.40243,-1.569718,164.81,0.0,3,256.64,28 / 28,226110,2019-09-08 12:10:45:349,0.0083,0.0493,9.9316,0.0024,-0.0025,9.8066,-0.0035,0.0034,0.0025,-4.44,-36.06,23.69,356.79,-83.34,-173.17,False
52.40243,-1.569718,164.81,0.0,3,256.64,28 / 28,226210,2019-09-08 12:10:45:449,-0.0108,0.1095,9.8308,-0.0014,0.0035,9.8066,0.0225,-0.0143,-0.0106,-4.94,-36.19,23.25,353.4,-83.35,-173.12,False
52.40243,-1.569718,164.81,0.0,3,256.64,28 / 28,226310,2019-09-08 12:10:45:549,-0.1201,-0.1048,9.8589,0.0007,0.0029,9.8066,-0.0178,-0.0079,-0.0158,-4.37,-36.31,23.44,356.23,-83.36,-173.2,False
52.40243,-1.569718,164.81,0.0,3,256.64,28 / 28,226410,2019-09-08 12:10:45:649,-0.0299,-0.1018,9.9526,-0.0003,-0.0021,9.8066,0.0087,0.0099,0.0172,-4.69,-36.5,23.75,354.04,-83.34,-173.14,False
52.40243,-1.569718,164.81,0.0,3,256.64,28 / 28,226510,2019-09-08 12:10:45:749,-0.0871,0.1538,9.779,0.001,-0.003,9.8066,0.0073,-0.012,-0.0172,-4.5,-36.25,23.75,356.81,-83.33,-173.16,False
52.40243,-1.569718,164.81,0.0,3,256.64,28 / 28,226610,2019-09-08 12:10:45:849,-0.0761,-0.0835,9.8352,-0.001,0.0018,9.8066,0.006,0.0082,0.0189,-4.25,-36.56,23.81,356.92,-83.33,-173.05,False
52.40243,-1.569718,164.81,0.0,3,256.64,27 / 28,226711,2019-09-08 12:10:45:950,-0.0148,-0.0634,9.8846,-0.0005,0.0004,9.8066,0.0029,0.0114,-0.0001,-4.94,-35.87,23.94,354.17,-83.34,-173.03,False
52.40243,-1.569718,164.81,0.0,3,256.64,27 / 28,226810,2019-09-08 12:10:46:049,-0.1038,0.0913,9.9176,0.0017,-0.0011,9.8066,0.0019,-0.012,0.003,-4.69,-36.75,23.56,354.09,-83.34,-173.07,False
52.40243,-1.569718,164.81,0.0,3,256.64,27 / 28,226910,2019-09-08 12:10:46:149,-0.0133,-0.072,9.8449,0.0001,0.0004,9.8066,-0.005,0.0098,0.0033,-4.44,-35.87,24.0,356.81,-83.34,-173.16,False
52.40243,-1.569718,164.81,0.0,3,256.64,27 / 28,227010,2019-09-08 12:10:46:249,-0.0344,-0.114,9.9368,0.0008,-0.0017,9.8066,-0.0015,-0.0224,0.0002,-5.0,-36.25,23.25,353.45,-83.34,-173.08,False
52.40243,-1.569718,164.81,0.0,3,256.64,27 / 28,227110,2019-09-08 12:10:46:349,-0.159,0.2105,9.9097,-0.0009,-0.0009,9.8066,0.0009,-0.0032,-0.0019,-4.94,-36.37,23.63,354.16,-83.32,-173.04,False
52.40243,-1.569718,164.81,0.0,3,256.64,27 / 28,227211,2019-09-08 12:10:46:450,-0.0414,0.027,9.7103,-0.0002,0.0017,9.8066,0.0278,-0.0004,0.0083,-4.69,-35.87,23.25,353.66,-83.34,-172.91,False
52.40243,-1.569718,164.81,0.0,3,256.64,27 / 28,227309,2019-09-08 12:10:46:548,-0.0415,-0.1516,9.8757,-0.0002,-0.001,9.8066,0.0001,-0.0213,-0.0129,-4.5,-36.5,23.44,356.57,-83.32,-172.93,False
52.40243,-1.569718,164.81,0.0,3,256.64,27 / 28,227410,2019-09-08 12:10:46:649,-0.0588,0.1733,9.8951,0.0012,0.0018,9.8066,-0.0216,0.0137,0.0157,-5.25,-36.37,23.63,354.27,-83.33,-172.95,False
52.40243,-1.569718,164.81,0.0,3,256.64,27 / 28,227510,2019-09-08 12:10:46:749,0.0292,0.2528,9.8504,-0.0019,-0.0007,9.8066,0.0239,-0.0274,0.0055,-4.31,-35.56,23.81,357.17,-83.32,-172.86,False
52.40243,-1.569718,164.81,0.0,3,256.64,27 / 28,227610,2019-09-08 12:10:46:849,-0.0556,-0.0332,9.7687,0.0006,0.0011,9.8066,-0.0058,0.0179,0.0039,-4.06,-36.19,23.5,357.19,-83.32,-172.85,False
52.40243,-1.569718,164.81,0.0,3,256.64,28 / 28,227710,2019-09-08 12:10:46:949,-0.0255,-0.0949,9.9394,-0.0005,-0.0033,9.8066,0.0045,-0.0201,-0.0137,-4.56,-36.44,24.0,354.36,-83.31,-172.87,False
52.40243,-1.569718,164.81,0.0,3,256.64,28 / 28,227810,2019-09-08 12:10:47:049,0.0019,0.2198,9.8852,0.0012,0.0012,9.8066,-0.0213,-0.0011,-0.0085,-4.56,-35.62,23.0,353.64,-83.33,-172.93,False
52.40243,-1.569718,164.81,0.0,3,256.64,28 / 28,227910,2019-09-08 12:10:47:149,-0.0585,0.1707,9.9509,-0.0002,0.0001,9.8066,0.0171,-0.0103,0.0106,-4.25,-36.19,23.5,357.1,-83.32,-172.92,False
52.40243,-1.569718,164.81,0.0,3,256.64,28 / 28,228010,2019-09-08 12:10:47:249,0.0326,-0.1122,9.7276,-0.0001,-0.0004,9.8066,-0.0129,-0.0209,-0.0219,-4.75,-36.0,23.38,353.67,-83.32,-172.9,False
52.40243,-1.569718,164.81,0.0,3,256.64,28 / 28,228110,2019-09-08 12:10:47:349,-0.0193,-0.0068,9.9781,-0.0007,-0.0012,9.8066,0.023,0.0091,0.0205,-4.62,-35.75,23.31,353.8,-83.3,-172.79,False
52.40243,-1.569718,164.81,0.0,3,256.64,28 / 28,228210,2019-09-08 12:10:47:449,0.0031,0.1452,9.9589,0.0005,-0.0006,9.8066,0.0112,-0.0186,-0.0144,-4.5,-35.81,23.5,357.37,-83.32,-172.7,False
52.40243,-1.569718,164.81,0.0,3,256.64,28 / 28,228310,2019-09-08 12:10:47:549,0.0302,-0.0632,9.7787,-0.0007,0.0002,9.8066,-0.0114,0.01,0.0164,-4.56,-35.87,23.63,354.66,-83.32,-172.63,False
52.40243,-1.569718,164.81,0.0,3,256.64,28 / 28,228410,2019-09-08 12:10:47:649,-0.0204,-0.151,9.8678,-0.0014,0.0015,9.8066,0.014,-0.0054,0.014,-4.19,-36.25,24.31,357.51,-83.33,-172.58,False
52.40243,-1.569718,164.81,0.0,3,256.64,28 / 28,228511,2019-09-08 12:10:47:750,0.0513,-0.1241,9.9096,-0.0001,0.0036,9.8066,-0.0115,0.003,0.0003,-4.62,-36.37,23.69,354.8,-83.34,-172.51,False
52.40243,-1.569718,164.81,0.0,3,256.64,28 / 28,228610,2019-09-08 12:10:47:849,0.0524,0.1093,9.9381,0.0,-0.0026,9.8066,0.0185,0.0055,0.0254,-4.62,-36.19,24.0,354.62,-83.35,-172.66,False
52.40243,-1.569718,164.81,0.0,3,256.64,27 / 27,228709,2019-09-08 12:10:47:948,-0.0191,-0.1106,9.8551,0.0015,-0.0007,9.8065,-0.0166,-0.0019,-0.0211,-4.87,-36.25,23.69,354.56,-83.34,-172.71,False
52.40243,-1.569718,164.81,0.0,3,256.64,27 / 27,228810,2019-09-08 12:10:48:049,-0.0794,0.1785,9.9222,-0.0013,0.0009,9.8066,-0.0072,0.0197,0.0208,-4.81,-36.06,23.5,354.58,-83.33,-172.69,False
52.40243,-1.569718,164.81,0.0,3,256.64,27 / 27,228910,2019-09-08 12:10:48:149,0.0358,0.2442,10.0253,-0.0012,0.0016,9.8066,-0.01,-0.0246,-0.0305,-4.81,-36.31,23.63,354.68,-83.33,-172.61,False
52.40243,-1.569718,164.81,0.0,3,256.64,27 / 27,229010,2019-09-08 12:10:48:249,-0.0822,-0.2891,9.5632,0.0,-0.0015,9.8066,-0.0045,0.0172,0.0066,-4.81,-35.75,23.94,354.72,-83.31,-172.57,False
52.40243,-1.569718,164.81,0.0,3,256.64,27 / 27,229110,2019-09-08 12:10:48:349,-0.085,-0.0994,9.9219,0.0004,-0.0038,9.8066,0.0026,-0.0259,-0.0196,-4.94,-36.12,23.31,354.05,-83.3,-172.58,False
52.40243,-1.569718,164.81,0.0,3,256.64,27 / 27,229210,2019-09-08 12:10:48:449,-0.0711,-0.059,9.9969,-0.0018,0.0023,9.8066,-0.033,0.0055,-0.0084,-4.75,-36.19,23.63,354.97,-83.3,-172.37,False
52.40243,-1.569718,164.81,0.0,3,256.64,27 / 27,229310,2019-09-08 12:10:48:549,-0.0315,0.2507,9.9303,-0.0003,0.001,9.8066,0.013,-0.0158,-0.0067,-4.75,-36.37,23.81,355.06,-83.31,-172.29,False
52.40243,-1.569718,164.81,0.0,3,256.64,27 / 27,229409,2019-09-08 12:10:48:648,0.0162,-0.2504,9.7904,0.0011,0.0015,9.8066,-0.0061,-0.0138,-0.0212,-4.37,-36.37,23.88,357.91,-83.31,-172.26,False
52.40243,-1.569718,164.81,0.0,3,256.64,27 / 27,229510,2019-09-08 12:10:48:749,-0.0389,-0.2597,9.8674,-0.0013,0.001,9.8066,0.0206,0.0014,0.0164,-4.56,-35.94,23.94,355.08,-83.32,-172.28,False
52.40243,-1.569718,164.81,0.0,3,256.64,27 / 27,229610,2019-09-08 12:10:48:849,-0.0018,0.2188,9.9957,0.0009,-0.0005,9.8066,0.0014,-0.0303,-0.0135,-4.31,-36.25,23.75,357.87,-83.34,-172.29,False
52.40243,-1.569718,164.81,0.0,3,256.64,27 / 27,229710,2019-09-08 12:10:48:949,0.0633,-0.0658,9.7988,0.0006,-0.003,9.8066,-0.0087,0.0176,0.02,-4.31,-36.44,23.88,357.8,-83.33,-172.35,False
52.40243,-1.569718,164.81,0.0,3,256.64,27 / 27,229810,2019-09-08 12:10:49:049,-0.0693,-0.1553,9.837,0.0006,0.0004,9.8066,0.0122,-0.0148,0.0061,-4.69,-36.06,24.06,354.82,-83.33,-172.49,False
52.40243,-1.569718,164.81,0.0,3,256.64,27 / 27,229910,2019-09-08 12:10:49:149,0.0396,0.0791,9.9648,0.0006,0.0003,9.8066,-0.0076,0.0046,-0.0008,-4.5,-36.25,23.81,357.6,-83.32,-172.51,False
52.40243,-1.569718,164.81,0.0,3,256.64,27 / 27,230010,2019-09-08 12:10:49:249,0.0501,0.0127,9.8262,0.0002,-0.0034,9.8066,0.0163,0.0144,0.019,-4.62,-36.06,24.13,354.73,-83.32,-172.57,False
52.40243,-1.569718,164.81,0.0,3,256.64,27 / 27,230110,2019-09-08 12:10:49:349,0.0162,0.0727,9.8247,-0.0014,-0.0019,9.8066,-0.0221,-0.0072,-0.0168,-4.94,-35.81,24.13,354.9,-83.3,-172.42,False
52.40243,-1.569718,164.81,0.0,3,256.64,27 / 27,230210,2019-09-08 12:10:49:449,0.0128,0.0378,9.9439,-0.0007,-0.0008,9.8066,-0.0091,0.0067,0.0133,-4.94,-36.25,23.63,355.07,-83.32,-172.29,False
52.40243,-1.569718,164.81,0.0,3,256.64,27 / 27,230310,2019-09-08 12:10:49:549,0.0179,-0.0333,9.8496,0.0004,-0.0009,9.8066,-0.0029,-0.0141,-0.0066,-4.56,-36.19,23.13,354.46,-83.31,-172.25,False
52.40243,-1.569718,164.81,0.0,3,256.64,27 / 27,230410,2019-09-08 12:10:49:649,0.0264,0.1718,9.8204,0.0001,0.0002,9.8066,0.0075,-0.0124,-0.0072,-4.69,-35.87,23.31,354.38,-83.32,-172.32,False
52.40243,-1.569718,164.81,0.0,3,256.64,27 / 27,230510,2019-09-08 12:10:49:749,0.051,0.0365,9.9616,-0.0009,0.002,9.8066,0.0013,0.008,0.0023,-4.12,-35.56,23.69,357.91,-83.31,-172.25,False
52.40243,-1.569718,164.81,0.0,3,256.64,27 / 27,230610,2019-09-08 12:10:49:849,0.0122,0.0238,9.806,0.0006,-0.0038,9.8066,0.0032,-0.0118,-0.0079,-4.31,-36.0,23.31,357.38,-83.32,-172.26,False
52.40243,-1.569718,164.81,0.0,3,256.64,29 / 29,230710,2019-09-08 12:10:49:949,0.0207,-0.0263,9.9329,0.0009,0.0,9.8066,-0.0107,0.0064,0.0063,-5.12,-36.0,23.44,354.39,-83.29,-172.31,False
52.40243,-1.569718,164.81,0.0,3,256.64,29 / 29,230810,2019-09-08 12:10:50:049,-0.0173,0.153,9.9934,-0.0007,-0.0005,9.8066,-0.0056,-0.0001,0.0127,-4.37,-36.31,23.94,357.84,-83.29,-172.31,False
52.40243,-1.569718,164.81,0.0,3,256.64,29 / 29,230910,2019-09-08 12:10:50:149,0.0602,-0.032,9.7796,-0.0012,0.002,9.8066,0.0066,-0.0044,-0.0102,-4.75,-36.19,23.75,355.22,-83.29,-172.16,False
52.40243,-1.569718,164.81,0.0,3,256.64,29 / 29,231010,2019-09-08 12:10:50:249,0.0101,-0.1726,9.873,-0.0007,0.0008,9.8066,0.0104,-0.0028,0.01,-4.62,-36.0,23.38,354.6,-83.29,-172.13,False
52.40243,-1.569718,164.81,0.0,3,256.64,29 / 29,231110,2019-09-08 12:10:50:349,0.0787,-0.0246,9.9287,-0.0007,0.0024,9.8066,0.0062,-0.0274,-0.0105,-4.81,-36.56,23.63,355.27,-83.31,-172.1,False
52.40243,-1.569718,164.81,0.0,3,256.64,29 / 29,231210,2019-09-08 12:10:50:449,0.0334,-0.0061,9.8354,-0.0011,-0.0022,9.8066,-0.0045,0.0095,0.0173,-4.75,-36.0,23.44,354.58,-83.31,-172.16,False
52.40243,-1.569718,164.81,0.0,3,256.64,29 / 29,231310,2019-09-08 12:10:50:549,-0.0921,-0.2137,9.8023,0.0018,-0.0018,9.8066,0.0094,-0.0137,0.0033,-4.37,-36.19,23.31,357.56,-83.3,-172.12,False
52.40243,-1.569718,164.81,0.0,3,256.64,29 / 29,231410,2019-09-08 12:10:50:649,0.1371,-0.0691,9.8973,-0.0015,0.002,9.8066,-0.0015,0.0108,-0.003,-4.69,-36.37,23.63,355.22,-83.3,-172.16,False
52.40243,-1.569718,164.81,0.0,3,256.64,29 / 29,231510,2019-09-08 12:10:50:749,0.0349,0.0379,9.9176,-0.0009,0.004,9.8066,0.017,0.0082,0.0214,-4.5,-36.25,23.81,358.09,-83.32,-172.1,False
52.40243,-1.569718,164.81,0.0,3,256.64,29 / 29,231610,2019-09-08 12:10:50:849,0.0299,-0.1127,9.8688,-0.0016,-0.0011,9.8066,-0.0108,-0.0164,-0.0131,-4.69,-36.19,23.5,355.46,-83.3,-171.96,False
52.40243,-1.569718,164.81,0.0,3,256.64,28 / 28,231710,2019-09-08 12:10:50:949,-0.1169,0.1495,9.844,0.0015,0.0005,9.8066,-0.0151,-0.0045,0.0125,-4.25,-35.94,24.06,358.26,-83.31,-171.96,False
52.40243,-1.569718,164.81,0.0,3,256.64,28 / 28,231809,2019-09-08 12:10:51:048,0.0402,-0.0079,9.8196,-0.0006,-0.0006,9.8066,0.0028,-0.0113,-0.0053,-4.5,-36.12,23.19,357.82,-83.32,-171.91,False
52.40243,-1.569718,164.81,0.0,3,256.64,28 / 28,231910,2019-09-08 12:10:51:149,0.019,-0.0664,9.9018,0.0012,0.0,9.8066,0.005,-0.0152,-0.0047,-4.56,-36.0,23.75,355.48,-83.32,-171.95,False
52.40243,-1.569718,164.81,0.0,3,256.64,28 / 28,232010,2019-09-08 12:10:51:249,-0.1304,0.13,9.8254,-0.0028,0.0031,9.8066,0.0085,0.0155,-0.0022,-4.56,-35.94,23.44,354.82,-83.31,-171.95,False
52.40243,-1.569718,164.81,0.0,3,256.64,28 / 28,232110,2019-09-08 12:10:51:349,0.0167,-0.0819,9.8186,0.0001,0.0038,9.8066,0.014,-0.0087,0.0034,-4.31,-36.19,23.38,357.81,-83.33,-171.92,False
52.40243,-1.569718,164.81,0.0,3,256.64,28 / 28,232210,2019-09-08 12:10:51:449,0.0033,-0.0195,9.9209,-0.0004,-0.0022,9.8066,-0.0184,0.0103,-0.0041,-4.62,-36.31,23.63,355.75,-83.32,-171.73,False
52.40243,-1.569718,164.81,0.0,3,256.64,28 / 28,232309,2019-09-08 12:10:51:548,-0.0739,0.0649,9.8148,0.0002,0.0001,9.8066,-0.0095,0.0025,0.0103,-4.75,-36.31,23.13,355.14,-83.33,-171.7,False
52.40243,-1.569718,164.81,0.0,3,256.64,28 / 28,232409,2019-09-08 12:10:51:648,-0.0109,-0.0641,9.8719,-0.0001,-0.0012,9.8066,0.0038,-0.0062,-0.0092,-5.06,-36.44,23.81,355.74,-83.33,-171.74,False
52.40243,-1.569718,164.81,0.0,3,256.64,28 / 28,232510,2019-09-08 12:10:51:749,0.0224,0.0522,9.9463,0.0019,-0.0003,9.8066,0.0036,-0.0038,-0.0023,-4.25,-36.25,23.69,358.45,-83.33,-171.81,False
52.40243,-1.569718,164.81,0.0,3,256.64,28 / 28,232610,2019-09-08 12:10:51:849,0.0345,-0.0638,9.815,0.0002,-0.0007,9.8066,-0.0015,0.0113,-0.0019,-4.25,-36.25,23.75,358.53,-83.32,-171.74,False
52.40243,-1.569718,164.81,0.0,3,256.64,27 / 27,232710,2019-09-08 12:10:51:949,-0.0949,-0.0244,9.9702,-0.0001,0.0018,9.8066,0.0153,-0.0151,-0.002,-4.81,-36.31,23.81,355.78,-83.33,-171.7,False
52.40243,-1.569718,164.81,0.0,3,256.64,27 / 27,232810,2019-09-08 12:10:52:049,0.0533,0.1415,9.8847,-0.0017,-0.0012,9.8066,-0.0149,0.0064,-0.0017,-4.62,-35.81,24.06,355.86,-83.34,-171.64,False
52.40243,-1.569718,164.81,0.0,3,256.64,27 / 27,232909,2019-09-08 12:10:52:148,0.044,-0.0823,9.7913,0.0004,0.0026,9.8066,-0.0098,0.0083,0.0096,-4.87,-35.81,23.5,355.91,-83.34,-171.6,False
52.40243,-1.569718,164.81,0.0,3,256.64,27 / 27,233010,2019-09-08 12:10:52:249,-0.0307,-0.0244,9.9573,0.0002,-0.0016,9.8066,0.0094,-0.0156,-0.013,-4.69,-36.0,23.06,355.24,-83.33,-171.62,False
52.40243,-1.569718,164.81,0.0,3,256.64,27 / 27,233110,2019-09-08 12:10:52:349,-0.0072,0.1993,9.9041,0.0019,-0.002,9.8065,-0.001,0.002,-0.0033,-4.56,-36.25,23.63,355.77,-83.33,-171.71,False
52.40243,-1.569718,164.81,0.0,3,256.64,27 / 27,233210,2019-09-08 12:10:52:449,0.0817,-0.1262,9.7308,-0.0008,0.0031,9.8066,0.0155,-0.0064,-0.0058,-4.75,-36.25,23.38,355.01,-83.32,-171.8,False
52.40243,-1.569718,164.81,0.0,3,256.64,27 / 27,233310,2019-09-08 12:10:52:549,-0.0732,-0.1292,9.9297,-0.0009,0.0019,9.8066,-0.0148,-0.0117,-0.0171,-4.44,-36.06,23.31,358.04,-83.33,-171.73,False
52.40243,-1.569718,164.81,0.0,3,256.64,27 / 27,233410,2019-09-08 12:10:52:649,0.0246,0.1029,9.9774,-0.0003,-0.0013,9.8066,0.0108,0.0128,0.0128,-4.75,-36.19,23.19,355.19,-83.32,-171.65,False
52.40243,-1.569718,164.81,0.0,3,256.64,27 / 27,233510,2019-09-08 12:10:52:749,-0.0164,0.0697,9.7972,0.0004,-0.0003,9.8066,0.007,-0.0117,-0.0108,-4.87,-36.25,23.0,355.24,-83.32,-171.62,False
52.40243,-1.569718,164.81,0.0,3,256.64,27 / 27,233609,2019-09-08 12:10:52:848,-0.0604,-0.2594,9.8311,-0.0006,0.0005,9.8066,0.0109,0.0097,0.0213,-5.06,-36.37,23.75,355.88,-83.33,-171.62,False
52.40243,-1.569718,164.81,0.0,3,256.64,28 / 28,233709,2019-09-08 12:10:52:948,0.0279,-0.0807,9.87,0.0016,-0.0006,9.8066,0.0154,0.0099,0.0016,-4.5,-36.56,23.38,358.08,-83.34,-171.69,False
52.40243,-1.569718,164.81,0.0,3,256.64,28 / 28,233810,2019-09-08 12:10:53:049,0.0644,-0.0096,9.8056,-0.0012,0.002,9.8066,-0.016,-0.0057,0.005,-4.94,-36.44,24.06,355.88,-83.34,-171.62,False
52.40243,-1.569718,164.81,0.0,3,256.64,28 / 28,233910,2019-09-08 12:10:53:149,-0.1015,-0.1088,9.9449,0.0009,0.0014,9.8066,-0.0068,0.0157,0.0101,-4.75,-35.62,23.38,355.14,-83.34,-171.7,False
52.40243,-1.569718,164.81,0.0,3,256.64,28 / 28,234010,2019-09-08 12:10:53:249,-0.0374,0.0177,9.856,0.0006,-0.0021,9.8066,0.0076,-0.0212,-0.0005,-5.12,-36.37,23.25,355.18,-83.33,-171.67,False
52.40243,-1.569718,164.81,0.0,3,256.64,28 / 28,234110,2019-09-08 12:10:53:349,0.0721,-0.0347,9.7935,0.0,-0.0009,9.8066,0.0055,-0.0046,-0.0036,-4.06,-35.75,23.25,358.07,-83.33,-171.71,False
52.40243,-1.569718,164.81,0.0,3,256.64,28 / 28,234210,2019-09-08 12:10:53:449,-0.0593,-0.0571,9.9728,-0.0016,-0.0005,9.8066,0.0002,-0.0031,0.0106,-5.12,-36.25,24.0,355.87,-83.34,-171.63,False
52.40243,-1.569718,164.81,0.0,3,256.64,28 / 28,234310,2019-09-08 12:10:53:549,-0.0493,0.0591,9.8092,0.0008,-0.0026,9.8065,0.0054,-0.0003,-0.0112,-4.87,-36.56,23.56,355.87,-83.33,-171.61,False
52.40243,-1.569718,164.81,0.0,3,256.64,28 / 28,234410,2019-09-08 12:10:53:649,0.0526,-0.0972,9.7965,-0.0004,0.0018,9.8066,-0.0178,0.0055,0.013,-4.37,-36.31,23.69,358.79,-83.33,-171.53,False
52.40243,-1.569718,164.81,0.0,3,256.64,28 / 28,234510,2019-09-08 12:10:53:749,-0.0098,-0.0836,9.9921,0.0,0.0019,9.8066,0.0009,-0.0168,-0.0083,-5.25,-36.25,23.5,355.9,-83.33,-171.6,False
52.40243,-1.569718,164.81,0.0,3,256.64,28 / 28,234610,2019-09-08 12:10:53:849,-0.0371,0.0434,9.8308,0.0003,-0.0008,9.8066,0.0017,-0.0131,-0.0005,-4.87,-36.62,23.5,355.91,-83.32,-171.58,False
52.40243,-1.569718,164.81,0.0,3,256.64,29 / 29,234710,2019-09-08 12:10:53:949,0.0157,-0.0495,9.7733,0.0006,-0.0022,9.8066,-0.0015,0.0157,0.0012,-4.75,-35.81,23.19,355.26,-83.31,-171.6,False
52.40243,-1.569718,164.81,0.0,3,256.64,29 / 29,234810,2019-09-08 12:10:54:049,-0.0846,-0.0836,9.9497,0.0004,-0.0001,9.8066,0.0068,-0.0058,0.0005,-4.44,-36.0,23.5,358.95,-83.3,-171.4,False
52.40243,-1.569718,164.81,0.0,3,256.64,29 / 29,234910,2019-09-08 12:10:54:149,-0.0152,-0.0098,9.7829,-0.0001,-0.0009,9.8066,-0.012,0.0075,-0.0027,-4.56,-36.12,23.25,355.47,-83.31,-171.43,False
52.40243,-1.569718,164.81,0.0,3,256.64,29 / 29,235010,2019-09-08 12:10:54:249,0.0313,-0.0412,9.8181,-0.0001,0.002,9.8066,-0.01,0.0092,0.0107,-4.87,-35.56,23.38,355.45,-83.31,-171.44,False
52.40243,-1.569718,164.81,0.0,3,256.64,29 / 29,235110,2019-09-08 12:10:54:349,-0.0718,-0.0791,9.9478,0.0001,0.0026,9.8066,0.0021,-0.0198,-0.0119,-4.56,-36.25,23.63,355.97,-83.32,-171.55,False
52.40243,-1.569718,164.81,0.0,3,256.64,29 / 29,235209,2019-09-08 12:10:54:448,-0.0069,-0.0788,9.7797,0.0006,-0.0018,9.8066,0.0027,-0.0012,-0.0021,-4.62,-35.62,23.69,356.06,-83.31,-171.47,False
52.40243,-1.569718,164.81,0.0,3,256.64,29 / 29,235309,2019-09-08 12:10:54:548,0.0712,-0.109,9.8286,-0.0004,-0.0005,9.8066,0.0059,0.0099,-0.0028,-5.12,-36.5,23.38,355.4,-83.31,-171.48,False
52.40243,-1.569718,164.81,0.0,3,256.64,29 / 29,235410,2019-09-08 12:10:54:649,-0.0404,-0.0651,9.9305,0.0004,0.0009,9.8066,0.0051,-0.0133,-0.0086,-4.37,-35.75,23.38,358.34,-83.31,-171.48,False
52.40243,-1.569718,164.81,0.0,3,256.64,29 / 29,235510,2019-09-08 12:10:54:749,-0.0033,-0.0241,9.7705,0.0016,-0.0013,9.8066,-0.006,0.0096,0.0007,-4.37,-36.06,23.31,358.15,-83.32,-171.64,False
52.40243,-1.569718,164.81,0.0,3,256.64,29 / 29,235611,2019-09-08 12:10:54:850,0.0109,-0.0458,9.811,-0.0001,0.0018,9.8066,-0.0148,0.0025,0.0121,-4.5,-36.31,23.81,358.62,-83.31,-171.67,False
52.40243,-1.569718,164.81,0.0,3,256.64,28 / 28,235710,2019-09-08 12:10:54:949,0.0583,-0.0801,9.7213,-0.0012,-0.0008,9.8066,0.0069,-0.0087,-0.0119,-4.75,-36.44,23.44,355.35,-83.31,-171.53,False
52.40243,-1.569718,164.81,0.0,3,256.64,28 / 28,235810,2019-09-08 12:10:55:049,-0.0224,-0.141,9.8523,0.002,-0.0024,9.8066,-0.0059,0.0109,-0.0006,-4.56,-35.81,24.13,355.91,-83.32,-171.6,False
52.40243,-1.569718,164.81,0.0,3,256.64,28 / 28,235910,2019-09-08 12:10:55:149,-0.0869,0.1745,9.9277,-0.0002,0.0043,9.8066,0.0198,-0.0023,-0.0018,-4.75,-36.06,24.19,355.87,-83.3,-171.62,False
52.40243,-1.569718,164.81,0.0,3,256.64,28 / 28,236010,2019-09-08 12:10:55:249,0.0051,0.0192,9.8869,0.0004,0.0038,9.8066,-0.0113,0.0009,-0.0192,-4.5,-36.5,24.19,358.55,-83.33,-171.73,False
52.40243,-1.569718,164.81,0.0,3,256.64,28 / 28,236110,2019-09-08 12:10:55:349,-0.0742,-0.1223,9.8157,0.0008,-0.0032,9.8066,0.0033,0.0049,0.0151,-4.75,-35.94,23.69,355.79,-83.32,-171.7,False
52.40243,-1.569718,164.81,0.0,3,256.64,28 / 28,236210,2019-09-08 12:10:55:449,-0.0319,0.0323,9.9484,0.0,-0.0022,9.8066,0.0108,-0.0114,-0.0132,-4.37,-36.44,23.31,357.97,-83.3,-171.79,False
52.40243,-1.569718,164.81,0.0,3,256.64,28 / 28,236309,2019-09-08 12:10:55:548,0.011,-0.0321,9.9266,-0.0001,0.002,9.8066,0.0214,0.0054,0.0175,-4.19,-35.75,23.13,358.03,-83.31,-171.74,False
52.40243,-1.569718,164.81,0.0,3,256.64,28 / 28,236410,2019-09-08 12:10:55:649,-0.0114,-0.015,9.845,0.0008,-0.0008,9.8066,0.0175,0.0074,0.0043,-4.87,-36.5,23.69,355.75,-83.3,-171.72,False
52.40243,-1.569718,164.81,0.0,3,256.64,28 / 28,236510,2019-09-08 12:10:55:749,-0.0733,-0.0571,9.9222,0.0004,0.0023,9.8066,-0.012,-0.0114,0.004,-4.87,-35.69,23.5,355.86,-83.3,-171.64,False
52.40243,-1.569718,164.81,0.0,3,256.64,28 / 28,236610,2019-09-08 12:10:55:849,-0.0392,-0.0693,9.8985,0.0006,0.0017,9.8066,-0.0091,0.0164,0.0053,-4.87,-36.0,23.44,354.98,-83.32,-171.83,False
52.40243,-1.569718,164.81,0.0,3,256.64,26 / 27,236710,2019-09-08 12:10:55:949,-0.0808,-0.0179,9.8094,0.0002,-0.0024,9.8066,0.0144,-0.0148,-0.0012,-4.56,-36.12,23.25,355.02,-83.31,-171.79,False
52.40243,-1.569718,164.81,0.0,3,256.64,26 / 27,236810,2019-09-08 12:10:56:049,0.0173,-0.025,9.9588,0.0001,-0.0012,9.8066,0.0042,-0.0182,-0.0017,-4.44,-35.62,23.38,357.87,-83.31,-171.87,False
52.40243,-1.569718,164.81,0.0,3,256.64,26 / 27,236910,2019-09-08 12:10:56:149,-0.0411,-0.0518,9.9122,-0.0005,0.0005,9.8066,0.0049,0.0103,0.0099,-4.87,-35.75,23.81,355.7,-83.32,-171.77,False
52.40243,-1.569718,164.81,0.0,3,256.64,26 / 27,237010,2019-09-08 12:10:56:249,0.0024,-0.0385,9.8024,0.0003,-0.0005,9.8066,0.0089,-0.0179,-0.0068,-4.75,-35.62,24.0,355.66,-83.32,-171.8,False
52.40243,-1.569718,164.81,0.0,3,256.64,26 / 27,237110,2019-09-08 12:10:56:349,-0.0644,0.0856,9.9432,-0.0008,0.0032,9.8066,-0.0146,0.0091,0.0125,-4.69,-36.0,23.25,354.94,-83.32,-171.86,False
52.40243,-1.569718,164.81,0.0,3,256.64,26 / 27,237210,2019-09-08 12:10:56:449,-0.065,-0.0793,9.9372,0.0012,0.0014,9.8066,0.0024,0.0017,0.0067,-4.31,-36.06,23.06,357.7,-83.33,-172.0,False
52.40243,-1.569718,164.81,0.0,3,256.64,26 / 27,237310,2019-09-08 12:10:56:549,-0.0246,-0.0148,9.8047,0.0011,0.0,9.8066,-0.008,0.0006,-0.0079,-4.62,-36.37,23.31,354.72,-83.33,-172.04,False
52.40243,-1.569718,164.81,0.0,3,256.64,26 / 27,237410,2019-09-08 12:10:56:649,-0.0375,-0.027,9.9203,0.0012,-0.0026,9.8066,0.0117,0.0054,0.0145,-4.69,-36.19,23.63,355.26,-83.33,-172.13,False
52.40243,-1.569718,164.81,0.0,3,256.64,26 / 27,237510,2019-09-08 12:10:56:749,-0.0732,-0.1864,9.9192,0.0006,0.0014,9.8065,-0.0005,-0.0242,-0.0187,-4.69,-36.0,23.56,355.29,-83.34,-172.11,False
52.40243,-1.569718,164.81,0.0,3,256.64,26 / 27,237610,2019-09-08 12:10:56:849,-0.0414,0.2036,9.9284,0.0004,-0.0018,9.8066,-0.0107,-0.0087,0.0064,-4.75,-36.69,23.56,355.14,-83.34,-172.21,False
52.40243,-1.569718,164.81,0.0,3,256.64,28 / 28,237710,2019-09-08 12:10:56:949,0.013,-0.1195,9.8049,0.0008,-0.0005,9.8066,0.0017,0.0018,0.0001,-4.19,-36.06,23.94,358.08,-83.34,-172.11,False
52.40243,-1.569718,164.81,0.0,3,256.64,28 / 28,237810,2019-09-08 12:10:57:049,-0.026,-0.1565,9.9001,-0.0004,-0.0003,9.8066,0.0173,0.0034,0.0058,-4.81,-36.37,23.94,355.26,-83.33,-172.13,False
52.40243,-1.569718,164.81,0.0,3,256.64,28 / 28,237910,2019-09-08 12:10:57:149,-0.0088,0.1007,9.9514,0.0019,-0.002,9.8066,0.0099,0.0193,0.0079,-4.94,-36.75,23.56,355.19,-83.33,-172.17,False
52.40243,-1.569718,164.81,0.0,3,256.64,28 / 28,238009,2019-09-08 12:10:57:248,0.0689,-0.0598,9.8228,0.001,-0.0021,9.8066,-0.004,-0.0163,-0.0081,-4.31,-36.12,23.19,357.46,-83.32,-172.2,False
52.40243,-1.569718,164.81,0.0,3,256.64,28 / 28,238110,2019-09-08 12:10:57:349,-0.0841,-0.1355,9.8363,0.0007,0.001,9.8066,-0.0163,0.0162,-0.0039,-4.87,-36.19,23.5,355.0,-83.33,-172.35,False
52.40243,-1.569718,164.81,0.0,3,256.64,28 / 28,238210,2019-09-08 12:10:57:449,0.0671,0.0756,9.9625,-0.0018,0.0029,9.8066,0.0117,-0.0278,-0.0015,-4.12,-35.94,23.31,357.27,-83.33,-172.36,False
52.40243,-1.569718,164.81,0.0,3,256.64,28 / 28,238310,2019-09-08 12:10:57:549,0.0269,0.0521,9.867,-0.0002,-0.002,9.8066,-0.002,-0.0149,-0.0067,-4.12,-36.0,23.94,357.74,-83.32,-172.4,False
52.40243,-1.569718,164.81,0.0,3,256.64,28 / 28,238410,2019-09-08 12:10:57:649,-0.0024,0.0582,9.7904,-0.0007,-0.0017,9.8066,0.0114,0.0093,0.0112,-4.19,-36.44,23.38,357.3,-83.31,-172.33,False
52.40243,-1.569718,164.81,0.0,3,256.64,28 / 28,238510,2019-09-08 12:10:57:749,0.038,-0.0362,9.9185,0.0001,0.0,9.8066,-0.0049,-0.0224,-0.0179,-4.81,-36.37,23.69,355.14,-83.31,-172.23,False
52.40243,-1.569718,164.81,0.0,3,256.64,28 / 28,238610,2019-09-08 12:10:57:849,0.0018,0.0349,9.8284,0.0005,-0.0057,9.8066,-0.0126,0.0128,0.0185,-4.31,-36.5,23.44,357.25,-83.33,-172.38,False
52.40243,-1.569718,164.81,0.0,3,256.64,27 / 27,238710,2019-09-08 12:10:57:949,0.0932,0.176,9.8975,0.0002,-0.0017,9.8066,0.0163,-0.0124,0.0038,-4.31,-36.31,24.0,357.79,-83.3,-172.35,False
52.40243,-1.569718,164.81,0.0,3,256.64,27 / 27,238809,2019-09-08 12:10:58:048,0.079,-0.005,9.7628,-0.0001,0.0006,9.8066,0.0016,0.0069,0.0135,-4.19,-36.37,23.19,357.27,-83.31,-172.36,False
52.40243,-1.569718,164.81,0.0,3,256.64,27 / 27,238910,2019-09-08 12:10:58:149,0.0188,-0.0572,9.8786,-0.0006,0.0013,9.8066,0.0118,0.0041,0.0185,-5.69,-36.37,23.75,352.42,-83.31,-172.21,False
52.40243,-1.569718,164.81,0.0,3,256.64,27 / 27,239010,2019-09-08 12:10:58:249,0.0611,0.0676,9.86,-0.0002,0.0015,9.8066,-0.0032,-0.0131,-0.0145,-4.19,-36.19,23.19,357.34,-83.3,-172.29,False
52.40243,-1.569718,164.81,0.0,3,256.64,27 / 27,239110,2019-09-08 12:10:58:349,-0.0281,-0.0568,9.8046,0.0006,0.002,9.8066,-0.0016,0.0056,0.0083,-4.75,-35.94,23.56,355.0,-83.32,-172.34,False
52.40243,-1.569718,164.81,0.0,3,256.64,27 / 27,239210,2019-09-08 12:10:58:449,0.0542,0.0165,9.8345,-0.0005,-0.0011,9.8066,-0.0046,-0.0023,-0.0082,-4.44,-36.31,23.38,357.12,-83.32,-172.48,False
52.40243,-1.569718,164.81,0.0,3,256.64,27 / 27,239309,2019-09-08 12:10:58:548,-0.0056,0.1004,9.9166,0.0008,-0.0001,9.8066,0.0055,-0.0178,-0.002,-4.31,-36.25,23.44,357.08,-83.31,-172.51,False
52.40243,-1.569718,164.81,0.0,3,256.64,27 / 27,239410,2019-09-08 12:10:58:649,-0.0003,-0.0194,9.7321,-0.0012,0.0004,9.8066,0.0058,0.0139,0.008,-4.44,-36.19,23.44,357.09,-83.31,-172.5,False
52.40243,-1.569718,164.81,0.0,3,256.64,27 / 27,239510,2019-09-08 12:10:58:749,0.05,-0.0879,9.8017,-0.0006,0.0006,9.8066,0.0156,-0.0173,-0.0043,-4.56,-35.87,23.63,354.86,-83.31,-172.46,False
52.40243,-1.569718,164.81,0.0,3,256.64,27 / 27,239610,2019-09-08 12:10:58:849,0.0001,-0.0706,9.8893,-0.0005,-0.0017,9.8066,-0.0222,0.0093,0.0033,-4.56,-35.44,23.38,354.29,-83.3,-172.42,False
52.40243,-1.569718,164.81,0.0,3,256.64,28 / 28,239710,2019-09-08 12:10:58:949,0.068,-0.0974,9.7708,-0.0001,0.0006,9.8066,-0.0083,0.0092,0.0149,-4.5,-35.75,23.69,357.75,-83.31,-172.38,False
52.40243,-1.569718,164.81,0.0,3,256.64,28 / 28,239810,2019-09-08 12:10:59:049,-0.1116,-0.0445,9.9221,-0.0011,-0.0006,9.8066,0.0077,0.0037,-0.0093,-4.81,-35.5,23.5,354.92,-83.3,-172.43,False
52.40243,-1.569718,164.81,0.0,3,256.64,28 / 28,239910,2019-09-08 12:10:59:149,0.0845,0.0554,9.863,0.0023,0.001,9.8066,-0.0022,0.0126,0.0014,-4.56,-36.81,23.63,354.67,-83.31,-172.59,False
52.40243,-1.569718,164.81,0.0,3,256.64,28 / 28,240010,2019-09-08 12:10:59:249,0.0009,0.0212,9.8079,-0.001,0.0013,9.8066,0.005,-0.0093,-0.0076,-4.44,-36.19,23.75,357.44,-83.3,-172.64,False
