time_ms,gps_speed,gps_heading,lat,lon,blackout,accel_y_mean,accel_y_std,accel_z_std,gyro_z_std,accel_energy,accel_x_mean,accel_x_std,gyro_x_std,accel_energy_2s,accel_z_mean
60011,6.68,58.12,52.403114,-1.557199,False,0.0047,0.0,0.0,0.0,98.17839434,-0.4937,0.0,0.0,98.17839434,9.9085
60111,6.68,58.12,52.403114,-1.557199,False,-0.0552,0.08471139238614839,0.004030508652763976,0.011030865786510143,98.12854509499999,-0.4047,0.12586500705120549,0.005020458146424487,98.12854509499999,9.90565
60211,0.71,40.34,52.4034,-1.556838,False,-0.12123333333333335,0.12910930769442355,0.07825400948194212,0.009035670054474839,97.25935304,-0.38023333333333337,0.09857410072292487,0.009493330992509074,97.25935304,9.8605
60311,0.71,40.34,52.4034,-1.556838,False,-0.155675,0.12592744935080677,0.0703336334906702,0.010425769356103494,96.9796157525,-0.306475,0.1680448427255852,0.009082217056791072,96.9796157525,9.8458
60411,0.71,40.34,52.4034,-1.556838,False,-0.16196000000000002,0.10995816477188042,0.07832315749508519,0.009049143605888902,97.41468284599999,-0.22058,0.2409752207178157,0.009915392074950945,97.41468284599999,9.86782
60511,0.71,40.34,52.4034,-1.556838,False,-0.15538333333333335,0.09966019098249145,0.0702650980217059,0.008213342803024845,97.36659845499999,-0.1472,0.28064745144041486,0.010754239474117482,97.36659845499999,9.8656
60611,0.71,40.34,52.4034,-1.556838,False,-0.16781428571428572,0.0967393134248159,0.06439637301232731,0.0075063148018692846,97.41236871142857,-0.13658571428571428,0.2577294474739705,0.011131636597254392,97.41236871142857,9.867757142857142
60711,0.71,40.34,52.4034,-1.556838,False,-0.1688375,0.08960994743091545,0.05976665936313092,0.007810935557647002,97.38204022375,-0.13055,0.239221021532091,0.012301887195525269,97.38204022375,9.866275
60811,0.71,40.34,52.4034,-1.556838,False,-0.17576666666666668,0.08636156552541184,0.05619725922537857,0.00760920495189872,97.4212634211111,-0.17027777777777778,0.253531116323903,0.011577780443591076,97.4212634211111,9.868177777777777
60910,0.71,40.34,52.4034,-1.556838,False,-0.156,0.10264905693131764,0.052986266564501436,0.00752348175898485,97.413769936,-0.16502999999999998,0.23960679386583902,0.011889159394638086,97.413769936,9.868
61011,0.71,40.34,52.4034,-1.556838,False,-0.17443999999999998,0.0857440143683511,0.05125376517334521,0.010794154796823035,97.3572408,-0.12035,0.2115210640942305,0.011848225371102812,97.43189112181818,9.86498
61111,0.71,40.34,52.4034,-1.556838,False,-0.17218,0.08775608620868793,0.0545496522038002,0.012566007940294941,97.131308529,-0.10327,0.2006085909869709,0.011820904270730634,97.29751462333333,9.85353
61211,0.71,40.34,52.4034,-1.556838,False,-0.15337,0.08859162300503737,0.04617674859830561,0.01310354065807321,97.28385684,-0.08396,0.18489874826810243,0.010533591768981533,97.27820211692308,9.861609999999999
61311,0.71,40.34,52.4034,-1.556838,False,-0.13318,0.08476774543814802,0.04180989250298452,0.013264974766487702,97.360576092,-0.09651,0.189201359226971,0.009018308538128912,97.25173028071428,9.86584
61411,0.71,40.34,52.4034,-1.556838,False,-0.13389,0.08529762859801228,0.02740520834521169,0.013322895914761004,97.17554571,-0.13913999999999999,0.18214117967481522,0.009216175393778529,97.25525808866665,9.856489999999999
61510,0.71,40.34,52.4034,-1.556838,False,-0.13172,0.08589353616865214,0.03743829886923619,0.013324563782728494,97.33913600000001,-0.18275,0.1319778285251815,0.009337909592384983,97.349434420625,9.86478
61611,0.71,40.34,52.4034,-1.556838,False,-0.11784999999999998,0.07674675888921953,0.03702782137198446,0.015744773383217964,97.304715993,-0.21359,0.1392868140046126,0.006234670088393695,97.34904358294116,9.86328
61711,0.71,40.34,52.4034,-1.556838,False,-0.11391,0.07440541273620113,0.041310538069064075,0.015398470342501193,97.435406944,-0.22911,0.1322437433932761,0.005730629207260844,97.41168840166667,9.86995
61811,0.71,40.34,52.4034,-1.556838,False,-0.09555,0.06419991779157073,0.04551705541149761,0.015340737342847056,97.278284464,-0.18914,0.10227584921834344,0.007883484847028836,97.34601133842106,9.86223
61911,0.71,40.34,52.4034,-1.556838,False,-0.1032,0.05205962393683267,0.0461680697741054,0.015859693846001215,97.220409884,-0.19618,0.09919622304637742,0.007549841793780254,97.31708991,9.85928
62011,0.71,40.34,52.4034,-1.556838,False,-0.08985,0.047147952706818985,0.045700517867233476,0.012660366854435492,97.183836799,-0.18351,0.12509292945646447,0.00809142206976691,97.27053879949999,9.85758
62111,0.71,40.34,52.4034,-1.556838,False,-0.09065000000000001,0.04726563821166018,0.040013742083883655,0.007999138842539376,97.399356039,-0.15921000000000002,0.15374680809694877,0.007974793623244004,97.26533228400001,9.86852
62210,0.71,40.34,52.4034,-1.556838,False,-0.09359,0.046413394857758666,0.04163199757665034,0.008061851179750492,97.51978543999999,-0.10400000000000001,0.23811177114026838,0.007944536906998832,97.40182114,9.874590000000001
62311,0.71,40.34,52.4034,-1.556838,False,-0.10196000000000001,0.04664823921888391,0.04468800609659028,0.00822590082875088,97.467179159,-0.03375,0.29898291757222517,0.007266123832935649,97.41387762549999,9.87183
62411,0.71,40.34,52.4034,-1.556838,False,-0.10313000000000001,0.04929068088616974,0.047841237442189675,0.008113883848756468,97.59727374100001,0.007319999999999998,0.28575742160090956,0.007283352402721023,97.38640972549999,9.87838
62511,0.71,40.34,52.4034,-1.556838,False,-0.10671000000000001,0.050390463162961446,0.04519502062051595,0.007261496631778693,97.553059366,0.06224,0.29071564266287575,0.007407871189184882,97.446097683,9.87611
62611,0.71,40.34,52.4034,-1.556838,False,-0.10639000000000001,0.05042185262584289,0.05492344267756311,0.005046549976634198,97.38052321400001,0.14214999999999997,0.26383483153922893,0.007189382603688728,97.3426196035,9.867329999999999
62711,0.71,40.34,52.4034,-1.556838,False,-0.09378,0.057323057218617406,0.05218273022115045,0.004884715390321569,97.314277008,0.1997,0.23110277655911732,0.005844047303786029,97.374841976,9.86408
62811,0.71,40.34,52.4034,-1.556838,False,-0.09801,0.055052428546694336,0.04914925228322389,0.0036954175827788476,97.50584175,0.22566999999999998,0.20862965087020155,0.005271611602621041,97.392063107,9.873769999999999
62911,0.71,40.34,52.4034,-1.556838,False,-0.10131000000000001,0.05311619234177922,0.05120108071776023,0.004336460410160439,97.708222949,0.27631,0.15032051275709354,0.005030451713757355,97.4643164165,9.88398
63010,0.71,40.34,52.4034,-1.556838,False,-0.10866,0.0496127492575133,0.05383247780537895,0.004354065788305092,97.644270069,0.30484999999999995,0.1351978981592045,0.005334468629165929,97.414053434,9.880669999999999
63110,0.71,40.34,52.4034,-1.556838,False,-0.10863,0.04961832210876227,0.053681174022597665,0.004441421193967329,97.579245423,0.3414,0.12183924746247485,0.005272401940503217,97.489300731,9.877379999999999
63211,0.71,40.34,52.4034,-1.556838,False,-0.10545,0.05159696911856567,0.059024586214371635,0.0053839782895385244,97.33329784300001,0.33260999999999996,0.11916910906587964,0.005272949838562839,97.4265416415,9.864920000000001
63311,0.71,40.34,52.4034,-1.556838,False,-0.10593999999999999,0.0519917343858083,0.0565148761143667,0.009803973117511536,97.44468277300001,0.3223,0.10778227023855891,0.005372522684921848,97.455930966,9.870569999999999
63411,0.71,40.34,52.4034,-1.556838,False,-0.09881,0.040344749073178955,0.05327186144881957,0.010485312478785635,97.360223392,0.32721,0.09753615227186258,0.005372657112122856,97.4787485665,9.86643
63511,0.71,40.34,52.4034,-1.556838,False,-0.10079,0.04281563707079196,0.050636777368057745,0.013278390966780074,97.23154697200002,0.33968,0.10593967675574187,0.006987926095138026,97.392303169,9.859890000000002
63613,0.71,40.34,52.4034,-1.556838,False,-0.09286,0.04967029516946943,0.04753721933624499,0.014499199211603989,97.553191275,0.31079999999999997,0.12062417299658917,0.006979979305922832,97.4668572445,9.87625
63711,0.71,40.34,52.4034,-1.556838,False,-0.09573000000000001,0.0449914819098509,0.05825908131403703,0.014437697569595752,97.311550354,0.31597,0.12272344745628488,0.007178432202708943,97.312913681,9.863949999999999
63811,0.71,40.34,52.4034,-1.556838,False,-0.09197,0.047056586503201964,0.06545545474256215,0.01443237487194829,97.43100994599999,0.31547000000000003,0.12338674564149896,0.006483174805259798,97.468425848,9.86999
63911,0.71,40.34,52.4034,-1.556838,False,-0.0908,0.04732201742670455,0.06102418099955691,0.01457937660609061,97.311713072,0.31107999999999997,0.12405795957266626,0.00640684529754438,97.50996801049999,9.86398
64011,0.71,40.34,52.4034,-1.556838,False,-0.07672,0.057598510783217635,0.06472478831346026,0.01508387291852534,97.23342535999998,0.3009,0.12329795889091849,0.0057952470947224295,97.4388477145,9.86006
64111,0.71,40.34,52.4034,-1.556838,False,-0.06272000000000001,0.06743218486416963,0.06833071214484934,0.015150757223467228,97.359655956,0.27727,0.11064627372346912,0.006011701552435502,97.4694506895,9.86648
64211,0.71,40.34,52.4034,-1.556838,False,-0.07043999999999999,0.07172486319261957,0.06285846977315218,0.014976559462484475,97.48631499499999,0.27209999999999995,0.10931620800838866,0.006807520351297762,97.409806419,9.87285
64311,0.71,40.34,52.4034,-1.556838,False,-0.0511,0.07516850699890504,0.06689214287027924,0.014040532595153058,97.34198425899999,0.26522,0.10315373424597314,0.00659144226335261,97.393333516,9.86561
64411,0.71,40.34,52.4034,-1.556838,False,-0.03533,0.07218741118320648,0.07437629625387732,0.013767033893407183,97.50343564799999,0.27746,0.09582110878553249,0.006732219379801705,97.43182952000001,9.87383
64511,0.71,40.34,52.4034,-1.556838,False,-0.029369999999999997,0.06295024578541718,0.07391282327475066,0.012792636771031821,97.54096900799999,0.25109,0.0747335927738581,0.005356657332495485,97.38625798999999,9.87581
64611,0.71,40.34,52.4034,-1.556838,False,-0.030419999999999996,0.06288636665534987,0.07793180494651922,0.011227268392425447,97.18656578400001,0.27635,0.07150151902038294,0.005333552078847421,97.3698785295,9.85782
64711,0.71,40.34,52.4034,-1.556838,False,-0.02318,0.06586053952608234,0.07485601660669837,0.011227649402751718,97.530836827,0.26858,0.062149976311785676,0.005166344075950709,97.4211935905,9.87529
64811,0.71,40.34,52.4034,-1.556838,False,-0.02061,0.06509494689383423,0.0695135030847331,0.011825189686052019,97.422328929,0.27677999999999997,0.051684143280764844,0.005280404024946058,97.42666943750001,9.86984
64910,0.71,40.34,52.4034,-1.556838,False,-0.01586,0.06228451207518954,0.07620182922855492,0.011552436010546766,97.20707539899999,0.28218,0.05415801571943556,0.005697211793695411,97.2593942355,9.85891
65011,0.71,40.34,52.4034,-1.556838,False,-0.0161,0.06213070452235699,0.07404291848501005,0.011057631854163988,97.464261772,0.28461,0.05376548769114466,0.005612377194895015,97.348843566,9.87196
65113,0.71,40.34,52.4034,-1.556838,False,-0.024480000000000002,0.05934211171016929,0.0769729310284543,0.010965729443234595,97.520973493,0.28242999999999996,0.05670878924626887,0.006141308221109451,97.44031472449998,9.87481
65213,0.71,40.34,52.4034,-1.556838,False,-0.02368,0.057641281503218865,0.08048236245704206,0.008813379979705094,97.417990054,0.30036999999999997,0.0781678116476196,0.006106062561094496,97.4521525245,9.869580000000001
65313,0.71,40.34,52.4034,-1.556838,False,-0.030500000000000006,0.052017667938670284,0.07811083578266664,0.010012436710855594,97.477877246,0.31172999999999995,0.08884664753257564,0.006623225129127877,97.4099307525,9.87264
65411,0.71,40.34,52.4034,-1.556838,False,-0.03438,0.0489308764142505,0.07356255161425569,0.010045142551944636,97.398854665,0.31296,0.08842579060683821,0.006453259297095958,97.4511451565,9.86867
65511,0.71,40.34,52.4034,-1.556838,False,-0.02605,0.04396198484044027,0.0741366073917305,0.006829966650317142,97.33959841,0.31961999999999996,0.0806170481005376,0.0056606340437955925,97.440283709,9.86571
65611,0.71,40.34,52.4034,-1.556838,False,-0.026330000000000003,0.04401085850863006,0.07488112356706925,0.007979062880090893,97.330443251,0.32904999999999995,0.09320505768346332,0.008019981989450536,97.25850451749999,9.86524
65710,0.71,40.34,52.4034,-1.556838,False,-0.03296,0.038722723733401326,0.06993694302727284,0.009551288452931942,97.144814264,0.33037,0.09293542620790196,0.008692244308066298,97.33782554550001,9.85586
65811,0.71,40.34,52.4034,-1.556838,False,-0.03005,0.040314492844798655,0.07131883108034423,0.009554411430212628,97.173898202,0.32726,0.09644122216839271,0.008452639298533387,97.2981135655,9.857330000000001
65910,0.71,40.34,52.4034,-1.556838,False,-0.038400000000000004,0.04787344427411356,0.07177604057065305,0.009549659679800109,97.16862286,0.32882,0.09658597551749744,0.008482950220556779,97.1878491295,9.857
66011,0.71,40.34,52.4034,-1.556838,False,-0.04347,0.04365305258512846,0.06922236632765474,0.010601383557504807,96.962661067,0.33148,0.0956898206591366,0.008708035880087355,97.2134614195,9.84656
66111,0.71,40.34,52.4034,-1.556838,False,-0.046290000000000005,0.044591863981373596,0.07073363886204848,0.012369406704536082,96.97952509,0.33729,0.08869927282678221,0.010737700974706926,97.25024929150001,9.84739
66211,0.71,40.34,52.4034,-1.556838,False,-0.042390000000000004,0.037386017885478566,0.0720135087635957,0.012445007923750879,96.949665934,0.33263000000000004,0.08294110427151138,0.01028131530712118,97.18382799399998,9.84591
66311,0.71,40.34,52.4034,-1.556838,False,-0.04184,0.03778218863138777,0.07419747000778103,0.012587599718241225,96.866458457,0.32965,0.07937283680341889,0.010373625745664384,97.1721678515,9.841669999999999
66410,0.71,40.34,52.4034,-1.556838,False,-0.047400000000000005,0.037598611085458276,0.08043032940930266,0.012386803013243118,96.948528077,0.32933999999999997,0.079545559272658,0.010473352429433041,97.17369137099999,9.845769999999998
66511,0.71,40.34,52.4034,-1.556838,False,-0.05920000000000001,0.04378495429051187,0.08139730066504407,0.01224184535835091,96.885015021,0.33768000000000004,0.07579817939766062,0.010642242871375055,97.11230671550001,9.842450000000001
66610,0.71,40.34,52.4034,-1.556838,False,-0.06346,0.04318300077062209,0.07784710370691778,0.012412847287297853,96.95763251999999,0.32782999999999995,0.06074624908401937,0.009127790288758578,97.14403788550001,9.84614
66711,0.71,40.34,52.4034,-1.556838,False,-0.06746,0.041891584941237084,0.0818976977020048,0.012127970426525065,97.113088616,0.33398,0.06285211567198347,0.008340636799562852,97.12895144,9.85398
66811,0.71,40.34,52.4034,-1.556838,False,-0.07402,0.03413765597629031,0.07827399241695109,0.011799571555310336,96.93271966699999,0.33825,0.05499640897367703,0.008053046352502598,97.0533089345,9.844829999999998
66910,0.71,40.34,52.4034,-1.556838,False,-0.07213,0.032280095346134734,0.07348905889843617,0.011940877503582198,97.06659994099999,0.34289,0.05742959844694824,0.008104600888110122,97.1176114005,9.851679999999998
67011,0.71,40.34,52.4034,-1.556838,False,-0.08006,0.031043095492843047,0.07308064723304024,0.011432453804848716,97.211767433,0.35192,0.05949673753894173,0.00834405310518947,97.08721424999999,9.85899
67110,0.71,40.34,52.4034,-1.556838,False,-0.07493,0.03628287168593153,0.06646682464040109,0.009313812920126268,97.11386509,0.3381,0.09034484551489949,0.006855200783184809,97.04669509,9.854090000000001
67212,0.71,40.34,52.4034,-1.556838,False,-0.07135,0.036067352119179504,0.06421924685533793,0.00992695544688523,97.378516294,0.32893,0.08716084811682587,0.007238661631974662,97.164091114,9.86755
67311,0.71,40.34,52.4034,-1.556838,False,-0.08311,0.0348025366253029,0.0627119658970029,0.009811722014452344,97.403171317,0.31948,0.08318574664234486,0.007921454692444077,97.134814887,9.86872
67412,0.71,40.34,52.4034,-1.556838,False,-0.07622,0.04320603867259496,0.05908878912281197,0.010152854004881796,97.35944081299999,0.3151,0.08612284507866882,0.007865988671348162,97.15398444499999,9.86655
67511,0.71,40.34,52.4034,-1.556838,False,-0.06632,0.04038194866246266,0.06423460905150964,0.00958923006989264,97.696116773,0.31063999999999997,0.08562483025125073,0.007632940310114944,97.290565897,9.88365
67611,0.71,40.34,52.4034,-1.556838,False,-0.06800000000000002,0.04122100327637725,0.067162668201913,0.010910448610799135,97.66176533,0.30672,0.08308863807872727,0.008912662652403903,97.30969892499999,9.88188
67711,0.71,40.34,52.4034,-1.556838,False,-0.06455000000000001,0.04217933274852867,0.06539782616163085,0.011252678693439072,97.58390839799999,0.29567,0.07942371672100047,0.009421724305502083,97.34849850699999,9.877970000000001
67810,0.71,40.34,52.4034,-1.556838,False,-0.061509999999999995,0.04337404369743105,0.06912063608889674,0.011136551431110874,97.856890286,0.29192,0.082139120467114,0.009455750748736034,97.3948049765,9.89177
67911,0.71,40.34,52.4034,-1.556838,False,-0.055720000000000006,0.04256027882114171,0.07138681484233404,0.01227013085142579,97.81390517199999,0.28176999999999996,0.07455229409988343,0.009347257470628595,97.44025255649998,9.889619999999999
68011,0.71,40.34,52.4034,-1.556838,False,-0.04865000000000001,0.03792100707757861,0.07299272718718319,0.01241155823326699,97.720890371,0.26657,0.060987868556878364,0.009681075468263951,97.46632890199999,9.884960000000001
68111,0.71,40.34,52.4034,-1.556838,False,-0.049530000000000005,0.03730254831926501,0.07302698207588369,0.012548218111659425,97.7223233,0.2833,0.035637932350547206,0.009871507821334414,97.418094195,9.885029999999999
68212,0.71,40.34,52.4034,-1.556838,False,-0.05478000000000001,0.04191167432165452,0.0760094650538871,0.012352548095208709,97.49993063699999,0.28848,0.04367943324825592,0.009793399137514334,97.4392234655,9.873709999999999
68311,0.71,40.34,52.4034,-1.556838,False,-0.03848000000000001,0.03993338341677423,0.07268013942382741,0.014080956406911186,97.739875202,0.26942,0.06828705424732963,0.009720082304178283,97.5715232595,9.88596
68411,0.71,40.34,52.4034,-1.556838,False,-0.03885000000000001,0.03957749781546733,0.06974087276005111,0.01389148420196104,97.553733907,0.26309,0.07360139566913394,0.009907129868040595,97.45658735999999,9.876560000000001
68511,0.71,40.34,52.4034,-1.556838,False,-0.03892,0.03956563604386442,0.0638080768137309,0.0135439039177533,97.19818760199999,0.27012,0.08047044730140904,0.009964832607168506,97.4471521875,9.85858
68611,0.71,40.34,52.4034,-1.556838,False,-0.030040000000000004,0.03562365630994207,0.05826890632614251,0.012757655653676252,97.457338085,0.25487,0.08058512476464437,0.009006226241390506,97.55955170749999,9.871789999999999
68711,0.71,40.34,52.4034,-1.556838,False,-0.025760000000000005,0.037024502397436265,0.05985844505535354,0.011334847938008593,97.51541461299999,0.24068,0.08957743763545206,0.008388093413351509,97.5496615055,9.87473
68815,0.71,40.34,52.4034,-1.556838,False,-0.020980000000000006,0.039058668123164934,0.05064802288562252,0.011783703435960467,97.369704642,0.24076,0.08955965361453518,0.008980819066828535,97.613297464,9.8674
68911,0.71,40.34,52.4034,-1.556838,False,-0.018630000000000004,0.038820957970891995,0.050345212726184474,0.011245720173569234,97.374698489,0.23922,0.08877073842207221,0.008926091592130958,97.5943018305,9.86766
69011,0.71,40.34,52.4034,-1.556838,False,-0.017750000000000005,0.03836466111178628,0.05498187175990418,0.010659002454889162,97.58161516499999,0.23274999999999996,0.09003598354732015,0.008619512747249687,97.651252768,9.878120000000001
69111,0.71,40.34,52.4034,-1.556838,False,-0.015010000000000006,0.03839480433600338,0.05852612427132464,0.01101748105915725,97.647688924,0.21679999999999996,0.0923342238224206,0.008775983642241405,97.685006112,9.881450000000001
69211,0.71,40.34,52.4034,-1.556838,False,-0.012900000000000005,0.03278248177168859,0.05880395300393662,0.012984781690716075,97.643544934,0.20962999999999998,0.08150659209877156,0.010983143650360048,97.5717377855,9.88126
69311,0.71,40.34,52.4034,-1.556838,False,-0.020520000000000004,0.030366458103930443,0.05812094764846695,0.012610559948797758,97.479827841,0.23647,0.09174827942679768,0.010948815258079541,97.60985152149999,9.872969999999999
69411,0.71,40.34,52.4034,-1.556838,False,-0.017290000000000003,0.03361479337037962,0.059075353010656126,0.012885655245702912,97.59870265100001,0.24169000000000002,0.08970383925885082,0.010987144002575607,97.576218279,9.87898
69511,0.71,40.34,52.4034,-1.556838,False,-0.020990000000000005,0.037385423481470344,0.05205133043448857,0.013490012766652383,97.81643469,0.23071999999999998,0.07832281915253032,0.010864626597868465,97.50731114599999,9.89001
69611,0.71,40.34,52.4034,-1.556838,False,-0.028590000000000004,0.0413147122033354,0.056311771021304954,0.01285329183949042,97.637392327,0.24081999999999998,0.07838440604553357,0.011086849066449043,97.547365206,9.8809
69711,0.71,40.34,52.4034,-1.556838,False,-0.02834000000000001,0.04154211250178663,0.05498963639733798,0.01365416094496879,97.537886059,0.25453000000000003,0.06779119985497928,0.011124892009463374,97.526650336,9.87587
69811,0.71,40.34,52.4034,-1.556838,False,-0.04077000000000001,0.04550699701999426,0.05987455033466304,0.012761069269026351,97.64842316100001,0.25519,0.0674837173776836,0.010094575000684489,97.5090639015,9.88138
69911,0.71,40.34,52.4034,-1.556838,False,-0.047110000000000006,0.045407817486517434,0.06554106092112769,0.012721412395380207,97.57334245300001,0.25966999999999996,0.07025700518651319,0.00925788552772415,97.474020471,9.87752
70011,0.71,40.34,52.4034,-1.556838,False,-0.04578,0.046095644527920795,0.07084833880276561,0.01256301450024369,97.197759246,0.26774,0.06557606609460809,0.010333440859655596,97.3896872055,9.85846
70113,0.71,40.34,52.4034,-1.556838,False,-0.05054000000000001,0.04349094925000668,0.07491929064741262,0.012482894963375544,97.24922087899999,0.26846000000000003,0.06395420583858741,0.010289525418275283,97.4484549015,9.861030000000001
70211,0.71,40.34,52.4034,-1.556838,False,-0.045770000000000005,0.041419266853321486,0.07254133304537762,0.011779171825255319,97.424287916,0.25434999999999997,0.07234090974146087,0.008889169440017055,97.533916425,9.86995
70310,0.71,40.34,52.4034,-1.556838,False,-0.046860000000000006,0.04156331715988659,0.0789734442004985,0.011324879199748169,97.285371122,0.23095,0.061733355831529134,0.00861112974908376,97.38259948150001,9.862860000000001
70411,0.71,40.34,52.4034,-1.556838,False,-0.05077,0.03529277703880925,0.07880287360806877,0.011858499061854322,97.280560783,0.22605999999999998,0.06344823261700985,0.009474761797064395,97.439631717,9.86262
70510,0.71,40.34,52.4034,-1.556838,False,-0.040970000000000006,0.04222366503382762,0.08051127181264289,0.011919736201406093,97.32418517900001,0.21373000000000003,0.06798155060177867,0.01112995956865971,97.5703099345,9.864840000000001
70611,0.71,40.34,52.4034,-1.556838,False,-0.04102000000000001,0.042276728560494914,0.07969681716773289,0.011804184757016369,97.352094042,0.19685999999999998,0.06878877815457964,0.010945770365254731,97.49474318450001,9.86626
70711,0.71,40.34,52.4034,-1.556838,False,-0.040040000000000006,0.043598730868378746,0.08172681866369952,0.010135548003602625,97.239179982,0.18958999999999998,0.06444472998021014,0.010128705083408563,97.3885330205,9.86052
70811,0.71,40.34,52.4034,-1.556838,False,-0.024290000000000003,0.044281760729823275,0.08447247020315317,0.009945049019487024,97.278866583,0.17420999999999998,0.07172362775109577,0.010132916658099967,97.463644872,9.862559999999998
70911,0.71,40.34,52.4034,-1.556838,False,-0.017940000000000005,0.04060203060056077,0.07951506076768988,0.011068920453233,97.52193589999999,0.15359,0.05289783549446971,0.010244673412722005,97.5476391765,9.87494
71010,0.71,40.34,52.4034,-1.556838,False,-0.013810000000000006,0.042590542768710014,0.06759432586311917,0.01122113086002376,97.768987119,0.13949,0.03438945090188726,0.008898164604756037,97.4833731825,9.88752
71111,0.71,40.34,52.4034,-1.556838,False,-0.008050000000000005,0.04103386812540728,0.06504612124400279,0.01216587212017471,97.73106859800001,0.13509,0.036977514188429934,0.00862770730457015,97.49014473849999,9.88563
71211,0.71,40.34,52.4034,-1.556838,False,-0.008270000000000005,0.041234964936729554,0.07291707695123005,0.011573840234674816,97.51075171800001,0.1465,0.05620349929793798,0.008064076719211761,97.46751981700001,9.87443
71311,0.71,40.34,52.4034,-1.556838,False,-0.001190000000000005,0.03794233782992268,0.07688273610578365,0.010645964284908877,97.465370229,0.14429999999999998,0.05635118060480665,0.008234622031398879,97.37537067550001,9.872119999999999
71411,0.71,40.34,52.4034,-1.556838,False,0.007929999999999994,0.04510035846125077,0.0767155032861344,0.011879866254391167,97.460020377,0.14240999999999998,0.055164993932343885,0.009641784067277165,97.37029057999999,9.87182
71511,0.71,40.34,52.4034,-1.556838,False,-0.0030100000000000066,0.052419619948598804,0.07761802196225948,0.011356270905930726,97.480478949,0.14794999999999997,0.057248003361592185,0.008660921172459392,97.402332064,9.87282
71611,0.71,40.34,52.4034,-1.556838,False,0.008309999999999994,0.045301936431508365,0.07634602587343474,0.011744142748148487,97.545105716,0.14208,0.06334496033624129,0.008912438249747114,97.448599879,9.87613
71710,0.71,40.34,52.4034,-1.556838,False,0.004759999999999995,0.04597478052633232,0.07968424422543176,0.011863276669341111,97.48791529500001,0.14698999999999998,0.06932521506958653,0.008702036798614695,97.36354763850001,9.87321
71811,0.71,40.34,52.4034,-1.556838,False,-0.005030000000000006,0.046096470098647875,0.08228642118303349,0.012049232340692903,97.523261647,0.15208999999999998,0.06528041138895413,0.008564429020340136,97.40106411500001,9.87498
71911,0.71,40.34,52.4034,-1.556838,False,-0.0012600000000000055,0.04704050736687812,0.08261583114364965,0.01053665032161549,97.53956159399999,0.14894999999999997,0.06811657083428527,0.0087452590330736,97.53074874699999,9.875800000000002
72011,0.71,40.34,52.4034,-1.556838,False,-0.010330000000000006,0.050502630294536645,0.08924006885300635,0.011997245054131746,97.317732544,0.15655,0.0696913871611437,0.009730570384103895,97.5433598315,9.86449
72111,0.71,40.34,52.4034,-1.556838,False,-0.010200000000000006,0.050555843711022334,0.08435549379461754,0.010794422428066974,97.205929108,0.15918,0.06763516179555638,0.009917039208688574,97.468498853,9.85886
72210,0.71,40.34,52.4034,-1.556838,False,-0.009290000000000007,0.04997642666520092,0.08481441242828987,0.011164970020360796,97.558603812,0.14372,0.0566469926631393,0.00986378899476936,97.534677765,9.876729999999998
72311,0.71,40.34,52.4034,-1.556838,False,-0.018600000000000005,0.05367020692256642,0.0764292737692137,0.011316948941005836,97.67299019499998,0.14655,0.05664782529904472,0.011015363009098795,97.56918021199999,9.88255
72411,0.71,40.34,52.4034,-1.556838,False,-0.024000000000000004,0.04482511696706543,0.07715113666621749,0.010639470538205045,97.526723959,0.14651,0.056633175397072126,0.010597698911661063,97.49337216800001,9.87517
72511,0.71,40.34,52.4034,-1.556838,False,-0.021940000000000005,0.0422853060898357,0.07728300733164249,0.011814586088578992,97.529213599,0.14354999999999998,0.05473908313282387,0.011109875486851021,97.504846274,9.875309999999999
72611,0.71,40.34,52.4034,-1.556838,False,-0.031230000000000008,0.03931646672267922,0.07718831517788487,0.011808758519750396,97.551795825,0.14692,0.04978953035863377,0.01138535121207168,97.5484507705,9.87644
72711,0.71,40.34,52.4034,-1.556838,False,-0.026160000000000006,0.044052524205644275,0.08155559044807277,0.011699786322835122,97.496196579,0.14218999999999998,0.04129687774046716,0.011413291471885842,97.492055937,9.87359
72811,0.71,40.34,52.4034,-1.556838,False,-0.027110000000000006,0.04471168005491764,0.07127906035046175,0.012441422748222962,97.17544156700001,0.1517,0.047841590460369905,0.012246069664272781,97.34935160699999,9.8574
72911,0.71,40.34,52.4034,-1.556838,False,-0.033510000000000005,0.04062693277453583,0.0729743341486908,0.013005537282250195,97.211817334,0.14357,0.06507170489373826,0.013189035850533824,97.375689464,9.85923
73010,0.71,40.34,52.4034,-1.556838,False,-0.022420000000000006,0.04508776133522496,0.07130748752955829,0.011725015991460301,97.23636880400001,0.13022999999999998,0.06507170489373827,0.012409566202463855,97.277050674,9.8605
73110,0.71,40.34,52.4034,-1.556838,False,-0.03266000000000001,0.0486467128043268,0.07054790649701353,0.012643948926045385,97.0861319,0.13851999999999998,0.06915814083999386,0.012942286420017816,97.14603050400001,9.852839999999999
73211,0.71,40.34,52.4034,-1.556838,False,-0.02894000000000001,0.04993805496145519,0.07377411545461851,0.012581154336723011,97.122501119,0.12547,0.08485195015109805,0.012876403914827214,97.3405524655,9.85467
73310,0.71,40.34,52.4034,-1.556838,False,-0.016200000000000006,0.051957974470826854,0.07526693607864554,0.012321706231055999,97.088414411,0.12014,0.08416201571308088,0.011880072016242617,97.38070230299999,9.852950000000002
73411,0.71,40.34,52.4034,-1.556838,False,-0.021500000000000005,0.05003529865116322,0.07730303213831909,0.011944333849617187,97.011091591,0.12043999999999999,0.08434483716005112,0.010511898020814309,97.268907775,9.84901
73510,0.71,40.34,52.4034,-1.556838,False,-0.012780000000000008,0.049984926616819914,0.07409310659194034,0.012577669807153373,96.95658262,0.11183999999999998,0.08398607291952893,0.008979606524415927,97.24289810949999,9.84628
73611,0.71,40.34,52.4034,-1.556838,False,-0.007960000000000005,0.047022481620792415,0.07349792816430009,0.012522779244241264,96.91892958700001,0.10593,0.0874664132364214,0.009268824688767765,97.235362706,9.84439
73711,0.71,40.34,52.4034,-1.556838,False,-0.012210000000000007,0.044912939239278186,0.06650943876206368,0.012570781819582875,97.062135618,0.09849,0.08209477517547083,0.009227260337355454,97.2791660985,9.85171
73811,0.71,40.34,52.4034,-1.556838,False,-0.002500000000000007,0.04413877106480303,0.07295948952063401,0.012391574198265162,97.30820294200001,0.07026999999999999,0.08337574987169029,0.00884259891409507,97.2418222545,9.86416
73911,0.71,40.34,52.4034,-1.556838,False,0.004959999999999993,0.04381268715287315,0.0710904619325127,0.01162996130690037,97.07490414200001,0.07712999999999999,0.07962545726364426,0.007451629202917813,97.143360738,9.852340000000002
74011,0.71,40.34,52.4034,-1.556838,False,-0.0025100000000000066,0.04296622575413783,0.06853954657308985,0.013065901338131158,97.127906192,0.08561999999999999,0.08324823388183342,0.00935744504540516,97.182137498,9.85505
74111,0.71,40.34,52.4034,-1.556838,False,0.007599999999999993,0.02874408151641311,0.06851297038598965,0.012234486775777171,97.258941812,0.06947999999999999,0.07233243931859186,0.008738192032680434,97.172536856,9.861740000000001
74212,0.71,40.34,52.4034,-1.556838,False,0.011049999999999994,0.030191288294620155,0.06271716493734374,0.01146434569533831,96.819258866,0.08095,0.06598111261734084,0.008714967967047639,96.9708799925,9.839450000000001
74310,0.71,40.34,52.4034,-1.556838,False,0.007259999999999993,0.027213689365627527,0.060287039329455845,0.01152767202093389,96.893757736,0.08091,0.0659643582213573,0.008727026985176555,96.9910860735,9.843259999999999
74411,0.71,40.34,52.4034,-1.556838,False,0.005839999999999993,0.02956725666453766,0.06771697308980112,0.012431970434685271,97.21705448,0.07364,0.05893079180040105,0.009048320900095825,97.1140730355,9.85962
74511,0.71,40.34,52.4034,-1.556838,False,0.004329999999999992,0.028787229035729296,0.06637174432275253,0.011718001346456458,97.182527365,0.06108999999999999,0.07052431338040643,0.010190196814149908,97.0695549925,9.85788
74611,0.71,40.34,52.4034,-1.556838,False,0.0030499999999999924,0.029910988319047614,0.07383490668000298,0.011909212120595262,96.98429491,0.07289999999999999,0.07519875885500589,0.009928656617197617,96.9516122485,9.84777
74711,0.71,40.34,52.4034,-1.556838,False,0.003959999999999993,0.029579392225744343,0.07848518897785303,0.011949170124601392,97.209382966,0.07175999999999998,0.07448675049966937,0.009964832607168506,97.135759292,9.85916
74811,0.71,40.34,52.4034,-1.556838,False,-0.00015000000000000717,0.02707328531556078,0.07819640798797996,0.01148010840057221,97.204860823,0.08292999999999999,0.05935407970626594,0.00996362829941426,97.25653188250001,9.85894
74912,0.71,40.34,52.4034,-1.556838,False,-0.007960000000000007,0.026488412560966776,0.07823886218214038,0.012656680273893123,97.20371887600001,0.08951999999999999,0.06113167573179856,0.01046297705669322,97.139311509,9.85888
75011,0.71,40.34,52.4034,-1.556838,False,-0.0020900000000000077,0.02713908415715001,0.07682076108275528,0.010390599383844769,97.376692407,0.07856999999999999,0.05779556019088119,0.010192202902218922,97.2522992995,9.867659999999999
75111,0.71,40.34,52.4034,-1.556838,False,-0.003910000000000008,0.0270195998818961,0.08035144263380595,0.010418039909481789,97.48083492800001,0.07138999999999998,0.06636447259055267,0.009907931727212846,97.36988836999998,9.872910000000001
75211,0.71,40.34,52.4034,-1.556838,False,-0.011260000000000008,0.024303369679486028,0.07399158285463175,0.010582606274238652,97.568813963,0.07205999999999999,0.0666970797295087,0.010102694909995267,97.1940364145,9.87741
75310,0.71,40.34,52.4034,-1.556838,False,-0.011070000000000007,0.024499027191570617,0.07268971270636478,0.010586154479633594,97.607764914,0.07029999999999999,0.06594162401531958,0.01032195072002703,97.25076132500001,9.87939
75412,0.71,40.34,52.4034,-1.556838,False,-0.010960000000000008,0.024342199298063635,0.07101094516575475,0.010319323836591435,97.578297677,0.06559,0.06563895269663515,0.010200462952456827,97.3976760785,9.87791
75511,0.71,40.34,52.4034,-1.556838,False,-0.015420000000000007,0.023933649022987266,0.07072901023547105,0.008627997063822695,97.52522569599999,0.06755999999999998,0.062006096474459635,0.008288975275093475,97.3538765305,9.87522
75611,0.71,40.34,52.4034,-1.556838,False,-0.011160000000000007,0.025594626172086826,0.0680371214036085,0.009826161226259426,97.554280691,0.059509999999999987,0.05460991871649526,0.008148244528049508,97.2692878005,9.87671
75710,0.71,40.34,52.4034,-1.556838,False,-0.017730000000000006,0.03079964105129917,0.06580458950559921,0.011039826890752296,97.337496447,0.06367999999999999,0.060099580327615865,0.009805010057221874,97.2734397065,9.86572
75811,0.71,40.34,52.4034,-1.556838,False,-0.015900000000000008,0.03227386283391261,0.06491351169055973,0.011312358040852675,97.32478604600001,0.05083999999999998,0.07486853960257418,0.00975053274897781,97.2648234345,9.86508
75911,0.71,40.34,52.4034,-1.556838,False,-0.00891000000000001,0.033699503787971985,0.06968253487544118,0.010955085069906514,97.248145338,0.04387999999999999,0.06932964413261872,0.009680358120097272,97.225932107,9.86117
76011,0.71,40.34,52.4034,-1.556838,False,-0.01498000000000001,0.031933048015426575,0.07042631768183394,0.010915208554021196,97.073027226,0.054249999999999986,0.07695196553695037,0.00922542380839191,97.22485981650001,9.85228
76111,0.71,40.34,52.4034,-1.556838,False,-0.01578000000000001,0.03190854291739274,0.06404320156477976,0.012861523151546922,96.95546504900001,0.06107999999999998,0.07173418215111178,0.009698545137172773,97.2181499885,9.84635
76211,0.71,40.34,52.4034,-1.556838,False,-0.011120000000000008,0.032062328188839806,0.06714621607606563,0.012167283089407328,97.220565445,0.043139999999999984,0.08137111417586847,0.00984578872186253,97.394689704,9.85979
76310,0.71,40.34,52.4034,-1.556838,False,-0.011730000000000008,0.03162010787809246,0.06851478672520545,0.013543218885397132,97.344402213,0.026439999999999984,0.08800769158305301,0.009652524137355062,97.4760835635,9.86606
76413,0.71,40.34,52.4034,-1.556838,False,-0.00945000000000001,0.02999100791163141,0.0656049998094687,0.013663885895958643,97.05170196899999,0.034509999999999985,0.09373810383782633,0.011220140621024114,97.31499982300001,9.85124
76511,0.71,40.34,52.4034,-1.556838,False,-0.009070000000000009,0.02967483220957869,0.06938204138440326,0.015231943773238886,97.157967974,0.051979999999999985,0.0967152039064524,0.011284187559983604,97.341596835,9.85661
76611,0.71,40.34,52.4034,-1.556838,False,-0.004040000000000007,0.037704853798947176,0.07121807588901594,0.014216344271451934,97.560792085,0.04976999999999999,0.09647179265348901,0.010667026035612938,97.557536388,9.876990000000001
76711,0.71,40.34,52.4034,-1.556838,False,-0.0002900000000000087,0.03216023942696915,0.07134859338331813,0.013278805167132562,97.557085809,0.04607999999999998,0.0928321160901645,0.008561178527386144,97.447291128,9.876819999999999
76811,0.71,40.34,52.4034,-1.556838,False,-0.007740000000000008,0.03650836129497497,0.06769163742869629,0.012232179782124772,97.365045834,0.07268,0.09181409719887486,0.008786605968429692,97.34491593999999,9.8671
76911,0.71,40.34,52.4034,-1.556838,False,-0.005350000000000009,0.03978677195026262,0.062299630817528,0.011895232471690302,97.713822079,0.06921999999999998,0.09281565720406346,0.00870969447097759,97.4809837085,9.884780000000001
77011,0.71,40.34,52.4034,-1.556838,False,-0.00835000000000001,0.043150749961295046,0.056338738399477124,0.012265421132417565,97.844989604,0.07198999999999998,0.09583533852974645,0.008823711741035556,97.459008415,9.89143
77111,0.71,40.34,52.4034,-1.556838,False,-0.01014000000000001,0.04398184473924041,0.0618662221607619,0.012056183291388505,97.699732871,0.08915999999999999,0.10458782805746455,0.008736189100517447,97.32759896000002,9.88405
77211,0.71,40.34,52.4034,-1.556838,False,-0.00994000000000001,0.04409205521784299,0.05993664154755688,0.01179505075115076,97.642997479,0.10066,0.08986732442884894,0.008645262029317296,97.431781462,9.88119
77310,0.71,40.34,52.4034,-1.556838,False,-0.018370000000000008,0.04848225448553299,0.06283251900445194,0.011825321231248733,97.45469005800001,0.12244999999999999,0.06422336456115905,0.008592089385009903,97.3995461355,9.87161
77411,0.71,40.34,52.4034,-1.556838,False,-0.01987000000000001,0.048735295218147436,0.05878007977008943,0.01218086386281549,97.708982271,0.11738,0.06564312268284883,0.007695316035673177,97.38034212,9.8845
77510,0.71,40.34,52.4034,-1.556838,False,-0.020810000000000013,0.049035688817204985,0.05733576060753681,0.012075912663921783,97.595257318,0.10393,0.07270856666629219,0.007589934855524847,97.376612646,9.87875
77611,0.71,40.34,52.4034,-1.556838,False,-0.03138000000000001,0.03819932518310278,0.048316452224433426,0.01243525901083956,97.301316772,0.11413,0.07135069959946658,0.007612920304032837,97.4310544285,9.863919999999998
77711,0.71,40.34,52.4034,-1.556838,False,-0.035110000000000016,0.03982524185599977,0.04753499412713788,0.012261960147817578,97.443901252,0.11094999999999997,0.07208674173059372,0.007426087649481228,97.5004935305,9.87113
77811,0.71,40.34,52.4034,-1.556838,False,-0.034450000000000015,0.03943256550393607,0.0470955718607305,0.012210419048228165,97.531662767,0.08592999999999999,0.08429592121409746,0.00782111813546431,97.44835430050001,9.87558
77911,0.71,40.34,52.4034,-1.556838,False,-0.044350000000000014,0.0249424782694545,0.042072614476513004,0.011792205523612237,97.293541263,0.09741,0.0835862754550317,0.007704147512144918,97.50368167100001,9.86354
78011,0.71,40.34,52.4034,-1.556838,False,-0.044740000000000016,0.025306485773852718,0.04193142682470944,0.010789295106210078,97.27563098099999,0.09606999999999999,0.08226554631868133,0.007647105479998434,97.5603102925,9.86263
78111,0.71,40.34,52.4034,-1.556838,False,-0.041760000000000005,0.028008062331327795,0.040114958418142006,0.011288661961848656,97.472326405,0.07060999999999998,0.08165808730445637,0.008683291746541482,97.586029638,9.87261
78213,0.71,40.34,52.4034,-1.556838,False,-0.04790000000000001,0.020420741090045068,0.038528778565874125,0.01008519817466281,97.383995433,0.07662999999999999,0.08140211640710301,0.008227028625208488,97.513496456,9.86813
78311,0.71,40.34,52.4034,-1.556838,False,-0.04850000000000001,0.021464854996015893,0.03390866818054273,0.010418146561542394,97.46018573399999,0.08143,0.08672322577538778,0.008307085329203412,97.457437896,9.872
78411,0.71,40.34,52.4034,-1.556838,False,-0.04313000000000001,0.030366796560278155,0.050471201909828026,0.012609965195123342,97.60555122299999,0.0677,0.09749152669733803,0.008281042607465955,97.65726674700001,9.8793
78511,0.71,40.34,52.4034,-1.556838,False,-0.04430000000000001,0.030419620861104127,0.0579138018476156,0.011111700539921367,97.81554033,0.07300999999999999,0.09546705598151528,0.008170842469823202,97.705398824,9.889880000000002
78611,0.71,40.34,52.4034,-1.556838,False,-0.04252000000000001,0.03129198690470825,0.06514148788940005,0.012148781374643664,97.723094221,0.07560999999999998,0.09815538078871566,0.008589813088122974,97.5122054965,9.885169999999999
78711,0.71,40.34,52.4034,-1.556838,False,-0.03415000000000001,0.03493865258484407,0.06496262515221399,0.012441418282852192,97.692797985,0.07336,0.09825809777202983,0.009329785039800687,97.5683496185,9.88366
78811,0.71,40.34,52.4034,-1.556838,False,-0.030970000000000008,0.034507198926858204,0.06835518024749188,0.012471162291017177,97.810028577,0.089,0.08620320953034942,0.008655691769003784,97.670845672,9.88958
78911,0.71,40.34,52.4034,-1.556838,False,-0.02917000000000001,0.034073843014514285,0.06687543644717728,0.013180018546606402,97.841362697,0.08440999999999999,0.0841224960003763,0.009271725237995826,97.56745198,9.89118
79011,0.71,40.34,52.4034,-1.556838,False,-0.017610000000000008,0.03886050408548199,0.06932320759393298,0.013968440619243553,97.77181464899999,0.07760999999999998,0.07963884381659768,0.010225289998604217,97.52372281500001,9.88766
79111,0.71,40.34,52.4034,-1.556838,False,-0.017840000000000012,0.038794850746515695,0.06947015426306288,0.012991946223205611,97.77915357500001,0.08857,0.0680111927062989,0.009902238804095425,97.62573999,9.88803
79211,0.71,40.34,52.4034,-1.556838,False,-0.008270000000000013,0.042032449105158756,0.06879665689552394,0.012936601820674026,97.843733819,0.07896999999999998,0.07273570191682575,0.009652639247607066,97.613864626,9.8913
79311,0.71,40.34,52.4034,-1.556838,False,-0.002380000000000011,0.033502630079177434,0.0706808389876664,0.013070067584625053,97.79763527100002,0.07529999999999999,0.06741618664847647,0.009680312208004672,97.6289105025,9.88899
79411,0.71,40.34,52.4034,-1.556838,False,-0.00473000000000001,0.03259362752986446,0.059376880087195986,0.01144826527373373,97.570145538,0.0778,0.062135139458727784,0.009967034552853605,97.58784838049999,9.87755
79511,0.71,40.34,52.4034,-1.556838,False,0.0025999999999999886,0.029141112615074023,0.0519975811403259,0.011703584446180955,97.4659066,0.07033999999999999,0.06818636553186011,0.009724516554678802,97.640723465,9.872319999999998
79611,0.71,40.34,52.4034,-1.556838,False,-0.0018800000000000108,0.03583104798913901,0.05346255179510944,0.012281064919442263,97.452217992,0.06591,0.061576645103661,0.009168690685637113,97.5876561065,9.8716
79711,0.71,40.34,52.4034,-1.556838,False,-0.002850000000000011,0.035406975144579515,0.05347809935956423,0.011544965232612097,97.453381483,0.058209999999999984,0.06707755792944295,0.007857685551243578,97.573089734,9.87166
79811,0.71,40.34,52.4034,-1.556838,False,0.005419999999999989,0.040073232961666344,0.053626263258886656,0.011621823341359895,97.455510915,0.04927999999999999,0.06751912979955302,0.008024192586588793,97.632769746,9.87175
79911,0.71,40.34,52.4034,-1.556838,False,0.005349999999999989,0.04013962436850183,0.05327508902959639,0.011406917978918654,97.46791996900001,0.06309,0.08931125908865016,0.007920830483955293,97.654641333,9.87238
80011,0.71,40.34,52.4034,-1.556838,False,0.0052599999999999895,0.04003424090006486,0.06058507425284288,0.011011514175827242,97.359897227,0.05441999999999999,0.09001016979578844,0.007647868257814641,97.565855938,9.86687
80111,0.71,40.34,52.4034,-1.556838,False,0.01009999999999999,0.04104507007885062,0.06272138125605116,0.012864805564882124,97.40133291499998,0.03747999999999999,0.10238574987652226,0.0073810568348983635,97.590243245,9.86895
80212,0.71,40.34,52.4034,-1.556838,False,0.001309999999999989,0.04164859474753532,0.06429957749990978,0.012867253872610973,97.245196514,0.060819999999999985,0.11926869571592444,0.007439690853792236,97.5444651665,9.86103
80311,0.71,40.34,52.4034,-1.556838,False,0.00010999999999998858,0.04265480173569083,0.06974277262436301,0.012690595818251485,97.50366847800001,0.04021999999999999,0.1199041450492851,0.007593484048840812,97.6506518745,9.87409
80411,0.71,40.34,52.4034,-1.556838,False,0.005799999999999989,0.04575754946818409,0.0764733766309138,0.014613859479579265,97.68047505799998,0.02677999999999999,0.13565777038808602,0.0079335364119666,97.625310298,9.88298
80512,0.71,40.34,52.4034,-1.556838,False,-0.002220000000000011,0.04938953555382156,0.0781179770176725,0.014395018428454873,97.472961501,0.04563999999999999,0.14277607331451272,0.009151010873122154,97.4694340505,9.87245
80611,0.71,40.34,52.4034,-1.556838,False,-0.003230000000000012,0.0509117329851925,0.06969344062870582,0.013405803055227814,97.707484992,0.052529999999999986,0.1489927444169309,0.009403332742526267,97.57985149199999,9.88437
80711,0.71,40.34,52.4034,-1.556838,False,0.0002999999999999878,0.05287053369631628,0.0701415877588582,0.013057739297273298,97.757142109,0.03967999999999999,0.16080539515548323,0.009127711164969616,97.60526179600001,9.886869999999998
80810,0.71,40.34,52.4034,-1.556838,False,-0.003400000000000013,0.04925978752153372,0.06920937637183319,0.012880493434302545,97.73752518799999,0.03878999999999999,0.1610363620083641,0.008841222891784942,97.5965180515,9.8859
80911,0.71,40.34,52.4034,-1.556838,False,-0.011660000000000012,0.059852953143516505,0.08219318976925487,0.01308610798603703,97.533755436,0.05675999999999999,0.19251267894753207,0.010142955957488695,97.5008377025,9.875440000000001
81011,0.71,40.34,52.4034,-1.556838,False,-0.009330000000000012,0.06277667737481973,0.07493050409842926,0.01293608218210684,97.82592985900001,0.07643999999999998,0.19708139999051716,0.010479657543174876,97.592913543,9.89026
81111,0.71,40.34,52.4034,-1.556838,False,-0.01586000000000001,0.0604875414169451,0.07356861045612288,0.010548849331667512,97.683290478,0.10984999999999998,0.19171640658940892,0.010141685154735264,97.5423116965,9.88306
81211,0.71,40.34,52.4034,-1.556838,False,-0.02355000000000001,0.06838348159866926,0.06945180663197122,0.0107490361324994,97.836435664,0.09924999999999998,0.186708693185698,0.009974835002812488,97.540816089,9.89077
81312,0.71,40.34,52.4034,-1.556838,False,-0.02804000000000001,0.0708032516516327,0.06535081058751102,0.010291830632971847,97.702993048,0.1546,0.2154651041610012,0.009706841802449325,97.603330763,9.884020000000001
81411,0.71,40.34,52.4034,-1.556838,False,-0.02648000000000001,0.07292956723975373,0.05843149930569505,0.011449604554064055,97.574949961,0.19180999999999998,0.18317825228752208,0.01012598966356704,97.6277125095,9.87757
81511,0.71,40.34,52.4034,-1.556838,False,-0.022850000000000013,0.07210166048326784,0.06630877351033337,0.01187651276914042,97.95521450800001,0.23445999999999997,0.22453654589942462,0.009107634160417285,97.7140880045,9.89677
81611,0.71,40.34,52.4034,-1.556838,False,-0.02671000000000001,0.07616980226951992,0.06831692892525248,0.013191078635030398,98.072612584,0.26084999999999997,0.23553637251553686,0.008854659790189562,97.890048788,9.90265
81710,0.71,40.34,52.4034,-1.556838,False,-0.048750000000000016,0.08537736168849958,0.07222605331719299,0.013602454843805865,97.91377267200001,0.32056,0.19262902861891465,0.009171307915934823,97.8354573905,9.89445
81811,0.71,40.34,52.4034,-1.556838,False,-0.054210000000000015,0.08182299934750747,0.0814538185449634,0.014729773325554677,97.553669348,0.37776,0.16947475852697869,0.00954360751730939,97.64559726799999,9.87617
81913,0.71,40.34,52.4034,-1.556838,False,-0.057190000000000005,0.08464739216301934,0.06840519473451487,0.014729773325554677,97.75325384499999,0.4812200000000001,0.380292234998297,0.00820097555172553,97.6435046405,9.88632
82011,0.71,40.34,52.4034,-1.556838,False,-0.06801000000000001,0.07258150131633626,0.06735871551295944,0.018090049444069764,97.647413484,0.56075,0.3989722108117305,0.005970520170898931,97.7366716715,9.88099
82111,0.71,40.34,52.4034,-1.556838,False,-0.09690000000000001,0.10442467779856121,0.07094768103641351,0.01892677116326677,97.841174561,0.6647000000000001,0.4373976451697013,0.00743476070002704,97.7622325195,9.89027
82211,0.71,40.34,52.4034,-1.556838,False,-0.10088000000000001,0.10605131671873654,0.07318719074325158,0.01903645625284986,97.95316483600001,0.8630600000000002,0.5915821464513614,0.009052593244172874,97.89480024999999,9.89586
82311,0.71,40.34,52.4034,-1.556838,False,-0.11095000000000002,0.10880458783219264,0.0743393338385257,0.018585481191271614,97.885339644,1.00557,0.6613281973086854,0.009755049974244106,97.794166346,9.89229
82411,0.71,40.34,52.4034,-1.556838,False,-0.13159,0.08864867549301941,0.07435946102847076,0.019146537255830067,97.814763876,1.1347,0.6115315254888063,0.009742689567054876,97.6948569185,9.88865
82511,0.71,40.34,52.4034,-1.556838,False,-0.15427000000000002,0.08630663744270575,0.07847195465047939,0.02191323547285724,97.261758544,1.1713,0.5867087920482074,0.010198523858328166,97.608486526,9.860310000000002
82611,0.71,40.34,52.4034,-1.556838,False,-0.16246,0.08598815422293155,0.08128683370222746,0.021669140884369793,97.305139382,1.22862,0.5359391254818239,0.012122013950751836,97.688875983,9.862359999999999
82711,0.71,40.34,52.4034,-1.556838,False,-0.15443,0.08806881211113647,0.09233689583981904,0.021729948611689504,97.66535181799999,1.27499,0.47810300714850607,0.012074472613281657,97.78956224499998,9.88063
82811,0.71,40.34,52.4034,-1.556838,False,-0.17276000000000002,0.07771363672698199,0.0818779443915029,0.025471500413861238,97.94838212399999,1.3722299999999998,0.4130681354880276,0.012103810235715946,97.751025736,9.8948
82910,0.71,40.34,52.4034,-1.556838,False,-0.17880000000000001,0.07736917272976933,0.11524594039608523,0.026057903471563733,97.54656865899999,1.3703400000000001,0.41271126899511185,0.012058049409235121,97.649911252,9.87407
83011,0.71,40.34,52.4034,-1.556838,False,-0.17666,0.08186768729005489,0.11901496451193876,0.030707111011403637,97.372554596,1.38659,0.39954216145205224,0.012000666648149173,97.50998403999999,9.86522
83111,0.71,40.34,52.4034,-1.556838,False,-0.15342000000000003,0.070528682896472,0.11872279618225655,0.039499001393846794,97.356360271,1.3834199999999999,0.4006800075427328,0.012164817211030245,97.598767416,9.86487
83212,0.71,40.34,52.4034,-1.556838,False,-0.15396,0.07058404289293085,0.12140807221927345,0.04398626553318155,97.416903916,1.26761,0.3259347155148984,0.011627285916230736,97.685034376,9.867899999999999
83313,0.71,40.34,52.4034,-1.556838,False,-0.14776000000000003,0.07050201257962618,0.1347505019574256,0.04541525563557299,97.813214836,1.20503,0.23298264623023837,0.011538481509954221,97.84927723999999,9.887899999999998
83412,0.71,40.34,52.4034,-1.556838,False,-0.1322,0.08797455440195315,0.13665051774508713,0.04604474755906234,97.70070643599999,1.2332999999999998,0.28369547053134275,0.011768677826237646,97.757735156,9.88228
83511,0.71,40.34,52.4034,-1.556838,False,-0.16536,0.165176539899991,0.149466588239648,0.04496784530207236,98.599267813,1.2901399999999998,0.2820835935990921,0.01716038396358828,97.9305131785,9.926089999999999
83611,0.71,40.34,52.4034,-1.556838,False,-0.15467,0.166406290279077,0.15599141749895662,0.0472157094855327,98.20413755999999,1.32362,0.2685197977389707,0.01608899209604712,97.75463847099999,9.906229999999999
83710,0.71,40.34,52.4034,-1.556838,False,-0.21683,0.24187123318915882,0.19259551310107692,0.04800611650844319,97.296456624,1.3298299999999998,0.2585394878500724,0.016805409182099017,97.480904221,9.85715
83811,0.71,40.34,52.4034,-1.556838,False,-0.27452,0.3021669545871032,0.20396826033043142,0.04713317892478244,96.834298439,1.24994,0.3050746691840831,0.018635047625375156,97.39134028149999,9.83053
83911,0.71,40.34,52.4034,-1.556838,False,-0.29099,0.30226353641225806,0.19242754942517515,0.04695981852132263,97.268437009,1.19839,0.31430652925660535,0.023689099696789763,97.40750283399998,9.85232
84011,0.71,40.34,52.4034,-1.556838,False,-0.32058000000000003,0.28646659219609616,0.19996593154279624,0.04292525803973435,97.81239421799998,1.2173599999999998,0.317673410911269,0.023410921003288676,97.59247440699998,9.879259999999999
84112,0.71,40.34,52.4034,-1.556838,False,-0.40237,0.32503912943931335,0.19839630820938067,0.03240814198109276,97.770120681,1.19412,0.32427350527328347,0.031537365845048716,97.56324047599999,9.87308
84211,0.71,40.34,52.4034,-1.556838,False,-0.46938,0.3389603116721615,0.1978370418074218,0.0279366048203587,97.81691133999999,1.2294999999999998,0.3147493606030042,0.03580733785754598,97.616907628,9.87208
84313,0.71,40.34,52.4034,-1.556838,False,-0.53517,0.32741459632839964,0.19985654883218504,0.028084285839435393,97.91411915199998,1.24851,0.3248576011116254,0.03674024284683548,97.863666994,9.87397
84413,0.71,40.34,52.4034,-1.556838,False,-0.6808099999999999,0.3745829427510014,0.20937930386953085,0.026512816607151428,98.663396611,1.2118,0.2754028241604568,0.03253866076599413,98.18205152350001,9.901219999999999
84511,0.71,40.34,52.4034,-1.556838,False,-0.69463,0.3729881709473729,0.19794707934754358,0.026588980591382008,98.485151647,1.14304,0.2705102060099684,0.041807347839026274,98.54220973,9.89152
84611,0.71,40.34,52.4034,-1.556838,False,-0.77608,0.30970077601883195,0.19348381040513274,0.024428953677506905,98.79647816399999,1.09943,0.2642370024134479,0.037643290681519,98.500307862,9.90324
84711,0.71,40.34,52.4034,-1.556838,False,-0.80329,0.31607476067116363,0.17443122968347538,0.027712093228608903,99.019236384,1.08155,0.27910317586472894,0.037639459200271334,98.15784650399999,9.91245
84811,0.71,40.34,52.4034,-1.556838,False,-0.80242,0.3161273751723083,0.16390001999864418,0.026010769137246047,99.142376449,1.09088,0.26784992398314733,0.03776907759294929,97.988337444,9.918890000000001
84910,0.71,40.34,52.4034,-1.556838,False,-0.90568,0.3264652773777532,0.21582260307947534,0.02582901039098823,100.375749644,1.07119,0.2885318640212127,0.03570261272729991,98.8220933265,9.970839999999999
85010,0.71,40.34,52.4034,-1.556838,False,-1.05991,0.3756027169763286,0.2227034123871691,0.027218133252994738,100.150111906,1.0473700000000001,0.27202358578296526,0.03164659714900029,98.981253062,9.94259
85110,0.71,40.34,52.4034,-1.556838,False,-1.10097,0.37863437083521323,0.233282214400404,0.028562728238815782,99.908470471,1.0489000000000002,0.2718173692430678,0.036517174041812206,98.839295576,9.92564
85211,0.71,40.34,52.4034,-1.556838,False,-1.21066,0.44538047954030885,0.24558647266402064,0.03216655267682739,99.63526016400002,1.02003,0.2557049734448756,0.03570082476482711,98.72608575199999,9.8963
85312,0.71,40.34,52.4034,-1.556838,False,-1.24994,0.41961758569228497,0.2452038707325435,0.03140136055084946,98.942479644,0.9048699999999998,0.2801336944706543,0.04115295183148409,98.42829939800001,9.85736
85413,0.71,40.34,52.4034,-1.556838,False,-1.28897,0.4557046900741262,0.237272407910307,0.03130357452077602,98.888025015,0.84928,0.2165991884667266,0.04780662901499943,98.775710813,9.8483
85511,0.71,40.34,52.4034,-1.556838,False,-1.4018,0.4379630603398214,0.2706139694185136,0.036234980030045244,99.659176688,0.89484,0.2604930120623842,0.05676166546769638,99.0721641675,9.87196
85611,0.71,40.34,52.4034,-1.556838,False,-1.39516,0.4467654074940597,0.3208504836974527,0.0399591027037506,100.716843496,0.82047,0.34068419736367794,0.0749984325762139,99.75666083,9.92462
85711,0.71,40.34,52.4034,-1.556838,False,-1.6758,0.8576548476967745,0.7526036525142443,0.21627127229991094,107.56159757600001,0.48407999999999995,1.124541961867142,0.09270656455241522,103.29041697999999,10.1775
85811,0.71,40.34,52.4034,-1.556838,False,-1.96013,0.9893545730536761,0.9781799607207057,0.27862082637320723,114.47968836300001,0.22930999999999996,1.3093627037184499,0.1721476833677668,106.81103240600001,10.4353
85910,0.71,40.34,52.4034,-1.556838,False,-1.9692399999999999,0.9840216971410967,1.054693933749927,0.279615828513973,117.40883529499999,-0.007120000000000015,1.4197970886323472,0.17385265664413135,108.8922924695,10.566849999999999
86011,0.71,40.34,52.4034,-1.556838,False,-1.70161,1.3239097774311426,1.05246031775286,0.2841860464554866,117.18502124099999,-0.10198,1.3672106907455372,0.19148186917361718,108.6675665735,10.56954
86113,0.71,40.34,52.4034,-1.556838,False,-1.7501799999999998,1.3168698196016861,1.1156530080331157,0.2835346884519697,116.277967533,-0.25767,1.312444265102332,0.19176264379580185,108.093219002,10.51351
86211,4.65,72.64,52.403458,-1.556723,False,-1.8619999999999997,1.379797691289882,1.163284839724708,0.28557815898434685,115.95545226099998,-0.4164,1.2340454502705052,0.20488184372679027,107.7953562125,10.46695
86310,4.65,72.64,52.403458,-1.556723,False,-2.14448,1.5060805200549165,1.3756658010254947,0.2893464351872259,114.556061309,-0.76768,1.4730562475494426,0.21338945199381867,106.74927047649999,10.30595
86411,4.65,72.64,52.403458,-1.556723,False,-2.31608,1.5628067142875417,1.3860166196293946,0.307026177675093,114.902061197,-1.06213,1.4054859847911843,0.2173478126567339,106.895043106,10.27671
86511,4.65,72.64,52.403458,-1.556723,False,-2.25495,1.5948512778103583,1.3879206421438128,0.33443079071427884,115.140014219,-1.38498,1.148132464095982,0.22099692833461135,107.3995954535,10.2972
86611,4.65,72.64,52.403458,-1.556723,False,-2.3949599999999998,1.5161011364681445,1.3945985041102946,0.3440938508927793,114.391870501,-1.5835899999999998,1.0078351777172918,0.22535015124615887,107.5543569985,10.23899
86711,4.65,72.64,52.403458,-1.556723,False,-2.2792,1.4393111068223652,1.2243542091422923,0.2765358287013738,109.08849896499999,-1.31256,1.0763593722461948,0.22386780920891688,108.32504827049999,10.033949999999999
86811,4.65,72.64,52.403458,-1.556723,False,-2.19324,1.374229376939834,0.9441764595549816,0.22662088287612764,102.33519882899999,-1.20603,1.0851479920064158,0.14948870971860503,108.40744359599998,9.747969999999999
86912,4.65,72.64,52.403458,-1.556723,False,-2.32131,1.3610647910531093,0.6522502656189579,0.22534557165976588,98.31613213399999,-1.0897299999999999,1.0951854820582272,0.12879495331727883,107.86248371449999,9.53297
87011,4.65,72.64,52.403458,-1.556723,False,-2.7537000000000003,0.8379110599845566,0.72355782883379,0.22132288529556893,100.983262601,-1.2661,1.0090469717070218,0.12583659642568226,109.084141921,9.60715
87111,4.65,72.64,52.403458,-1.556723,False,-2.86551,0.7676440660300253,0.770461547746257,0.221458936499649,104.416458208,-1.30135,0.9865401239235593,0.12225120949185841,110.34721287049999,9.75401
87212,4.65,72.64,52.403458,-1.556723,False,-2.8483500000000004,0.7650224197876664,0.7521617125178471,0.21514756925318856,106.06279008299998,-1.31022,0.9795549985126469,0.12190281921815166,111.00912117199998,9.844479999999999
87311,4.65,72.64,52.403458,-1.556723,False,-2.6808199999999998,0.6622616632922863,0.42333650458130195,0.21509899116453338,108.682014671,-1.14931,0.7421738063134393,0.1199174016655725,111.61903799000001,10.046850000000001
87411,4.65,72.64,52.403458,-1.556723,False,-2.6034100000000002,0.5915148621219167,0.4158442856273157,0.20096466356053747,108.377649116,-1.0836599999999998,0.6757954970091015,0.0923273909038436,111.63985515649999,10.05631
87511,4.65,72.64,52.403458,-1.556723,False,-2.7299,0.35389572852277495,0.4002603581836906,0.15578525818146807,107.140271177,-0.9961,0.6085093845711107,0.02983174297437078,111.140142698,9.97151
87611,4.65,72.64,52.403458,-1.556723,False,-2.8351100000000002,0.3476116909234577,0.39758754787118933,0.1579595099314308,107.931986463,-0.99975,0.6138994457111402,0.029712877866526873,111.16192848200001,9.982140000000001
87711,4.65,72.64,52.403458,-1.556723,False,-2.95101,0.45281243467908283,0.44210923939175817,0.13370283633657307,109.719564683,-1.2157,0.5424459973121756,0.024229192676971482,109.404031824,10.032480000000001
87811,4.65,72.64,52.403458,-1.556723,False,-3.25704,1.0075135281143037,0.4275599665544054,0.15536861580698264,114.896772055,-1.37808,0.5937099980443133,0.059873411832335695,108.61598544199998,10.15925
87911,4.65,72.64,52.403458,-1.556723,False,-3.16638,1.0932413170628579,0.37447523890847656,0.17219543160800366,116.279465039,-1.5075800000000001,0.5120896575145159,0.06037994148169874,107.2977985865,10.249469999999999
88010,4.65,72.64,52.403458,-1.556723,False,-3.0350099999999998,1.126818660802763,0.36133249154269165,0.17429126197259576,114.73095457999997,-1.4769999999999999,0.5152574200231275,0.06664049152813281,107.8571085905,10.21075
88110,4.65,72.64,52.403458,-1.556723,False,-2.91017,1.2078803583596807,0.420890062183046,0.18583777991690614,111.58025905299999,-1.59996,0.5053298970859429,0.0657134993741775,107.99835863049998,10.0816
88213,4.65,72.64,52.403458,-1.556723,False,-2.82774,1.2381799565850227,0.4207494478771098,0.18116734467827741,111.09183214099998,-1.82165,0.5296275489016374,0.07489146294620133,108.577311112,10.07753
88313,4.65,72.64,52.403458,-1.556723,False,-2.78327,1.2660775920140122,0.43027697655761127,0.1856671756426297,110.29185351999999,-1.92011,0.567445324727904,0.07421535031394952,109.48693409549999,10.04669
88411,4.65,72.64,52.403458,-1.556723,False,-2.59769,1.3973316360120098,0.5160215589811499,0.1896527953334139,108.34452749299999,-1.91144,0.5763012796176057,0.07462729989011337,108.3610883045,9.97996
88510,4.65,72.64,52.403458,-1.556723,False,-2.45477,1.4791399761347808,0.5121539586231239,0.1928829247669857,107.95163226499999,-2.08864,0.5526384717375776,0.07064412297644537,107.54595172100001,9.98602
88611,4.65,72.64,52.403458,-1.556723,False,-2.31893,1.456139618649256,0.5163643116379523,0.1700776606925985,106.92122984,-2.14582,0.5523130287959707,0.06562023400683006,107.4266081515,9.969730000000002
88711,4.65,72.64,52.403458,-1.556723,False,-2.0679100000000004,1.3872844500838484,0.4777485346218613,0.11797088906449192,103.62021147599998,-2.22981,0.5926483357682613,0.058705767272995736,106.6698880795,9.86947
88810,4.65,72.64,52.403458,-1.556723,False,-1.69821,0.45214424308571805,0.38650049432195227,0.10890651903760805,99.179446852,-2.25704,0.600908331334046,0.05216487110860912,107.03810945349998,9.79679
88911,4.65,72.64,52.403458,-1.556723,False,-1.7688700000000002,0.5295979587280243,0.3399221559579685,0.09068011481147462,98.88136710799999,-2.29692,0.5782959177137994,0.05102421647283466,107.58041607349999,9.76709
89011,4.65,72.64,52.403458,-1.556723,False,-1.71736,0.5088940474750682,0.3176434480846618,0.09029440981835166,97.486827407,-2.45979,0.4855898737045959,0.05018607708651232,106.1088909935,9.70637
89111,4.65,72.64,52.403458,-1.556723,False,-1.7704799999999998,0.5302370618674056,0.30160650762947216,0.07333678476726394,98.988657567,-2.50586,0.47100530122046264,0.05042161793869352,105.28445830999999,9.773390000000001
89211,4.65,72.64,52.403458,-1.556723,False,-1.7827100000000002,0.5387982872405354,0.30369320484111756,0.0729801350444839,99.077651843,-2.4291600000000004,0.4675020004710626,0.04347965680126259,105.084741992,9.77524
89311,4.65,72.64,52.403458,-1.556723,False,-1.8285,0.5663779323227761,0.3037854229916645,0.055128552795564376,99.183512065,-2.38048,0.47841451064950047,0.03972530819403591,104.73768279250001,9.77079
89411,4.65,72.64,52.403458,-1.556723,False,-1.96618,0.4804381236607554,0.21613491696932194,0.04330707024647742,100.547456177,-2.47076,0.320914298701557,0.03576187293131584,104.445991835,9.819970000000001
89511,4.65,72.64,52.403458,-1.556723,False,-2.02741,0.38270999594993654,0.21656305625229724,0.026088484049480463,100.700717029,-2.42271,0.29828701111513556,0.04205086866588585,104.32617464699999,9.81918
89613,4.65,72.64,52.403458,-1.556723,False,-2.04908,0.3827983797713307,0.21730428844774358,0.02477588657456181,101.026782212,-2.3865,0.3223197791014399,0.045821824009478054,103.97400602600001,9.83126
89711,4.65,72.64,52.403458,-1.556723,False,-2.1416,0.2755418943746225,0.25123789279840025,0.04167818640754679,102.84062411300002,-2.3287299999999997,0.2776564505923759,0.04471476142046285,103.2304177945,9.90601
89811,4.65,72.64,52.403458,-1.556723,False,-2.01599,0.48725201886589387,0.2506790519989929,0.04389523006229969,102.394743197,-2.1673699999999996,0.5106960240691135,0.08221941444154861,100.7870950245,9.90254
89911,4.65,72.64,52.403458,-1.556723,False,-1.8551099999999998,0.5456924784161872,0.25699769583922194,0.042886900356894735,101.93595528400002,-1.9346099999999997,0.893519673911362,0.10001514607520434,100.408661196,9.90793
90011,4.65,72.64,52.403458,-1.556723,False,-1.74454,0.6816785870188393,0.3411821826792549,0.0431491586115985,100.92053860400001,-1.6792799999999999,0.9439744332696021,0.11764505183909028,99.2036830055,9.86682
90111,4.65,72.64,52.403458,-1.556723,False,-1.53603,0.8304304306268604,0.37188465117261865,0.03955929585936641,99.17861679299999,-1.4776799999999999,0.9462449844869276,0.12619162500824782,99.08363718,9.801739999999999
90210,4.65,72.64,52.403458,-1.556723,False,-1.39055,0.8335758797027564,0.3578820148534402,0.03915025755555974,98.05898233799999,-1.2832199999999998,1.0015863570689578,0.1263413612225053,98.5683170905,9.76651
90311,4.65,72.64,52.403458,-1.556723,False,-1.2451500000000002,0.7754926552413864,0.35910757348367883,0.03880159790524091,97.82794659300001,-1.1858199999999999,0.9636464333169315,0.12980823634200656,98.505729329,9.77856
90411,4.65,72.64,52.403458,-1.556723,False,-1.20409,0.723018824789509,0.3918162698680799,0.043950711029515734,99.04434277700001,-1.06981,0.8882459937677418,0.12665663512908523,99.795899477,9.84814
90511,4.65,72.64,52.403458,-1.556723,False,-1.17304,0.706648750087342,0.3900859785568681,0.0484998064142757,99.053458526,-0.9001999999999999,0.7738052970727045,0.11320130544987349,99.87708777750001,9.853480000000001
90611,4.65,72.64,52.403458,-1.556723,False,-0.9981,0.6529711904483678,0.4139934009135922,0.060769440419415455,97.661625222,-0.8257199999999999,0.6825655260363885,0.10413081569726501,99.344203717,9.80446
90710,4.65,72.64,52.403458,-1.556723,False,-0.8859600000000001,0.4989972861204347,0.3730368645768605,0.07299724804554086,95.769610361,-0.6122299999999999,0.48261662275097184,0.056263294725187624,99.30511723700002,9.728069999999999
90810,4.65,72.64,52.403458,-1.556723,False,-0.89802,0.5000839525075355,0.3744297686705323,0.06929653270145947,95.83740449300001,-0.5255799999999999,0.49701555486501225,0.05006583332639792,99.11607384499999,9.73035
90910,4.65,72.64,52.403458,-1.556723,False,-0.95915,0.5442286371043402,0.336153669224857,0.0701902683979608,94.92017726099999,-0.60191,0.43627693409372503,0.0390012535411077,98.42806627249999,9.676359999999999
91011,4.65,72.64,52.403458,-1.556723,False,-0.9638300000000001,0.540678049715769,0.2871884282719881,0.09197027539132169,95.58924122100001,-0.72236,0.5220299271965999,0.04189641193865317,98.25488991249999,9.712
91113,4.65,72.64,52.403458,-1.556723,False,-0.92233,0.6229648804975579,0.25910965932507685,0.1230244347906364,96.268301221,-0.79739,0.5494447104931373,0.043631437442895674,97.723459007,9.747200000000001
91211,4.65,72.64,52.403458,-1.556723,False,-0.8874299999999999,0.644965444466259,0.2606720376684545,0.12897482269376798,96.42660658000001,-0.86554,0.5016050863644279,0.04244211875536408,97.24279445900001,9.757230000000002
91311,4.65,72.64,52.403458,-1.556723,False,-0.83241,0.6686917400583215,0.2616868153601462,0.12912997801526266,96.40012792500002,-0.8043799999999999,0.5081679726669548,0.042249707428309614,97.114037259,9.759260000000001
91410,4.65,72.64,52.403458,-1.556723,False,-0.66419,0.581467712775184,0.172405261907329,0.12280577302752864,94.74951356,-0.76238,0.4992722922191619,0.044745588236904964,96.8969281685,9.69419
91511,4.65,72.64,52.403458,-1.556723,False,-0.46579999999999994,0.6476267083230415,0.1800496462398985,0.11643149440288432,94.80327339,-0.70773,0.5420397649414442,0.047026351950558064,96.928365958,9.70462
91611,4.65,72.64,52.403458,-1.556723,False,-0.41737,0.6709003023301385,0.17482126237325746,0.122222695201105,94.84352159099998,-0.64788,0.5017302280885377,0.04707821034076027,96.2525734065,9.70756
91711,4.65,72.64,52.403458,-1.556723,False,-0.4051,0.6581700692070437,0.1904905643624195,0.12305213935564058,95.659273326,-0.65728,0.4919980528416737,0.044978641845015724,95.7144418435,9.75052
91810,4.65,72.64,52.403458,-1.556723,False,-0.26322,0.6702178034042404,0.17768319529119975,0.12572323395282012,95.167671605,-0.4805,0.8878451842022399,0.03924722212392134,95.502538049,9.72963
91911,4.65,72.64,52.403458,-1.556723,False,-0.12408000000000001,0.4874646694889849,0.19293069682603464,0.13310134150755618,94.59269226800001,-0.50823,0.8966675105943973,0.0373965075612383,94.7564347645,9.71236
92010,4.65,72.64,52.403458,-1.556723,False,-0.0021199999999999995,0.5034376841057723,0.2431606501426142,0.13088729842459457,94.0673773,-0.43839999999999996,0.8293338022506702,0.06029232492153887,94.8283092605,9.68432
92111,4.65,72.64,52.403458,-1.556723,False,-0.0042600000000000025,0.50204154144188,0.24852363625574742,0.10364559753742017,94.333650884,-0.24333,0.8306434267080739,0.07291528112969319,95.3009760525,9.697999999999999
92211,4.65,72.64,52.403458,-1.556723,False,0.18123999999999998,0.667153279406036,0.2781012583374815,0.09898813004036837,95.074967901,-0.14906000000000003,0.8085785046748523,0.07326389439705065,95.7507872405,9.724810000000002
92313,4.65,72.64,52.403458,-1.556723,False,0.23830999999999997,0.6425258255942415,0.30806142893910343,0.0983443163357982,95.62462495899999,-0.26433999999999996,0.9335823086965118,0.073882669746625,96.01237644199999,9.75248
92411,4.65,72.64,52.403458,-1.556723,False,0.27893,0.62439874377054,0.3347667718809004,0.10555520146139433,96.651103575,-0.22035,0.9226755999687949,0.07683092837884703,95.7003085675,9.80416
92510,4.65,72.64,52.403458,-1.556723,False,0.21687000000000003,0.6184956912631787,0.3369481827950577,0.11089967888942585,96.20195512,-0.24281999999999998,0.9220223000436463,0.07554100358230746,95.502614255,9.783069999999999
92611,4.65,72.64,52.403458,-1.556723,False,0.34584000000000004,0.7150358082719477,0.314767890498527,0.10224315733692016,97.247501788,-0.33562,1.0146292248895643,0.08587986699777496,96.04551168949999,9.82744
92710,4.65,72.64,52.403458,-1.556723,False,0.5252600000000001,0.5553305846270572,0.4309172007345431,0.11473434485318194,98.788990293,-0.27502,1.0390046955299728,0.08549041791660346,97.2241318095,9.90295
92811,4.65,72.64,52.403458,-1.556723,False,0.57806,0.569757800785178,0.4272045309008651,0.1602401007516186,99.13408550899999,-0.50939,0.7729016632146668,0.08139585370275293,97.150878557,9.91683
92911,4.65,72.64,52.403458,-1.556723,False,0.80731,0.6803450177830583,0.4659660799528993,0.1838103131552259,99.05191145799999,-0.47047,0.7614038628305818,0.07633767454904236,96.82230186299999,9.88879
93011,4.65,72.64,52.403458,-1.556723,False,0.8621000000000001,0.6843015368485892,0.4152531843479554,0.1748621682608588,99.90211073,-0.44965,0.7519589206421661,0.07426674222018868,96.984744015,9.928859999999998
93112,4.65,72.64,52.403458,-1.556723,False,0.9008200000000001,0.6582449118679216,0.44084038734117387,0.17425403422717203,99.195165938,-0.59092,0.6504566529241834,0.07156512263510582,96.764408411,9.890339999999998
93211,4.65,72.64,52.403458,-1.556723,False,0.91143,0.6694544396579842,0.4352754331072126,0.169689533822475,98.936790905,-0.53827,0.7293450639672086,0.07453117170389525,97.00587940300001,9.87584
93310,4.65,72.64,52.403458,-1.556723,False,1.0714700000000001,0.682489142038178,0.4451655977773302,0.17123382616242103,97.796395718,-0.52973,0.7154678190604448,0.05891547240656606,96.7105103385,9.80055
93411,4.65,72.64,52.403458,-1.556723,False,1.0314,0.74752726743281,0.4584564378918111,0.17138363852934024,98.04710744500001,-0.40329,0.8695532728552813,0.060577043690016596,97.34910550999999,9.81281
93513,4.65,72.64,52.403458,-1.556723,False,1.19003,0.6660395801552201,0.4623999009996087,0.17260929677550205,98.13371873700001,-0.34801000000000004,0.8927138180850557,0.059618379902695924,97.1678369285,9.80438
93611,4.65,72.64,52.403458,-1.556723,False,1.2835,0.7546380191853633,0.5800592330864924,0.1824933572611465,96.25904430099999,-0.26493,0.7940955862559046,0.05125383888061417,96.75327304449999,9.68485
93711,4.65,72.64,52.403458,-1.556723,False,1.29447,0.7479809386311689,0.5450051915145194,0.1617229743865863,95.89720377,-0.32549000000000006,0.7628212204267335,0.052237458888340534,97.3430970315,9.66699
93811,4.65,72.64,52.403458,-1.556723,False,1.3522,0.7410293486465733,0.5516267280608433,0.12978049887748502,96.286142564,-0.29256000000000004,0.7548836484297857,0.04789146177672035,97.7101140365,9.67934
93911,4.65,72.64,52.403458,-1.556723,False,1.12674,0.8231777844967012,0.586837909098892,0.08883163850791002,98.50511706799999,-0.32150000000000006,0.7691035286473308,0.05364447160083965,98.778514263,9.81406
94011,4.65,72.64,52.403458,-1.556723,False,1.0848900000000001,0.8322822297087071,0.6040476268934107,0.09820354202709121,99.897385673,-0.32622,0.7715859681346078,0.0548360191844736,99.89974820149999,9.8878
94111,4.65,72.64,52.403458,-1.556723,False,1.25476,0.907782617394965,0.6192926570783125,0.10257156851031708,100.09947643199999,-0.29098,0.7568090788156386,0.05775915127108006,99.647321185,9.871080000000001
94214,4.65,72.64,52.403458,-1.556723,False,1.3111599999999999,0.9476000002345154,0.6408670928255487,0.10672696004290576,99.09144139200001,-0.29694000000000004,0.748952985024945,0.05900438401791249,99.0141161485,9.80788
94311,4.65,72.64,52.403458,-1.556723,False,1.3470099999999998,0.9762297400942329,0.6254100134223097,0.1003439108488624,100.08293329699998,-0.26095999999999997,0.6883770562384784,0.0632272699605686,98.9396645075,9.85184
94411,4.65,72.64,52.403458,-1.556723,False,1.50888,0.8129827069364928,0.6048094007389652,0.09974222386844112,99.39117144699999,-0.33611,0.5602941875082709,0.06221532858637867,98.719139446,9.807669999999998
94511,4.65,72.64,52.403458,-1.556723,False,1.44547,0.8315865600030987,0.5998290549074089,0.09267871384519749,99.560704591,-0.39744999999999997,0.5234305265372942,0.06424481734393454,98.847211664,9.824720000000001
94610,4.65,72.64,52.403458,-1.556723,False,1.40318,0.792568383029368,0.447979116080706,0.07589858804132439,101.526033594,-0.39227999999999996,0.5193387286839958,0.06091509938704271,98.89253894750001,9.940380000000001
94711,4.65,72.64,52.403458,-1.556723,False,1.43409,0.7781112551842788,0.4022529504069757,0.08055012518094971,100.825474136,-0.40417999999999993,0.5167217493218378,0.057174431931297974,98.361338953,9.90345
94811,4.65,72.64,52.403458,-1.556723,False,1.3768699999999998,0.791098993735233,0.40908660058450186,0.08243560449762524,100.988862592,-0.40397,0.5167651541614948,0.058328076906027974,98.637502578,9.91863
94910,4.65,72.64,52.403458,-1.556723,False,1.4844000000000002,0.6147947661166725,0.4171693912549265,0.08068238758655243,101.17034267900002,-0.36027,0.49878007856947904,0.054518991594162854,99.83772987350001,9.923210000000001
95010,4.65,72.64,52.403458,-1.556723,False,1.58922,0.5596143509398126,0.4026332686204716,0.07439570178743155,99.872082575,-0.38814000000000004,0.5275783737459699,0.05476203571412873,99.884734124,9.84473
95111,4.65,72.64,52.403458,-1.556723,False,1.50633,0.48843815041188937,0.3745871807737223,0.06732407609631359,99.95508836299999,-0.39093999999999995,0.5278452028978005,0.047842320874583656,100.0272823975,9.86636
95211,6.9,183.79,52.402996,-1.556501,False,1.3450900000000001,0.5160857690345755,0.3442070244295916,0.06072568923720285,101.41637902599999,-0.5471699999999999,0.43507468337184274,0.04340079876377035,100.253910209,9.96297
95310,6.9,183.79,52.402996,-1.556501,False,1.3465600000000002,0.5188042559578797,0.3461816093709679,0.05944099688860468,101.333054,-0.5399499999999999,0.4237092196044073,0.04298095185337545,100.7079936485,9.958400000000001
95411,6.9,183.79,52.402996,-1.556501,False,1.3953600000000002,0.5491003292255113,0.3476887822943675,0.05899012723423396,101.412091464,-0.66646,0.32879503307954033,0.04333897911939169,100.4016314555,9.95414
95511,6.9,183.79,52.402996,-1.556501,False,1.49933,0.5523527094770843,0.3416648112144845,0.052817430834905255,102.411552828,-0.7584199999999999,0.36635316233868376,0.04077039230727179,100.9861287095,9.989189999999999
95611,6.9,183.79,52.402996,-1.556501,False,1.5073700000000003,0.5591689151470031,0.36626109751864505,0.04977320229467527,101.89064102500001,-0.72695,0.38128525702185306,0.04090355186967891,101.7083373095,9.96074
95711,6.9,183.79,52.402996,-1.556501,False,1.5679500000000002,0.5601118762255437,0.3557914926220535,0.027123634630254797,101.435421101,-0.73227,0.37585444005772967,0.04319359520422704,101.1304476185,9.92878
95810,6.9,183.79,52.402996,-1.556501,False,1.6616600000000001,0.5241672680441799,0.35639261371571257,0.02687700586829653,100.70707138399999,-0.8404499999999999,0.39501485555749627,0.04185315599410189,100.847966988,9.87848
95911,6.9,183.79,52.402996,-1.556501,False,1.7217099999999999,0.4618536912390346,0.2613609466704045,0.03042994869824429,99.687461473,-0.8920600000000001,0.35583488118320444,0.03365046474831722,100.428902076,9.821900000000001
96011,6.9,183.79,52.402996,-1.556501,False,1.7274800000000003,0.4630591630066884,0.24497238597216373,0.03702962927770741,100.190846059,-0.8892,0.3550671923891444,0.023862187661653402,100.031464317,9.846810000000001
96111,6.9,183.79,52.402996,-1.556501,False,1.7162400000000002,0.4694810544041738,0.2354854503644333,0.03483994514602138,101.49939761600001,-0.92756,0.32131908405473897,0.023736444084524178,100.7272429895,9.914919999999999
96211,6.9,183.79,52.402996,-1.556501,False,1.8104400000000003,0.2516769499003073,0.19517198370214042,0.03487497670250119,100.985556657,-0.88676,0.33759175608681025,0.023054835597861225,101.2009678415,9.88011
96310,6.9,183.79,52.402996,-1.556501,False,1.7543700000000002,0.2108229591650815,0.19493595557973423,0.04078456134917286,100.77965545800001,-0.8378099999999999,0.33617667461552725,0.023520166288149135,101.05635472899999,9.88067
96411,6.9,183.79,52.402996,-1.556501,False,1.7311400000000003,0.2040547214188973,0.20242152965204288,0.04678504509396614,100.459871069,-0.8242,0.3324382716301524,0.030369985182741956,100.93598126650001,9.86857
96510,6.9,183.79,52.402996,-1.556501,False,1.64183,0.2673477429616283,0.2402457713814609,0.045624866514264395,100.65404722100001,-0.75638,0.29120848507173724,0.02842167600031063,101.5328000245,9.89152
96611,6.9,183.79,52.402996,-1.556501,False,1.59131,0.2458137662269481,0.2295870147315389,0.04414308049463195,100.624685621,-0.8153,0.2760815298260817,0.02264190068582218,101.257663323,9.89902
96711,6.9,183.79,52.402996,-1.556501,False,1.56779,0.229170404575598,0.22980464747260135,0.045455013169310846,100.624943669,-0.85416,0.2370314990788231,0.022537129857685755,101.030182385,9.90314
96811,6.9,183.79,52.402996,-1.556501,False,1.49757,0.22490220615490422,0.21198238501244027,0.04215434075447562,100.887114761,-0.7529600000000001,0.19592402836019712,0.023333847613379442,100.7970930725,9.92766
96911,6.9,183.79,52.402996,-1.556501,False,1.52573,0.24623996900045111,0.22480590245317011,0.055600720418993776,100.227347877,-0.78301,0.23470195970397723,0.01906812640099741,99.95740467499999,9.88936
97011,6.9,183.79,52.402996,-1.556501,False,1.4636600000000002,0.2361302380749719,0.29538907750815185,0.05812451098957976,99.038367534,-0.76917,0.22691270984430847,0.0175919678641505,99.6146067965,9.83704
97111,6.9,183.79,52.402996,-1.556501,False,1.5045199999999999,0.2627247177814509,0.2736077486313504,0.06607785391322707,98.04284656500002,-0.81297,0.27717893959598383,0.018987013105452834,99.7711220905,9.78007
97213,6.9,183.79,52.402996,-1.556501,False,1.51405,0.26362457839386494,0.29024953708452716,0.0685619274006273,97.01723315699999,-0.8525499999999999,0.26913547703712076,0.015559505847622359,99.001394907,9.72556
97311,6.9,183.79,52.402996,-1.556501,False,1.5309300000000001,0.2785420776112826,0.2949640844426923,0.06728031245798761,97.267943305,-0.84834,0.2733639340594201,0.015464784368219556,99.0237993815,9.7353
97411,6.9,183.79,52.402996,-1.556501,False,1.50691,0.2744902364181622,0.2990992217382874,0.063203682206375,97.577176469,-0.81974,0.28823875982710095,0.012715362536884905,99.018523769,9.754900000000001
97511,6.9,183.79,52.402996,-1.556501,False,1.5211400000000002,0.2533249875818473,0.2272013654106166,0.06289170674880575,96.073249062,-0.80731,0.3001569161844048,0.010934049773273261,98.36364814150001,9.67756
97611,6.9,183.79,52.402996,-1.556501,False,1.5310700000000002,0.2527120937615434,0.2266866853905131,0.061447991559258196,96.173534015,-0.8019700000000001,0.29650620398230876,0.011400141324658875,98.399109818,9.6812
97711,6.9,183.79,52.402996,-1.556501,False,1.52777,0.25173401769859477,0.21070630033296073,0.06000946314262998,95.44262968,-0.81165,0.2979027404670462,0.010002244192623072,98.0337866745,9.64425
97811,6.9,183.79,52.402996,-1.556501,False,1.5770700000000002,0.2260720192524913,0.20137300078324358,0.0607355552099976,95.424259396,-0.87245,0.25873899010392426,0.01031680936896328,98.1556870785,9.636109999999999
97911,6.9,183.79,52.402996,-1.556501,False,1.52927,0.22110026408348665,0.20861011587276454,0.05101963020903489,95.577914917,-0.7869900000000001,0.28947327817568286,0.008037751205680463,97.90263139700001,9.65174
98010,6.9,183.79,52.402996,-1.556501,False,1.5398600000000002,0.2066920264010868,0.16532974458471889,0.03960160069716597,96.26250103599999,-0.75327,0.30398497788176343,0.007662578620222088,97.65043428499999,9.686499999999999
98111,6.9,183.79,52.402996,-1.556501,False,1.51235,0.17965875832937878,0.16427939479910308,0.031656386050491876,96.38941750699999,-0.68334,0.24687428739699907,0.007625753150416333,97.216132036,9.69788
98211,6.9,183.79,52.402996,-1.556501,False,1.55839,0.2456090681007995,0.1820470439810175,0.033142555725230345,98.000382207,-0.66028,0.22589046411430486,0.0072443387858670575,97.508807682,9.77178
98311,6.9,183.79,52.402996,-1.556501,False,1.49455,0.25221194460217305,0.17618389035955162,0.03224507542073499,97.58798331599999,-0.63314,0.25095969220396597,0.008871652733408545,97.4279633105,9.760589999999999
98411,6.9,183.79,52.402996,-1.556501,False,1.4699700000000002,0.26942266690917815,0.16949027635171882,0.03232674159611855,97.169081427,-0.61253,0.2657002448457835,0.008859828189955414,97.373128948,9.74254
98511,6.9,183.79,52.402996,-1.556501,False,1.51669,0.26400606243041025,0.16128777628134786,0.03464436622469966,97.989320838,-0.5955999999999999,0.2789095791351231,0.016450670367967598,97.03128495,9.777669999999999
98611,6.9,183.79,52.402996,-1.556501,False,1.51717,0.26410133598048374,0.15695703729224728,0.03450523309747538,98.284508041,-0.54497,0.24951293909890898,0.016052261869004086,97.229021028,9.79274
98711,6.9,183.79,52.402996,-1.556501,False,1.5152700000000001,0.26366548693374653,0.15290809912421943,0.035061661556622076,98.32814332000001,-0.53235,0.23252227252936497,0.016978695801241096,96.8853865,9.79533
98811,6.9,183.79,52.402996,-1.556501,False,1.47764,0.2632854226458186,0.15280565907206703,0.03390233685816427,98.190237277,-0.46552999999999994,0.17761413888914152,0.017387674433983213,96.80724833650001,9.79405
98911,6.9,183.79,52.402996,-1.556501,False,1.50171,0.2597855972827693,0.1555169929979211,0.027454285235237446,98.413314919,-0.49192,0.17206718842746083,0.017375784554628307,96.995614918,9.801820000000001
99011,6.9,183.79,52.402996,-1.556501,False,1.5069500000000002,0.25634435715352516,0.14407382983890174,0.02709527224033331,98.738310583,-0.4759399999999999,0.17986005794628884,0.016674478169411852,97.5004058095,9.817820000000001
99110,6.9,183.79,52.402996,-1.556501,False,1.4786100000000002,0.26540685936879915,0.14114516561959237,0.027309316684563472,98.825750975,-0.457,0.17869442570426106,0.015467834007670827,97.607584241,9.8264
99211,6.9,183.79,52.402996,-1.556501,False,1.41981,0.1780433683123563,0.10736582375744853,0.01957657613918564,98.311859156,-0.4483499999999999,0.16445634510240803,0.01540382708578804,98.15612068149998,9.811069999999999
99310,6.9,183.79,52.402996,-1.556501,False,1.44607,0.15760815017000054,0.12543633887799668,0.01827089063084894,98.824964499,-0.44743999999999995,0.16531268150588008,0.015649313083965315,98.2064739075,9.83348
99411,6.9,183.79,52.402996,-1.556501,False,1.4537900000000001,0.14535841106271125,0.11888530233429047,0.018899500287338562,99.06690408300001,-0.45542999999999995,0.16216882184247278,0.017546576114253754,98.11799275499999,9.84488
99510,6.9,183.79,52.402996,-1.556501,False,1.41069,0.12731818801730302,0.11794834132884938,0.013929967695583474,98.896489688,-0.46767000000000003,0.15600079095240416,0.018082391680550883,98.442905263,9.84273
99611,6.9,183.79,52.402996,-1.556501,False,1.35738,0.16177512375725694,0.12465648978071316,0.014060567398065939,99.066887408,-0.4718699999999999,0.15619302196676088,0.015981339813112925,98.6756977245,9.85834
99711,6.9,183.79,52.402996,-1.556501,False,1.3064900000000002,0.170350621758015,0.0815512933340065,0.012045395616398613,99.46549042199999,-0.4272,0.1224508790404365,0.020129660260972793,98.89681687099998,9.885670000000001
99811,6.9,183.79,52.402996,-1.556501,False,1.2792000000000001,0.1902930955716236,0.08930652334021193,0.01221874698067593,99.296053924,-0.42368999999999996,0.12641550054394282,0.016156869883873177,98.7431456005,9.880279999999999
99911,6.9,183.79,52.402996,-1.556501,False,1.2237600000000002,0.17437396084917856,0.08998748122812698,0.011836013780923948,99.211268053,-0.37841,0.1449030591656135,0.015074190599238986,98.812291486,9.88327
100011,6.9,183.79,52.402996,-1.556501,False,1.18625,0.17781877947320926,0.08427757049710001,0.00883984037060496,99.309530907,-0.35034,0.17915206576164375,0.012249734691002986,99.02392074500001,9.8928
100111,6.9,183.79,52.402996,-1.556501,False,1.1273600000000001,0.2335691674857969,0.08355728573861634,0.00931486863985624,99.209644268,-0.31254,0.2091641046323777,0.010942577392916234,99.01769762149999,9.893600000000001
100213,6.9,183.79,52.402996,-1.556501,False,1.04548,0.2501648158936804,0.07738165803344334,0.009944183112643147,98.897426271,-0.24607,0.18993885595105975,0.010929821590490888,98.6046427135,9.88649
100311,6.9,183.79,52.402996,-1.556501,False,0.9473,0.2672793877408406,0.06552122980805701,0.012196101380723605,98.282971264,-0.20328,0.22114845089516377,0.00850516183136675,98.5539678815,9.86496
100410,6.9,183.79,52.402996,-1.556501,False,0.8753900000000001,0.2668889883661713,0.0671145256674012,0.012256920947412136,98.336663797,-0.15950999999999999,0.2137329197854117,0.009977313154238335,98.70178394,9.87432
100511,6.9,183.79,52.402996,-1.556501,False,0.8050400000000002,0.2435719478465956,0.07197746560945481,0.012394124952304323,98.03423689600001,-0.11347,0.19260538846736294,0.010020068751148222,98.465363292,9.8655
100611,6.9,183.79,52.402996,-1.556501,False,0.76359,0.23552882083611587,0.06463156779438527,0.016440208163050845,97.861877325,-0.0687,0.13770800025172958,0.008118463182425794,98.4643823665,9.86028
100710,6.9,183.79,52.402996,-1.556501,False,0.6890400000000001,0.2514383167123052,0.06824774802962927,0.015380882795065916,97.61984094,-0.03319999999999999,0.10802877188764339,0.008643944572805661,98.542665681,9.85312
100811,6.9,183.79,52.402996,-1.556501,False,0.6197300000000001,0.23988163307951485,0.062406072532194934,0.014787340681963189,97.92081971,0.00497,0.0720196431537733,0.00786937806380336,98.608436817,9.87327
100911,6.9,183.79,52.402996,-1.556501,False,0.5189800000000001,0.2629056349508214,0.061625302343222305,0.014958000460548756,97.656544715,0.0326,0.06966433807908305,0.007492099542552392,98.433906384,9.865169999999999
101011,6.9,183.79,52.402996,-1.556501,False,0.4087900000000001,0.2684061410541137,0.07408629802844968,0.01614890433159817,97.768707509,0.06004,0.08708446984902421,0.005892943048913293,98.539119208,9.875820000000001
101111,6.9,183.79,52.402996,-1.556501,False,0.3111500000000001,0.32709397307536414,0.08452351480836708,0.016469378993891774,97.559789982,0.07971999999999999,0.09310835742412651,0.005856326114170274,98.384717125,9.86713
101210,6.9,183.79,52.402996,-1.556501,False,0.23636000000000007,0.3308338831229757,0.08354662038516251,0.016460741174078378,97.33490332599999,0.09556,0.09171040411108687,0.00600329539132573,98.11616479850001,9.8577
101311,6.9,183.79,52.402996,-1.556501,False,0.19155000000000008,0.3267612490625123,0.0814052721470668,0.015796075461962038,97.41258872399999,0.09696,0.09230113999534935,0.005674200873736548,97.84777999399999,9.86275
101410,6.9,183.79,52.402996,-1.556501,False,0.10710000000000008,0.33202417917308297,0.07905647770215507,0.016199454723333517,97.18018580399999,0.11979,0.0950296731435732,0.006406602497073817,97.75842480050001,9.8521
101511,6.9,183.79,52.402996,-1.556501,False,0.04582000000000009,0.2923886219096528,0.07683795069281409,0.01566100606957006,97.34694948399999,0.13121,0.08685333039093295,0.006257804016671326,97.69059318999999,9.862179999999999
101611,6.9,183.79,52.402996,-1.556501,False,-0.04142999999999991,0.22472847344691568,0.07423298832433074,0.01387517367258672,97.232095366,0.15374000000000002,0.05976589886099907,0.006368812901768624,97.54698634549999,9.85799
101711,6.9,183.79,52.402996,-1.556501,False,-0.07433999999999992,0.18938412581606273,0.07154206610258643,0.014091857380929019,97.45042979099999,0.16044,0.04732394742618675,0.006173608705157892,97.5351353655,9.86955
101810,6.9,183.79,52.402996,-1.556501,False,-0.13519999999999993,0.12740844207160693,0.06622298107324145,0.014038712349943056,97.260182431,0.18146,0.06203832507228267,0.006428798055966709,97.5905010705,9.86019
101910,6.9,183.79,52.402996,-1.556501,False,-0.14300999999999991,0.1193949696502355,0.06558734718766847,0.013155548048045878,97.314541218,0.189,0.0625721450273982,0.007157404867995206,97.48554296649999,9.86293
102010,6.9,183.79,52.402996,-1.556501,False,-0.15839999999999993,0.1229574632862137,0.046386565344388335,0.012870470076885274,97.04796537899999,0.18711,0.06152994663844393,0.00867176772956427,97.408336444,9.84923
102110,6.9,183.79,52.402996,-1.556501,False,-0.1527199999999999,0.11742620188395657,0.03409911859408721,0.013096908032050892,97.150118147,0.18901,0.062026812302752296,0.008080600912745789,97.35495406449999,9.85461
102210,6.9,183.79,52.402996,-1.556501,False,-0.1662099999999999,0.12032436208479931,0.03274405798519809,0.01305841576234351,97.25924888699998,0.19558999999999999,0.06203859820033872,0.007856497664704823,97.29707610649999,9.8599
102311,6.9,183.79,52.402996,-1.556501,False,-0.1813199999999999,0.10303399439021432,0.032738188709894735,0.013761960454657426,97.261615561,0.20703999999999997,0.060823975535937935,0.00887543426167361,97.3371021425,9.85993
102410,6.9,183.79,52.402996,-1.556501,False,-0.17188999999999993,0.09590863070885332,0.03963033209836592,0.01270749997267577,97.509246134,0.20231,0.06045346143932859,0.009075583850209257,97.344715969,9.87269
102511,6.9,183.79,52.402996,-1.556501,False,-0.18256999999999993,0.08604367172806585,0.04041251318869966,0.012628204763764113,97.403692694,0.20705999999999997,0.055259754292258864,0.008989530948087535,97.375321089,9.867230000000001
102610,6.9,183.79,52.402996,-1.556501,False,-0.20218999999999993,0.11979092388176608,0.040179563628018174,0.012374364181196872,97.371106047,0.22302999999999998,0.06704227604858086,0.008926122711828658,97.3016007065,9.86488
102710,6.9,183.79,52.402996,-1.556501,False,-0.21869999999999995,0.1023508779748605,0.041923072406548814,0.012445257909920694,97.166462274,0.23776000000000003,0.05170319568886192,0.009117041430442296,97.3084460325,9.85432
102811,6.9,183.79,52.402996,-1.556501,False,-0.2105799999999999,0.10158463138357067,0.04196257062356954,0.012523577763562582,97.176635402,0.23462,0.04758416636745044,0.009356186307581692,97.2184089165,9.85502
102911,6.9,183.79,52.402996,-1.556501,False,-0.22638999999999992,0.08761381740343546,0.049258850304670865,0.011846312131254618,97.329053786,0.22591999999999998,0.05630636040642794,0.008640576112477238,97.321797502,9.86249
103011,6.9,183.79,52.402996,-1.556501,False,-0.24266999999999994,0.10623388296062303,0.06064499704568749,0.012419787079942648,97.12972797,0.23131,0.057123150590016075,0.00858661102466192,97.08884667449999,9.851769999999998
103111,6.9,183.79,52.402996,-1.556501,False,-0.24631999999999993,0.10647240435385752,0.060725919781737046,0.012469897085915848,97.37703136,0.24295,0.06419541780114028,0.008571017053610967,97.2635747535,9.86422
103211,6.9,183.79,52.402996,-1.556501,False,-0.2416899999999999,0.10730287818446034,0.06198901694838226,0.012480722913535244,97.431107991,0.23433,0.07212621730146768,0.00856012071565719,97.345178439,9.86706
103311,6.9,183.79,52.402996,-1.556501,False,-0.2755999999999999,0.12214890730398648,0.07084410427915529,0.012320064934893772,97.26499553000001,0.23425,0.07210401822673101,0.007311064673946171,97.2633055455,9.85754
103411,6.9,183.79,52.402996,-1.556501,False,-0.28833999999999993,0.11967041962546804,0.06638468364183861,0.011735459087739139,97.196975386,0.24430999999999997,0.07153125890124043,0.007955319673719478,97.35311075999999,9.85378
103510,6.9,183.79,52.402996,-1.556501,False,-0.30149999999999993,0.11024251045360554,0.06977514361627155,0.011721035221628925,97.37749529800001,0.24728,0.06873415453758257,0.00786353044828265,97.390593996,9.86262
103611,6.9,183.79,52.402996,-1.556501,False,-0.2959199999999999,0.10308178845515513,0.07455725316831864,0.011032598162818283,97.21961205400001,0.23545999999999995,0.06167870513121185,0.0097917709214286,97.29535905050001,9.85482
103710,6.9,183.79,52.402996,-1.556501,False,-0.3072299999999999,0.09579951345273093,0.0731566356070184,0.010723162883320453,97.265944379,0.24024,0.06457707195451433,0.010889082197828588,97.2162033265,9.8569
103811,6.9,183.79,52.402996,-1.556501,False,-0.33009999999999995,0.0898833935966291,0.07401186766701855,0.01155830148998254,97.34254192099999,0.23561,0.06312480495016448,0.010345181379644032,97.2595886615,9.86009
103911,6.9,183.79,52.402996,-1.556501,False,-0.33474999999999994,0.08474264635420109,0.06952109911549875,0.011439289022195943,97.22990201600001,0.2454,0.053487921793373715,0.010005132016451474,97.279477901,9.85429
104011,6.9,183.79,52.402996,-1.556501,False,-0.32489999999999986,0.07987262081312768,0.06609995881663079,0.011893621072752459,97.266417607,0.24872999999999998,0.055716306210785854,0.011266765285562506,97.1980727885,9.856530000000001
104111,6.9,183.79,52.402996,-1.556501,False,-0.34308999999999995,0.08619045384110342,0.06290748144876807,0.012129674356717048,97.078172748,0.23728,0.048842895537025144,0.013183529286363394,97.22760205400002,9.84633
104212,0.0,192.72,52.402824,-1.556549,False,-0.3435499999999999,0.08537166131426517,0.06680618401186411,0.012868410935309731,97.14085912099999,0.24383,0.03722350064134604,0.013435773144853148,97.285983556,9.84948
104311,0.0,192.72,52.402824,-1.556549,False,-0.3321599999999999,0.07279418780218563,0.06084724041952323,0.011933524207039558,97.42679175800001,0.24537,0.037906758412315056,0.013486437631930718,97.345893644,9.8645
104411,0.0,192.72,52.402824,-1.556549,False,-0.3385999999999999,0.07486058152772214,0.059384518184495805,0.01248946667307203,97.275233953,0.24357,0.036155253191336154,0.012889875441168756,97.23610466950001,9.85659
104511,0.0,192.72,52.402824,-1.556549,False,-0.3461499999999999,0.0728126858605302,0.05501834138624805,0.014368116709498745,97.067684046,0.24893,0.03301249090195756,0.01369442709036378,97.222589672,9.84583
104611,0.0,192.72,52.402824,-1.556549,False,-0.34579999999999994,0.0725651125235646,0.05022529796387729,0.013600392151208944,97.24662659100001,0.25757,0.03505744650643865,0.012857773264966593,97.2331193225,9.854949999999999
104711,0.0,192.72,52.402824,-1.556549,False,-0.3406199999999999,0.07781691904008373,0.05289917033590185,0.01353932954191025,97.44418841000001,0.25525000000000003,0.03291943870178686,0.011816372821920582,97.35506639450001,9.8651
104811,0.0,192.72,52.402824,-1.556549,False,-0.3445999999999999,0.08270360733770146,0.055993079929618814,0.01247751755937228,97.259592563,0.25632,0.03227626578973455,0.01104570806542631,97.301067242,9.85555
104911,0.0,192.72,52.402824,-1.556549,False,-0.3538599999999999,0.0783426263991265,0.05781553136200899,0.01247751755937228,97.113504791,0.26321,0.03511291152199987,0.01104305211433675,97.1717034035,9.84783
105011,0.0,192.72,52.402824,-1.556549,False,-0.3449399999999999,0.0875209333689936,0.06045420305215523,0.012955376404326386,97.468701332,0.26241000000000003,0.03435049571042307,0.011278218929519837,97.3675594695,9.86608
105111,0.0,192.72,52.402824,-1.556549,False,-0.3478199999999999,0.09176601646459218,0.06047168667147822,0.012587895420248383,97.47098872000001,0.26659,0.030083308402512363,0.010019142788790835,97.27458073400001,9.86606
105211,0.0,192.72,52.402824,-1.556549,False,-0.3597499999999999,0.0783758218103416,0.0622825247472649,0.011555705661418194,97.145574365,0.27162000000000003,0.021566269960199703,0.009837349462350178,97.14321674300001,9.849219999999999
105311,0.0,192.72,52.402824,-1.556549,False,-0.3657799999999999,0.08064135691099444,0.05927326641173011,0.011982584584860336,97.07412015899999,0.27986,0.03263397003118358,0.010605470286600055,97.2504559585,9.845369999999999
105410,0.0,192.72,52.402824,-1.556549,False,-0.35938999999999993,0.08113596886983244,0.06178742140961349,0.013396056633701298,97.21441617400001,0.27786,0.03403133196852203,0.010496353864290263,97.2448250635,9.85271
105511,0.0,192.72,52.402824,-1.556549,False,-0.3569199999999999,0.08141977373806403,0.06071232805437837,0.01262100982048933,97.264204945,0.27929,0.03324606743655842,0.010336752122615749,97.1659444955,9.85533
105610,0.0,192.72,52.402824,-1.556549,False,-0.36429999999999996,0.0878893369844005,0.0706150629194367,0.01268458819898293,97.009905772,0.28206,0.036500508367792533,0.010488348032192745,97.1282661815,9.84204
105710,0.0,192.72,52.402824,-1.556549,False,-0.36927999999999994,0.08181218056555407,0.07815466432376464,0.014246793011450341,97.110116328,0.27731,0.0406638100089089,0.011281494187875489,97.277152369,9.84694
105811,0.0,192.72,52.402824,-1.556549,False,-0.3545999999999999,0.07858654111517087,0.08124499916236914,0.01408146535935326,97.386225115,0.26984,0.052657387368161945,0.011281494187875489,97.32290883900001,9.86149
105911,0.0,192.72,52.402824,-1.556549,False,-0.36332999999999993,0.0840826584049672,0.09158255838315839,0.015038428552655775,97.232455784,0.26549,0.05104617626333378,0.011448338064732444,97.1729802875,9.85325
106011,0.0,192.72,52.402824,-1.556549,False,-0.3875599999999999,0.07519344238548753,0.08421165200456623,0.013597471170119148,97.009513521,0.26864999999999994,0.053552326435579695,0.010491033208303887,97.2391074265,9.84113
106110,0.0,192.72,52.402824,-1.556549,False,-0.3740699999999999,0.06864184098154161,0.08717812926546947,0.013296703852208356,97.19754440900002,0.26257,0.05840490942070437,0.010148913461272665,97.3342665645,9.851220000000001
106211,0.0,192.72,52.402824,-1.556549,False,-0.37304999999999994,0.06948140038889483,0.0820928234784943,0.013399601984138653,97.366218532,0.25559,0.06338223462976772,0.010667166654946447,97.2558964485,9.859849999999998
106310,0.0,192.72,52.402824,-1.556549,False,-0.36776999999999993,0.06751233714417391,0.0915092399706432,0.013039188795490448,97.08647416800001,0.25212,0.058412532901734954,0.010266585497512538,97.08029716349999,9.845790000000001
106411,0.0,192.72,52.402824,-1.556549,False,-0.38312999999999986,0.07387373687584697,0.09021307862810322,0.011768323773776944,97.055879457,0.248,0.06016979677912104,0.010510227822880235,97.1351478155,9.84362
106511,0.0,192.72,52.402824,-1.556549,False,-0.3780899999999999,0.07888929585185746,0.09129755016796112,0.010388968508310425,97.138371097,0.23518,0.06828479251550235,0.008641013315061402,97.201288021,9.84796
106611,0.0,192.72,52.402824,-1.556549,False,-0.3697399999999999,0.07294567537255026,0.08282735994561284,0.009945183088644758,97.348340688,0.23646999999999996,0.07039378208017998,0.008571587432387796,97.17912323,9.859039999999998
106710,0.0,192.72,52.402824,-1.556549,False,-0.3863499999999999,0.07382712915996302,0.07387848957732604,0.00921127931759024,97.03054377999999,0.23668999999999998,0.07035911770652582,0.009108536899217229,97.070330054,9.84233
106811,0.0,192.72,52.402824,-1.556549,False,-0.3794699999999999,0.08471548526949682,0.06758208260251997,0.00920379752541786,96.92251331199999,0.23087,0.07853135325741414,0.010167054637403939,97.1543692135,9.83707
106910,0.0,192.72,52.402824,-1.556549,False,-0.3706499999999999,0.081226408540858,0.055954474550540145,0.008582825227679286,97.066027336,0.23234,0.0793372155912602,0.009883369870644152,97.14924156,9.84479
107011,0.0,192.72,52.402824,-1.556549,False,-0.36816999999999994,0.07816681663099859,0.05597322772743274,0.009812152329297205,97.061985987,0.21762,0.07474743845478535,0.009884533372899101,97.03574975400001,9.8447
107112,0.0,192.72,52.402824,-1.556549,False,-0.3536099999999999,0.09479523487790698,0.052846339093265804,0.010113802450117329,97.006510307,0.21525,0.07591100417957813,0.009753084982026063,97.102027358,9.8423
107211,0.0,192.72,52.402824,-1.556549,False,-0.35702999999999985,0.09395288476442613,0.057734357188809524,0.010857178884651968,96.837317055,0.22789,0.08070499709157973,0.010082900817167891,97.1017677935,9.83356
107311,0.0,192.72,52.402824,-1.556549,False,-0.36407999999999985,0.09736717219999859,0.04988273359706812,0.011440478816708448,96.93271822,0.21242999999999998,0.07688107771817128,0.010682779496822645,97.00959619400001,9.838159999999998
107410,0.0,192.72,52.402824,-1.556549,False,-0.34704999999999997,0.08970300688631605,0.05546835333978378,0.011002605751972231,97.002111409,0.2088,0.07803006543062425,0.010459445491992242,97.028995433,9.84234
107511,0.0,192.72,52.402824,-1.556549,False,-0.34756999999999993,0.0893305229657554,0.057059477740381566,0.010598369895622796,96.773186321,0.21732999999999997,0.07435871091462827,0.010453516154861809,96.95577870899999,9.830680000000001
107611,0.0,192.72,52.402824,-1.556549,False,-0.3567999999999999,0.09753694456746909,0.05833601898584036,0.010652328905507484,96.655801622,0.19722,0.06244349979511951,0.010440647063811115,97.002071155,9.824300000000001
107711,0.0,192.72,52.402824,-1.556549,False,-0.3406299999999999,0.09085445075627428,0.06876706333707255,0.010210283487195063,96.917302842,0.19347999999999999,0.06152839994666231,0.008879195408992131,96.973923311,9.83817
107810,0.0,192.72,52.402824,-1.556549,False,-0.34594999999999987,0.08541584877658388,0.07009130553154241,0.010338192405939325,96.94839735500001,0.20995,0.05886378343256903,0.008453427970024976,96.9354553335,9.8396
107911,0.0,192.72,52.402824,-1.556549,False,-0.34822999999999993,0.08614854161402989,0.06971771734011388,0.010530189404226698,96.96126368,0.19619999999999999,0.05726534728783565,0.008462965070100073,97.013645508,9.84017
108010,0.0,192.72,52.402824,-1.556549,False,-0.34424999999999994,0.08197363058394537,0.06972082743185626,0.009237249470366004,96.957285885,0.19444,0.05831838284601356,0.007859884081698295,97.009635936,9.840140000000002
108111,0.0,192.72,52.402824,-1.556549,False,-0.3382199999999999,0.09501028950125964,0.07483490050329554,0.00849653524156231,97.04311574900001,0.18788,0.06456546720617766,0.006947909357814135,97.024813028,9.844570000000001
108211,0.0,192.72,52.402824,-1.556549,False,-0.33568999999999993,0.09495420475156466,0.07154675316807632,0.009925074866776082,97.109104372,0.17629,0.04825016868130365,0.007832808493053166,96.97321071350001,9.848030000000001
108310,0.0,192.72,52.402824,-1.556549,False,-0.32630999999999993,0.08817013162694731,0.06896087135312652,0.010359429413716618,97.15562144100001,0.17499,0.04889665859973157,0.00706858464537602,97.04416983050001,9.85078
108411,0.0,192.72,52.402824,-1.556549,False,-0.3217599999999999,0.09034986564585663,0.07017063725902738,0.010055866170770358,97.172285875,0.17141,0.05055257878900653,0.007338339200539769,97.087198642,9.85175
108511,0.0,192.72,52.402824,-1.556549,False,-0.3163399999999999,0.09387702594352967,0.0642761542098192,0.01026160048162292,97.328954498,0.17031000000000002,0.0493328704932888,0.007893661310750862,97.0510704095,9.85988
108611,0.0,192.72,52.402824,-1.556549,False,-0.3034199999999999,0.07733955147416113,0.05893721800925859,0.01029304511686299,97.51609140299999,0.17447,0.04854040813815541,0.008308636738021518,97.0859465125,9.86993
108711,0.0,192.72,52.402824,-1.556549,False,-0.2974899999999999,0.07962353713989909,0.054083763223806446,0.010018211195395851,97.41960171800001,0.16558,0.05323308912485057,0.007169913992972543,97.16845228,9.86523
108810,0.0,192.72,52.402824,-1.556549,False,-0.2972099999999999,0.07966240504642073,0.053117559348255655,0.010230433899780445,97.390740489,0.15015,0.038110810656366734,0.010268728148010107,97.169568922,9.86378
108911,0.0,192.72,52.402824,-1.556549,False,-0.29099999999999987,0.07445601236824348,0.05302674901514779,0.00977306957352131,97.38773780300001,0.15477000000000002,0.039569911408612275,0.009940802560936076,97.1745007415,9.86385
109011,0.0,192.72,52.402824,-1.556549,False,-0.2662099999999999,0.07328330793724155,0.05247578912649806,0.009639530878396243,97.48678887700001,0.14845000000000003,0.044230689446191546,0.010178130149162513,97.22203738099999,9.86958
109111,0.0,192.72,52.402824,-1.556549,False,-0.2768099999999999,0.05912009340695217,0.048753548019080044,0.010789418684783473,97.43130955699999,0.15338,0.04160592372349672,0.010974029949534976,97.237212653,9.866579999999999
109211,0.0,192.72,52.402824,-1.556549,False,-0.2775699999999999,0.059869655641810474,0.0437601086734861,0.009017661682621582,97.523373633,0.14906,0.03888913587218722,0.010453819078848185,97.3162390025,9.871239999999998
109311,0.0,192.72,52.402824,-1.556549,False,-0.2781299999999999,0.06057893014720611,0.040830440713918795,0.009281498921091438,97.782732145,0.14323999999999998,0.04327306578252559,0.01056420055343945,97.469176793,9.884360000000001
109411,0.0,192.72,52.402824,-1.556549,False,-0.2685399999999999,0.07011552689036465,0.03697587802283553,0.01130677771171882,97.652652794,0.14604,0.043556838983319024,0.010796938866588366,97.4124693345,9.878
109511,0.0,192.72,52.402824,-1.556549,False,-0.2731799999999999,0.06940159780422997,0.038745523038922154,0.011059716693176755,97.61963977,0.1318,0.04167066647464425,0.009548129543409842,97.47429713400001,9.8762
109611,0.0,192.72,52.402824,-1.556549,False,-0.2593499999999999,0.06749673654664216,0.039176897954501265,0.011095424482391094,97.633009105,0.12238,0.03891454455308964,0.00954952587537216,97.574550254,9.87726
109711,0.0,192.72,52.402824,-1.556549,False,-0.25351999999999986,0.07141252302255427,0.04102481092113825,0.011239236826601872,97.675292326,0.13226,0.04505394790935437,0.011816955802760794,97.547447022,9.87952
109811,0.0,192.72,52.402824,-1.556549,False,-0.2530799999999999,0.07120341440004561,0.0409249991516142,0.010415885304027978,97.64105263,0.13153,0.045315046556756854,0.009528227070713003,97.51589655949999,9.8778
109910,0.0,192.72,52.402824,-1.556549,False,-0.2430099999999999,0.06752481765989778,0.035033120836706816,0.010404037677747969,97.901682127,0.11913,0.045536457921061764,0.009395956577164294,97.64470996499999,9.89128
110011,0.0,192.72,52.402824,-1.556549,False,-0.24909999999999993,0.06145979715772811,0.03814627402808915,0.011122829376257313,97.810828644,0.12566,0.045925959737107176,0.00997508563037384,97.6488087605,9.88656
110111,0.0,192.72,52.402824,-1.556549,False,-0.2427199999999999,0.06514520192106074,0.04490953375650105,0.011278514480590439,97.601503852,0.11863000000000001,0.04631464971015551,0.009098040081978695,97.5164067045,9.87608
110211,0.0,192.72,52.402824,-1.556549,False,-0.23101999999999992,0.05696242036058356,0.04478687927908683,0.011180543616280686,97.716565537,0.10851999999999999,0.0490761494459488,0.009402842359861295,97.61996958499999,9.882230000000002
110311,0.0,192.72,52.402824,-1.556549,False,-0.2135899999999999,0.041247880753673014,0.041128200652265204,0.010506088182044168,97.558374403,0.10763,0.04954392103081638,0.009537901003654464,97.670553274,9.8747
110411,0.0,192.72,52.402824,-1.556549,False,-0.21239999999999987,0.042883770563936476,0.04123292778032387,0.00822382041524628,97.58742793100001,0.10479000000000001,0.04677963588282833,0.008525184911644721,97.6200403625,9.87619
110511,0.0,192.72,52.402824,-1.556549,False,-0.20000999999999994,0.0373060153029025,0.042453819354466335,0.009168842166089777,97.784376804,0.10851999999999999,0.04541257290414665,0.008280338157343393,97.702008287,9.88643
110611,0.0,192.72,52.402824,-1.556549,False,-0.19804999999999992,0.03749409583154191,0.04246433928739491,0.011280346724379591,97.78440098799999,0.11071,0.04497835158281995,0.009404112575532609,97.7087050465,9.88647
110711,0.0,192.72,52.402824,-1.556549,False,-0.20429999999999993,0.040241134289325006,0.04673435685997188,0.010878934792626591,97.57401954299999,0.09587000000000001,0.03569491249148075,0.006757021039873346,97.6246559345,9.87567
110811,0.0,192.72,52.402824,-1.556549,False,-0.19709999999999991,0.03001581064858183,0.05454818868571894,0.010592450141492247,97.75477142,0.09542,0.035472831544358985,0.006530067210813043,97.697912025,9.88496
110911,0.0,192.72,52.402824,-1.556549,False,-0.17742999999999992,0.06121436015259491,0.05139750210103835,0.012723228975207303,97.639973364,0.10151000000000002,0.03442439219179408,0.009147895932943122,97.77082774549999,9.87941
111011,0.0,192.72,52.402824,-1.556549,False,-0.1847299999999999,0.07035331548692414,0.0560874565101849,0.012559971691404727,97.561973588,0.09205,0.030048636500717575,0.008798996154862793,97.686401116,9.87525
111111,0.0,192.72,52.402824,-1.556549,False,-0.1909799999999999,0.07273099293517164,0.05426073780064651,0.011862494584941945,97.84589644299999,0.08901,0.0323263033594254,0.009648955038411669,97.7237001475,9.88949
111211,0.0,192.72,52.402824,-1.556549,False,-0.19264999999999993,0.07357653989027256,0.05851486515791058,0.012037556968827893,97.660455772,0.09319000000000001,0.029486096535241604,0.01093557395739862,97.68851065449999,9.88005
111311,0.0,192.72,52.402824,-1.556549,False,-0.20193999999999993,0.07689066118704135,0.05958402470464638,0.011648080433177688,97.792969122,0.08935000000000001,0.033569041623976455,0.01100485246505991,97.6756717625,9.88654
111413,0.0,192.72,52.402824,-1.556549,False,-0.19962999999999992,0.07878130136299516,0.06488735624144372,0.011389415163992264,97.634582274,0.08887,0.03288380384858578,0.011483534105645031,97.6110051025,9.878530000000001
111510,0.0,192.72,52.402824,-1.556549,False,-0.2037299999999999,0.07757625710659975,0.061706693316075166,0.011525184982849001,97.479883135,0.09379,0.039440121985345314,0.012031758899769348,97.6321299695,9.87064
111611,0.0,192.72,52.402824,-1.556549,False,-0.21446999999999994,0.0821486193838291,0.061080574289701754,0.008612581236514108,97.411341638,0.09008000000000001,0.03922895189351065,0.011512992660466521,97.597871313,9.86691
111710,0.0,192.72,52.402824,-1.556549,False,-0.2048799999999999,0.08341329230605833,0.05919206497124189,0.008633712990365115,97.451512867,0.09938999999999999,0.040170897425831575,0.01134323586988984,97.512766205,9.869150000000001
111811,0.0,192.72,52.402824,-1.556549,False,-0.20612999999999992,0.08358536620992357,0.05179842232693768,0.010432193760981721,97.3518583,0.10602,0.04688074231490649,0.012994716875200572,97.55331486000001,9.86411
111911,0.0,192.72,52.402824,-1.556549,False,-0.23198999999999992,0.056533283215408514,0.05381416170492842,0.009758870608608083,97.420543291,0.10364999999999999,0.04649636186480978,0.013446722029301039,97.53025832750001,9.867180000000001
112011,0.0,192.72,52.402824,-1.556549,False,-0.21969999999999992,0.055459053964787376,0.050478241737336775,0.009275685060055267,97.474572322,0.11221999999999999,0.0460467105834087,0.013348058535480859,97.51827295500001,9.87022
112110,0.0,192.72,52.402824,-1.556549,False,-0.2143499999999999,0.05547780837618567,0.04689569513533778,0.009210597760792198,97.18118124700001,0.12052,0.04172406180287293,0.012747588007146957,97.513538845,9.85548
112211,0.0,192.72,52.402824,-1.556549,False,-0.21201999999999993,0.055071969074841895,0.047337037413798265,0.011317248389564945,97.36752922600002,0.12266999999999999,0.04069540105052765,0.011740641663325857,97.51399249900001,9.864980000000001
112311,0.0,192.72,52.402824,-1.556549,False,-0.1962899999999999,0.059614883488403825,0.042592383252353885,0.01198518066428516,97.25112936500001,0.12932,0.030078888868310255,0.011782760476407902,97.5220492435,9.859399999999999
112411,0.0,192.72,52.402824,-1.556549,False,-0.20663999999999993,0.05607307137419814,0.04208420263133651,0.011817331904170782,97.26218828500001,0.13117,0.030647894616776576,0.01179634595023958,97.4483852795,9.859770000000001
112511,0.0,192.72,52.402824,-1.556549,False,-0.20781999999999995,0.05607704620532088,0.052362549169800314,0.012647968655523714,97.46163641300001,0.12568,0.029958445294124607,0.011833079809488913,97.470759774,9.869810000000001
112611,0.0,192.72,52.402824,-1.556549,False,-0.1852399999999999,0.06284094914060072,0.052373064536009976,0.01302358544248768,97.500077097,0.12535000000000002,0.030585444976999398,0.011013708629600414,97.4557093675,9.87217
112711,0.0,192.72,52.402824,-1.556549,False,-0.19691999999999993,0.06669220844048647,0.06242514539656308,0.013900583520925347,97.362342473,0.12282,0.029825559508525903,0.009934451838591329,97.40692767,9.864889999999999
112811,0.0,192.72,52.402824,-1.556549,False,-0.19008999999999993,0.06732134299183937,0.06507315199923362,0.013102166911537073,97.40921228300002,0.11347,0.025869203054274998,0.00869296650555054,97.38053529150001,9.86738
112910,0.0,192.72,52.402824,-1.556549,False,-0.16490999999999992,0.07554621028808561,0.06797151691050703,0.012345043989841039,97.46049645900001,0.10429,0.04231793551986362,0.007287348245034062,97.440519875,9.87036
113011,0.0,192.72,52.402824,-1.556549,False,-0.1717499999999999,0.07895703824797143,0.07038869543079126,0.013108589211319058,97.405545423,0.10018,0.03943387714470067,0.007949430447799432,97.4400588725,9.86742
113111,0.0,192.72,52.402824,-1.556549,False,-0.17120999999999992,0.07883596824350943,0.06639226946300747,0.013138953958025366,97.579582716,0.09647,0.037237587044350456,0.007956520735986208,97.38038198150001,9.87627
113213,0.0,192.72,52.402824,-1.556549,False,-0.1579499999999999,0.08261041432869315,0.06910944701465042,0.011460778526978159,97.64326804800001,0.08710999999999999,0.04342384009833309,0.007475708810686703,97.50539863700001,9.87967
113311,0.0,192.72,52.402824,-1.556549,False,-0.17433999999999988,0.08823949984749492,0.08140584267868266,0.01086249408643231,97.40559411699999,0.08432,0.04279571110386656,0.005542251848798699,97.32836174100001,9.86723
113411,0.0,192.72,52.402824,-1.556549,False,-0.1587699999999999,0.08998767878624342,0.08023324608777756,0.011002807722475971,97.622261525,0.08087,0.03824985257774139,0.005544176123541344,97.44222490500002,9.87846
113510,0.0,192.72,52.402824,-1.556549,False,-0.1519899999999999,0.0879538572207201,0.08015592374313463,0.01018733418406292,97.61843472000001,0.07275,0.04120448330511126,0.005352559097183858,97.5400355665,9.87839
113611,0.0,192.72,52.402824,-1.556549,False,-0.1658299999999999,0.08399925991739109,0.08624363422565541,0.010940043672470177,97.414020885,0.07305,0.04121014573024292,0.005254511289249018,97.45704899100001,9.867799999999999
113711,0.0,192.72,52.402824,-1.556549,False,-0.1534099999999999,0.07588957548088854,0.07887239765035141,0.009224869767222813,97.730144877,0.07826999999999999,0.05010728600820289,0.004992716917889363,97.546243675,9.884120000000001
113811,0.0,192.72,52.402824,-1.556549,False,-0.14931999999999993,0.07696079521420521,0.07807250191686958,0.009190115462942862,97.70680191400001,0.07087,0.054744884083630006,0.005210843395156431,97.5580070985,9.883
113911,0.0,192.72,52.402824,-1.556549,False,-0.17060999999999993,0.06956169843305744,0.08474678689421242,0.009776934307053703,97.340987192,0.0744,0.05126822711102711,0.005276794060365832,97.4007418255,9.86413
114011,0.0,192.72,52.402824,-1.556549,False,-0.1550699999999999,0.07038587374058113,0.08200258058272533,0.009350228755371543,97.457576936,0.07422,0.05114210702647923,0.005228819709601078,97.4315611795,9.87031
114111,0.0,192.72,52.402824,-1.556549,False,-0.1412699999999999,0.07713571085361018,0.0846437396779631,0.00884358524581513,97.552125303,0.06575,0.05332844248404921,0.0055741865375598,97.5658540095,9.875240000000002
114211,0.0,192.72,52.402824,-1.556549,False,-0.15255999999999992,0.07501432752038872,0.08383684949553814,0.009507517493483142,97.273591304,0.07268,0.051332463196056805,0.007338702579851058,97.45842967600001,9.86098
114311,0.0,192.72,52.402824,-1.556549,False,-0.13914999999999994,0.06157611820613741,0.07851281282556316,0.008540647906726153,97.701616695,0.07221,0.05127439148560392,0.007503636155592323,97.553605406,9.88298
114411,0.0,192.72,52.402824,-1.556549,False,-0.1417699999999999,0.05928010814957311,0.0773691325185362,0.010613937378120613,97.630007671,0.06718,0.04921036024611401,0.007927729112983457,97.626134598,9.87934
114510,0.0,192.72,52.402824,-1.556549,False,-0.14611999999999992,0.06115073907069098,0.0798476465944416,0.010650346890542494,97.24808261799998,0.07076000000000002,0.04690349904025259,0.008019289245310743,97.43325866900001,9.8599
114611,0.0,192.72,52.402824,-1.556549,False,-0.13436999999999993,0.05963643647602069,0.07436455921116476,0.011432609306521182,97.431092202,0.07402,0.04834930310881281,0.008701398355051349,97.42255654350001,9.86939
114711,0.0,192.72,52.402824,-1.556549,False,-0.12275999999999991,0.06814008772784566,0.0729722199805725,0.012597548262349358,97.388834602,0.060140000000000006,0.035330289176995336,0.010553467044844743,97.5594897395,9.86736
114810,0.0,192.72,52.402824,-1.556549,False,-0.1261899999999999,0.06845119023397164,0.06978618456084094,0.013334249968491713,97.241363245,0.06342,0.03123732809738116,0.010591007716190265,97.4740825795,9.859860000000001
114910,0.0,192.72,52.402824,-1.556549,False,-0.11812999999999989,0.05686869965106436,0.058891931158348995,0.013418763811254049,97.470842533,0.07168000000000001,0.035898926012983175,0.010600838541253947,97.4059148625,9.87172
115011,0.0,192.72,52.402824,-1.556549,False,-0.10820999999999992,0.07084481397159342,0.06791001317105631,0.01488353303337466,97.69821699,0.07077000000000001,0.0350459396918622,0.011002747131712206,97.577896963,9.88321
115111,0.0,192.72,52.402824,-1.556549,False,-0.11052999999999993,0.06896153597801782,0.06561583819647805,0.015930616923256764,97.53086196699999,0.06999,0.03647058022871281,0.010684027538545604,97.541493635,9.87474
115212,0.0,192.72,52.402824,-1.556549,False,-0.10141999999999991,0.0629814752306205,0.06897754948776832,0.015896806108286143,97.481037757,0.07262,0.0389611715543262,0.009978916663532893,97.3773145305,9.872330000000002
115310,0.0,192.72,52.402824,-1.556549,False,-0.0845199999999999,0.07320417110158262,0.06374005891992358,0.01618162194864557,97.39344183200001,0.07515000000000001,0.03999825690642402,0.010249167987910115,97.5475292635,9.86802
115411,0.0,192.72,52.402824,-1.556549,False,-0.08023999999999991,0.07306631995053703,0.06441635489362914,0.0144367740317719,97.424574133,0.07135,0.04296528960809949,0.009802017932829591,97.527290902,9.86963
115511,0.0,192.72,52.402824,-1.556549,False,-0.0726799999999999,0.06389878802539432,0.06347768199229821,0.013695128898829486,97.432444629,0.07846,0.04643713073724349,0.009578007215604919,97.34026362350001,9.870149999999999
115610,0.0,192.72,52.402824,-1.556549,False,-0.07104999999999992,0.06365783970226079,0.06441346391351369,0.013082490418706775,97.496654404,0.08308000000000001,0.05167251149732482,0.009168157454530791,97.46387330299999,9.87341
115711,0.0,192.72,52.402824,-1.556549,False,-0.06390999999999991,0.07237976159736983,0.06741651297884202,0.013409370687031564,97.571574675,0.08120000000000001,0.05398717954803975,0.007162743112023892,97.4802046385,9.87718
115810,0.0,192.72,52.402824,-1.556549,False,-0.056309999999999916,0.06640598115634293,0.07333549693780855,0.012102323009332606,97.43519678300001,0.08748,0.05239460956155528,0.007440736224024625,97.33828001399999,9.87032
115910,0.0,192.72,52.402824,-1.556549,False,-0.053089999999999915,0.061243184654865224,0.07338671087695346,0.01200291168379107,97.41333419899999,0.08878,0.05360117743313974,0.0075756994543196236,97.442088366,9.86926
116011,0.0,192.72,52.402824,-1.556549,False,-0.05735999999999991,0.05713304550688789,0.06944684618072092,0.010537530809233954,97.36233740399999,0.08159,0.05714106229321192,0.006287412469013965,97.530277197,9.8667
116111,0.0,192.72,52.402824,-1.556549,False,-0.05333999999999992,0.05756530976979226,0.06930911516134586,0.008835660070922154,97.379088627,0.08993999999999999,0.0509043809509231,0.006424467120138045,97.454975297,9.867569999999999
116211,0.0,192.72,52.402824,-1.556549,False,-0.0641499999999999,0.07475820653578875,0.07004917399785693,0.010042028347566664,97.372631716,0.08510999999999999,0.050382480420579225,0.007950688300040564,97.42683473650001,9.86707
116310,0.0,192.72,52.402824,-1.556549,False,-0.0768099999999999,0.06769179254371187,0.06763537946637004,0.009831361384196281,97.2883729,0.0792,0.0517462397989464,0.008543327480812265,97.340907366,9.862770000000001
116411,0.0,192.72,52.402824,-1.556549,False,-0.07164999999999991,0.07075056733186631,0.0708202576166817,0.009569517577530533,97.360001719,0.07962,0.05127322888210503,0.008526227510189548,97.39228792600001,9.8664
116511,0.0,192.72,52.402824,-1.556549,False,-0.07722999999999991,0.07638525235790561,0.06672283383939691,0.009191880474998892,97.4204762,0.06827,0.05141936621759337,0.008654485028646608,97.4264604145,9.86941
116610,0.0,192.72,52.402824,-1.556549,False,-0.09103999999999991,0.08710627225791351,0.07217459078900233,0.010067886239590344,97.15975281,0.057440000000000005,0.04190479155839274,0.00931253038771843,97.328203607,9.85596
116710,0.0,192.72,52.402824,-1.556549,False,-0.11265999999999991,0.07630117517664013,0.06899253502295238,0.010137477222881624,97.10756910699999,0.05858,0.04073654651807154,0.010810098159692116,97.339571891,9.853190000000001
116811,0.0,192.72,52.402824,-1.556549,False,-0.10751999999999991,0.08099154688404019,0.06469776228316391,0.010403231335610177,97.267652488,0.04883,0.04043090264742675,0.010914516327653888,97.3514246355,9.86136
116911,0.0,192.72,52.402824,-1.556549,False,-0.1170399999999999,0.08919820875133881,0.06521676761218813,0.00992552825350421,97.22003286700001,0.03755,0.025481115011299297,0.01078805924261538,97.316683533,9.85877
117011,0.0,192.72,52.402824,-1.556549,False,-0.1408299999999999,0.09362677739005712,0.055971933442912444,0.01023686692520928,97.009312965,0.04227,0.02715306612515109,0.010888444435371797,97.1858251845,9.84778
117112,0.0,192.72,52.402824,-1.556549,False,-0.13940999999999992,0.09558668491655209,0.05907130248929846,0.011950736843856545,97.100781566,0.0317,0.02655610413188505,0.011132979036276818,97.2399350965,9.85241
117211,0.0,192.72,52.402824,-1.556549,False,-0.1369299999999999,0.0939311810730636,0.05210037427892699,0.01105201841796829,97.30533822599999,0.02696,0.02333200948618731,0.010520926237211516,97.338984971,9.86287
117311,0.0,192.72,52.402824,-1.556549,False,-0.14761999999999992,0.09508429944003813,0.054894286284375975,0.011123673453994877,97.162338224,0.02358,0.023359356916499915,0.010026858375824682,97.225355562,9.855439999999998
117411,0.0,192.72,52.402824,-1.556549,False,-0.14317999999999992,0.10286501186831956,0.05309187006191282,0.010989065272149165,97.139788964,0.02139,0.023786198145544505,0.010347216480234931,97.24989534150001,9.854299999999999
117511,0.0,192.72,52.402824,-1.556549,False,-0.13659999999999992,0.10311985475381223,0.05572207322460838,0.011419457079914057,97.42127717100001,0.014480000000000002,0.0334188170546211,0.010235282116285637,97.4208766855,9.868649999999999
117611,0.0,192.72,52.402824,-1.556549,False,-0.1366999999999999,0.10319972006854043,0.05023664443858248,0.01246962977263824,97.48179403,0.01395,0.03290856862408013,0.010479615132880113,97.32077342,9.871739999999999
117710,0.0,192.72,52.402824,-1.556549,False,-0.13085999999999992,0.10255510388730657,0.05312438653244403,0.012415044636783739,97.53014066200001,0.02091,0.041804025590275865,0.008960908932069654,97.3188548845,9.87426
117811,0.0,192.72,52.402824,-1.556549,False,-0.13351999999999992,0.0996585035676145,0.059202684811525526,0.012535997057363307,97.71210925300001,0.024170000000000004,0.04179189315322062,0.008698307625941539,97.4898808705,9.88343
117911,0.0,192.72,52.402824,-1.556549,False,-0.1259399999999999,0.094605980548581,0.057759947676218344,0.013249071246275645,97.747261066,0.022910000000000003,0.04191699337178434,0.010051843390916564,97.4836469665,9.88536
118011,0.0,192.72,52.402824,-1.556549,False,-0.11346999999999992,0.08186374926942591,0.05801316421491027,0.013493706351892731,97.73614942399999,0.01962,0.038821437376749555,0.00980669272599993,97.3727311945,9.88505
118111,0.0,192.72,52.402824,-1.556549,False,-0.12360999999999991,0.07431203656057826,0.05745770328398635,0.012512256213631286,97.690782368,0.03386,0.04954968774424724,0.009581399804943937,97.395781967,9.88269
118211,0.0,192.72,52.402824,-1.556549,False,-0.09884999999999991,0.0916601967413867,0.05778738905104868,0.012819499036840508,97.742064484,0.033060000000000006,0.04984587801967589,0.009038805230778971,97.52370135499999,9.885430000000001
118311,0.0,192.72,52.402824,-1.556549,False,-0.09962999999999991,0.09269032132142878,0.0569153757784655,0.013659282558026217,97.753569907,0.03558,0.049080541516495116,0.008641604789232746,97.4579540655,9.886
118411,0.0,192.72,52.402824,-1.556549,False,-0.1080499999999999,0.08258738469714441,0.05886468947230325,0.013699051062026131,97.53754446,0.04365,0.05054490302907946,0.008971659081052043,97.33866671199999,9.87505
118510,0.0,192.72,52.402824,-1.556549,False,-0.09525999999999991,0.09267513390574364,0.0594360618181292,0.014521478345310875,97.545286401,0.055200000000000006,0.03769565256391002,0.010125704365072362,97.48328178599999,9.875490000000001
118611,0.0,192.72,52.402824,-1.556549,False,-0.09361999999999991,0.0905133974122847,0.0559775113575246,0.013113695131426507,97.602139942,0.05556,0.03755447006974024,0.009640014983849643,97.541966986,9.87842
118710,0.0,192.72,52.402824,-1.556549,False,-0.08255999999999991,0.09431518317737024,0.06099392410545394,0.013652040954458843,97.26754968499999,0.04945,0.035290736902307954,0.009582971007641118,97.3988451735,9.861509999999999
118811,0.0,192.72,52.402824,-1.556549,False,-0.08689999999999991,0.09346104357789813,0.05108296628474709,0.01437253940293392,97.096414725,0.06021000000000001,0.046326748932592365,0.011400604272482007,97.40426198899999,9.85285
118911,0.0,192.72,52.402824,-1.556549,False,-0.08647999999999992,0.09315440945013342,0.05252115869928269,0.013977477915879107,97.168560765,0.058670000000000014,0.04826733540049059,0.010620399657679835,97.4579109155,9.85651
119011,0.0,192.72,52.402824,-1.556549,False,-0.0778399999999999,0.09179028271011667,0.05282773261590422,0.013168822608300568,97.15176461600001,0.06478,0.04935566611620744,0.010589517878017202,97.44395702,9.85574
119111,0.0,192.72,52.402824,-1.556549,False,-0.06380999999999991,0.09579175851816901,0.05922742326550063,0.012704859087941268,97.266839062,0.05747,0.044102079819904556,0.010619709140187372,97.478810715,9.86161
119211,0.0,192.72,52.402824,-1.556549,False,-0.09593999999999991,0.10153588528201775,0.05799422959804545,0.012911063300733796,97.125191038,0.05549,0.0466937409557345,0.010747718104062892,97.433627761,9.854119999999998
119310,0.0,192.72,52.402824,-1.556549,False,-0.08941999999999992,0.09509425499648456,0.056258368266455104,0.0130428524487552,97.262642954,0.053610000000000005,0.04804098828659079,0.012155126947550467,97.50810643049999,9.86122
119411,0.0,192.72,52.402824,-1.556549,False,-0.0860199999999999,0.09719328737682568,0.05787832447858569,0.013073484615816837,97.49030624999999,0.05234000000000001,0.0471882094501149,0.011825682972992918,97.513925355,9.87276
119510,0.0,192.72,52.402824,-1.556549,False,-0.11067999999999992,0.09732006530574316,0.051742835252854606,0.01470064624429822,97.337265471,0.050980000000000004,0.0470426000792795,0.010885408173838429,97.441275936,9.86479
119611,0.0,192.72,52.402824,-1.556549,False,-0.1088899999999999,0.0957508624852522,0.05294504488412331,0.014927022476033164,97.309290857,0.04762,0.048772597041976715,0.01069822934466582,97.45571539950001,9.8634
119711,0.0,192.72,52.402824,-1.556549,False,-0.12068999999999992,0.08840488234382296,0.04160512922443306,0.014536024215720032,97.534240398,0.055600000000000004,0.052686009106330575,0.010688337361606499,97.4008950415,9.87477
119811,0.0,192.72,52.402824,-1.556549,False,-0.11847999999999992,0.08953194091745924,0.044525629323689954,0.013941066434578545,97.640400183,0.03504,0.05346933077316546,0.009335975816399786,97.36840745399999,9.88015
119911,0.0,192.72,52.402824,-1.556549,False,-0.1211599999999999,0.0908355314718901,0.05436395967104617,0.013647482470323127,97.421334487,0.03559,0.0530739620194431,0.008650401403657604,97.294947626,9.868970000000001
120011,0.0,192.72,52.402824,-1.556549,True,-0.1286299999999999,0.08753688809742269,0.0570777491186232,0.013916037909948019,97.36729001799999,0.02873,0.048000232638292444,0.0094299817367539,97.259527317,9.866150000000001
120111,0.0,192.72,52.402824,-1.556549,True,-0.13480999999999993,0.07717999812849188,0.05712269056847598,0.013856891586659821,97.36797930700001,0.02753,0.047422593068390924,0.009628805164133569,97.3174091845,9.86618
120210,0.0,192.72,52.402824,-1.556549,True,-0.1183699999999999,0.06494151300296354,0.055876272046208014,0.013610600443935006,97.40988301899999,0.03638,0.04852838344718318,0.009648770791024844,97.26753702850002,9.8686
120311,0.0,192.72,52.402824,-1.556549,True,-0.11669999999999991,0.06432094872160564,0.06202297513380476,0.012774927701469667,97.21378434300001,0.03744,0.04811378180934066,0.007912304061113444,97.2382136485,9.85865
120411,0.0,192.72,52.402824,-1.556549,True,-0.12099999999999991,0.05807118237323209,0.06226133185572366,0.013174284715982762,97.217693831,0.03798,0.04861485369716583,0.008941936156234797,97.3540000405,9.858830000000001
120511,0.0,192.72,52.402824,-1.556549,True,-0.10010999999999992,0.055162456032691334,0.06597261132052085,0.011791527089868825,97.33273247800001,0.04163,0.0508847510447454,0.010991759539661292,97.3349989745,9.864889999999999
120612,0.0,192.72,52.402824,-1.556549,True,-0.0901599999999999,0.048299049910172295,0.06533007134716974,0.011629636470863727,97.34689530800001,0.04424,0.04975605379132987,0.01053945497220175,97.3280930825,9.865739999999999
120711,0.0,192.72,52.402824,-1.556549,True,-0.08102999999999991,0.05016284703069946,0.06589705776608173,0.009764447984624823,97.240226881,0.03975,0.04452206069900317,0.010603275175359797,97.38723363950001,9.8604
120811,0.0,192.72,52.402824,-1.556549,True,-0.06639999999999992,0.0713446097006391,0.06542784320662534,0.009841663138582457,97.231653932,0.050449999999999995,0.027783538291528066,0.010528696236685781,97.43602705750001,9.85996
120911,0.0,192.72,52.402824,-1.556549,True,-0.05080999999999991,0.06195022105603942,0.059887750556108565,0.01076820938379881,97.468411771,0.05172,0.025609234445521635,0.010981722188353648,97.444873129,9.872139999999998
121011,0.0,192.72,52.402824,-1.556549,True,-0.042629999999999904,0.05590728535315279,0.06159004609335654,0.010530358229635104,97.44192151900002,0.056400000000000006,0.02577923367529919,0.010258551987919445,97.4046057685,9.870859999999999
121111,0.0,192.72,52.402824,-1.556549,True,-0.038119999999999904,0.058063926456612215,0.05715952336326072,0.010559692756473098,97.351303592,0.05908,0.025600729156219696,0.009953564409014586,97.3596414495,9.8663
121213,0.0,192.72,52.402824,-1.556549,True,-0.020109999999999913,0.06677292282224596,0.060088486602894245,0.009109360265377784,97.49919822500001,0.05473,0.02503855027745806,0.009454716635977219,97.454540622,9.87378
121312,0.0,192.72,52.402824,-1.556549,True,-0.01287999999999991,0.05659445987808624,0.06306883452936878,0.009299277152314295,97.465579181,0.059910000000000005,0.02356543844034459,0.00901226941452362,97.33968176200001,9.87213
121411,0.0,192.72,52.402824,-1.556549,True,-0.010929999999999912,0.055095110692561955,0.06010642413441563,0.008975033271371275,97.39339514299999,0.06197999999999999,0.026349058595814486,0.008461441957489138,97.305544487,9.868500000000001
121511,0.0,192.72,52.402824,-1.556549,True,-0.0052399999999999105,0.05771073845773238,0.07047508622046354,0.009806233844969304,97.529045088,0.05141,0.03535063884378146,0.005998481289271043,97.430888783,9.8753
121611,0.0,192.72,52.402824,-1.556549,True,0.0007400000000000892,0.05222909363779641,0.07871278026967293,0.009662849821179355,97.39492928,0.05514,0.03555812768469733,0.005849415925254721,97.37091229400001,9.868480000000002
121711,0.0,192.72,52.402824,-1.556549,True,-0.0015299999999999112,0.05421266867115027,0.07754926462867617,0.01052286399544658,97.477870335,0.056799999999999996,0.03664784365336158,0.006035865030517457,97.359048608,9.87268
121813,0.0,192.72,52.402824,-1.556549,True,-0.006729999999999912,0.04778563359191995,0.08018337317260563,0.01042605710068125,97.537337339,0.05073,0.04282828893768859,0.00599908326329589,97.3844956355,9.8757
121911,0.0,192.72,52.402824,-1.556549,True,-0.0048899999999999135,0.04770898936961593,0.08393418651938382,0.008925749268268697,97.316970438,0.05434,0.041089879802927366,0.004997955137404974,97.39269110450002,9.864510000000001
122011,0.0,192.72,52.402824,-1.556549,True,-0.005219999999999914,0.04802760317432179,0.08577851647640528,0.010402008353091095,97.28256295499999,0.0548,0.04141239749958292,0.007360585725482704,97.362242237,9.86275
122112,0.0,192.72,52.402824,-1.556549,True,-0.007419999999999913,0.0479246816485468,0.08790604580398835,0.010507166866265837,97.34861144599999,0.053110000000000004,0.04108485663162577,0.007776574510095606,97.34995751900001,9.86608
122211,0.0,192.72,52.402824,-1.556549,True,-0.01649999999999991,0.03455224707281984,0.0857177415837949,0.01024269929700604,97.27232905299999,0.04642,0.04856619308848417,0.008593026888766753,97.38576363899999,9.862269999999999
122311,0.0,192.72,52.402824,-1.556549,True,-0.01330999999999991,0.03158932484950996,0.07883980664052317,0.009442716181739664,97.442915557,0.05053,0.052980123107079044,0.01048936498448474,97.454247369,9.87098
122410,0.0,192.72,52.402824,-1.556549,True,-0.015419999999999911,0.034224318839144396,0.08155750595611494,0.012232561283539717,97.528235987,0.039760000000000004,0.052411262572478426,0.011609785144914071,97.460815565,9.87527
122514,0.0,192.72,52.402824,-1.556549,True,-0.021889999999999913,0.02720108045245931,0.0698623122052996,0.012097956668609574,97.23973109699999,0.04883,0.04867365360800816,0.012097456114588744,97.3843880925,9.860740000000002
122611,0.0,192.72,52.402824,-1.556549,True,-0.03527999999999991,0.04907284381410281,0.06517919657889898,0.011836577020218087,97.303955991,0.05528999999999999,0.05606659631383928,0.012394985545236548,97.3494426355,9.86391
122711,0.0,192.72,52.402824,-1.556549,True,-0.04293999999999991,0.05750432254286982,0.07270884173654978,0.012108325877492512,97.490248467,0.04657,0.0575891203073514,0.013221279144703776,97.484059401,9.87323
122812,0.0,192.72,52.402824,-1.556549,True,-0.03886999999999992,0.06404175807846854,0.06754310228787773,0.013192927398168025,97.350815745,0.04702,0.05708731713589799,0.013596768406907142,97.44407654199999,9.86618
122911,0.0,192.72,52.402824,-1.556549,True,-0.05457999999999992,0.07180901831326171,0.07329493615981086,0.014496666283436769,97.277613327,0.04897,0.057622045356859046,0.013746288387939546,97.29729188249999,9.862309999999999
123011,0.0,192.72,52.402824,-1.556549,True,-0.05202999999999991,0.07250618441058,0.0678566012510006,0.013443796586778077,97.55189668199999,0.04229000000000001,0.05712138050772178,0.012241350688001034,97.4172298185,9.876249999999999
123110,0.0,192.72,52.402824,-1.556549,True,-0.046859999999999916,0.07711305120840405,0.07431978650851073,0.013188564069762161,97.65695623799999,0.0352,0.06001264681527239,0.011664971305387415,97.502783842,9.881519999999998
123210,0.0,192.72,52.402824,-1.556549,True,-0.052019999999999914,0.07554012620236958,0.0749284221403896,0.01415886059445931,97.57632045799998,0.0462,0.05698309690890931,0.011824813834567476,97.42432475550001,9.877419999999999
123311,0.0,192.72,52.402824,-1.556549,True,-0.054779999999999905,0.07501051481850113,0.07557589930367653,0.014161622631448517,97.71674325299999,0.0315,0.05531039685264294,0.010642242871373024,97.57982940499998,9.88451
123410,0.0,192.72,52.402824,-1.556549,True,-0.06652999999999991,0.08481222461678291,0.07571898631712445,0.011871745167974781,97.471259435,0.032839999999999994,0.054451205475862775,0.009150810528761391,97.499747711,9.871939999999999
123511,0.0,192.72,52.402824,-1.556549,True,-0.07878999999999992,0.08634668429587804,0.08596482743284996,0.01142990230346112,97.264017783,0.03469,0.05617497366856092,0.00775617316865602,97.25187444,9.861259999999998
123611,0.0,192.72,52.402824,-1.556549,True,-0.06254999999999991,0.08640308957955206,0.08210583684762277,0.0127873896215503,97.43715191099999,0.027649999999999997,0.045059103162120764,0.008470182996840004,97.370553951,9.87018
123711,0.0,192.72,52.402824,-1.556549,True,-0.05650999999999991,0.08320033987646198,0.07504511605993146,0.01320841903231921,97.209443602,0.03577,0.046495879148314004,0.007871636847989371,97.3498460345,9.858749999999999
123810,0.0,192.72,52.402824,-1.556549,True,-0.07710999999999991,0.0741495103752684,0.0791498361057041,0.014309421915491718,96.999439554,0.034910000000000004,0.047474916183849254,0.008895348347433002,97.17512764950001,9.84799
123910,0.0,192.72,52.402824,-1.556549,True,-0.06414999999999992,0.07014366606395828,0.07296999078771792,0.013080706742714176,97.303545917,0.03246,0.04596196978659115,0.00887157758737674,97.290579622,9.863579999999999
124010,0.0,192.72,52.402824,-1.556549,True,-0.06915999999999992,0.06863506068736835,0.07076918978076824,0.013920684050880679,97.192511294,0.03896999999999999,0.04795444713472187,0.009083831790602254,97.372203988,9.857940000000001
124110,0.0,192.72,52.402824,-1.556549,True,-0.08571999999999991,0.05973691953523103,0.060696443241978267,0.013952542579918677,96.761558102,0.045259999999999995,0.043544924439494245,0.008988634799318067,97.20925716999999,9.83604
124211,0.0,192.72,52.402824,-1.556549,True,-0.0770599999999999,0.07016492000995332,0.06104361737501099,0.01405805818738844,96.68371650699999,0.04427,0.04274217407246929,0.009401235143436151,97.13001848249999,9.832089999999999
124311,0.0,192.72,52.402824,-1.556549,True,-0.06976999999999992,0.07632096042374716,0.07741751452714017,0.014363982734603906,96.84385959699999,0.04492,0.04153827685931693,0.010871210706364738,97.28030142499999,9.84014
124411,0.0,192.72,52.402824,-1.556549,True,-0.0861599999999999,0.11182208289164235,0.08229130438741564,0.014101099247930961,96.726624343,0.054720000000000005,0.04317835877686253,0.012289584569416754,97.09894188899999,9.83371
124511,0.0,192.72,52.402824,-1.556549,True,-0.0922399999999999,0.11683287398864897,0.10009313218755718,0.016891447540101447,96.52349645199999,0.03693,0.0604830196556315,0.012313538168299956,96.89375711749999,9.82312
124611,0.0,192.72,52.402824,-1.556549,True,-0.11765999999999992,0.11954526060591575,0.10220901025732726,0.02208358867776902,96.585990812,0.060129999999999996,0.10313714763468594,0.01201725148831008,97.01157136149999,9.82598
124711,0.0,192.72,52.402824,-1.556549,True,-0.13856999999999992,0.12821644070348215,0.11038028255889853,0.026218884203735443,96.80503926999998,0.06352,0.1043976351370997,0.012646475134727874,97.007241436,9.836670000000002
124811,0.0,192.72,52.402824,-1.556549,True,-0.16354999999999992,0.15062096836467986,0.10846306334930543,0.02600226699518501,97.01230132599999,0.08353,0.10638592273206204,0.011821360139827954,97.00587044,9.84655
124911,0.0,192.72,52.402824,-1.556549,True,-0.19624999999999992,0.15289541995902653,0.11893510321928474,0.025772690110959597,97.22662213,0.08614999999999999,0.10571779257373558,0.012042060547189612,97.2650840235,9.856689999999999
125011,0.0,192.72,52.402824,-1.556549,True,-0.2375899999999999,0.17069039841512346,0.12430242868818818,0.025175801874021787,97.023358303,0.0905,0.10638433468637837,0.010772475213347251,97.1079347985,9.845139999999999
125110,0.0,192.72,52.402824,-1.556549,True,-0.2829299999999999,0.19690473189958316,0.12234520378377295,0.025367479181030165,97.342099315,0.10247999999999999,0.10739428704025908,0.009384674267712775,97.05182870849998,9.8597
125211,0.0,192.72,52.402824,-1.556549,True,-0.3162199999999999,0.16289168043690164,0.12371948377951932,0.025207893384590625,97.302437406,0.10457999999999998,0.10692112149719947,0.009496900079029494,96.99307695649999,9.857220000000002
125311,0.0,192.72,52.402824,-1.556549,True,-0.39417999999999986,0.17113820795551182,0.11470806471698214,0.025414685168662257,97.17530476099999,0.11747999999999999,0.09724264953653579,0.009518409064075278,97.00958217899999,9.84793
125410,0.0,192.72,52.402824,-1.556549,True,-0.42612999999999995,0.1894302806370298,0.11094715709143156,0.025487112211643122,97.307554872,0.12189999999999998,0.09762622598460223,0.010081357933221919,97.01708960749998,9.85305
125512,0.0,192.72,52.402824,-1.556549,True,-0.4584,0.1743469401955683,0.0813983271736604,0.023066040453927527,97.843821753,0.15702,0.07378667148533956,0.011685052179789514,97.1836591025,9.879290000000001
125611,0.0,192.72,52.402824,-1.556549,True,-0.5075199999999999,0.17622756626337552,0.08268367835716078,0.017915034034141367,97.724767494,0.15596,0.07154821528946509,0.01182396812504928,97.15537915299998,9.87082
125711,0.0,192.72,52.402824,-1.556549,True,-0.5634599999999998,0.1841982217310741,0.07733542310397383,0.008450174225685742,97.539682005,0.16433999999999999,0.07092736817020684,0.0091620048752057,97.17236063749999,9.85831
125811,0.0,192.72,52.402824,-1.556549,True,-0.58654,0.17401823148420353,0.07820722899240674,0.008245948500122093,97.45484996799999,0.14844,0.08306305770649254,0.009224628869376672,97.23357564699998,9.85282
125911,0.0,192.72,52.402824,-1.556549,True,-0.71244,0.3513163316569404,0.06359600004895344,0.007751874325319953,97.547694913,0.19558,0.14588132772145385,0.011046573123722026,97.3871585215,9.84507
126011,0.0,192.72,52.402824,-1.556549,True,-0.72618,0.34410206754521144,0.057601841212892774,0.007655709561424598,97.63752340900001,0.20029,0.14408790873782876,0.010810098159692291,97.330440856,9.84889
126111,0.0,192.72,52.402824,-1.556549,True,-0.8383900000000001,0.45663399262672305,0.05486831609513416,0.0068835472121734805,97.681285262,0.23933,0.18137684557602007,0.014078466614734124,97.5116922885,9.83809
126210,0.0,192.72,52.402824,-1.556549,True,-0.91999,0.42140354755138026,0.08385600687424624,0.007118746768607144,97.50602317399999,0.26375000000000004,0.1757330251008824,0.014268130765994435,97.40423029,9.823110000000002
126311,0.0,192.72,52.402824,-1.556549,True,-0.9968299999999999,0.45766724217006705,0.07984101215683115,0.013045940194388235,97.387726974,0.28786,0.16815251807014228,0.01662548579072924,97.2815158675,9.808150000000001
126411,0.0,192.72,52.402824,-1.556549,True,-1.06437,0.45270479233160205,0.0874401312645446,0.013287960298288366,97.31698197,0.29114,0.16544979231710735,0.013628911263273567,97.312268421,9.79759
126511,0.0,192.72,52.402824,-1.556549,True,-1.2228400000000001,0.5165911562025283,0.08583189578087264,0.02049824924773384,97.709445613,0.34057000000000004,0.22064203311647995,0.014090110795241651,97.776633683,9.79629
126611,0.0,192.72,52.402824,-1.556549,True,-1.3212499999999998,0.506891547133658,0.1168319158259433,0.033509136399230297,98.39629749000001,0.37971,0.24401424571345637,0.013120907827669025,98.06053249200001,9.81871
126711,0.0,192.72,52.402824,-1.556549,True,-1.4260199999999998,0.5042470399846992,0.13558898021432217,0.04717430562404824,99.084051426,0.39388,0.23623495272479217,0.012467758419217344,98.31186671549999,9.83896
126810,0.0,192.72,52.402824,-1.556549,True,-1.49885,0.4204093435107125,0.18122068192002974,0.055154574707009664,98.539868669,0.41622000000000003,0.205998111102441,0.01031691706750341,97.9973593185,9.8033
126911,0.0,192.72,52.402824,-1.556549,True,-1.5861899999999998,0.5243744091772565,0.17858140409598763,0.056533592766700315,98.419644516,0.38358000000000003,0.20916040521835635,0.011202921246014819,97.9836697145,9.77893
127011,0.0,192.72,52.402824,-1.556549,True,-1.7474399999999999,0.4359952935525752,0.18156900769558906,0.05757476395474361,99.081365991,0.39066999999999996,0.20227220411008395,0.01487290227972299,98.35944470000001,9.78913
127111,0.0,192.72,52.402824,-1.556549,True,-1.81326,0.476616389423048,0.19648694160739316,0.05827070542829484,99.79185243,0.40586,0.22082816949936507,0.021233424908226693,98.736568846,9.81146
127211,0.0,192.72,52.402824,-1.556549,True,-1.9412699999999998,0.4391494457091596,0.26591958767852064,0.05826699465964128,101.83841041100001,0.43620000000000003,0.23085456701375198,0.022243041358790364,99.67221679250001,9.89104
127310,0.0,192.72,52.402824,-1.556549,True,-1.99452,0.4152807211192551,0.263456853730892,0.058192977812332874,102.49230795400001,0.41063,0.25467792754334573,0.03331723111077601,99.94001746400001,9.91446
127411,0.0,192.72,52.402824,-1.556549,True,-2.0362799999999996,0.3591525544017868,0.2535564622634534,0.05911083844966354,102.92370073800001,0.42874999999999996,0.2427881300869277,0.035093812370083716,100.120341354,9.929920000000001
127510,0.0,192.72,52.402824,-1.556549,True,-2.00664,0.3644195421031394,0.255420477948731,0.05541558244553401,102.687640013,0.30469999999999997,0.34977495304520295,0.03455613950917772,100.198542813,9.92385
127611,0.0,192.72,52.402824,-1.556549,True,-1.9485800000000002,0.4512891504715449,0.25289722132826675,0.05223378642645432,102.39918938100001,0.26095999999999997,0.32392467299940897,0.03554972104906935,100.3977434355,9.91773
127711,0.0,192.72,52.402824,-1.556549,True,-1.9238399999999998,0.4617608500800626,0.25805457669950144,0.051617434608430074,101.64308953700001,0.20814,0.3516625598496325,0.03619229660208527,100.3635704815,9.88383
127810,0.0,192.72,52.402824,-1.556549,True,-1.8973899999999997,0.5040726280342237,0.21090522779465104,0.049550209103718434,102.52176907500002,0.13843,0.4076513053797011,0.02968174897512281,100.53081887200001,9.93242
127911,0.0,192.72,52.402824,-1.556549,True,-1.80335,0.4686835872953051,0.19574705219861352,0.0456486399943452,102.45451893900001,0.12704,0.40675264719482357,0.022289120415325315,100.4370817275,9.94838
128011,0.0,192.72,52.402824,-1.556549,True,-1.7908299999999997,0.4573717963660495,0.2209602078303832,0.047952476474109225,103.21800577000002,0.05909,0.4406303223791989,0.01844712865341215,101.1496858805,9.98893
128112,0.0,192.72,52.402824,-1.556549,True,-1.67896,0.43831646913059,0.2353379121367636,0.05028135947954381,102.22174898200001,-0.04032999999999999,0.38716626359571116,0.018512713349359167,101.006800706,9.95892
128211,0.0,192.72,52.402824,-1.556549,True,-1.6062999999999998,0.3592004980199421,0.17259128856605638,0.05130328124658954,101.133896014,-0.13146,0.3085293366206086,0.014914139450720683,101.4861532125,9.92022
128311,0.0,192.72,52.402824,-1.556549,True,-1.5363399999999998,0.3273437751219778,0.17891122441653992,0.053358310817841044,100.39423766600001,-0.19784,0.3260223346132349,0.023112093996193375,101.44327281,9.89488
128411,0.0,192.72,52.402824,-1.556549,True,-1.5582799999999999,0.35023917161466983,0.23857369325035627,0.05658178348392901,99.60566507,-0.22769,0.2792344313774076,0.02446388721723856,101.26468290400001,9.84966
128511,0.0,192.72,52.402824,-1.556549,True,-1.4952299999999998,0.3555209324982728,0.28243232896474085,0.0572922876329984,100.434031611,-0.28727,0.38384746406178627,0.022046970061413894,101.56083581200001,9.900139999999999
128611,0.0,192.72,52.402824,-1.556549,True,-1.5842199999999997,0.36737296156479127,0.2873445181504508,0.054076699644527534,100.15381892500001,-0.37720000000000004,0.3495446434688646,0.021887766750706347,101.276504153,9.871590000000001
128711,0.0,192.72,52.402824,-1.556549,True,-1.63567,0.4094525180720618,0.2932952871159835,0.06442852715304852,101.27024813,-0.42574000000000006,0.3542087526366937,0.024918776945196158,101.4566688335,9.91799
128811,0.0,192.72,52.402824,-1.556549,True,-1.7043999999999997,0.36123902828397686,0.3102834897315715,0.05914888559107996,102.052278772,-0.6069599999999999,0.6808227982865035,0.059654706436290526,102.2870239235,9.947019999999998
128911,0.0,192.72,52.402824,-1.556549,True,-1.67,0.3930904786998037,0.3110169705980717,0.057671330254584326,102.4410525,-0.68139,0.633410899548362,0.055767024306484246,102.4477857195,9.97126
129011,0.0,192.72,52.402824,-1.556549,True,-1.7298899999999997,0.4990795983051608,0.30455210172755104,0.0600660377325564,102.602589401,-0.7804399999999999,0.6674439422153735,0.05458666503826744,102.9102975855,9.96506
129111,0.0,192.72,52.402824,-1.556549,True,-1.6273399999999998,0.6818568947285679,0.3470940788252633,0.059435762709743115,101.83323027,-0.7384,0.7135936690052983,0.052938060242345805,102.027489626,9.932680000000001
129211,0.0,192.72,52.402824,-1.556549,True,-1.34184,1.1193312648382703,0.48976977312475256,0.07502627761880057,99.38758955,-0.7851899999999999,0.6946591561494178,0.05783820440581553,100.260742782,9.81038
129310,0.0,192.72,52.402824,-1.556549,True,-1.20721,1.1950161462879432,0.5234013714795488,0.1047323551832108,98.2305664,-0.83392,0.6951184835855118,0.05886936951137389,99.31240203300001,9.759170000000001
129411,0.0,192.72,52.402824,-1.556549,True,-1.1828499999999997,1.1800100962374096,0.5175390210731341,0.12009444616634025,99.53898926400001,-0.92448,0.6199341180050232,0.058125860567106266,99.572327167,9.83085
129510,0.0,192.72,52.402824,-1.556549,True,-1.2844,1.2231150677221203,0.4970499578066179,0.1277258940074408,99.39667527900001,-0.90302,0.6176895926668089,0.0560342008657809,99.91535344500001,9.80705
129611,0.0,192.72,52.402824,-1.556549,True,-1.2320799999999998,1.1987194832635173,0.5562522769990877,0.12871504444573162,101.078546767,-0.93843,0.6120795573743294,0.05445814294789484,100.61618284600002,9.89893
129710,0.0,192.72,52.402824,-1.556549,True,-1.0759699999999999,1.1666703257561661,0.5490219550356022,0.1245442696839606,100.200044093,-0.9973099999999999,0.6122003256923156,0.05450515266162167,100.73514611150001,9.87654
129811,0.0,192.72,52.402824,-1.556549,True,-0.9459500000000001,1.1530514638702527,0.534879430754679,0.12489797614230762,98.94456017400002,-0.86539,0.42201483241442717,0.03534271730734181,100.498419473,9.82831
129911,0.0,192.72,52.402824,-1.556549,True,-0.89749,1.1513279776462964,0.5308235991781549,0.12546131054809065,97.88542451800001,-0.9070199999999999,0.41777865431350053,0.03463334937439492,100.16323850900001,9.779230000000002
130011,0.0,192.72,52.402824,-1.556549,True,-0.7700999999999999,0.9873019295028245,0.5243961379000142,0.12544774742231657,97.206887201,-0.9426400000000001,0.4779224837193202,0.0337601276985475,99.90473830100001,9.77185
130111,0.0,192.72,52.402824,-1.556549,True,-0.8700999999999999,0.9758236350215476,0.5337318098904105,0.12507029534536881,99.18356054800002,-0.9974999999999999,0.35689442260826737,0.03342216330520829,100.50839540900002,9.864740000000001
130211,6.73,227.07,52.40272,-1.55666,True,-0.9901899999999999,0.7402951084984055,0.39058119386371143,0.11320726763085685,100.926782134,-1.04762,0.35176132628057116,0.020648099186123963,100.15718584200002,9.965729999999999
130311,6.73,227.07,52.40272,-1.55666,True,-1.0394999999999999,0.6823423448354605,0.4079136974355702,0.10011551161866312,100.80453827300002,-1.0614000000000001,0.3549457110288524,0.018629787975176008,99.51755233650002,9.95767
130411,6.73,227.07,52.40272,-1.55666,True,-0.9170499999999999,0.65360768091842,0.49378801389530674,0.07250479217878564,98.476469557,-1.08441,0.3464042899721524,0.02597491097193618,99.0077294105,9.850460000000002
130511,6.73,227.07,52.40272,-1.55666,True,-0.6960099999999999,0.5342361805003065,0.539417455841646,0.05988247378546307,96.060796522,-1.06432,0.3658426492359794,0.02732561883003667,97.72873590050001,9.74975
130610,6.73,227.07,52.40272,-1.55666,True,-0.65901,0.48228392617258675,0.4449103816126078,0.0564979881647716,94.00624621400002,-1.10954,0.3857989378477401,0.03784961617301358,97.54239649050001,9.65321
130710,6.73,227.07,52.40272,-1.55666,True,-0.5616399999999999,0.5847276539837452,0.4336627230156445,0.060442258947417504,93.39685083200001,-1.01501,0.4537391013689594,0.05383865298793754,96.79844746250001,9.62312
130810,6.73,227.07,52.40272,-1.55666,True,-0.5679399999999999,0.5839718908760373,0.44021949840708746,0.05978132465726887,93.667371947,-0.98285,0.47052054448002306,0.053756302989613314,96.30596606050001,9.63657
130911,6.73,227.07,52.40272,-1.55666,True,-0.66645,0.6859613857774929,0.47085481650104277,0.05938842105625944,95.03809985500001,-0.9461,0.47846573312806556,0.052450904027798506,96.46176218650001,9.693859999999999
131011,6.73,227.07,52.40272,-1.55666,True,-0.7189499999999999,0.7667374753532734,0.4469582436375514,0.058109834700237215,94.59819077099999,-0.81883,0.3925183535694706,0.04634106530209816,95.90253898600001,9.66294
131111,6.73,227.07,52.40272,-1.55666,True,-0.6028499999999999,0.7705471796789034,0.3901130868806709,0.0583457520114171,93.503183784,-0.8870799999999999,0.37348993679734954,0.04564963307629086,96.34337216600001,9.61605
131211,6.73,227.07,52.40272,-1.55666,True,-0.69824,0.7485561556905552,0.3952234789753052,0.05388870836166788,93.741288445,-0.90403,0.39456293695964595,0.04997533725082126,97.33403528950001,9.62335
131310,6.73,227.07,52.40272,-1.55666,True,-0.66753,0.76333605829208,0.36059525787232455,0.041194088033222595,94.961819301,-0.9436199999999999,0.44398158069901894,0.04761367800677997,97.88317878699999,9.6889
131411,6.73,227.07,52.40272,-1.55666,True,-0.68401,0.761263777397676,0.33723706795072844,0.0635487599319522,97.524195921,-0.92559,0.4418990544607815,0.0498381837104398,98.00033273900002,9.819999999999999
131511,6.73,227.07,52.40272,-1.55666,True,-0.69817,0.7481239292018703,0.2298726190741358,0.07384234256546551,98.60984949600001,-0.94757,0.43280364049095255,0.04921454279196559,97.335323009,9.87781
131611,6.73,227.07,52.40272,-1.55666,True,-0.5891499999999998,0.756810493305807,0.2328928089152761,0.0807633587161351,98.430183813,-0.9764100000000001,0.4781473841819064,0.050104779102286036,96.21821501349999,9.87516
131711,6.73,227.07,52.40272,-1.55666,True,-0.6686399999999999,0.6815082280419581,0.22854454075981318,0.0824223378567836,98.51147989199998,-1.10358,0.45200509289166196,0.04097105211135178,95.954165362,9.87924
131811,6.73,227.07,52.40272,-1.55666,True,-0.7011799999999999,0.6820910232512964,0.34405032722941403,0.08058012989151443,100.20874974499999,-1.2252399999999999,0.471040350241416,0.04603615004657868,96.93806084600001,9.95951
131911,6.73,227.07,52.40272,-1.55666,True,-0.61325,0.5891706246920336,0.3384749857818173,0.08002544387047579,99.256332413,-1.3450799999999998,0.4717295948598808,0.04630356957682153,97.14721613399999,9.92294
132010,6.73,227.07,52.40272,-1.55666,True,-0.49711999999999995,0.366298299204353,0.33767973140240637,0.08004803835475575,99.012066911,-1.49177,0.40712606305937143,0.04673932557874102,96.805128841,9.92681
132111,6.73,227.07,52.40272,-1.55666,True,-0.4753999999999999,0.4001266882709381,0.4086290468002579,0.08717722944286162,100.66382772699998,-1.50707,0.39332906226494796,0.04032232494399214,97.0835057555,10.007169999999999
132210,6.73,227.07,52.40272,-1.55666,True,-0.31853999999999993,0.48350827454714584,0.45224535634247665,0.09500178010028142,99.624450303,-1.66797,0.6155387343168958,0.06990876594215883,96.68286937399999,9.95633
132311,6.73,227.07,52.40272,-1.55666,True,-0.4481299999999999,0.6067340476317095,0.49638041963800017,0.09432585129338734,101.55769706199999,-1.60861,0.6511833748389682,0.06778063964814068,98.2597581815,10.040109999999999
132411,6.73,227.07,52.40272,-1.55666,True,-0.40458999999999995,0.6045101569774415,0.48587340017745156,0.08077203861623293,101.081601826,-1.6106500000000001,0.6487110078198675,0.06807527614503085,99.3028988735,10.01881
132511,6.73,227.07,52.40272,-1.55666,True,-0.48023999999999994,0.613815202375005,0.4696715032871341,0.07603653800056334,101.985738115,-1.48036,0.8950340902259912,0.07734372128506756,100.29779380549999,10.060690000000001
132611,6.73,227.07,52.40272,-1.55666,True,-0.38381999999999994,0.7503868317963313,0.48722170005039495,0.09312576919891127,101.782820559,-1.3811,0.9165045020196153,0.07602891262904887,100.106502186,10.04565
132711,6.73,227.07,52.40272,-1.55666,True,-0.2928599999999999,0.7999243314214181,0.5267097578363235,0.12797070020559828,101.13686588700001,-1.24263,0.9836160848284934,0.08357417264522174,99.82417288949999,10.01127
132810,6.73,227.07,52.40272,-1.55666,True,-0.22937999999999992,0.7748348107822743,0.5018889492042413,0.12770426600374615,98.423775606,-1.1933500000000001,0.9626105180416661,0.08626454144728936,99.3162626755,9.87948
132911,6.73,227.07,52.40272,-1.55666,True,-0.22908999999999993,0.774588826338782,0.5021119171393341,0.1291009893240344,98.39860640100001,-1.0100500000000001,0.9900215196875491,0.08720034467312099,98.827469407,9.87822
133011,6.73,227.07,52.40272,-1.55666,True,-0.15352999999999992,0.7491790351963815,0.5026273397524955,0.12909898915173582,98.470100385,-0.88763,0.9310023452053047,0.08930358957573371,98.741083648,9.88504
133111,6.73,227.07,52.40272,-1.55666,True,-0.18788999999999992,0.7410625771297761,0.4235152916037734,0.12541812247217082,96.968294113,-0.78215,0.9448959216642736,0.08844578062921428,98.81606092,9.812100000000001
133211,6.73,227.07,52.40272,-1.55666,True,-0.2582799999999999,0.6896963885975098,0.42056130230919164,0.11914466463552244,98.703016065,-0.5209699999999999,0.52603278108667,0.07866898372293864,99.163733184,9.90197
133311,6.73,227.07,52.40272,-1.55666,True,-0.1334799999999999,0.5363499744673383,0.3321435166711421,0.11914267124381218,97.00549826099999,-0.47248999999999997,0.4986905641555456,0.0809412708902777,99.2815976615,9.83003
133411,6.73,227.07,52.40272,-1.55666,True,-0.08311999999999993,0.5490933513023519,0.33169411008740607,0.11804563336081329,95.66143002599999,-0.35836999999999997,0.5174410563318068,0.08046342164127875,98.371515926,9.76136
133511,6.73,227.07,52.40272,-1.55666,True,-0.04346999999999991,0.4962832368942417,0.31697170658875545,0.11145390128259805,95.25074754599999,-0.54755,0.5465377414028938,0.07355171196738597,98.61824283050001,9.743549999999999
133610,6.73,227.07,52.40272,-1.55666,True,-0.1010999999999999,0.39518610243220736,0.3068594582396302,0.08835098188475327,96.06670015,-0.46530999999999995,0.5725892913385248,0.07273538723039512,98.92476035450001,9.78934
133711,6.73,227.07,52.40272,-1.55666,True,-0.2047299999999999,0.3549171923765421,0.29913778616402675,0.059103138664541345,97.969210479,-0.46201,0.5743479809507653,0.031859429094417004,99.553038183,9.88602
133811,6.73,227.07,52.40272,-1.55666,True,-0.08212999999999993,0.5206518010041764,0.24044244310114252,0.05770402354544556,98.993460979,-0.43149999999999994,0.5285113643264643,0.03227993012521637,98.7086182925,9.934320000000001
133911,6.73,227.07,52.40272,-1.55666,True,0.0749500000000001,0.5104243272894556,0.2550912655850454,0.05517236526458595,98.682445295,-0.48983,0.5141885236845407,0.03149147327275828,98.540525848,9.918859999999999
134011,6.73,227.07,52.40272,-1.55666,True,0.07093000000000009,0.5116230167049042,0.30467988465127027,0.05488560730181356,99.68937081800001,-0.47164,0.5069915892355159,0.040409872281136204,99.0797356015,9.968210000000001
134110,6.73,227.07,52.40272,-1.55666,True,0.19862000000000007,0.5936659775403117,0.5462806971796806,0.06527519862517124,97.222082465,-0.43423999999999996,0.5421364080089874,0.038376325167129965,97.09518828899999,9.82837
134212,6.73,227.07,52.40272,-1.55666,True,0.1817200000000001,0.6055621535216535,0.568744648912567,0.06841744822939703,94.834800365,-0.47928999999999994,0.5581217657863229,0.044108352698527975,96.768908215,9.70467
134311,6.73,227.07,52.40272,-1.55666,True,0.2976200000000001,0.6244143243427795,0.5772529737183504,0.13474352427234987,95.21719728500001,-0.51991,0.5754728595781992,0.050637896436912896,96.111347773,9.71997
134410,6.73,227.07,52.40272,-1.55666,True,0.3765500000000001,0.6684605369387563,0.575522708211132,0.1697510206154885,96.40068986000001,-0.66456,0.5470414979180678,0.048966042655429,96.031059943,9.775409999999999
134511,6.73,227.07,52.40272,-1.55666,True,0.4096300000000001,0.6276652629653321,0.622221328967618,0.1712385889142203,97.641311335,-0.34754000000000007,0.857371828062687,0.05216617145664811,96.4460294405,9.8372
134611,6.73,227.07,52.40272,-1.55666,True,0.4376500000000001,0.6306225006557723,0.6284507264341104,0.17114080492714503,98.05353003100001,-0.36939,0.8484477335437662,0.052205176414263844,97.06011509049999,9.856399999999999
134711,6.73,227.07,52.40272,-1.55666,True,0.5113500000000001,0.540278327963165,0.622563184120478,0.1572745949675987,97.860846951,-0.36739,0.848987868582348,0.05215042771743178,97.915028715,9.84824
134811,6.73,227.07,52.40272,-1.55666,True,0.4932600000000001,0.5248247161354668,0.6893086205273619,0.15000148184453233,99.74012804099999,-0.46762,0.9853979148885312,0.0593444755455615,99.36679451,9.94089
134911,6.73,227.07,52.40272,-1.55666,True,0.4370400000000001,0.5241875516772023,0.6825734962462123,0.1586651011827533,100.06120722200001,-0.39348,0.9990263635716073,0.06837140402894222,99.3718262585,9.9601
135011,6.73,227.07,52.40272,-1.55666,True,0.5522300000000001,0.5234582081376445,0.6631782518884207,0.16357831457745248,98.756721293,-0.34144,1.0022657844437595,0.07495895469447829,99.2230460555,9.889859999999999
135111,6.73,227.07,52.40272,-1.55666,True,0.5614100000000001,0.5346763952772496,0.5035971604367913,0.16776991387015733,100.345241081,-0.33558,1.0058033878999955,0.07615151928155375,98.783661773,9.9772
135211,6.73,227.07,52.40272,-1.55666,True,0.6641400000000001,0.4479429631350734,0.413320926695517,0.16999575288812366,101.432094846,-0.24010000000000004,0.9960032619312927,0.0732727484585274,98.1334476055,10.032779999999999
135311,6.73,227.07,52.40272,-1.55666,True,0.6532200000000001,0.4426043073546577,0.41602471467716895,0.13450371989899268,101.00512552699999,-0.19939,0.9731561910151467,0.07631135418650188,98.111161406,10.01231
135411,6.73,227.07,52.40272,-1.55666,True,0.76736,0.6545550672021476,0.45654265043549574,0.07276422274106366,100.22921310699999,-0.048409999999999995,0.913143758245228,0.0854893209705163,98.31495148350001,9.95325
135510,6.73,227.07,52.40272,-1.55666,True,0.8245600000000002,0.5858167692300379,0.4121593635961756,0.07572212431721079,98.71436101100001,-0.17829,0.7060832236909297,0.07950069182088894,98.177836173,9.87789
135610,6.73,227.07,52.40272,-1.55666,True,0.8478300000000001,0.5815489490241724,0.4039776231426753,0.07703336145968052,98.385729139,-0.20403,0.7097894383391284,0.07682137723316312,98.219629585,9.859800000000002
135711,6.73,227.07,52.40272,-1.55666,True,0.97295,0.5601941295459877,0.40362144269105604,0.07794130555174916,97.036409858,-0.25390999999999997,0.7231355604433899,0.07958615457477485,97.4486284045,9.780629999999999
135811,6.73,227.07,52.40272,-1.55666,True,0.9904900000000001,0.5576584965530311,0.24133375230169926,0.05621690631434259,93.957847961,-0.11884999999999998,0.41066001685633063,0.06533780256822534,96.848988001,9.6252
135910,6.73,227.07,52.40272,-1.55666,True,1.14117,0.5194103260215258,0.30801336929862216,0.09161048945277933,92.599518932,-0.16651,0.4095391812757327,0.06354969708818406,96.33036307699999,9.537769999999998
136011,6.73,227.07,52.40272,-1.55666,True,1.0602300000000002,0.5903665924190274,0.32733212508266407,0.09042698957968498,92.86796298,-0.12558,0.44154623213329364,0.05985092963169185,95.8123421365,9.55687
136111,6.73,227.07,52.40272,-1.55666,True,0.96478,0.6428526110669261,0.3318846981843369,0.08973111748130888,93.50082080000001,-0.11084000000000001,0.4571535098361959,0.05431906152028397,96.92303094050001,9.59682
136211,6.73,227.07,52.40272,-1.55666,True,0.9430799999999999,0.6543516329585833,0.39986949940645794,0.09269106932889136,94.84268106700002,-0.18789000000000003,0.4824442016095376,0.05300370636935533,98.1373879565,9.665610000000001
136311,6.73,227.07,52.40272,-1.55666,True,0.9145000000000001,0.6674064678539925,0.4438701291544286,0.09333508867396972,95.657062906,-0.15403,0.46873986400892825,0.05255282633270554,98.3310942165,9.70786
136410,6.73,227.07,52.40272,-1.55666,True,0.71309,0.5260367972976027,0.46089634602347096,0.08292471887199866,96.808879759,-0.29500000000000004,0.5274608147636267,0.043013016117862665,98.519046433,9.79082
136511,6.73,227.07,52.40272,-1.55666,True,0.7051600000000001,0.5316611080169262,0.4651460918655405,0.09112949821240353,97.245855637,-0.29431,0.528472943594191,0.04338102631847708,97.980108324,9.81323
136611,6.73,227.07,52.40272,-1.55666,True,0.82263,0.678294696770272,0.46897056778059604,0.09896174569555209,96.83486405,-0.26313,0.529979888612135,0.04342189539851936,97.6102965945,9.77477
136711,6.73,227.07,52.40272,-1.55666,True,0.7049300000000001,0.6595218959384368,0.46114727220994844,0.09940668209151966,96.839714139,-0.15833000000000003,0.5480891878963554,0.03941934804128495,96.93806199849999,9.7857
136810,6.73,227.07,52.40272,-1.55666,True,0.63578,0.6617786887539494,0.4437925516374654,0.09586475426928878,98.888632794,-0.11369000000000003,0.5171446508365781,0.0376194822458311,96.4232403775,9.8951
136911,6.73,227.07,52.40272,-1.55666,True,0.5909800000000001,0.5936756106382292,0.29896293508652944,0.07018215110220935,100.968826959,-0.12972,0.5284131544329448,0.033509262401112704,96.7841729455,10.01109
137011,6.73,227.07,52.40272,-1.55666,True,0.7527100000000001,0.7031468748893611,0.35537470193835907,0.06935887430202754,100.29673146,-0.14630000000000004,0.5138053803619482,0.031807722682112606,96.58234722,9.958490000000001
137111,6.73,227.07,52.40272,-1.55666,True,0.8114800000000001,0.6787501680785613,0.4337464569179698,0.07647058693815995,99.145562952,-0.13821,0.5236207330798777,0.029982033508974857,96.323191876,9.8946
137211,6.73,227.07,52.40272,-1.55666,True,0.9201300000000001,0.71572413998381,0.48777899868235064,0.08011021921217189,100.191066571,-0.1537,0.543139486892842,0.03141625375502239,97.51687381900001,9.93324
137311,6.73,227.07,52.40272,-1.55666,True,1.01702,0.7202336608505824,0.4806151850608891,0.082865272849635,100.181959637,-0.03269000000000002,0.660101346511779,0.03273860106968468,97.9195112715,9.923350000000001
137411,6.73,227.07,52.40272,-1.55666,True,1.11505,0.6582561832431106,0.4729908596720855,0.0839340084696173,99.121315463,0.20021,0.6460905689005363,0.030809884777453455,97.965097611,9.8634
137511,6.73,227.07,52.40272,-1.55666,True,1.22191,0.6012651484809245,0.49401746539076924,0.08796945429459535,98.110422502,0.17203,0.6422613522200694,0.053005744971653355,97.67813906949999,9.801649999999999
137611,6.73,227.07,52.40272,-1.55666,True,1.1988800000000002,0.5704570775556594,0.5461303633545653,0.08702503854255593,97.06385496,0.25484,0.6565453867699362,0.059282502571256765,96.94935950499999,9.75014
137712,6.73,227.07,52.40272,-1.55666,True,1.2782300000000002,0.4741542249100083,0.5451410394465825,0.08726962625488137,97.215319167,0.23556,0.6547319896127105,0.060021721993883705,97.02751665299999,9.75252
137811,6.73,227.07,52.40272,-1.55666,True,1.3697000000000001,0.33272401977215965,0.5072424859527941,0.08777192730151386,96.187118544,0.31239,0.6368969957710731,0.062466591960111444,97.537875669,9.694320000000001
137911,6.73,227.07,52.40272,-1.55666,True,1.4282400000000002,0.35940059729130214,0.4907070404585326,0.08908859759936866,95.896821276,0.47218,0.6007658978337532,0.06854157213772574,98.4328241175,9.67078
138010,6.73,227.07,52.40272,-1.55666,True,1.3964700000000003,0.3281547841085737,0.4845665326408432,0.08567242587644854,96.66932496,0.53838,0.6029681635229324,0.07216224004899544,98.48302821000001,9.71653
138110,6.73,227.07,52.40272,-1.55666,True,1.5051,0.29325653161241794,0.45379160280660397,0.08305907469318992,98.666280701,0.4826,0.6354763025566782,0.07697127963655559,98.9059218265,9.80501
138212,6.73,227.07,52.40272,-1.55666,True,1.5429300000000001,0.3319462541838341,0.33315666584958786,0.07767268145522245,97.009891447,0.64594,0.44136392945302794,0.08362881016066671,98.600479009,9.71752
138311,6.73,227.07,52.40272,-1.55666,True,1.5584200000000001,0.33245786967843477,0.2879366288304412,0.07560382779845073,95.99759386999999,0.62447,0.42525251335072245,0.07859840258484158,98.08977675349999,9.664100000000001
138411,6.73,227.07,52.40272,-1.55666,True,1.6005200000000002,0.3022451867092363,0.2920590086875794,0.07088554859772205,96.45073667099999,0.52649,0.3856419048518629,0.07515237558158422,97.78602606700001,9.68143
138511,6.73,227.07,52.40272,-1.55666,True,1.49329,0.5039815725246868,0.28213884682705676,0.07293757147954233,97.38996296299999,0.46033,0.5016633422924139,0.0699589752799608,97.7501927325,9.7396
138611,6.73,227.07,52.40272,-1.55666,True,1.40195,0.5244523625226287,0.16631361305946973,0.062245674548517926,99.151492832,0.42562,0.49299546718673026,0.06910469030552245,98.10767389600001,9.84447
138711,6.73,227.07,52.40272,-1.55666,True,1.4089200000000002,0.5199173113742972,0.1735168887073331,0.06025250202273771,99.097173748,0.46038999999999997,0.4878866681925175,0.06934775571150208,98.1562464575,9.840819999999999
138811,6.73,227.07,52.40272,-1.55666,True,1.49946,0.5605872837183148,0.1699336605855524,0.06286051931768383,99.604722901,0.44037999999999994,0.48912621138788137,0.06708753817049576,97.8959207225,9.851270000000001
138911,6.73,227.07,52.40272,-1.55666,True,1.5118500000000001,0.570081758756302,0.17819656936467754,0.056172437883518916,99.250998337,0.37734,0.4375391619297844,0.05811689752367826,97.5739098065,9.83078
139011,6.73,227.07,52.40272,-1.55666,True,1.48702,0.5732565584254483,0.2276836782321985,0.04995756977453759,98.24469067800001,0.29481,0.41482292996195175,0.04767969984991221,97.457007819,9.78218
139111,6.73,227.07,52.40272,-1.55666,True,1.4574900000000002,0.5567527048280455,0.23379718751281583,0.051337684880494,96.87137129300001,0.28155,0.4304296696970966,0.04404193582383786,97.768825997,9.71694
139211,6.73,227.07,52.40272,-1.55666,True,1.47486,0.5778982344092642,0.24362446077703676,0.0521482811051547,97.21124576300001,0.13992,0.4701931867742081,0.023077011167921838,97.110568605,9.73047
139311,6.42,259.82,52.402504,-1.557727,True,1.47801,0.5789711342833466,0.2772593068270881,0.05350642744360523,96.561790404,0.12815000000000001,0.4524002806021294,0.01918173031240199,96.279692137,9.695689999999999
139410,6.42,259.82,52.402504,-1.557727,True,1.44763,0.580701304076,0.2901259552141221,0.05358613523000984,95.622279648,0.14001000000000002,0.45698864914179316,0.028764105718372734,96.0365081595,9.65129
139511,6.42,259.82,52.402504,-1.557727,True,1.57938,0.42784389884371365,0.2828915842588159,0.0396300124765171,95.74797745999999,0.22265000000000001,0.3907595289234041,0.02865351636361489,96.5689702115,9.64452
139611,6.42,259.82,52.402504,-1.557727,True,1.6761199999999998,0.3575379134519417,0.26991429833275427,0.03898582220927687,95.85636899199999,0.13302,0.44883041538845636,0.02904995697070727,97.503930912,9.63672
139711,6.42,259.82,52.402504,-1.557727,True,1.6101800000000002,0.5006791183538293,0.29332170128454504,0.05064247777859578,96.750356492,0.09330000000000001,0.4245510072744786,0.028172699551160245,97.92376512000001,9.68786
139812,6.42,259.82,52.402504,-1.557727,True,1.5193,0.47879011871360666,0.397160588986943,0.04853456500268662,97.852282999,-0.062329999999999997,0.5856410790274548,0.03284159963623285,98.72850294999999,9.756829999999999
139911,6.42,259.82,52.402504,-1.557727,True,1.40519,0.4983303287534953,0.4032399114946723,0.047712868052316774,98.18301860300001,-0.12305999999999999,0.5592431059526374,0.03459479729670261,98.71700847000001,9.789719999999999
140011,6.42,259.82,52.402504,-1.557727,True,1.37659,0.5124396039209671,0.37640004368875274,0.048986675058972376,98.95105980299999,-0.05079999999999999,0.624007519541585,0.03885847397930011,98.5978752405,9.83322
140111,6.42,259.82,52.402504,-1.557727,True,1.34342,0.5064389198665189,0.3467554854168408,0.048693692267753524,100.00340282799999,-0.03923,0.6214697007899879,0.03907872965068153,98.4373870605,9.8924
140210,6.42,259.82,52.402504,-1.557727,True,1.24052,0.41509194108723174,0.3538070761179209,0.04867515451096873,100.001641796,0.12646000000000002,0.6709374009548109,0.04137074785132273,98.6064437795,9.90934
140311,6.42,259.82,52.402504,-1.557727,True,1.2210100000000002,0.39687410388351557,0.3644444492039317,0.05292466448746864,99.837613866,0.08722000000000002,0.644436128720292,0.04125948241179033,98.19970213500001,9.90381
140411,6.42,259.82,52.402504,-1.557727,True,1.21356,0.39631755000814006,0.3482779606706255,0.05313519549225366,100.023937707,0.07092000000000001,0.639042072689008,0.03735192394271233,97.8231086775,9.91467
140511,6.42,259.82,52.402504,-1.557727,True,1.23529,0.4273840075259007,0.3481693840647116,0.05531030042707548,100.16417290300001,0.09054000000000002,0.6494026352477047,0.03728090962171075,97.9560751815,9.9179
140611,6.42,259.82,52.402504,-1.557727,True,1.1607600000000002,0.3682835869876016,0.34653496232142633,0.05577968965293542,99.767179395,0.13255,0.6187344543501652,0.03546078428661958,97.8117741935,9.90907
140711,6.42,259.82,52.402504,-1.557727,True,1.20276,0.2987940212104674,0.34895444608780657,0.04270133487374854,99.17570289900002,0.12931,0.6186898261649343,0.036945613181178574,97.96302969550001,9.87619
140810,6.42,259.82,52.402504,-1.557727,True,1.22591,0.30877813843889274,0.2736390371761186,0.033672448348431555,98.262544263,0.24086,0.41165523924759695,0.03524839476250339,98.057413631,9.82886
140910,6.42,259.82,52.402504,-1.557727,True,1.3111000000000002,0.3006534660812634,0.2893297559302742,0.03379003797965725,98.797929911,0.27279,0.38772695561581383,0.033267383091817156,98.490474257,9.84491
141011,6.42,259.82,52.402504,-1.557727,True,1.3700400000000001,0.29574065290011936,0.2891177355334762,0.03263586983673046,99.04065146299999,0.21500000000000002,0.3496272141708726,0.02778959837381102,98.995855633,9.84935
141110,6.42,259.82,52.402504,-1.557727,True,1.33945,0.32115085153935896,0.28657661298703024,0.033580113162406305,98.436869653,0.24970000000000003,0.3304712796396427,0.027004734152859342,99.22013624050001,9.82222
141213,6.42,259.82,52.402504,-1.557727,True,1.3650200000000001,0.3141036941308996,0.27443229563755717,0.03509314747924462,97.467676062,0.17077,0.17858419769582942,0.014757977127263336,98.734658929,9.76974
141310,6.42,259.82,52.402504,-1.557727,True,1.36917,0.3159779776081625,0.20737551553751699,0.031883581633464435,98.636020547,0.1608,0.1726057485845732,0.012311440027693502,99.2368172065,9.830200000000001
141411,6.42,259.82,52.402504,-1.557727,True,1.39951,0.31319825971563153,0.16883374498141132,0.03209361999595024,99.526383722,0.15275,0.17303661301713263,0.012019410227717537,99.7751607145,9.87187
141511,6.42,259.82,52.402504,-1.557727,True,1.2949100000000002,0.31586242944254067,0.19950617255837172,0.026662476754170446,99.819930661,0.11543,0.12772976726057642,0.012265855951467937,99.992051782,9.90038
141611,6.42,259.82,52.402504,-1.557727,True,1.32071,0.3094896352599617,0.19936296769683962,0.024805476545849293,99.78954657300001,0.13172,0.10654092380133078,0.012606541511803631,99.778362984,9.89562
141710,6.42,259.82,52.402504,-1.557727,True,1.3846399999999999,0.2760240738293393,0.206994837563115,0.026364336180193026,99.82162602899999,0.16152,0.1400506241804362,0.011279327206095341,99.498664464,9.88925
141811,6.42,259.82,52.402504,-1.557727,True,1.4134200000000001,0.2975304981566507,0.20083712140273383,0.026328058543437637,99.745124388,0.21322000000000002,0.11943115915779302,0.007748949749621759,99.00383432550001,9.88086
141911,6.42,259.82,52.402504,-1.557727,True,1.3915700000000002,0.28446929945662786,0.17506151966286637,0.02594309156596439,98.94456244,0.21416,0.11888693227879579,0.007600263153334947,98.8712461755,9.84417
142011,6.42,259.82,52.402504,-1.557727,True,1.36938,0.2737384063501544,0.19154818975914942,0.024522010521162672,98.371339363,0.22924000000000003,0.12268784418640413,0.01189890751287452,98.705995413,9.81813
142111,6.42,259.82,52.402504,-1.557727,True,1.4422300000000001,0.25207741337403655,0.19959869071048142,0.026387591780987003,99.17823654100002,0.23245000000000005,0.12332878595218841,0.010734477164722195,98.80755309700001,9.84912
142211,6.42,259.82,52.402504,-1.557727,True,1.4721,0.2640991270127576,0.18985886249176948,0.02482411238202825,100.244377661,0.20070000000000002,0.1536255476438904,0.010806602919817571,98.8560268615,9.89859
142311,6.42,259.82,52.402504,-1.557727,True,1.4380600000000001,0.2793247898455018,0.19081510800889587,0.02169148322370919,100.08974928500001,0.18823,0.1577298537936752,0.009998383202628821,99.362884916,9.89539
142411,6.42,259.82,52.402504,-1.557727,True,1.4546700000000001,0.288860408617516,0.19081825675525196,0.021492295777273088,100.14406016900001,0.20632999999999999,0.15791080499234264,0.00921870682663785,99.8352219455,9.89546
142511,6.42,259.82,52.402504,-1.557727,True,1.54114,0.18888915150311786,0.15683684551506105,0.02135989232182627,99.74660021899999,0.2243,0.15617340789433268,0.010807924047760773,99.78326544000001,9.86495
142611,6.42,259.82,52.402504,-1.557727,True,1.5196200000000002,0.22050766577758418,0.16692124423746385,0.02429473879944681,99.305651876,0.24747000000000002,0.14732874842035185,0.011267795801405231,99.54759922449999,9.845180000000001
142711,6.42,259.82,52.402504,-1.557727,True,1.51837,0.22044999458181713,0.15090735936698,0.02462889901450488,99.77868572500002,0.21542000000000003,0.14021885116566363,0.011351578451179225,99.800155877,9.8696
142811,6.42,259.82,52.402504,-1.557727,True,1.50788,0.2112582926709251,0.16455747526827716,0.024845433293777922,99.983468434,0.18542,0.1280728681475977,0.010385786227123061,99.864296411,9.88156
142911,6.42,259.82,52.402504,-1.557727,True,1.4956900000000002,0.21837891356287317,0.1627969956042796,0.024137773532600805,100.23903185500001,0.18904,0.1276692967527029,0.010681552113597502,99.59179714749999,9.89622
143011,6.42,259.82,52.402504,-1.557727,True,1.47774,0.23470692931116985,0.13387397722402503,0.024505149118773918,100.530475276,0.17757,0.11900560257584873,0.008280693744417313,99.4509073195,9.91368
143110,6.42,259.82,52.402504,-1.557727,True,1.4237199999999999,0.24004974854764835,0.12725267122278808,0.02272171990751511,100.160248287,0.15645,0.11971534061169539,0.008529191703265583,99.669242414,9.902869999999998
143211,6.42,259.82,52.402504,-1.557727,True,1.36938,0.23192648164644744,0.11120386733884027,0.021788705025005035,99.481377123,0.17144,0.0966019231462396,0.007940221099632806,99.862877392,9.87657
143310,6.42,259.82,52.402504,-1.557727,True,1.3397400000000002,0.2744911988065064,0.11533999788067775,0.022905605815559445,99.306984936,0.18785000000000002,0.09438803184488982,0.009581904241268127,99.6983671105,9.87078
143411,6.42,259.82,52.402504,-1.557727,True,1.2577700000000003,0.28504064447024086,0.11528132738847398,0.022382225090459906,98.959647221,0.16715000000000002,0.09236828760755496,0.011007012916013007,99.551853695,9.8637
143510,6.42,259.82,52.402504,-1.557727,True,1.15007,0.3094842306160517,0.11787129939992191,0.021774319736791156,98.80490998000002,0.13649,0.09726189673017936,0.009294090117437818,99.2757550995,9.868310000000001
143611,6.42,259.82,52.402504,-1.557727,True,1.0880200000000002,0.36606365505956007,0.09816131224787421,0.015266739446697389,99.14118439500001,0.11577000000000001,0.07901108290751874,0.008140734337607399,99.2234181355,9.89081
143710,6.42,259.82,52.402504,-1.557727,True,0.9882000000000002,0.3706733032979123,0.09828895269675286,0.014352642033205807,98.981528878,0.11315000000000001,0.08002370829251462,0.008229108227637243,99.3801073015,9.893060000000002
143811,6.42,259.82,52.402504,-1.557727,True,0.8625,0.34040573503460825,0.07326533514109164,0.015270610844218655,98.460312266,0.11465,0.07987569857108483,0.007787996461788729,99.22189035,9.87964
143911,6.42,259.82,52.402504,-1.557727,True,0.7445700000000001,0.36467120365856204,0.07041470490366689,0.015199941520355763,98.078063045,0.10939000000000002,0.07580780449412063,0.007852105167119226,99.15854745000001,9.86912
144011,6.42,259.82,52.402504,-1.557727,True,0.63004,0.3812052238187097,0.06453941431407277,0.01434073064929289,98.02222647200001,0.10007000000000002,0.06734867894437258,0.008024414135758908,99.276350874,9.873740000000002
144111,6.42,259.82,52.402504,-1.557727,True,0.5333800000000001,0.35358304635074334,0.07390332724432971,0.013246869651188101,97.525318844,0.10801000000000001,0.06648646395233758,0.008044107574281424,98.84278356550001,9.855120000000001
144211,6.42,259.82,52.402504,-1.557727,True,0.42738000000000015,0.30096185361825806,0.07358641254413598,0.008613942186943953,97.407220819,0.1199,0.07298355979257633,0.007018895133055801,98.444298971,9.855870000000001
144311,6.42,259.82,52.402504,-1.557727,True,0.35376000000000013,0.26622488488745244,0.06857751170110316,0.008417897599758079,97.59388071800001,0.10413000000000001,0.057015281577222264,0.006360022711345772,98.45043282700001,9.86918
144411,6.42,259.82,52.402504,-1.557727,True,0.27016000000000007,0.21764045886125288,0.06853261105328694,0.00803987285692805,97.67912148900001,0.11207,0.05911206024715475,0.006971441744714238,98.31938435500001,9.877210000000002
144511,6.42,259.82,52.402504,-1.557727,True,0.23603000000000005,0.1834201130980243,0.0666689332948271,0.008814312855300972,97.613514237,0.11274000000000002,0.05752723413013396,0.006363515799719367,98.2092121085,9.875399999999999
144611,6.42,259.82,52.402504,-1.557727,True,0.2145200000000001,0.1553753290869946,0.06592625931046299,0.009770505502674397,97.495466941,0.12514,0.06547138815286581,0.007083125487142739,98.31832566800001,9.87035
144712,6.42,259.82,52.402504,-1.557727,True,0.2016400000000001,0.13019607606308692,0.06471305896033586,0.008666820511455784,97.427239858,0.12073,0.07060520991161509,0.007005394746586354,98.204384368,9.8675
144811,6.42,259.82,52.402504,-1.557727,True,0.2250900000000001,0.17727578295476593,0.05791169139305825,0.007809424505757386,97.132443945,0.12777000000000002,0.07334928690100151,0.007405620988287662,97.7963781055,9.85142
144911,6.42,259.82,52.402504,-1.557727,True,0.21797000000000008,0.18205463191032248,0.08847147939686642,0.006583008430802206,97.57947098500001,0.12261999999999999,0.0742059416608558,0.007143023013943194,97.82876701500001,9.87396
145011,6.42,259.82,52.402504,-1.557727,True,0.17399000000000012,0.2594595941567833,0.08654865619345074,0.006516824380019223,97.668731872,0.11117999999999999,0.08347634129232154,0.00656005589406656,97.845479172,9.87781
145111,6.42,259.82,52.402504,-1.557727,True,0.09661000000000011,0.3520571621831412,0.07341855351341815,0.011716768610273036,97.90183828100001,0.10191000000000001,0.08539096296185077,0.006576422533055283,97.7135785625,9.88818
145211,6.42,259.82,52.402504,-1.557727,True,0.0569700000000001,0.37370900756248193,0.11123015378536091,0.01292439983562579,97.50447176899999,0.10679000000000001,0.09315038557799926,0.008013467830259937,97.455846294,9.867340000000002
145310,6.42,259.82,52.402504,-1.557727,True,0.016360000000000104,0.38522128474712275,0.12609733453876332,0.013076458915845322,97.809963788,0.09879000000000002,0.09784077143784271,0.008029314347366968,97.701922253,9.8824
145411,6.42,259.82,52.402504,-1.557727,True,-0.018089999999999898,0.39993314844136585,0.12649570260598292,0.013262985251359917,97.66146808799999,0.08156000000000001,0.10068078488192826,0.00650767922448806,97.6702947885,9.87435
145511,6.42,259.82,52.402504,-1.557727,True,-0.0589399999999999,0.38869102325054616,0.12797833193337385,0.013323746553512457,97.363335853,0.09737000000000001,0.09734262569796648,0.006760514444589249,97.488425045,9.85947
145611,6.42,259.82,52.402504,-1.557727,True,-0.1210799999999999,0.3712821233389937,0.13189831479002387,0.012324429218246514,97.569506597,0.08867,0.0890575101331031,0.0063800383140568745,97.53248676900002,9.86991
145711,6.42,259.82,52.402504,-1.557727,True,-0.19731999999999988,0.3294803679870607,0.13185605956666652,0.012310356976501605,97.540760656,0.08986000000000001,0.08825640927306314,0.006074756510890921,97.484000257,9.868559999999999
145811,6.42,259.82,52.402504,-1.557727,True,-0.30875999999999987,0.18224699479308393,0.13162313584204238,0.011878126489009187,97.53778111300001,0.07907,0.08172748823578276,0.0057006432385545884,97.335112529,9.86899
145911,6.42,259.82,52.402504,-1.557727,True,-0.3780999999999999,0.14761896144390305,0.11854906204233265,0.01172567932170961,96.905789253,0.07562,0.08201754283889524,0.005691719131036907,97.242630119,9.835170000000002
146012,6.42,259.82,52.402504,-1.557727,True,-0.3717799999999999,0.14917768525411762,0.12719126498660957,0.01148649448507108,97.148625425,0.08599000000000001,0.07816855648033215,0.005976853501443925,97.4086786485,9.84763
146111,6.42,259.82,52.402504,-1.557727,True,-0.3478499999999999,0.12984565410088958,0.12728022452667445,0.00859721531143218,97.104316007,0.08362,0.07990623393840361,0.005775196004365034,97.503077144,9.8465
146211,6.42,259.82,52.402504,-1.557727,True,-0.37249999999999994,0.14249226879611912,0.10103290168171078,0.0068418321133070425,97.52489247700001,0.060850000000000015,0.05312256791815456,0.004031487180784965,97.514682123,9.867049999999999
146311,6.42,259.82,52.402504,-1.557727,True,-0.3986599999999999,0.14419961627317857,0.07761334435667347,0.005974845418736004,97.039565485,0.06258,0.05163015484080603,0.0045309920424597295,97.4247646365,9.841569999999999
146411,6.42,259.82,52.402504,-1.557727,True,-0.3955199999999999,0.14633210933428403,0.08150384380850043,0.006051492010700203,97.21423369700001,0.07720000000000002,0.049217183087899186,0.004523076632356201,97.4378508925,9.85051
146511,6.42,259.82,52.402504,-1.557727,True,-0.42748999999999987,0.1176560472072849,0.08337274801226181,0.005523284047256626,97.198747903,0.07255,0.043467107615312243,0.003992896470253999,97.281041878,9.84872
146611,6.42,259.82,52.402504,-1.557727,True,-0.4425699999999999,0.10958504612095409,0.0756067376480637,0.008147453589926905,97.074619712,0.06914000000000001,0.039684679383541435,0.006348753158425014,97.3220631545,9.84189
146711,6.42,259.82,52.402504,-1.557727,True,-0.45241,0.10646881076946853,0.07568849097895933,0.009688968526686624,97.08716198,0.07725000000000001,0.041646855290072435,0.0063491819245518576,97.313961318,9.842110000000002
146810,6.42,259.82,52.402504,-1.557727,True,-0.4516299999999999,0.10606037117289176,0.07695825997112467,0.009609948548828134,97.047779115,0.07450000000000001,0.04257740663253508,0.006346171199143134,97.29278011400001,9.84014
146911,6.42,259.82,52.402504,-1.557727,True,-0.4340699999999999,0.08898458106135594,0.07384140738399149,0.00928116372013838,97.48651824999999,0.0784,0.042265851727120066,0.006346512603167754,97.1961537515,9.86337
147011,6.42,259.82,52.402504,-1.557727,True,-0.45206999999999986,0.07881278872533884,0.061467404189397244,0.009319966618920405,97.217734859,0.07206000000000001,0.04243717447915767,0.0059548299723791555,97.183180142,9.849079999999999
147111,6.42,259.82,52.402504,-1.557727,True,-0.4699299999999999,0.07082951440684322,0.06120566785668343,0.009306276257332503,97.26028307499999,0.07141000000000002,0.04334952133526615,0.005995637302790408,97.182299541,9.85046
147211,6.42,259.82,52.402504,-1.557727,True,-0.45825999999999983,0.06631877897279645,0.06175365036447518,0.009363694664916765,97.367985002,0.07699000000000002,0.04076985405905544,0.00605717205742733,97.4464387395,9.8565
147311,6.42,259.82,52.402504,-1.557727,True,-0.45721999999999985,0.06523200986562733,0.05884598447552005,0.010101820517995293,97.45314797900001,0.07404000000000002,0.045378609743125776,0.005463830565124589,97.246356732,9.86089
147411,6.42,259.82,52.402504,-1.557727,True,-0.4789299999999999,0.032038346815413274,0.0548048913064861,0.011601168523520554,97.33333157599999,0.058740000000000014,0.04806743411311812,0.007646204577722807,97.2737826365,9.853950000000001
147511,6.42,259.82,52.402504,-1.557727,True,-0.4893699999999999,0.04229155550065081,0.044603532495926766,0.011694253099517236,97.531910033,0.05596000000000001,0.04596844811627817,0.007583322344310744,97.365328968,9.86352
147610,6.42,259.82,52.402504,-1.557727,True,-0.4931899999999999,0.04060392564488945,0.051424042150679646,0.01053723556410059,97.64445855599999,0.03993000000000001,0.05728288575130253,0.0055256573264032,97.35953913399999,9.86901
147711,6.42,259.82,52.402504,-1.557727,True,-0.49698999999999993,0.03953011369686147,0.0549311902899509,0.010860448118440889,97.52929834,0.03026000000000001,0.049395663327384924,0.005647182188190073,97.30823016,9.86297
147811,6.42,259.82,52.402504,-1.557727,True,-0.4967099999999999,0.03953050720643372,0.05507005235761835,0.011941077561650212,97.527258553,0.028720000000000006,0.04897436517650079,0.006030929539553237,97.287518834,9.86288
147911,6.42,259.82,52.402504,-1.557727,True,-0.4974799999999999,0.0383697450256219,0.05110937726531927,0.011891215244877743,97.484172378,0.023040000000000012,0.043715194409027235,0.006052364092737303,97.485345314,9.860679999999999
148010,6.42,259.82,52.402504,-1.557727,True,-0.5050399999999999,0.04387287696665424,0.05373582397044148,0.012039310611493203,97.42792844099999,0.02233000000000001,0.04342068247579133,0.006180659799366113,97.32283165,9.85741
148111,6.42,259.82,52.402504,-1.557727,True,-0.5082599999999999,0.04622760598985609,0.06106290017500615,0.013017697355694566,97.27428769,0.02572000000000001,0.04404297900910901,0.006596876365199079,97.26728538249999,9.8494
148211,0.0,262.44,52.40248,-1.55797,True,-0.5099499999999999,0.043245121754405626,0.06660384456708025,0.01305564586257232,97.37709193399999,0.01873000000000001,0.038907355774071416,0.006744050876303242,97.37253846799999,9.854510000000001
148311,0.0,262.44,52.40248,-1.55797,True,-0.5059099999999999,0.044647569300492566,0.0679029830796555,0.012448114538176791,97.309606365,0.016510000000000007,0.04067531192255127,0.0070199398541226634,97.381377172,9.85128
148410,0.0,262.44,52.40248,-1.55797,True,-0.5012799999999998,0.04657015734945967,0.06851623003188718,0.010226740547321762,97.359562888,0.026150000000000007,0.043072116528202295,0.005263036723746103,97.34644723199999,9.85404
148511,0.0,262.44,52.40248,-1.55797,True,-0.4923099999999999,0.04024321750995438,0.06986883266365804,0.00993469789285185,97.42562396899999,0.01472000000000001,0.04371162571009077,0.006331613801652645,97.47876700100001,9.85786
148611,0.0,262.44,52.40248,-1.55797,True,-0.49974999999999986,0.046897127369951386,0.06394595026708805,0.011086032252845194,97.149311286,0.02817000000000001,0.036564860180189535,0.006729578160788926,97.39688492100001,9.84347
148711,0.0,262.44,52.40248,-1.55797,True,-0.49415,0.04961145141103051,0.06929774807952588,0.011441935539448807,97.405847642,0.03260000000000001,0.03887018280260474,0.007110313323300198,97.467572991,9.856729999999999
148811,0.0,262.44,52.40248,-1.55797,True,-0.4976399999999999,0.05091946146173837,0.06472235059599388,0.010829999487022226,97.55342885,0.03169000000000001,0.0389428199058443,0.006832569062947295,97.5403437015,9.86406
148910,0.0,262.44,52.40248,-1.55797,True,-0.5030699999999999,0.04785245959077497,0.060891708065351276,0.011716128484558348,97.317031666,0.02566000000000001,0.04267385876879473,0.008252333003456897,97.400602022,9.85183
149011,0.0,262.44,52.40248,-1.55797,True,-0.48731999999999986,0.050674775666862806,0.05993249535939814,0.01223147578994509,97.482740076,0.02691000000000001,0.04317104096236957,0.008121329940344963,97.4553342585,9.86102
149111,0.0,262.44,52.40248,-1.55797,True,-0.4796899999999999,0.04523974285218001,0.05081530937296435,0.01229012250187621,97.745350996,0.030790000000000012,0.0468812317338793,0.008053467162239947,97.50981934299999,9.874770000000002
149211,0.0,262.44,52.40248,-1.55797,True,-0.4855499999999999,0.044247291191391286,0.04551074232168276,0.012315306645706821,97.587009868,0.03438000000000001,0.046886761931714135,0.010989434319682304,97.48205090100001,9.86649
149310,0.0,262.44,52.40248,-1.55797,True,-0.49178999999999995,0.04676578640176734,0.047024362480215194,0.012805536996853767,97.572327677,0.03176000000000001,0.05094378601291951,0.010734658303310534,97.440967021,9.86542
149411,0.0,262.44,52.40248,-1.55797,True,-0.49497999999999986,0.045689673036914465,0.04712074325017242,0.01285645536080833,97.50595393,0.03076000000000001,0.05000513751380532,0.010926705308043872,97.432758409,9.8619
149511,0.0,262.44,52.40248,-1.55797,True,-0.49140999999999996,0.04835083476239241,0.048682838637264185,0.012950165164112407,97.53415580800001,0.04382000000000001,0.04673822608716067,0.010882100491681573,97.4798898885,9.86349
149611,0.0,262.44,52.40248,-1.55797,True,-0.4894499999999999,0.04518097559320207,0.04934454377136495,0.011411475705525144,97.52275340700001,0.033740000000000006,0.05123762072710415,0.010619798072988776,97.3360323465,9.86302
149711,0.0,262.44,52.40248,-1.55797,True,-0.4883799999999999,0.04638497841133696,0.045953715845458244,0.011159395642736391,97.22388033,0.033000000000000015,0.05070318859135124,0.010696499946760907,97.314863986,9.84792
149810,0.0,262.44,52.40248,-1.55797,True,-0.4836999999999999,0.04398434064778316,0.05287058518479312,0.012427232640902959,97.35944471900001,0.03858000000000002,0.052730421327068074,0.011780303712362437,97.45643678450001,9.85501
149911,0.0,262.44,52.40248,-1.55797,True,-0.4941799999999999,0.058893365029028324,0.05144486692895502,0.011812935471103585,97.413912071,0.040390000000000016,0.05060378663913403,0.011750631188718245,97.36547186850001,9.85719
150010,0.0,262.44,52.40248,-1.55797,True,-0.5070499999999999,0.05171411262356034,0.053523213032651125,0.010641788696768954,97.21348091000002,0.044300000000000006,0.05271506215280927,0.011348597563867155,97.34811049300001,9.84639
150111,0.0,262.44,52.40248,-1.55797,True,-0.5066099999999999,0.05202449102744311,0.06133337318843277,0.010161561559787263,97.313345263,0.03713000000000001,0.05111373048840429,0.011355219064374972,97.52934812950001,9.85144
150211,0.0,262.44,52.40248,-1.55797,True,-0.51138,0.05401916943701073,0.06179298413973609,0.010095262915513699,97.35469906200001,0.03244000000000001,0.05188629020375141,0.00910857959410613,97.47085446500002,9.85328
150311,0.0,262.44,52.40248,-1.55797,True,-0.5144599999999999,0.056428562507514345,0.05911029333189143,0.009202318548424604,97.458138537,0.03835000000000001,0.0445241070781649,0.00925925962962662,97.515233107,9.85837
150411,0.0,262.44,52.40248,-1.55797,True,-0.4958499999999999,0.08625471645718294,0.06867019084810223,0.010504094439789318,97.69384298700001,0.03943000000000001,0.04546845182220185,0.008715656410541362,97.59989845850001,9.871020000000001
150510,0.0,262.44,52.40248,-1.55797,True,-0.5046099999999999,0.08481752242967822,0.0707011991097742,0.010566724500368104,97.471006775,0.01630000000000001,0.06877987431733175,0.007862739132554895,97.5025812915,9.85928
150610,0.0,262.44,52.40248,-1.55797,True,-0.5081299999999999,0.08753740851137143,0.06773388779303471,0.010885571490127635,97.64704042700001,0.01397000000000001,0.0709325195755105,0.008327224427539439,97.58489691700001,9.86802
150711,0.0,262.44,52.40248,-1.55797,True,-0.5073299999999998,0.08829097160335538,0.06215707700837829,0.011026941753925127,97.85461460700002,0.017400000000000013,0.07430521142181942,0.008453296529884972,97.53924746850001,9.8786
150811,0.0,262.44,52.40248,-1.55797,True,-0.50959,0.08790160471293418,0.060125350541859794,0.012490191707451963,97.686789543,0.006370000000000012,0.07203312586733336,0.008530311965113935,97.523117131,9.870000000000001
150910,0.0,262.44,52.40248,-1.55797,True,-0.5012399999999999,0.08131856696555352,0.05915508431237008,0.012391506948085745,97.72028032,0.005820000000000011,0.07215980413866298,0.007556667401848952,97.5670961955,9.87218
151011,0.0,262.44,52.40248,-1.55797,True,-0.48396999999999996,0.09063759399080737,0.051405365046449165,0.012440543039237636,97.87539321700001,0.004880000000000012,0.07103729536891312,0.007579064732680845,97.5444370635,9.88086
151111,0.0,262.44,52.40248,-1.55797,True,-0.48661999999999994,0.09062638565989353,0.04974734945483796,0.011951271433989849,97.578257347,0.006320000000000011,0.07141692609830111,0.007577921145593507,97.445801305,9.86569
151211,0.0,262.44,52.40248,-1.55797,True,-0.4860399999999999,0.09017320617073063,0.05040894541430109,0.011475679597402286,97.50133363600001,0.005640000000000012,0.07147699241323263,0.007272085135789196,97.428016349,9.86182
151311,0.0,262.44,52.40248,-1.55797,True,-0.4672299999999999,0.09097736043164376,0.05298893909742399,0.011552411965569574,97.607875082,0.012310000000000012,0.07504541513863579,0.006712840101042618,97.53300680950001,9.86811
151410,0.0,262.44,52.40248,-1.55797,True,-0.48534,0.07208863679910683,0.0386153337419807,0.011871160197910619,97.39058925600001,-0.00034999999999998644,0.07306616864183373,0.007784143426789676,97.5422161215,9.85642
151511,0.0,262.44,52.40248,-1.55797,True,-0.48329999999999984,0.07091954753254014,0.03315690141004461,0.010316222392157764,97.471118953,0.008100000000000013,0.0586334754593424,0.007686380451447156,97.471062864,9.86063
151610,0.0,262.44,52.40248,-1.55797,True,-0.45909999999999995,0.07399957957837287,0.033983878530919026,0.009122798060050286,97.465528358,0.020810000000000016,0.05729222266394111,0.005741815431062662,97.5562843925,9.86148
151711,0.0,262.44,52.40248,-1.55797,True,-0.46030999999999994,0.07355393259369722,0.031831656151350106,0.010636749712410144,97.396055956,0.007330000000000013,0.05304897213369275,0.005900433129106361,97.62533528150001,9.85791
151811,0.0,262.44,52.40248,-1.55797,True,-0.4609099999999999,0.0739921234546724,0.03148588572685207,0.009513154635089454,97.420307596,0.0027400000000000133,0.05833164188021217,0.00612754255617389,97.55354856950001,9.85911
151910,0.0,262.44,52.40248,-1.55797,True,-0.4420799999999999,0.07995693007278946,0.033256660151744825,0.00952969627591163,97.473259943,0.013090000000000013,0.06437379470282371,0.006260244936630753,97.59677013150001,9.86261
152011,0.0,262.44,52.40248,-1.55797,True,-0.45028999999999986,0.07517810629874158,0.03394788325922818,0.010655806971892607,97.400681658,0.0016700000000000124,0.061733532217076975,0.0062714963658293795,97.6380374375,9.858590000000001
152111,0.0,262.44,52.40248,-1.55797,True,-0.4389599999999999,0.07569127646784425,0.034307046571341926,0.010799223223095032,97.64087282300001,-0.006899999999999988,0.06333768406106373,0.0063491119238966625,97.609565085,9.871269999999999
152211,0.0,262.44,52.40248,-1.55797,True,-0.42566999999999994,0.06560967154313752,0.03747148397268243,0.01038165583025129,97.583296436,-0.006429999999999987,0.06338643475624745,0.006174643489479117,97.542315036,9.86899
152311,0.0,262.44,52.40248,-1.55797,True,-0.42616999999999994,0.06523330863564979,0.034893877208912565,0.011224101052844155,97.537526095,-0.007589999999999986,0.0617631398525152,0.0061601226538970585,97.5727005885,9.86666
152410,0.0,262.44,52.40248,-1.55797,True,-0.39792999999999995,0.09058612905835173,0.04168837434536306,0.011175866856759384,97.689835298,-0.007949999999999988,0.06202765064421957,0.006018130015946225,97.540212277,9.875350000000001
152511,0.0,262.44,52.40248,-1.55797,True,-0.3944499999999999,0.086328111167663,0.060862650469941694,0.01122784732509168,97.48188393699999,-0.0033899999999999876,0.059812864651132315,0.005878170539277704,97.476501445,9.8649
152610,0.0,262.44,52.40248,-1.55797,True,-0.3963399999999999,0.0852499488432478,0.05996848153640402,0.011568832650224556,97.409931007,0.0002700000000000133,0.06579341490180708,0.006357882246991557,97.4377296825,9.861189999999999
152710,0.0,262.44,52.40248,-1.55797,True,-0.3874999999999999,0.08465102217666487,0.0646317740915882,0.011317385838710062,97.55713124600001,0.003310000000000013,0.06453433969598571,0.00635274219005282,97.476593601,9.868979999999999
152811,0.0,262.44,52.40248,-1.55797,True,-0.3844799999999999,0.0801298640402552,0.06990381089598754,0.01191126450979219,97.414086897,0.005690000000000013,0.06167640373574523,0.0065402684280582365,97.4171972465,9.86185
152911,0.0,262.44,52.40248,-1.55797,True,-0.3924999999999999,0.07867200546854682,0.06903890690524474,0.012432466457716063,97.347629252,0.0049900000000000135,0.060619916969014455,0.006800890464568255,97.4104445975,9.85818
153011,0.0,262.44,52.40248,-1.55797,True,-0.37458999999999987,0.08511043087920062,0.07098622792879981,0.01195951039503297,97.49978645600001,0.008180000000000014,0.05900600346101495,0.007261932708763634,97.450234057,9.866530000000001
153110,0.0,262.44,52.40248,-1.55797,True,-0.3730699999999999,0.0850415460557621,0.07017577613079999,0.011594965382537155,97.24119036900001,0.014790000000000015,0.054551778665341444,0.007532743339724669,97.441031596,9.853480000000001
153212,0.0,262.44,52.40248,-1.55797,True,-0.3603699999999999,0.08767557686024437,0.06954183712784456,0.010996064952720916,97.255066833,0.017990000000000013,0.05463058667080959,0.007698600161353264,97.4191816345,9.85464
153311,0.0,262.44,52.40248,-1.55797,True,-0.3482599999999999,0.09227636268899005,0.06919654455088306,0.010594359086063548,97.234967968,0.009560000000000013,0.052874972025179615,0.008272047979655438,97.3862470315,9.85402
153411,0.0,262.44,52.40248,-1.55797,True,-0.3585299999999999,0.07978927872840343,0.06677424320470461,0.009569680129335074,96.894625167,0.01837000000000001,0.04894979400702489,0.007844325620752142,97.2922302325,9.836479999999998
153510,0.0,262.44,52.40248,-1.55797,True,-0.34334999999999993,0.06856567411369645,0.056129157604032184,0.008624409802673873,97.088955604,0.027100000000000013,0.051161834733814485,0.008123498151791933,97.2854197705,9.84703
153611,0.0,262.44,52.40248,-1.55797,True,-0.32382999999999995,0.0880602830136466,0.0561112595158005,0.008832396176702843,97.034175,0.007360000000000011,0.054010579210591075,0.008413058632596138,97.22205300350001,9.84477
153711,0.0,262.44,52.40248,-1.55797,True,-0.32041,0.08746796810515012,0.052250538540602194,0.007750010752681535,96.986614656,0.011050000000000011,0.05415802495164981,0.008632496741959695,97.271872951,9.842490000000002
153811,0.0,262.44,52.40248,-1.55797,True,-0.30194999999999994,0.06658590524861113,0.049224632496844986,0.007002094924616924,97.035153365,0.021340000000000012,0.05054466012016992,0.008603126046834495,97.22462013100001,9.8457
153911,0.0,262.44,52.40248,-1.55797,True,-0.2907799999999999,0.053482017746356025,0.04908210807757142,0.008451587622059309,97.00150681,0.005120000000000011,0.05380206109225417,0.00877876857980215,97.174568031,9.8444
154011,0.0,262.44,52.40248,-1.55797,True,-0.29152999999999996,0.05317096220891188,0.047290844779990446,0.007915413935972684,96.979708117,0.011460000000000012,0.05619844205034286,0.00917485089191273,97.23974728649999,9.84328
154111,0.0,262.44,52.40248,-1.55797,True,-0.28285999999999994,0.04552762775379652,0.05310155992691793,0.009553847392543634,96.89289222299999,0.01779000000000001,0.05949641352400211,0.009620579793104926,97.067041296,9.83913
154211,0.0,262.44,52.40248,-1.55797,True,-0.28763999999999995,0.048438487911065635,0.05448574635223999,0.010016037140506858,97.007410399,0.00854000000000001,0.06380019505366541,0.010750731241276849,97.13123861599999,9.84479
154311,0.0,262.44,52.40248,-1.55797,True,-0.2870599999999999,0.04879968579133147,0.055382151156056506,0.00983264969375055,96.807844492,0.00802000000000001,0.06406390559431156,0.01035484320391777,97.02140623,9.83466
154411,0.0,262.44,52.40248,-1.55797,True,-0.2845299999999999,0.04809439907329735,0.050406614424925576,0.009878933815617255,96.909548234,0.015300000000000012,0.07150319340185803,0.010300506999385457,96.9020867005,9.83993
154511,0.0,262.44,52.40248,-1.55797,True,-0.2665399999999999,0.06289322874699396,0.06336596440084453,0.009584918709445556,97.144259179,0.013780000000000011,0.07017620362738643,0.009297341316500077,97.1166073915,9.85221
154611,0.0,262.44,52.40248,-1.55797,True,-0.2614699999999999,0.07314276830661441,0.06332400720811454,0.009886219365022512,97.215358068,0.024000000000000014,0.060422126190081686,0.008527739051664093,97.124766534,9.855889999999999
154710,0.0,262.44,52.40248,-1.55797,True,-0.25042999999999993,0.07186541510969298,0.06245065607701488,0.00995771615939739,96.969303125,0.027860000000000013,0.06203116062823345,0.008481771303471228,96.9779588905,9.8437
154811,0.0,262.44,52.40248,-1.55797,True,-0.2422999999999999,0.07056076971109285,0.06649680359907098,0.010129544247728002,97.177551764,0.02828000000000001,0.06221992892596684,0.008571302247743108,97.10635256449999,9.85446
154911,0.0,262.44,52.40248,-1.55797,True,-0.2197299999999999,0.08356607565274209,0.07175120595195257,0.009735279485802112,97.363614135,0.03874000000000001,0.050112743998985854,0.007733254309937473,97.1825604725,9.8643
155011,0.0,262.44,52.40248,-1.55797,True,-0.21003999999999992,0.08204939162886309,0.07278268719661399,0.009594147521623764,97.14285830399999,0.039410000000000014,0.050452892219674715,0.004839467371972807,97.06128321050001,9.85332
155111,0.0,262.44,52.40248,-1.55797,True,-0.21176999999999993,0.08391973744795204,0.06476365921996222,0.009498865429326661,97.391731785,0.03886000000000001,0.05006971140317049,0.005783357348648567,97.14231200399999,9.865939999999998
155211,0.0,262.44,52.40248,-1.55797,True,-0.1866599999999999,0.08047974486374432,0.06928046141111377,0.009670252208592625,97.503941787,0.04381000000000001,0.040946806957280174,0.004838548910107296,97.255676093,9.87213
155311,0.0,262.44,52.40248,-1.55797,True,-0.18016999999999989,0.07668667927207352,0.06777171156826672,0.00972283109204604,97.523150723,0.05456000000000001,0.03499006843213697,0.005355588980987806,97.16549760749999,9.87326
155411,0.0,262.44,52.40248,-1.55797,True,-0.1570999999999999,0.0762458596325818,0.06639005029204768,0.010887015711898458,97.71923066100001,0.04654000000000001,0.029534996190904796,0.006179032646328136,97.3143894475,9.88359
155511,0.0,262.44,52.40248,-1.55797,True,-0.1799799999999999,0.10201830772518826,0.06076379495868618,0.010980669884443475,97.522988925,0.03815000000000001,0.03573243935444382,0.0065905319292948895,97.33362405199999,9.873090000000001
155611,0.0,262.44,52.40248,-1.55797,True,-0.1845999999999999,0.0997648457345798,0.06984755145635768,0.010960758286826465,97.31317597,0.03793000000000001,0.03590469019187551,0.006556159105922198,97.264267019,9.86234
155711,0.0,262.44,52.40248,-1.55797,True,-0.1822499999999999,0.09942073615588379,0.06729671363944914,0.012525511743815389,97.56200956,0.034110000000000015,0.03432363778954534,0.00849183267747117,97.26565634250001,9.87501
155811,0.0,262.44,52.40248,-1.55797,True,-0.18859999999999993,0.10374949531336436,0.06507705176688947,0.012408370830478892,97.43517707600002,0.02743000000000001,0.03619091506621717,0.009036567686655192,97.30636442,9.86844
155911,0.0,262.44,52.40248,-1.55797,True,-0.2021199999999999,0.09630656836950974,0.06367792308872458,0.0108053484698814,97.140961433,0.030530000000000012,0.03748315325282254,0.009033296432885932,97.252287784,9.85333
156011,0.0,262.44,52.40248,-1.55797,True,-0.2058299999999999,0.09599252343571071,0.06135298598188191,0.011183564329457933,97.32295311700001,0.02522000000000001,0.035713887743769865,0.009821382568432024,97.2329057105,9.8625
156111,0.0,262.44,52.40248,-1.55797,True,-0.19015999999999994,0.0915445149761702,0.06539189552233365,0.009947618363765464,97.41905496400001,0.012900000000000009,0.04030908361919274,0.00910552945558967,97.4053933745,9.867700000000001
156211,0.0,262.44,52.40248,-1.55797,True,-0.19566999999999993,0.08591670449401036,0.06038962475278525,0.01080791890750129,97.19348228999999,0.01619000000000001,0.039623546590900796,0.009868783556691916,97.3487120385,9.85623
156311,0.0,262.44,52.40248,-1.55797,True,-0.20455999999999994,0.09003013322709688,0.06024679244577609,0.01107484135828247,97.20023883399999,0.010110000000000011,0.031992202174855947,0.009770113157535848,97.36169477850001,9.856359999999999
156411,0.0,262.44,52.40248,-1.55797,True,-0.22021999999999992,0.07306964409991816,0.06302854379832729,0.011672327198216943,97.245322338,0.00511000000000001,0.03240800484100569,0.009655602863965104,97.4822764995,9.858419999999999
156511,0.0,262.44,52.40248,-1.55797,True,-0.1967099999999999,0.05356112707303043,0.0652780795265202,0.011675068403321455,97.343805124,0.01099000000000001,0.03241808308811559,0.00925027927506037,97.43339702450001,9.86401
156611,0.0,262.44,52.40248,-1.55797,True,-0.20367999999999992,0.052943781504534895,0.06362102727176833,0.011571713596333444,97.366270754,0.007630000000000009,0.03403713821364308,0.009195294690459313,97.339723362,9.86502
156712,0.0,262.44,52.40248,-1.55797,True,-0.2097799999999999,0.0540297613460489,0.06170597035767179,0.009796960980041576,97.31955980699999,0.01299000000000001,0.041379636698866545,0.00749788118218518,97.4407846835,9.86253
156811,0.0,262.44,52.40248,-1.55797,True,-0.1976999999999999,0.050068797114015205,0.06646250739245833,0.009678642007591966,97.47682517199999,0.013320000000000009,0.04117528384840654,0.006337577525272008,97.456001124,9.870740000000001
156911,0.0,262.44,52.40248,-1.55797,True,-0.1957199999999999,0.04976955338803464,0.0640647554345794,0.010322472787295553,97.51482968799999,0.003220000000000009,0.04130318255153911,0.00691854191446187,97.3278955605,9.87272
157012,0.0,262.44,52.40248,-1.55797,True,-0.18620999999999993,0.05449524851866595,0.06696039957404011,0.010037684549293421,97.348164185,0.00784000000000001,0.044862213746304204,0.006513618212803535,97.335558651,9.864419999999999
157111,0.0,262.44,52.40248,-1.55797,True,-0.19957999999999992,0.059087313923266355,0.06300051939824527,0.010314175789767933,97.262399751,0.011650000000000011,0.04028888046205482,0.006568646063768002,97.3407273575,9.85981
157212,0.0,262.44,52.40248,-1.55797,True,-0.1954799999999999,0.0649020253065255,0.06281200875985699,0.008736672389672007,97.38785137800001,0.00839000000000001,0.04054162332984564,0.0054369211058332865,97.290666834,9.86622
157311,0.0,262.44,52.40248,-1.55797,True,-0.1790199999999999,0.06153163233474209,0.06332316497322392,0.009628222404300776,97.373271485,0.011540000000000009,0.042971132428865265,0.005718391382193473,97.2867551595,9.86581
157410,0.0,262.44,52.40248,-1.55797,True,-0.1875399999999999,0.07156340157122554,0.05741447842955402,0.010312285014594726,97.184863065,0.00958000000000001,0.044960397388481704,0.0084360074811588,97.2150927015,9.85607
157511,0.0,262.44,52.40248,-1.55797,True,-0.18072999999999992,0.07957235770737976,0.057793933745525314,0.011065105311544409,97.19018613,0.00714000000000001,0.04392704052045567,0.00844264308271807,97.266995627,9.85641
157610,0.0,262.44,52.40248,-1.55797,True,-0.17478999999999992,0.07761231932567948,0.05287982286913301,0.010708646558324906,97.261441926,0.01323000000000001,0.043674453504145165,0.008360116958242915,97.31385634,9.86017
157711,0.0,262.44,52.40248,-1.55797,True,-0.1726099999999999,0.0756782142436729,0.05219515622486299,0.010950540321525055,97.130636474,-0.000559999999999989,0.04065278998211832,0.009246146344405704,97.2250981405,9.85359
157811,0.0,262.44,52.40248,-1.55797,True,-0.16202999999999992,0.08469708180726702,0.04805592228509719,0.012184967970596277,97.07994471399999,0.001410000000000011,0.04071869486007615,0.0096572367798541,97.278384943,9.85115
157910,0.0,262.44,52.40248,-1.55797,True,-0.16143999999999992,0.08447298318923696,0.04755965727383449,0.011600522018906037,97.090710643,0.01303000000000001,0.043234683864759996,0.008693733375250538,97.3027701655,9.85171
158011,0.0,262.44,52.40248,-1.55797,True,-0.16804999999999992,0.08345877558544935,0.0471522463233504,0.011524833091103337,97.100582086,0.0017300000000000115,0.04476980753435898,0.009038860547654534,97.2243731355,9.85211
158111,0.0,262.44,52.40248,-1.55797,True,-0.14400999999999992,0.08311561492550475,0.04532603985452112,0.010688810348522391,97.019984798,0.00356000000000001,0.0442814031695422,0.00897317607588498,97.14119227450001,9.84841
158211,0.0,262.44,52.40248,-1.55797,True,-0.1487499999999999,0.08153029770854976,0.0447216191816374,0.010505681002835849,96.835633274,0.01038000000000001,0.04726623883206903,0.008985197703875156,97.111742326,9.838989999999999
158311,0.0,262.44,52.40248,-1.55797,True,-0.1407499999999999,0.08864956288668527,0.050036840871991686,0.010158461169554473,97.107001646,0.00937000000000001,0.046312250599084635,0.008987800373589813,97.2401365655,9.85281
158410,0.0,262.44,52.40248,-1.55797,True,-0.11713999999999991,0.07257154630661981,0.05410596188143564,0.010121286699054481,97.245034904,0.01592000000000001,0.043173778049968636,0.006892314560432143,97.2149489845,9.86022
158510,0.0,262.44,52.40248,-1.55797,True,-0.1218799999999999,0.07068109601112471,0.05223781197566273,0.009064975332442472,97.039775933,0.01768000000000001,0.04340416774659567,0.007520409267819147,97.1149810315,9.849770000000001
158611,0.0,262.44,52.40248,-1.55797,True,-0.1293799999999999,0.07989775132422133,0.053950641021872255,0.010477043688200273,97.24371807700001,0.01753000000000001,0.043324820958752376,0.007791847591478743,97.2525800015,9.85995
158710,0.0,262.44,52.40248,-1.55797,True,-0.11121999999999992,0.07657064711755132,0.05395064102186956,0.01075321140662492,97.374995173,0.027860000000000006,0.03598932557790388,0.006988315645096474,97.2528158235,9.866850000000001
158811,0.0,262.44,52.40248,-1.55797,True,-0.11112999999999991,0.07664730262703685,0.052381656034276296,0.009262445081559274,97.191792964,0.02708000000000001,0.036464680018967695,0.006746324101970941,97.135868839,9.857569999999999
158911,0.0,262.44,52.40248,-1.55797,True,-0.11595999999999991,0.08324631723586258,0.05590724560480147,0.013017530914544578,97.13307571499999,0.02118000000000001,0.03269793741366479,0.00925443437253197,97.111893179,9.854470000000001
159011,0.0,262.44,52.40248,-1.55797,True,-0.10481999999999991,0.0802004682723968,0.055651638690096004,0.01304094406943895,97.316875854,0.026550000000000008,0.0213168816772355,0.008949792052205644,97.20872897000001,9.86394
159111,0.0,262.44,52.40248,-1.55797,True,-0.10416999999999992,0.08083592504436625,0.05839067752840384,0.012635769334182995,97.45584965600001,0.02709000000000001,0.02065878613184369,0.008975175640494364,97.237917227,9.87097
159211,0.0,262.44,52.40248,-1.55797,True,-0.1193799999999999,0.10118340663260104,0.05836339130352406,0.013082320555280849,97.462975095,0.02169000000000001,0.018282927676968794,0.00971610918926517,97.1493041845,9.87099
159311,0.0,262.44,52.40248,-1.55797,True,-0.1385099999999999,0.1018753208583923,0.05727471421921889,0.01475181721385958,97.223077713,0.013260000000000011,0.02481398351282251,0.010656244908761263,97.1650396795,9.85858
159411,0.0,262.44,52.40248,-1.55797,True,-0.1430499999999999,0.09897295085022144,0.06005068322308906,0.01609983091698693,97.265337708,0.006170000000000011,0.030267365997742733,0.011234391641539833,97.255186306,9.86067
159511,0.0,262.44,52.40248,-1.55797,True,-0.1508299999999999,0.09979578091727719,0.06065617491698437,0.01627098644827697,97.255413023,0.000590000000000011,0.03038594155923637,0.010816597328999662,97.147594478,9.86004
159611,0.0,262.44,52.40248,-1.55797,True,-0.1458799999999999,0.09567106610093366,0.05958632300195699,0.016292411321430583,97.041227613,-0.01064999999999999,0.035563347236495894,0.010372484969590923,97.142472845,9.84929
159711,0.0,262.44,52.40248,-1.55797,True,-0.1592599999999999,0.08869268039447106,0.060088190742202396,0.016098115831778146,97.05464706400001,-0.02105999999999999,0.0311212039183942,0.010405708903180162,97.2148211185,9.84982
159811,0.0,262.44,52.40248,-1.55797,True,-0.1619899999999999,0.0853827259396718,0.05997345801828553,0.017280959335510524,97.163568492,-0.01872999999999999,0.033926687299352505,0.010134780598400872,97.177680728,9.85533
159910,0.0,262.44,52.40248,-1.55797,True,-0.15705999999999992,0.08199047641173011,0.054688642940474735,0.014094604956823078,97.30409130900001,-0.03025999999999999,0.04036090517646541,0.00800849548916303,97.218583512,9.86259
160011,0.0,262.44,52.40248,-1.55797,True,-0.17287999999999992,0.07958182092803835,0.052603383921609535,0.01397127608901808,97.219424802,-0.03551999999999998,0.03951359259795267,0.007460898069263793,97.268150328,9.858059999999998
160111,0.0,262.44,52.40248,-1.55797,False,-0.17353999999999992,0.07828570466921589,0.05045462207660679,0.014042099399860704,97.18457271,-0.033539999999999986,0.04225418322482372,0.009384295391767213,97.320211183,9.856300000000001
160210,0.0,262.44,52.40248,-1.55797,False,-0.16080999999999993,0.06515611082452667,0.047097828447269646,0.013975279762654384,97.356018424,-0.04174999999999999,0.04188665260752717,0.009879186876118728,97.4094967595,9.86531
160311,0.0,262.44,52.40248,-1.55797,False,-0.1600699999999999,0.06434647620499688,0.046629513782148066,0.012642525240016618,97.362552943,-0.04048999999999999,0.04214389240048503,0.01071024431716085,97.292815328,9.86566
160411,0.0,262.44,52.40248,-1.55797,False,-0.15814999999999993,0.06640264803956925,0.04517453682974255,0.010090198764698537,97.345292804,-0.03190999999999999,0.04929598699012226,0.010541768774206352,97.305315256,9.86481
160511,0.0,262.44,52.40248,-1.55797,False,-0.14742999999999992,0.06836300250216801,0.043327847088643186,0.01094757710383705,97.57742682,-0.03123999999999999,0.04944413682797623,0.01097344775152727,97.41641992150001,9.87673
160611,0.0,262.44,52.40248,-1.55797,False,-0.14067999999999992,0.06623499914026931,0.0422387197302183,0.011548068621587838,97.587387951,-0.03025999999999999,0.04857205872603976,0.013682689794040642,97.314307782,9.87735
160711,0.0,262.44,52.40248,-1.55797,False,-0.1309899999999999,0.06753645024067777,0.042662650852721744,0.011604505829873511,97.59620505299999,-0.02326999999999999,0.049618523646777685,0.01375267246755859,97.3254260585,9.87792
160811,0.0,262.44,52.40248,-1.55797,False,-0.1321599999999999,0.06663682998996528,0.04605821075314399,0.01072370686324937,97.702793133,-0.020829999999999987,0.05285933219401226,0.013663580952458555,97.4331808125,9.88329
160911,0.0,262.44,52.40248,-1.55797,False,-0.12104999999999992,0.06578948328655283,0.04879335109535393,0.010915335796738842,97.64101933499998,-0.014789999999999989,0.04566782115325642,0.013383754663353323,97.472555322,9.8803
161011,0.0,262.44,52.40248,-1.55797,False,-0.11995999999999991,0.06378847335791822,0.048437865124106194,0.012824819686842103,97.659660891,-0.01144999999999999,0.04370965441279312,0.013395807801943467,97.4395428465,9.88127
161111,0.0,262.44,52.40248,-1.55797,False,-0.12555999999999992,0.05788072409898387,0.050154778214852216,0.01219512197561028,97.705012016,-0.011469999999999989,0.04369050367194258,0.01276810696836063,97.444792363,9.88352
161212,0.0,262.44,52.40248,-1.55797,False,-0.1055199999999999,0.07336674693317241,0.05012881296113215,0.012342231024684291,97.680663195,-0.002989999999999989,0.03732408962940102,0.012376774844663693,97.5183408095,9.882430000000001
161311,0.0,262.44,52.40248,-1.55797,False,-0.1033099999999999,0.06976274793900127,0.04973659059935385,0.013545380516373325,97.68464345099999,-0.0055799999999999895,0.039986686673291805,0.010482599338371855,97.523598197,9.88268
161411,0.0,262.44,52.40248,-1.55797,False,-0.09546999999999992,0.07598923973534828,0.04763483785824674,0.013599591497133348,97.516179259,-0.004979999999999989,0.040800021786448565,0.010342818227583537,97.4307360315,9.874199999999998
161510,0.0,262.44,52.40248,-1.55797,False,-0.0850799999999999,0.08380960963199516,0.047371417777241076,0.013511891881680928,97.510863459,0.00314000000000001,0.04562706798962883,0.010895442472273087,97.5441451395,9.87397
161611,0.0,262.44,52.40248,-1.55797,False,-0.09685999999999992,0.09783626003572728,0.04631196629625963,0.012675190114726375,97.530416986,0.0006100000000000119,0.050294122696142765,0.008744877865861478,97.55890246850001,9.87474
161710,0.0,262.44,52.40248,-1.55797,False,-0.10036999999999992,0.09776587736924587,0.048932834920301344,0.012575907301044216,97.33254567600001,0.00431000000000001,0.05275483021589574,0.00887321186993942,97.4643753645,9.86467
161811,0.0,262.44,52.40248,-1.55797,False,-0.10306999999999991,0.09785114602179376,0.049514918066328524,0.013105791764627978,97.340461543,0.00442000000000001,0.052864960039679165,0.010596016022803103,97.521627338,9.865039999999999
161911,0.0,262.44,52.40248,-1.55797,False,-0.1056699999999999,0.09738445061827289,0.048232833445963484,0.013445565150719213,97.46475381500001,0.0002200000000000091,0.058218759863096416,0.009367846900729131,97.552886575,9.87132
162011,0.0,262.44,52.40248,-1.55797,False,-0.08822999999999992,0.08951512659260231,0.057380732345001864,0.01310304883944579,97.270691911,0.004350000000000009,0.05808974378778244,0.009127985052083294,97.465176401,9.86168
162111,0.0,262.44,52.40248,-1.55797,False,-0.09065999999999991,0.08998758185932992,0.05251787420598593,0.013505591434661896,97.122458844,0.007220000000000009,0.05996252162807088,0.010018871082997472,97.41373543,9.85416
162211,0.0,262.44,52.40248,-1.55797,False,-0.1078899999999999,0.08021888735758857,0.05303646963284842,0.013533107551483242,97.000309975,-0.00470999999999999,0.07073454994238992,0.009979317500597069,97.34048658500001,9.84786
162310,0.0,262.44,52.40248,-1.55797,False,-0.1068899999999999,0.07901858360889645,0.051718663083222066,0.011918654845801437,97.094558482,-0.00683999999999999,0.07264515277855176,0.009981672093277905,97.3896009665,9.85267
162411,0.0,262.44,52.40248,-1.55797,False,-0.1084899999999999,0.07693037905939898,0.05738515100232734,0.011917382262897031,97.26332572499999,-0.0043399999999999914,0.07509280480399058,0.010253866479417537,97.38975249199999,9.8612
162511,0.0,262.44,52.40248,-1.55797,False,-0.12245999999999993,0.06333544207016098,0.053436484623274674,0.010136381120608823,97.15737889699999,-0.019259999999999992,0.07509280480399085,0.009265011842646975,97.334121178,9.85577
162611,0.0,262.44,52.40248,-1.55797,False,-0.11768999999999992,0.05400614059736865,0.05209794195129024,0.010683991139395402,97.20894095899999,-0.01758999999999999,0.07350380866925076,0.009652432048162168,97.3696789725,9.8585
162710,0.0,262.44,52.40248,-1.55797,False,-0.1098899999999999,0.05985056297888493,0.05061548840691626,0.010684157534510382,97.396805676,-0.01936999999999999,0.0718332645011058,0.009710956011979986,97.364675676,9.868089999999999
162811,0.0,262.44,52.40248,-1.55797,False,-0.11450999999999992,0.062279985192324076,0.044614691152926524,0.011114799943219424,97.234445313,-0.02719999999999999,0.06725004750099324,0.008750117459525895,97.287453428,9.85982
162911,0.0,262.44,52.40248,-1.55797,False,-0.12273999999999989,0.06572682861663487,0.047171555694840175,0.010613010882874507,97.052714983,-0.02441999999999999,0.0652597851325953,0.008596795268519163,97.25873439899999,9.85047
163011,0.0,262.44,52.40248,-1.55797,False,-0.13293999999999992,0.060493878478187824,0.04096976663079685,0.009887416244905071,97.309531368,-0.02627999999999999,0.06406605618853489,0.00851380578171911,97.2901116395,9.86342
163110,0.0,262.44,52.40248,-1.55797,False,-0.12456999999999989,0.06819811092203225,0.04173017027421951,0.009814479099779708,97.277553495,-0.031819999999999994,0.05842251848956562,0.006760744534931862,97.2000061695,9.86186
163211,0.0,262.44,52.40248,-1.55797,False,-0.1220199999999999,0.06795025631543881,0.044432376833957614,0.009835852784584197,97.517684609,-0.01979999999999999,0.05224608438275801,0.006268519229712665,97.258997292,9.87405
163311,0.0,262.44,52.40248,-1.55797,False,-0.11671999999999991,0.0641586194088135,0.056737161053832905,0.009920707860049966,97.322864373,-0.01540999999999999,0.04889474977492452,0.006515357924844389,97.20871142749999,9.86421
163411,0.0,262.44,52.40248,-1.55797,False,-0.12396999999999991,0.056122565277558524,0.0567105604510378,0.009923378680895795,97.32334216400001,-0.021899999999999992,0.03938592529201332,0.006595292934270057,97.29333394449999,9.864189999999999
163511,0.0,262.44,52.40248,-1.55797,False,-0.1151999999999999,0.0626117844782921,0.05840376319690277,0.010428747661046867,97.227243136,-0.012809999999999988,0.03278158188843287,0.008262229992222902,97.19231101649999,9.85938
163610,0.0,262.44,52.40248,-1.55797,False,-0.1088899999999999,0.056002885838345964,0.061045102633708916,0.008998987597379524,97.137678882,-0.01306999999999999,0.03332400036005461,0.00787270954344813,97.17330992049999,9.85493
163711,0.0,262.44,52.40248,-1.55797,False,-0.11023999999999992,0.054194817300391385,0.058685471418062414,0.00887393812113824,97.054777347,-0.01437999999999999,0.031474179893953125,0.008610361974579091,97.2257915115,9.85073
163811,0.0,262.44,52.40248,-1.55797,False,-0.09488999999999992,0.058759404920977136,0.06503587129853729,0.008827538980058777,97.221123144,-0.00575999999999999,0.03892186474916709,0.009399148897636657,97.2277842285,9.859269999999999
163911,0.0,262.44,52.40248,-1.55797,False,-0.08463999999999991,0.04975784025324475,0.06277462686294545,0.008827079547242454,97.268826962,-0.0008999999999999905,0.03498050250571656,0.009352813005243684,97.1607709725,9.861839999999999
164010,0.0,262.44,52.40248,-1.55797,False,-0.07799999999999992,0.04423507909140691,0.06135243905324603,0.007214499289625907,97.14368991400002,-0.00022999999999999047,0.03512099878352609,0.00917317344821601,97.22661064100001,9.85558
164111,0.0,262.44,52.40248,-1.55797,False,-0.06763999999999991,0.06365708828472885,0.06802089548239068,0.007241247590483244,97.37402217000002,-0.0012599999999999907,0.03528371358631816,0.009201545763858829,97.3257878325,9.8672
164211,0.0,262.44,52.40248,-1.55797,False,-0.06384999999999992,0.061517120471556636,0.06376822963761446,0.008628434903787686,97.17474575700001,0.0003400000000000094,0.03613798248069006,0.009262972884911758,97.346215183,9.857159999999999
164310,0.0,262.44,52.40248,-1.55797,False,-0.05806999999999991,0.05656341672063361,0.06123824150174933,0.008516624266040015,97.205564153,0.006970000000000009,0.03595302645269209,0.008923657695508642,97.26421426300001,9.8588
164410,0.0,262.44,52.40248,-1.55797,False,-0.04577999999999991,0.060477797578954766,0.06807708049625127,0.00857189205096203,97.290300266,0.008320000000000011,0.036210980532263605,0.008739717768132496,97.306821215,9.8631
164511,0.0,262.44,52.40248,-1.55797,False,-0.04203999999999991,0.06226604567856785,0.06648188057244181,0.00942955754823991,97.413501382,0.008210000000000009,0.03622554194053903,0.006327927517490333,97.320372259,9.86936
164610,0.0,262.44,52.40248,-1.55797,False,-0.03777999999999991,0.056260659236973584,0.06479233836739522,0.009656782302840691,97.44587983,0.01933000000000001,0.021459214544939015,0.00644846234901092,97.291779356,9.87106
164712,0.0,262.44,52.40248,-1.55797,False,-0.03911999999999991,0.056738949976585906,0.06625132619220518,0.00983847887971913,97.554420438,0.02260000000000001,0.024059001549365678,0.0059414270638879505,97.3045988925,9.87654
164811,0.0,262.44,52.40248,-1.55797,False,-0.02612999999999991,0.07567760640448583,0.06778748573465408,0.011269274846039044,97.58268364800001,0.016000000000000007,0.021448439466599842,0.0038494444043480425,97.401903396,9.87789
164911,0.0,262.44,52.40248,-1.55797,False,-0.023869999999999912,0.07416601572748847,0.07093986498752489,0.011190199084715531,97.525674533,0.020330000000000008,0.02087667757722711,0.00408035946128248,97.3972507475,9.875
165011,0.0,262.44,52.40248,-1.55797,False,-0.027769999999999913,0.07853507425914895,0.06991414496845663,0.01234198345305844,97.587778516,0.02162000000000001,0.02052179329388217,0.0050679384368738966,97.365734215,9.87811
165111,0.0,262.44,52.40248,-1.55797,False,-0.02696999999999991,0.07967415655169109,0.07188638025850448,0.012454222844749464,97.618575564,0.02222000000000001,0.01952905527660838,0.005025667451520972,97.49629886700001,9.87965
165211,0.0,262.44,52.40248,-1.55797,False,-0.02340999999999991,0.07788617692220319,0.07247007121719881,0.011386717408162288,97.60201654800001,0.02324000000000001,0.019935128124247314,0.005011497890955889,97.38838115249999,9.87883
165311,0.0,262.44,52.40248,-1.55797,False,-0.029409999999999915,0.08455051678665264,0.0677867579661331,0.012929707395503816,97.672671216,0.02191000000000001,0.019434016568811153,0.007209993065180082,97.4391176845,9.88237
165411,0.0,262.44,52.40248,-1.55797,False,-0.030229999999999913,0.0839880818264712,0.062456630285906166,0.01285858554516145,97.588027933,0.016990000000000012,0.025180700281435903,0.007265015102832851,97.4391640995,9.87812
165511,0.0,262.44,52.40248,-1.55797,False,-0.028889999999999916,0.08464954485669482,0.06318255824727491,0.01178937374644413,97.639701788,0.016730000000000012,0.02534947073734493,0.007265015102832851,97.52660158500001,9.880730000000002
165611,0.0,262.44,52.40248,-1.55797,False,-0.03879999999999991,0.09786260209543768,0.06678176813741374,0.011683991897749648,97.586454381,0.013480000000000011,0.024839341554995734,0.007164728420064377,97.5161671055,9.87787
165711,0.0,262.44,52.40248,-1.55797,False,-0.03641999999999991,0.0974892563881385,0.06632278056766187,0.011025646869408691,97.43014679699999,0.005070000000000009,0.023968222017153006,0.00747333035979349,97.49228361750001,9.86997
165811,0.0,262.44,52.40248,-1.55797,False,-0.05916999999999991,0.08253680727745949,0.06630894358986582,0.010974090698854253,97.429699771,0.0019800000000000104,0.027262134912674752,0.008797480699985117,97.5061917095,9.86996
165911,0.0,262.44,52.40248,-1.55797,False,-0.06261999999999991,0.08323768911310428,0.06324363472585404,0.011020163338173022,97.485541636,-0.00414999999999999,0.025255813412123698,0.008770784837550779,97.5056080845,9.87278
166011,0.0,262.44,52.40248,-1.55797,False,-0.0629199999999999,0.08348173186725623,0.0648682673663725,0.010513594374269887,97.39913950100001,-0.01578999999999999,0.03617428337610443,0.008829024106129244,97.4934590085,9.868390000000002
166111,0.0,262.44,52.40248,-1.55797,False,-0.06802999999999991,0.07503396342102381,0.058870204687976525,0.01035425838322955,97.31703150199999,-0.015459999999999991,0.036299501067848086,0.008865288113382332,97.46780353300001,9.86429
166211,0.0,262.44,52.40248,-1.55797,False,-0.07675999999999991,0.07685468539176696,0.06263344864282412,0.011071128618569183,97.24222689,-0.021649999999999992,0.031750354328683374,0.008840160883399641,97.422121719,9.8604
166311,0.0,262.44,52.40248,-1.55797,False,-0.0705299999999999,0.07384088072786998,0.06056159857720441,0.00868230000249623,97.348178868,-0.018719999999999994,0.03717594204137404,0.008009584536315785,97.510425042,9.865849999999998
166411,0.0,262.44,52.40248,-1.55797,False,-0.0821699999999999,0.06719232843115927,0.06327661056384597,0.009328004431103116,97.388882396,-0.01634999999999999,0.03723150547583228,0.007883343904147244,97.4884551645,9.86785
166511,0.0,262.44,52.40248,-1.55797,False,-0.08696999999999991,0.060934355388954496,0.06178975463442253,0.01060130495112179,97.276147033,-0.01686999999999999,0.03700096244990328,0.008913691092293527,97.4579244105,9.86214
166611,0.0,262.44,52.40248,-1.55797,False,-0.0675899999999999,0.053914633140433606,0.058271277468252045,0.011222403188860487,97.339909241,-0.01578999999999999,0.037775431463044205,0.009157850305730379,97.463181811,9.86558
166711,0.0,262.44,52.40248,-1.55797,False,-0.10408999999999993,0.11811382880745244,0.06031473378134905,0.013742488857554615,97.531624889,-0.02284999999999999,0.04643493057790357,0.00921281715871664,97.48088584300001,9.87446
166810,0.0,262.44,52.40248,-1.55797,False,-0.08434999999999991,0.132901745243957,0.06707583519174712,0.013310735016019188,97.61162544000001,-0.016339999999999986,0.04881120545299723,0.008399444426068346,97.52066260550001,9.87849
166911,0.0,262.44,52.40248,-1.55797,False,-0.09307999999999991,0.13637680480525122,0.06662591170944578,0.014033408550867757,97.623841187,-0.005869999999999991,0.057450153273146384,0.010646021687828862,97.5546914115,9.87899
167011,0.0,262.44,52.40248,-1.55797,False,-0.14674999999999994,0.22637600113282597,0.07169417766537955,0.014908420439470195,97.579613273,0.002750000000000011,0.04851256996327161,0.010252723215481723,97.48937638700001,9.87458
167111,0.0,262.44,52.40248,-1.55797,False,-0.1691399999999999,0.218218153843045,0.07188929838457593,0.014773328068591551,97.347587367,-0.0018299999999999885,0.05106375209260154,0.010210909198823141,97.3323094345,9.86263
167211,0.0,262.44,52.40248,-1.55797,False,-0.23275999999999994,0.28740753952841513,0.06730562548722274,0.014137908064648645,97.54061424700001,-0.004189999999999988,0.052869702518941235,0.01023332790444752,97.39142056850001,9.86955
167311,0.0,262.44,52.40248,-1.55797,False,-0.2957199999999999,0.3165632736471834,0.06876884307432883,0.01606169010063703,97.67856355400001,-0.01968999999999999,0.057146448319668065,0.009225333477859848,97.51337121099999,9.87404
167411,0.0,262.44,52.40248,-1.55797,False,-0.45353999999999994,0.5291941445884156,0.06632647870784131,0.016789798489956514,97.915714346,-0.01764999999999999,0.058089418619508386,0.009501818539390191,97.652298371,9.87188
167511,0.0,262.44,52.40248,-1.55797,False,-0.49903999999999993,0.5082008662373987,0.07507420107247863,0.016353011954988984,97.76197036100001,-0.03063999999999999,0.06840539614839745,0.008756515034846882,97.519058697,9.862829999999999
167611,0.0,262.44,52.40248,-1.55797,False,-0.5862399999999999,0.48726713230241536,0.08974376115737195,0.015373006645849927,97.604054958,-0.03599999999999999,0.06666641666617527,0.008498424690621568,97.4719820995,9.85086
167711,0.0,262.44,52.40248,-1.55797,False,-0.7302299999999999,0.6217778525236206,0.0861258284914479,0.009693548828416844,97.81483719600001,-0.02634999999999999,0.06308409290601501,0.008256606782177513,97.67323104249999,9.84515
167812,0.0,262.44,52.40248,-1.55797,False,-0.9343699999999998,0.6570042551020634,0.08264591473404637,0.0073782036356352726,98.15725430399999,-0.03363999999999999,0.060173530541050624,0.008679228076271764,97.884439872,9.843250000000001
167911,0.0,262.44,52.40248,-1.55797,False,-1.1031999999999997,0.6587051894942536,0.1090835464729457,0.010231628522490196,98.98838462900001,-0.06191,0.06655591550633151,0.00483883594816737,98.306112908,9.86763
168011,0.0,262.44,52.40248,-1.55797,False,-1.2095699999999998,0.6653934325728683,0.11770577489846343,0.010087621677636598,99.76227017,-0.059539999999999996,0.06906744208056789,0.00404816831006442,98.6709417215,9.893849999999999
168110,0.0,262.44,52.40248,-1.55797,False,-1.33421,0.5635958903919183,0.1144123419915999,0.014251222169812174,100.231970783,-0.06291999999999999,0.06923417267985311,0.0039620561440787214,98.789779075,9.90728
168212,0.0,262.44,52.40248,-1.55797,False,-1.4721899999999999,0.5778863468614572,0.11576987182434431,0.01917261936547393,100.586809072,-0.06471999999999999,0.06911216004918182,0.005796512361368599,99.0637116595,9.90489
168311,0.0,262.44,52.40248,-1.55797,False,-1.59187,0.5226094293702109,0.1308396240526003,0.0182668613128319,100.49959446,-0.07186999999999999,0.07679538542268864,0.0056479691532000135,99.089079007,9.88455
168411,0.0,262.44,52.40248,-1.55797,False,-1.55835,0.5273068603763761,0.1502512769404198,0.025350364888892876,99.829505927,-0.09638999999999999,0.0845525931003724,0.005683357771203469,98.87261013650001,9.85548
168510,0.0,262.44,52.40248,-1.55797,False,-1.7027299999999996,0.37844531397106335,0.14652025874337793,0.0431098596611032,100.373232135,-0.08112,0.09052324195106158,0.010218066788235091,99.067601248,9.865379999999998
168611,0.0,262.44,52.40248,-1.55797,False,-1.7566700000000002,0.26950208842726314,0.14307321396949052,0.048352111294820206,100.55638081800001,-0.10488,0.1081194586248493,0.012206687602382848,99.08021788799999,9.86847
168711,0.0,262.44,52.40248,-1.55797,False,-1.7665199999999999,0.2748125049718053,0.14932914465852976,0.049186082042247274,100.85998660300001,-0.12244,0.10421230680148147,0.012177775750200343,99.3374118995,9.88187
168811,0.0,262.44,52.40248,-1.55797,False,-1.76786,0.2758497425129015,0.14906065171228974,0.04919764673685579,100.857259283,-0.11342999999999999,0.11505017311299676,0.012929574195959975,99.50725679349999,9.88147
168911,0.0,262.44,52.40248,-1.55797,False,-1.7570299999999999,0.2735585375096784,0.18195231487643113,0.04891606870730507,101.18558944099999,-0.07744,0.13822341174906894,0.013922419968443792,100.086987035,9.899560000000001
169011,0.0,262.44,52.40248,-1.55797,False,-1.83081,0.3523243248611683,0.20970411324319743,0.04895802737493063,100.45908810099999,-0.040509999999999984,0.2009872049548243,0.013938499839571076,100.11067913549999,9.84662
169111,0.0,262.44,52.40248,-1.55797,False,-1.8811699999999998,0.325788646722568,0.22001432377614047,0.049674746546353475,99.961869413,-0.006909999999999983,0.2205612610792879,0.016864166481360927,100.096920098,9.81244
169211,0.0,262.44,52.40248,-1.55797,False,-1.7525599999999997,0.44245837016980816,0.21988861422700456,0.04878294784040846,99.544148864,-0.06524999999999999,0.3011321830470196,0.01696938747011976,100.06547896800001,9.810860000000002
169311,0.0,262.44,52.40248,-1.55797,False,-1.7764999999999997,0.45764057221068455,0.2605965839291826,0.049154365692852545,100.77469823199999,-0.02298999999999999,0.31348123973638936,0.022665688704391774,100.63714634600001,9.86758
169411,0.0,262.44,52.40248,-1.55797,False,-1.9418499999999999,0.5682686830286354,0.2502962202848691,0.04227154151698557,102.19572693199999,0.01624000000000001,0.30925700998072636,0.02282135695644064,101.01261642950001,9.90343
169511,0.0,262.44,52.40248,-1.55797,False,-1.96231,0.5715563478588671,0.25421481642282584,0.04454968387467352,102.672333497,0.04255000000000001,0.32045022581084104,0.023954855689631276,101.522782816,9.92318
169610,0.0,262.44,52.40248,-1.55797,False,-2.0141099999999996,0.5385068212711365,0.24894741992816471,0.04603076748823083,103.507888022,0.014400000000000013,0.3614758021715318,0.02453080602924397,102.03213442,9.95663
169710,0.0,262.44,52.40248,-1.55797,False,-2.01114,0.5390248524470311,0.2489669232827733,0.046892624390433034,103.286868398,-0.016529999999999982,0.3919271759169286,0.024525179804527272,102.0734275005,9.946100000000001
169811,0.0,262.44,52.40248,-1.55797,False,-1.8837499999999998,0.6824173735088048,0.24948803155440266,0.047383153358786026,102.78213559000001,-0.07080999999999998,0.4189889164537746,0.0241529133278404,101.8196974365,9.93773
169910,0.0,262.44,52.40248,-1.55797,False,-1.8636999999999997,0.6893478899172191,0.23004423825768638,0.0473395019454626,101.68049615200002,-0.07219999999999999,0.41816811611280263,0.023331657082645684,101.4330427965,9.88594
170011,0.0,262.44,52.40248,-1.55797,False,-1.6564299999999996,0.792805879350881,0.1906842486066131,0.046773592977234636,102.003482291,-0.13639,0.3883771747784441,0.023377329949237236,101.231285196,9.93284
170111,0.0,262.44,52.40248,-1.55797,False,-1.5657599999999998,0.8075921154202038,0.15073072532020867,0.04729854237829243,102.477085816,-0.14975999999999998,0.3755019431818304,0.02253848313933681,101.2194776145,9.97086
170211,0.0,262.44,52.40248,-1.55797,False,-1.56266,0.8106550742043895,0.14203203903032346,0.05453664313509274,102.699218367,-0.09288999999999999,0.3314690079362161,0.022516107814430506,101.1216836155,9.98237
170311,0.0,262.44,52.40248,-1.55797,False,-1.47358,0.7886752828495193,0.12386646438807453,0.056604558120349396,101.252862971,-0.15850999999999998,0.3212821344066398,0.0161385012384102,101.0137806015,9.92511
170411,0.0,262.44,52.40248,-1.55797,False,-1.36207,0.6077788962918751,0.15296558109588426,0.06558243667324365,101.141014436,-0.20253000000000002,0.30197370764870984,0.01670562114312793,101.668370684,9.946470000000001
170511,0.0,262.44,52.40248,-1.55797,False,-1.2902799999999999,0.5452870514182755,0.156825501398498,0.05775992843947563,100.969598861,-0.22405,0.26957713903238595,0.011278081003036605,101.820966179,9.95063
170611,0.0,262.44,52.40248,-1.55797,False,-1.2203399999999998,0.49705174154988213,0.19972184129155593,0.04400056060248944,101.318944141,-0.19106,0.24282302746375603,0.011285531543625516,102.4134160815,9.97855
170711,0.0,262.44,52.40248,-1.55797,False,-1.14895,0.4337134595559533,0.20820263740458023,0.04410314803578855,100.866295821,-0.12894,0.23738993800636085,0.012881015315397317,102.0765821095,9.966840000000001
170810,0.0,262.44,52.40248,-1.55797,False,-1.25606,0.4404781800624225,0.21214368296563177,0.05184535659053771,101.622882346,-0.11909999999999998,0.22197746131832957,0.012881015315397317,102.202508968,9.991499999999998
170911,0.0,262.44,52.40248,-1.55797,False,-1.20735,0.42992676960409826,0.19594833332624506,0.056075762242800795,101.809460373,-0.20465999999999998,0.2691747561219862,0.012845734268185435,101.74497826249998,10.00754
171011,0.0,262.44,52.40248,-1.55797,False,-1.37929,0.4104582573173452,0.21224793782534207,0.056310134276364804,102.81510667699999,-0.2481,0.3104168702460143,0.013844854639899434,102.409294484,10.03596
171111,0.0,262.44,52.40248,-1.55797,False,-1.4374099999999999,0.3980865273055768,0.2283364440177365,0.06423574723020069,103.649520184,-0.29453,0.28252937330085776,0.014028241356474474,103.06330299999999,10.06945
171210,0.0,262.44,52.40248,-1.55797,False,-1.46725,0.35643520916616067,0.25634812462742296,0.062196852367659705,104.825935064,-0.33503000000000005,0.2778752359922984,0.01870449737956539,103.76257671549999,10.12421
171311,5.5,260.1,52.402466,-1.558103,False,-1.45498,0.36669754657845494,0.2222773382760986,0.06330689272635863,105.25664534,-0.28979999999999995,0.30052916294059623,0.017700034526016303,103.2547541555,10.14762
171410,5.5,260.1,52.402466,-1.558103,False,-1.3846299999999998,0.3428708537238552,0.2594676173329571,0.05957973555571476,104.04310196700001,-0.34608000000000005,0.3470826248091976,0.018696939737708532,102.59205820150001,10.0975
171511,5.5,260.1,52.402466,-1.558103,False,-1.35971,0.3491026924686789,0.2614320869960472,0.05895132549636005,103.77262132999999,-0.40302,0.31734550326803496,0.021884840009060443,102.3711100955,10.087250000000001
171610,5.5,260.1,52.402466,-1.558103,False,-1.39197,0.35059446674342,0.24572645337628485,0.0587349072812186,103.109269698,-0.39067,0.3270975527270082,0.02413684366735167,102.2141069195,10.05021
171710,5.5,260.1,52.402466,-1.558103,False,-1.37902,0.36074661405971303,0.22704153340058003,0.06031152091893859,103.737547433,-0.43156999999999995,0.27612185735850237,0.026614448874414855,102.301921627,10.08327
171811,5.5,260.1,52.402466,-1.558103,False,-1.25945,0.413650561733228,0.22895113136989248,0.0564490734103661,103.13086947200001,-0.43148,0.27613394414868503,0.026476354230393708,102.376875909,10.06695
171911,5.5,260.1,52.402466,-1.558103,False,-1.24994,0.41946572949671956,0.27872316831500493,0.04661662197590529,102.43826952500001,-0.37750999999999996,0.26792132945656943,0.0246630988410702,102.123864949,10.03233
172011,5.5,260.1,52.402466,-1.558103,False,-1.1327399999999996,0.2987640548065281,0.26616173779614954,0.03727576513858138,101.60487058999999,-0.34232999999999997,0.24420191577189646,0.028222372921731593,102.2099886335,10.008880000000001
172111,5.5,260.1,52.402466,-1.558103,False,-1.0552,0.2552757289241811,0.26820912342589764,0.044579897063836235,101.445947891,-0.3204,0.25377436172053386,0.028540888797185148,102.5477340375,10.01045
172210,5.5,260.1,52.402466,-1.558103,False,-0.9979099999999999,0.2979426359776793,0.2847945655302341,0.06068611501452015,101.520459196,-0.28006,0.2561704128982152,0.040075046267388025,103.17319712999999,10.01857
172311,5.5,260.1,52.402466,-1.558103,False,-0.9200499999999998,0.3563037444840125,0.31697671768689195,0.06967776705823912,100.701082891,-0.3110399999999999,0.2300092809721621,0.03861043180857219,102.9788641155,9.98248
172411,5.5,260.1,52.402466,-1.558103,False,-0.8411299999999999,0.3798855150641457,0.3053533727048416,0.06729721803726783,100.901298995,-0.29897999999999997,0.20042918283855518,0.03884393274516717,102.472200481,9.999
172511,5.5,260.1,52.402466,-1.558103,False,-0.7779899999999998,0.3715879152741299,0.3136840129812167,0.06784970318448146,100.350643715,-0.36361999999999994,0.333580361132563,0.038938606948773484,102.0616325225,9.976600000000001
172611,5.5,260.1,52.402466,-1.558103,False,-0.6319299999999999,0.31667608424592225,0.3282406102575087,0.06975706176916197,100.72180429900001,-0.45679,0.3804789889074009,0.04051576373599628,101.9155369985,10.00676
172711,5.5,260.1,52.402466,-1.558103,False,-0.5174199999999999,0.34638969961590643,0.3292275641558578,0.07463816494707436,100.658748341,-0.50715,0.38734820467721925,0.04817226495724561,102.198147887,10.009269999999999
172811,5.5,260.1,52.402466,-1.558103,False,-0.45025999999999994,0.3970656010731148,0.35520723669429977,0.07642697604031366,99.884808277,-0.50736,0.38728283721331913,0.049811533693401334,101.5078388745,9.97129
172911,5.5,260.1,52.402466,-1.558103,False,-0.40702999999999995,0.35448667754311186,0.3369232461225794,0.0802033831372884,101.364540575,-0.5415,0.3690435746629364,0.04504679665513254,101.90140505,10.04906
173011,5.5,260.1,52.402466,-1.558103,False,-0.3150599999999999,0.31888284578091153,0.35132566342038757,0.08964024393838599,101.952220748,-0.57728,0.3645902473249153,0.04501868871183728,101.77854566900001,10.08218
173111,5.5,260.1,52.402466,-1.558103,False,-0.3255099999999999,0.3392789755086828,0.35058985866678705,0.08375445925110171,101.951376198,-0.60854,0.33347132876922064,0.03561436039951638,101.6986620445,10.081230000000001
173211,5.5,260.1,52.402466,-1.558103,False,-0.3283899999999999,0.3415552418309832,0.3185461782327113,0.0769650866013647,100.318358982,-0.7642199999999999,0.4152223308060382,0.040077093762452574,100.91940908900001,10.000710000000002
173311,5.5,260.1,52.402466,-1.558103,False,-0.3296599999999999,0.3416639843797139,0.3373480523797999,0.07516428008036805,100.096680464,-0.8019399999999999,0.3805923196515885,0.042333564303831554,100.3988816775,9.98902
173410,5.5,260.1,52.402466,-1.558103,False,-0.3344299999999999,0.34288425338913037,0.35654268312347853,0.07710323598915944,99.59263845299999,-0.8271099999999999,0.38287261429589997,0.04081146897625685,100.24696872400001,9.96296
173511,5.5,260.1,52.402466,-1.558103,False,-0.4109299999999999,0.45907516946816107,0.4413646400023938,0.07948551510250859,101.92083713800001,-0.81056,0.37077442738139205,0.03849241772378293,101.1357404265,10.069109999999998
173610,5.5,260.1,52.402466,-1.558103,False,-0.5689099999999999,0.5899535263240824,0.4461634335582001,0.08098706618274859,102.358960786,-0.7491099999999999,0.37974177615263044,0.04004719576810422,101.5403825425,10.07685
173711,5.5,260.1,52.402466,-1.558103,False,-0.6523699999999999,0.5460965096838524,0.4484484437108296,0.08109209031163965,101.965940641,-0.7795099999999999,0.3944527952324153,0.03830454571225453,101.312344491,10.054400000000001
173811,5.5,260.1,52.402466,-1.558103,False,-0.7549199999999999,0.48054859113771287,0.6581182315258162,0.08344770551402576,100.07454914600001,-0.91859,0.48132085729445195,0.03647946758870707,99.9796787115,9.9452
173913,5.5,260.1,52.402466,-1.558103,False,-0.7240999999999999,0.504739305648632,0.6784555742436095,0.08574520135585179,97.91044637799999,-1.21906,0.9294489445066064,0.05588677442432625,99.6374934765,9.83578
174011,5.5,260.1,52.402466,-1.558103,False,-1.1712599999999997,1.2462485878293545,1.1053336351024912,0.0850965262380186,105.053543898,-1.7076999999999998,1.6385650605873967,0.0846202372695535,103.502882323,10.05904
174111,5.5,260.1,52.402466,-1.558103,False,-1.0581599999999998,1.317767375525739,1.1527357798828917,0.14080087160399418,106.644549926,-1.6566499999999997,1.6897239598690543,0.09225799814770638,104.29796306200001,10.13736
174211,5.5,260.1,52.402466,-1.558103,False,-1.0951699999999998,1.3081170089101335,1.1667127583276191,0.19023390310060112,106.14955421699999,-1.6313299999999997,1.6918685738621142,0.08927100375324054,103.23395659949999,10.108659999999999
174311,5.5,260.1,52.402466,-1.558103,False,-1.03365,1.359886286299947,1.3191697682001862,0.3931777624547056,103.76010987299999,-1.90919,1.7390107791180858,0.11144092804909884,101.92839516849999,9.97302
174411,5.5,260.1,52.402466,-1.558103,False,-1.16753,1.3602701848039824,1.4411124163491058,0.6072981479928583,101.42837377599999,-2.00808,1.7075972077747152,0.11406398837689495,100.5105061145,9.82501
174511,5.5,260.1,52.402466,-1.558103,False,-1.57063,1.8965365339364142,2.6749888185851503,1.8445244254278663,92.99148491099999,-1.8506299999999996,1.8767278604883917,0.39094734740684006,97.4561610245,8.99152
174610,5.5,260.1,52.402466,-1.558103,False,-4.59961,9.798927149602767,2.64484449912572,4.42866481955905,193.49927183399998,-0.6887700000000001,4.550443192102891,1.5730518655008026,147.92911630999998,8.92357
174711,5.5,260.1,52.402466,-1.558103,False,-4.35624,9.9341928630586,2.997126509100941,4.391275679761709,185.679025186,-0.5241,4.564289447682105,1.6948690115233749,143.82248291349998,8.354539999999998
174811,5.5,260.1,52.402466,-1.558103,False,-4.267580000000001,9.972140828973929,3.525281553278963,4.287719423617486,178.98191874499997,-0.52983,4.56609168303582,1.6975536078591318,139.5282339455,7.7514899999999995
174911,5.5,260.1,52.402466,-1.558103,False,-4.506259999999999,9.893213161803846,4.12693713443222,4.17901760158214,171.17932038599997,-0.20509000000000005,4.4437999115996805,1.781531191762362,134.544883382,6.888859999999999
175011,5.5,260.1,52.402466,-1.558103,False,-3.85535,10.106229754325902,11.580940789187496,4.063656350846831,322.254044485,-1.4369100000000004,7.045862369496646,1.9286134494328648,213.6537941915,9.734559999999998
175111,5.5,260.1,52.402466,-1.558103,False,-4.00802,10.049863963567974,12.075467095617187,4.263253847004656,352.14588663399996,-1.5990400000000002,7.025857514480192,1.936058132047348,229.39521827999997,10.67458
175211,5.5,260.1,52.402466,-1.558103,False,-4.19591,10.00387275225061,12.251801151740008,4.258798606923476,345.58730171499997,-1.1599800000000002,7.176059656137514,1.9418747270786203,225.86842796599998,10.13982
175311,5.5,260.1,52.402466,-1.558103,False,-3.9537999999999998,10.151725174570082,12.266037264237651,4.301515855860841,345.251881421,-0.7351200000000004,7.1530214572895305,1.944218662513727,224.50599564700002,10.072610000000001
175411,5.5,260.1,52.402466,-1.558103,False,-3.6698899999999997,10.258613375917601,12.250499431832703,4.352993110607918,350.964681397,-0.4529100000000003,7.154979166900333,1.941039245953912,226.1965275865,10.37854
175511,5.5,260.1,52.402466,-1.558103,False,-3.9043299999999994,10.327433861113157,11.984575386540262,4.281486516892623,359.41296417399997,-0.5383300000000004,7.146231890856109,1.8758398921549777,226.2022245425,10.90467
175611,5.5,260.1,52.402466,-1.558103,False,-1.25873,3.420726114616923,12.05347043314359,1.957343007582812,255.48049413900003,-1.51719,5.926785449400224,1.1204068598306391,224.48988298649996,10.61166
175711,5.5,260.1,52.402466,-1.558103,False,-1.68798,3.278115717840894,11.880254422121327,1.6519250346187004,274.588016399,-2.0004700000000004,5.935456047076567,0.9783593547930685,230.13352079249998,11.62071
175810,5.5,260.1,52.402466,-1.558103,False,-1.39948,3.555056899622779,11.438159826985574,1.34135519320325,292.295544019,-2.1330400000000003,5.9464644465243195,0.9712564918129952,235.63873138199997,12.69701
175910,5.5,260.1,52.402466,-1.558103,False,-1.30376,3.5312237526890766,10.908129613992797,1.2353524706648593,295.64579217100004,-1.9348000000000003,6.04763567777616,0.770126608350138,233.41255627849995,13.25273
176011,5.5,260.1,52.402466,-1.558103,False,-1.5179399999999998,3.368499047614196,5.070875808247203,1.066605191405577,148.614311774,-0.4357800000000001,2.4199062253640227,0.5656817916854338,235.43417812950003,10.628060000000001
176110,5.5,260.1,52.402466,-1.558103,False,-1.32486,3.434127210870968,3.7426786750935603,1.0028878424053402,119.344635971,-0.28489000000000014,2.389752927466212,0.6500050875014562,235.7452613025,9.71435
176211,5.5,260.1,52.402466,-1.558103,False,-1.22457,3.3996776082609776,3.212344702705498,1.0087269710988283,125.33147868200001,-0.5585000000000001,2.1121033144974484,0.6311997373608789,235.45939019850002,10.205029999999999
176311,5.5,260.1,52.402466,-1.558103,False,-1.5301,3.1375038670184177,3.1306274979804263,1.005951816882341,126.22688051200001,-0.54851,2.119608155322844,0.6401633558883391,235.7393809665,10.3056
176411,5.5,260.1,52.402466,-1.558103,False,-1.60181,3.0792392795948755,3.116895694989571,0.977994134042846,123.31998467600002,-0.5937600000000002,2.090791693859316,0.6344780213337209,237.1423330365,10.172369999999999
176510,5.5,260.1,52.402466,-1.558103,False,-0.8233999999999998,2.2425725183369147,3.004025461517348,0.9062581628751113,121.235047671,-0.3866500000000001,2.2253682188447916,0.6123067808614298,240.32400592250002,10.38793
176611,5.5,260.1,52.402466,-1.558103,False,-0.35995,1.534852328220673,2.721481905322918,0.7760920765103946,124.512693482,-0.6041900000000001,2.135077278044572,0.5790785347812872,189.9965938105,10.75161
176711,5.5,260.1,52.402466,-1.558103,False,-0.13611,1.3166476880066704,2.416807318228848,0.7604488038140478,114.09744909800001,-0.11472000000000011,1.7221886693649118,0.497810017420745,194.3427327485,10.356729999999999
176811,5.5,260.1,52.402466,-1.558103,False,-0.48462999999999995,0.7969484160777682,2.1978041403991484,0.7596697265551908,105.311451167,0.17677999999999988,1.3543196904719343,0.33892556770542176,198.803497593,10.00788
176911,5.5,260.1,52.402466,-1.558103,False,-0.25294,0.7504441606290229,1.7366057187322061,0.5026309236850023,111.486027799,-0.014630000000000112,1.244037949626581,0.3829952139242564,203.56590998500002,10.40197
177011,5.5,260.1,52.402466,-1.558103,False,-0.33574,0.7796018716128111,0.8031136275632896,0.4507742377781129,98.47184443900001,0.24005999999999988,0.7461097360457226,0.3380062780482015,123.5430781065,9.86061
177111,5.5,260.1,52.402466,-1.558103,False,-0.33570999999999995,0.7796412229708812,0.6622161581471734,0.29875502134319337,96.68660070199999,0.25398999999999994,0.7416200531419157,0.24679343499281686,108.01561833650001,9.77917
177210,5.5,260.1,52.402466,-1.558103,False,-0.12067999999999998,0.5969693530194173,0.6775098093591436,0.3296223092840834,99.891858544,0.1802399999999999,0.7761588900905938,0.19405188338287946,112.611668613,9.957080000000001
177313,5.5,260.1,52.402466,-1.558103,False,0.0024800000000000156,0.6609778207742931,1.2947155946813877,0.7084423954469841,112.431345176,0.1380199999999999,0.7417447161928393,0.1491933901574225,119.329112844,10.513300000000001
177411,5.5,260.1,52.402466,-1.558103,False,0.06158000000000001,0.719210497389696,1.2760912142598493,1.3199612506517822,114.43401240399999,0.0591699999999999,0.7515595031517955,0.2485941216789561,118.87699854,10.60656
177511,5.5,260.1,52.402466,-1.558103,False,-0.06593999999999997,0.8169820250980501,1.2562198024673767,1.5086793916461418,115.532844043,-0.1273500000000001,0.4337244292814874,0.28494188179346025,118.383945857,10.65399
177610,5.5,260.1,52.402466,-1.558103,False,-0.02071999999999999,0.7791591105515826,1.5758092608773244,1.4482011711468492,110.55513264999999,-0.2660200000000001,0.7602934532870238,0.29489185381160105,117.533913066,10.381400000000001
177711,5.5,260.1,52.402466,-1.558103,False,-0.026009999999999988,0.7820414118759099,1.5774624596343423,1.4116361304843694,110.129372437,-0.4952700000000001,0.8064358926783934,0.2934373860903784,112.1134107675,10.36044
177811,5.5,260.1,52.402466,-1.558103,False,-0.09729999999999997,0.8711150517200988,1.5758554142997545,1.3479026262638127,110.344676331,-0.4738200000000002,0.8162237095306637,0.2941428572045269,107.828063749,10.36423
177911,5.5,260.1,52.402466,-1.558103,False,0.17124000000000003,1.3877588048520622,1.5953822022394168,1.2397404908106981,113.822325907,-0.38396000000000013,0.8950915411906808,0.3653044818291212,112.654176853,10.477070000000001
178011,5.5,260.1,52.402466,-1.558103,False,0.39216,1.36494839723379,1.7732570579147624,1.1658968803267082,111.257307399,-0.3649300000000001,0.8975660199178154,0.36992241288620764,104.864575919,10.32457
178111,5.5,260.1,52.402466,-1.558103,False,0.3536,1.3643481064433431,1.7818602583941654,0.9442404675481512,109.47982534999998,-0.42365000000000014,0.882790748139103,0.39276892683725273,103.083213026,10.23826
178213,5.5,260.1,52.402466,-1.558103,False,0.6851100000000001,1.713533627365128,2.1579895866292,0.703105312879938,118.92113780899999,0.2790899999999999,2.375506239590486,0.5295810981856828,109.40649817650001,10.56494
178311,5.5,260.1,52.402466,-1.558103,False,0.6298600000000001,1.7164987006500516,1.9142610201967056,0.6849731011750235,105.696868559,0.1364199999999999,2.40312652221596,0.5512105567647332,109.0641068675,9.96747
178411,5.5,260.1,52.402466,-1.558103,False,0.21398,2.095177110943655,1.895970022295852,0.6906266217477155,105.520990475,0.3452399999999999,2.4437180698453917,0.5042948014582106,109.9775014395,9.91409
178511,5.5,260.1,52.402466,-1.558103,False,0.26805,2.062215779339188,1.8940910210441557,1.2301999751169614,103.47335216100001,0.3519199999999999,2.442584967611157,0.5022618922877214,109.503098102,9.81556
178611,5.5,260.1,52.402466,-1.558103,False,0.25764000000000004,2.0663223913244684,1.8430676550252,1.45372293711315,104.173877487,0.3668399999999999,2.4259669825544705,0.5439040605760445,107.36450506850001,9.85939
178711,5.5,260.1,52.402466,-1.558103,False,0.18522,2.105520698755742,1.8445373595204724,1.6425315068853643,104.44042529600002,0.47594999999999993,2.347507375091952,0.5521751851641917,107.2848988665,9.86682
178811,5.5,260.1,52.402466,-1.558103,False,0.41064,2.04291912343315,2.0830047670506318,1.7411397973103055,99.420834776,0.42558999999999986,2.3652381582928266,0.5597452163459913,104.8827555535,9.57032
178911,5.5,260.1,52.402466,-1.558103,False,-0.11591000000000004,1.8772028147396975,2.0539649862860347,1.8000572189670943,97.883945191,0.39305999999999985,2.3633375191312243,0.5150436054894322,105.85313554899999,9.53426
179010,5.5,260.1,52.402466,-1.558103,False,-0.49563000000000007,1.950920263220519,2.029028171563936,1.539287499822923,104.8740431,0.2874299999999999,2.414568900583842,0.504018624986549,108.06567524949999,9.874089999999999
179110,5.5,260.1,52.402466,-1.558103,False,-0.3580600000000001,2.0512830554991073,2.028022125125879,1.367884529767689,105.575306046,0.20469999999999988,2.4578102991619724,0.5323118343602725,107.52756569800002,9.897400000000001
179211,5.5,260.1,52.402466,-1.558103,False,-0.75587,1.5032062873515748,1.4277490650982727,1.0195413225781667,95.13439296300001,-0.42833000000000016,1.055299260399626,0.37583810477384844,107.02776538600001,9.52338
179311,5.5,260.1,52.402466,-1.558103,False,-0.7105800000000001,1.544748329592154,1.3311943210683177,0.6888772214424098,98.76003458400001,-0.14038000000000012,1.275530711159519,0.4305518578909301,102.2284515715,9.72176
179410,5.5,260.1,52.402466,-1.558103,False,-0.5907500000000001,1.3644762472994603,1.569212797693331,0.4394623266624206,102.871507063,-0.5357400000000001,1.251134516437869,0.4869804998377456,104.196248769,9.9313
179510,5.5,260.1,52.402466,-1.558103,False,-0.48688000000000003,1.4002975277497982,1.6929299244209997,0.3848718464920691,100.240762065,-0.8162500000000001,1.4186717287268706,0.4898930233564585,101.857057113,9.78057
179611,5.5,260.1,52.402466,-1.558103,False,-0.6161300000000001,1.462191765087214,1.5887074110036317,0.42724986704372603,104.457447383,-0.5149400000000001,1.457306610916941,0.48556214661176017,104.315662435,9.9941
179710,5.5,260.1,52.402466,-1.558103,False,-0.5728600000000001,1.450771954052959,1.7372285685987463,0.40933070153876183,99.889593424,-0.5713600000000001,1.4708648583590385,0.45104210803673367,102.16500936,9.74428
179811,5.5,260.1,52.402466,-1.558103,False,-0.79449,1.3664872276103404,1.4021049877079945,0.38112289779310693,106.036750762,-0.5534800000000001,1.4722705139417216,0.4095333497476779,102.72879276899998,10.09731
179911,5.5,260.1,52.402466,-1.558103,False,-0.81889,1.390978671016272,1.400607843005663,0.35627863627596257,102.73886382200001,-0.6522900000000001,1.4360429531257835,0.384916949339578,100.3114045065,9.92781
180011,5.5,260.1,52.402466,-1.558103,False,-0.6732800000000001,1.2610787954939282,1.3739078330724648,0.3187794049181863,96.846124882,-0.7192900000000001,1.4809551598358552,0.27117738679895387,100.860083991,9.65726
180111,5.5,260.1,52.402466,-1.558103,False,-0.86291,1.0012652223284377,1.4108417509495235,0.33136671679574725,98.175837733,-0.5575300000000001,1.4970826719916897,0.2715104548836185,101.8755718895,9.73332
180211,9.73,337.91,52.402664,-1.559051,False,-1.00401,1.019011279459966,1.4815073763644626,0.3323099216093208,100.433257973,-0.5796400000000002,1.4858220823653294,0.2698585928057683,97.783825468,9.82422
180311,9.73,337.91,52.402664,-1.559051,False,-1.05663,0.9278029868098632,1.5972810834526399,0.3079603690231615,104.05702218500001,-0.6072300000000002,1.4351718844406365,0.2471998121178684,101.40852838449999,9.993480000000002
180411,9.73,337.91,52.402664,-1.559051,False,-0.9103000000000001,0.8725545127828682,1.3868125203742427,0.30773555675105496,99.46715289000001,-0.42051000000000005,1.3148844194664238,0.18754359522817465,101.1693299765,9.8093
180511,9.73,337.91,52.402664,-1.559051,False,-1.05824,0.7391138992063198,1.213270820001351,0.3069665171751792,103.32393060199999,-0.1376500000000001,1.0177306861073034,0.14655350520846375,101.7823463335,10.01936
180611,9.73,337.91,52.402664,-1.559051,False,-0.93008,0.7036532413056666,1.2116735055286492,0.27505531342702194,102.271926038,-0.2329600000000001,0.940319105646824,0.12964656056627566,103.3646867105,9.98198
180711,9.73,337.91,52.402664,-1.559051,False,-0.8609500000000001,0.7579977297679092,0.9179590954939518,0.23165425770122158,106.57982328800001,-0.1600400000000001,0.8888670356758144,0.09249407188210312,103.23470835600001,10.22561
180810,9.73,337.91,52.402664,-1.559051,False,-0.8975200000000001,0.790191510964254,0.9171094414881692,0.23278628372153232,106.32591183500001,-0.1382200000000001,0.8858432941428049,0.09485664095534724,106.1813312985,10.20791
180910,9.73,337.91,52.402664,-1.559051,False,-0.81318,0.6754678210938732,0.8485086145703359,0.1593911889381089,107.613635815,-0.1467300000000001,0.8913465631653409,0.094570566832971,105.1762498185,10.290470000000001
181011,9.73,337.91,52.402664,-1.559051,False,-0.7222200000000002,0.6960711295071109,0.6459582068524761,0.16601456294886882,109.521282871,-0.1049100000000001,0.8055963883980602,0.1628012025617559,103.1837038765,10.401349999999999
181111,9.73,337.91,52.402664,-1.559051,False,-0.7765000000000001,0.6823711616284746,0.8716822700962066,0.178190753282959,105.383063434,-0.5866700000000001,1.591270736829182,0.18147440713346538,101.7794505835,10.1822
181210,9.73,337.91,52.402664,-1.559051,False,-0.3878300000000002,1.0642373221649684,0.7894066480592127,0.28733179059909425,102.67964072499998,-0.6788700000000002,1.579881892245254,0.2101351670816733,101.556449349,10.04734
181311,9.73,337.91,52.402664,-1.559051,False,-0.4013200000000001,1.0564310671101684,0.598541043705514,0.3263289757965682,100.472317753,-0.9212100000000001,1.3461307212814726,0.20756495128031202,102.264669969,9.94909
181411,9.73,337.91,52.402664,-1.559051,False,-0.34703000000000006,1.061439712057782,0.5665876215458454,0.3254747602434762,98.86037387699999,-1.1378400000000002,1.4211303577708057,0.26654729015483763,99.1637633835,9.871019999999998
181511,9.73,337.91,52.402664,-1.559051,False,-0.24818000000000012,1.032278552846392,0.5661879555413472,0.3578571796121922,98.223521483,-1.2376200000000002,1.3636966629146103,0.2684926905688258,100.7737260425,9.84451
181611,9.73,337.91,52.402664,-1.559051,False,-0.18480000000000013,1.0323051583712906,0.7145675218076363,0.36006188495867325,101.06536162699999,-1.2983800000000003,1.312332262128087,0.2719543852683111,101.66864383250001,9.98061
181710,9.73,337.91,52.402664,-1.559051,False,-0.23855000000000012,1.0374916912652454,0.7319575768672775,0.36862324578534944,101.791843272,-1.2832800000000002,1.3244680255357872,0.4360686587122599,104.18583328,10.01419
181811,9.73,337.91,52.402664,-1.559051,False,0.034829999999999896,0.975116871684836,0.7312962027189772,0.3684154906864946,101.001579396,-1.2133200000000002,1.4068539384029886,0.8761131520021311,103.66374561549999,9.983149999999998
181910,9.73,337.91,52.402664,-1.559051,False,0.3049099999999999,0.9277198924124436,0.7644148124183138,0.3669360048655071,102.42591611199998,-1.2669300000000001,1.3953805558580308,0.9388761056591951,105.0197759635,10.05149
182010,9.73,337.91,52.402664,-1.559051,False,0.20183999999999988,1.0374892686995099,0.7528550818938616,0.3566086364006743,103.29924485499998,-1.3177500000000002,1.4132440193870743,0.9454332728672302,106.410263863,10.08859
182110,9.73,337.91,52.402664,-1.559051,False,0.22054999999999989,1.0176252008693683,0.6041050111069439,0.35813821292281606,104.530631865,-0.8890400000000002,0.8891178289618181,0.9460082910724282,104.95684764949999,10.1598
182211,9.73,337.91,52.402664,-1.559051,False,-0.0689500000000001,0.801912328610649,0.6207964221690194,0.3109807146574875,103.652639565,-0.8395100000000001,0.9010717093796938,0.9271996107754902,103.16614014499999,10.135200000000001
182311,9.73,337.91,52.402664,-1.559051,False,-0.1950900000000001,0.870382022702916,0.5977708178447201,0.27578023537268775,103.210703537,-0.8949900000000002,0.91140092342625,0.9257801304245448,101.841510645,10.10788
182410,9.73,337.91,52.402664,-1.559051,False,-0.06578000000000009,0.9882221205556629,0.6095222249161558,0.2724801336285181,105.368622874,-0.7160200000000001,0.7037074641575929,0.8854737172835782,102.11449837549999,10.20544
182511,9.73,337.91,52.402664,-1.559051,False,-0.08914000000000008,0.9913856545260151,0.5916113273651372,0.23790870914887016,105.928758026,-0.7001400000000002,0.6992346708286764,0.8763766205233902,102.07613975449999,10.233340000000002
182611,9.73,337.91,52.402664,-1.559051,False,0.06123999999999992,1.1280339920016096,0.5320951105457945,0.23100763816134237,105.37850788200001,-0.6451500000000002,0.7328375494534156,0.8790385771461393,103.22193475449998,10.1968
182710,9.73,337.91,52.402664,-1.559051,False,0.27490999999999993,1.1954664988567711,0.5238665212734902,0.2145150315893285,104.54990724199999,-0.7516500000000002,0.7481467373153172,0.8478643170408278,103.17087525699999,10.14599
182811,9.73,337.91,52.402664,-1.559051,False,0.16519999999999993,1.1655419893289414,0.5519783881639558,0.21451856278133744,103.82502755499999,-0.9113100000000003,0.5943076278793287,0.29136233341551127,102.41330347549999,10.11439
182911,9.73,337.91,52.402664,-1.559051,False,0.05842999999999991,1.0893243676191517,0.5171424626413395,0.20490207444314454,101.987207269,-0.8487200000000001,0.5889787447589061,0.133358593023965,102.2065616905,10.0337
183010,9.73,337.91,52.402664,-1.559051,False,0.31731999999999994,1.0633404699864897,0.5230080654785707,0.20057210285689614,102.51599524299999,-0.7173600000000002,0.4313859143633572,0.10934390192821486,102.907620049,10.05741
183110,9.73,337.91,52.402664,-1.559051,False,0.3257199999999999,1.0549104456987912,0.43527069597878215,0.15988200544983036,104.829340003,-0.7378100000000002,0.4098401787417991,0.1080603864101424,104.679985934,10.17601
183211,9.73,337.91,52.402664,-1.559051,False,0.52288,1.0125046016904928,0.5055955169677195,0.12472938751995863,104.129545083,-0.7750000000000001,0.3946093257894431,0.1217934061342237,103.89109232399998,10.13427
183310,9.73,337.91,52.402664,-1.559051,False,0.6337399999999999,0.8548210016657689,0.9357996898672538,0.12120874739241118,98.832102078,-0.7985600000000002,0.4342472547089056,0.09455232296340461,101.0214028075,9.84808
183411,9.73,337.91,52.402664,-1.559051,False,0.6442399999999999,0.8642113041509014,0.8854940115238176,0.12279306893212937,96.84761007799999,-0.8336600000000003,0.444322966120615,0.11024406509598182,101.10811647599999,9.749600000000001
183510,9.73,337.91,52.402664,-1.559051,False,1.0065199999999999,1.1345296468385202,0.9149283627695097,0.1446413345716208,98.94276207300001,-0.7326800000000002,0.5527089706366461,0.12444556328861393,102.4357600495,9.79887
183611,9.73,337.91,52.402664,-1.559051,False,0.98934,1.1257333957124147,0.8707561449683245,0.1813756433482537,98.025764942,-0.6102000000000002,0.8086151316362499,0.1260887236124643,101.702136412,9.75828
183711,9.73,337.91,52.402664,-1.559051,False,0.8602700000000001,1.1262116566909828,0.9191607829367954,0.18399536256231405,99.246475927,-0.5490900000000002,0.7706504084934424,0.16611278096521712,101.8981915845,9.828759999999999
183811,9.73,337.91,52.402664,-1.559051,False,0.7838699999999998,1.2162842696325298,0.9136050416406442,0.18459537853849636,99.944084346,-0.4773900000000002,0.7522404926469833,0.19739350546560083,101.8845559505,9.86139
183911,9.73,337.91,52.402664,-1.559051,False,0.83741,1.2044569781071852,0.9136911367269714,0.27547867451239133,100.054772013,-0.44156000000000023,0.7536271303207932,0.32877610753959463,101.020989641,9.863900000000001
184011,9.73,337.91,52.402664,-1.559051,False,-0.013230000000000075,2.7660976511444137,0.9400414459539542,0.29092685697801085,105.72075991599999,-0.7692800000000002,1.3466602267172745,0.3245925995254126,104.11837757949999,9.90147
184111,9.73,337.91,52.402664,-1.559051,False,0.28672,2.857355538022289,0.9263592641207384,0.3011698774962462,104.774069626,-0.9464000000000002,1.4121124963055252,0.35446180863074095,104.8017048145,9.82708
184210,9.73,337.91,52.402664,-1.559051,False,-0.0387900000000001,2.925096332487754,0.9545978280581926,0.2853320181044328,108.35027963500002,-0.7926000000000002,1.5108470663100806,0.40416355448973385,106.239912359,9.991399999999999
184311,9.73,337.91,52.402664,-1.559051,False,0.0033399999999998986,2.927748072874816,0.5193912937276444,0.3095306260201683,111.45011709999999,-0.7508200000000003,1.4938059027568173,0.41357273120939475,105.14110958900001,10.17314
184411,9.73,337.91,52.402664,-1.559051,False,-0.10123000000000011,2.891433137563443,0.5145161253277665,0.30940429304640943,111.374507382,-0.7465200000000001,1.4927342807374955,0.39961509759044456,104.11105873000001,10.17849
184511,9.73,337.91,52.402664,-1.559051,False,-0.35609000000000013,2.660665719305765,0.5019319679443842,0.3068209438019973,109.47218595500001,-0.8579600000000003,1.4550693188527708,0.4037168760406212,104.20747401400001,10.13644
184612,9.73,337.91,52.402664,-1.559051,False,-0.5029500000000001,2.5905610350098076,0.5689243769313724,0.27634946092863716,106.78427198300001,-1.1257200000000003,1.2638089261347136,0.39865857865262555,102.4050184625,10.01
184711,9.73,337.91,52.402664,-1.559051,False,-0.4710200000000001,2.603161782994752,0.5148330522283451,0.2819210033167162,105.242576349,-1.0872200000000003,1.2834031113497515,0.39306908765084153,102.244526138,9.93395
184811,9.73,337.91,52.402664,-1.559051,False,-0.37075000000000014,2.608272670327578,0.514402145861342,0.2689905948376335,105.38967211200001,-1.17937,1.2558348963051544,0.3619138585354232,102.666878229,9.944410000000001
184911,9.73,337.91,52.402664,-1.559051,False,-0.49370000000000014,2.573728414835821,0.5262761607116757,0.21417420635235115,104.732558576,-1.3850500000000003,1.2558876685878844,0.28113871645308325,102.39366529450001,9.91352
185011,9.73,337.91,52.402664,-1.559051,False,0.23397999999999985,1.096352469479278,0.5016757794300576,0.19648108334163866,99.30197812100002,-1.0653100000000004,0.8798026741516785,0.28058100830637217,102.5113690185,9.89641
185112,9.73,337.91,52.402664,-1.559051,False,0.12712999999999985,0.8946110340999099,0.49400007602347507,0.18128825695864578,99.400587003,-1.0275900000000002,0.8324566554615456,0.23487041368001316,102.0873283145,9.92192
185211,9.73,337.91,52.402664,-1.559051,False,0.3716799999999999,0.4667864627190424,0.43786199259087505,0.17944278227642363,95.341868665,-1.2656800000000001,0.5679585270461612,0.1342934469320344,101.84607414999999,9.738330000000001
185312,9.73,337.91,52.402664,-1.559051,False,0.32922999999999986,0.4869641397930882,0.43284144697835714,0.15227140827407695,95.450387273,-1.3083600000000002,0.5713450449985937,0.05831318128098784,103.45025218650001,9.74474
185411,9.73,337.91,52.402664,-1.559051,False,0.31369999999999987,0.48913906452503086,0.438134233109351,0.16850831862088372,94.94896433,-1.4110600000000002,0.6129486569036602,0.07285112978608738,103.16173585599999,9.71918
185511,9.73,337.91,52.402664,-1.559051,False,0.22205999999999984,0.48217419673804335,0.45790983052232553,0.1601240158266001,95.257993602,-1.5203700000000002,0.611348491360607,0.07283832934808745,102.3650897785,9.73708
185610,9.73,337.91,52.402664,-1.559051,False,0.18715999999999985,0.5144613994805953,0.5898821563104217,0.17291401331295508,94.013120269,-1.6076700000000002,0.6615193858753424,0.07539991452985437,100.39869612599999,9.66575
185710,9.73,337.91,52.402664,-1.559051,False,0.14396999999999985,0.49414645163821985,0.6026115111192549,0.14130285677694596,94.36266761499999,-1.7398099999999999,0.48704536053865033,0.05937564409005882,99.802621982,9.6848
185811,9.73,337.91,52.402664,-1.559051,False,0.20717999999999986,0.5403758913941084,0.6118057894463714,0.15756789577122163,94.714757584,-1.7601900000000004,0.46827696090146564,0.05277166327151976,100.05221484799999,9.699079999999999
185911,9.73,337.91,52.402664,-1.559051,False,0.23381999999999983,0.5134621543989171,0.6433233215111156,0.15629986279937652,96.20840736,-1.6468800000000001,0.4571718441801863,0.05669087816099596,100.47048296800001,9.77466
186011,9.73,337.91,52.402664,-1.559051,False,0.25498999999999983,0.5142378361333291,0.6013783465230239,0.1710279951092918,94.02468850999999,-1.8070599999999999,0.3857318936486579,0.05286740331557389,96.6633333155,9.66417
186111,9.73,337.91,52.402664,-1.559051,False,0.13664999999999985,0.3459809861506187,0.626611589867003,0.17465595673270087,94.55756205399999,-1.78885,0.389074752172098,0.04868401060807447,96.97907452849999,9.69937
186211,9.73,337.91,52.402664,-1.559051,False,0.04010999999999985,0.3953724726268729,0.5845190768677417,0.1745999519536448,95.636548138,-1.7900200000000002,0.388584664877269,0.048220300012873724,95.48920840150001,9.75637
186311,9.73,337.91,52.402664,-1.559051,False,-0.11884000000000014,0.6681168929660752,0.6427765652923157,0.20814627575602665,94.840466338,-1.89819,0.4562572677046747,0.047263221548148056,95.1454268055,9.698080000000001
60110,6.39,254.34,52.402725,-1.567831,False,-0.10429000000000013,0.6769298838629022,0.6405196197013167,0.2005510877002929,95.039925682,-1.6668000000000003,0.8033791715829672,0.038869441010164575,94.994445006,9.708110000000001
60210,6.39,254.34,52.402725,-1.567831,False,-0.017750000000000144,0.7231665326111717,0.6177277893845126,0.19987916349633045,94.459132853,-1.4678400000000003,0.9445068145157385,0.03844964383592297,94.8585632275,9.67702
60310,6.39,254.34,52.402725,-1.567831,False,0.02150999999999986,0.7115899356761111,0.45088814885497863,0.19204732171465083,97.074503026,-1.25556,0.9675500069763839,0.038348184079828866,95.5438116475,9.82015
60410,6.39,254.34,52.402725,-1.567831,False,0.04029999999999986,0.7181942959023296,0.4442487752750991,0.18548728048633162,96.879371909,-1.0920900000000002,1.0292540928588367,0.03777153690278195,95.621019762,9.80999
60510,6.39,254.34,52.402725,-1.567831,False,0.02851999999999987,0.7046014236589353,0.43287969640033797,0.17761856165513012,96.429834222,-0.9499100000000003,1.070764271651069,0.03509447724830147,95.57229590300001,9.78844
60610,6.39,254.34,52.402725,-1.567831,False,0.09759999999999987,0.7214951143285565,0.4048097332219241,0.17527555099833686,95.987179277,-0.8517800000000003,1.092307594854937,0.027718924542196734,96.0977933185,9.76533
60709,6.39,254.34,52.402725,-1.567831,False,0.13709999999999986,0.7482129301802167,0.3925325062265992,0.1589666002655677,97.437323082,-0.6264500000000002,0.9727830673439533,0.027307322990126788,95.731005796,9.837480000000001
60810,6.39,254.34,52.402725,-1.567831,False,0.1565299999999999,0.7512317426880998,0.3698513995889022,0.149720453957788,96.92105916099999,-0.4499600000000002,0.9268993511223913,0.011572001651418704,95.7393106075,9.8115
60910,6.39,254.34,52.402725,-1.567831,False,0.3293799999999999,0.7654885147552511,0.37225772971615073,0.14832019417460582,97.977818434,-0.3003100000000002,0.8273125077287561,0.009883229341689784,96.80718328600001,9.85988
61010,6.39,254.34,52.402725,-1.567831,False,0.5753799999999998,0.32584392923944705,0.15384852182178801,0.041780060368999776,100.14435215099999,-0.034890000000000185,0.13808525104280361,0.009751831736675775,97.49240924450001,9.98481
61110,6.39,254.34,52.402725,-1.567831,False,0.5702499999999999,0.33054477340021843,0.0871884733721681,0.03686469102592987,100.87866188400001,-0.060450000000000184,0.104164679981048,0.008435533309781699,97.95929378299999,10.02239
61210,6.39,254.34,52.402725,-1.567831,False,0.5314999999999999,0.3352429467316392,0.09107815691342927,0.031025695443786864,100.76705969600002,-0.039560000000000185,0.13169153520421498,0.00834546450330911,97.6130962745,10.018780000000001
61310,6.39,254.34,52.402725,-1.567831,False,0.56517,0.2907578452175196,0.08618024328936225,0.027168709534510685,100.85890786799999,-0.01762000000000018,0.11831120732109991,0.00816335987462634,98.96670544700001,10.022810000000002
61410,6.39,254.34,52.402725,-1.567831,False,0.5356399999999999,0.32758914037078246,0.09019301771492763,0.02286124571296111,100.668206792,-0.010370000000000181,0.12053349050505353,0.007599678355649427,98.7737893505,10.01386
61510,6.39,254.34,52.402725,-1.567831,False,0.45285999999999993,0.3781195966004833,0.10112105451758235,0.02163865882046267,100.48921552300001,0.00944999999999982,0.13193584509988437,0.006440358858048044,98.4595248725,10.00731
61610,6.39,254.34,52.402725,-1.567831,False,0.3737199999999999,0.4310612377222581,0.09456099971314212,0.020875932447399558,100.11025151200002,0.03042999999999982,0.11048449916415415,0.0068937088871258555,98.04871539450001,9.98976
61710,6.39,254.34,52.402725,-1.567831,False,0.26350999999999986,0.46057916064689686,0.09458427165511206,0.020746686482251354,99.569633933,0.052909999999999825,0.10234679010327011,0.00712363827130755,98.5034785075,9.965
61810,6.39,254.34,52.402725,-1.567831,False,0.20157999999999987,0.48861908772464707,0.09403147227317868,0.018732313139289074,99.496940534,0.05137999999999983,0.1013082841846748,0.007129095314148588,98.2089998475,9.9616
61910,6.39,254.34,52.402725,-1.567831,False,0.03734999999999986,0.3967436122848929,0.08611271941199827,0.014994684243037123,98.91834812500001,0.07981999999999982,0.07406381332636593,0.0071950677549426365,98.4480832795,9.93824
62010,6.39,254.34,52.402725,-1.567831,False,-0.09713000000000013,0.3300544098242292,0.06094230058084237,0.013322282920545376,98.646618437,0.08581999999999983,0.07210997465290617,0.005800996082895695,99.395485294,9.92652
62110,6.39,254.34,52.402725,-1.567831,False,-0.20651000000000014,0.37115867062181496,0.07002752554117754,0.014015249630850398,98.277888644,0.10083999999999982,0.0596936847580906,0.004875562645410926,99.578275264,9.90489
62210,6.39,254.34,52.402725,-1.567831,False,-0.32109000000000015,0.3671235197828549,0.06992894886222673,0.010458962132148487,98.30276598399999,0.09469999999999983,0.05162482176454008,0.00818459935884969,99.53491284,9.903229999999999
62310,6.39,254.34,52.402725,-1.567831,False,-0.43847000000000014,0.31455503334070783,0.09145257180078262,0.010294680395100692,97.893748969,0.11244999999999983,0.05072882700089926,0.008506180759267167,99.37632841850001,9.87952
62410,6.39,254.34,52.402725,-1.567831,False,-0.5169600000000002,0.27268560732905917,0.09024944998342804,0.00928612465477061,97.728989425,0.13215999999999983,0.06285463299461011,0.008862254541242415,99.19859810850001,9.86851
62510,6.39,254.34,52.402725,-1.567831,False,-0.58925,0.24860063131227536,0.0896054710636196,0.007783236972532867,97.906729757,0.1339999999999998,0.06414632578027638,0.009437725714645592,99.19797264,9.874039999999999
62610,6.39,254.34,52.402725,-1.567831,False,-0.6205900000000002,0.21523448943981366,0.0899954912455793,0.006348131833114479,97.939469785,0.15626999999999983,0.05568636477828679,0.008648757136040736,99.0248606485,9.87448
62710,6.39,254.34,52.402725,-1.567831,False,-0.6583400000000001,0.19243112591832648,0.09424582749432002,0.006762773920806188,97.84544624399999,0.15414999999999984,0.05761609053803538,0.008632760598659686,98.7075400885,9.86766
62810,6.39,254.34,52.402725,-1.567831,False,-0.7451800000000002,0.19389969801126822,0.09001570480311305,0.006080972143913238,97.66108574,0.17162999999999984,0.0673197519306048,0.008639290094188819,98.579013137,9.85214
62910,6.39,254.34,52.402725,-1.567831,False,-0.7742800000000002,0.16982133618068782,0.09062189090502067,0.00642426822408964,97.61123298800001,0.18421999999999983,0.0708086592319073,0.00862405550373773,98.2647905565,9.847760000000001
63010,6.39,254.34,52.402725,-1.567831,False,-0.7770400000000002,0.16576838728235901,0.07383609174743375,0.008754078414185655,97.41219626,0.20271999999999984,0.06797376618142476,0.009302305568358005,98.02940734850002,9.83762
63110,6.39,254.34,52.402725,-1.567831,False,-0.7882200000000001,0.17242192307107426,0.07157965570748336,0.009029113405075465,97.51053632799999,0.20334999999999984,0.06713980852584404,0.010191526981784287,97.894212486,9.84164
63210,6.39,254.34,52.402725,-1.567831,False,-0.82742,0.21977185038624467,0.07419177852088307,0.009990083972149746,97.28921922399999,0.20052999999999982,0.07091378255003518,0.00840473411559046,97.795992604,9.8263
63310,6.39,254.34,52.402725,-1.567831,False,-0.8290300000000002,0.21984611309826727,0.062380445654793136,0.010020783956554358,97.62681557100001,0.1806999999999998,0.09708282832485726,0.008781603245066926,97.76028227,9.843399999999999
63410,6.39,254.34,52.402725,-1.567831,False,-0.8458500000000002,0.21778432884131144,0.06340536605473698,0.01003075825169449,97.609803951,0.14531999999999984,0.12772301454492319,0.008020591554686167,97.669396688,9.84114
63510,6.39,254.34,52.402725,-1.567831,False,-0.8565100000000001,0.21986930183374945,0.06769658123718583,0.00986173300037094,97.34213055500001,0.14807999999999982,0.12890604502676611,0.008301780264122286,97.624430156,9.82654
63610,6.39,254.34,52.402725,-1.567831,False,-0.8998000000000002,0.19125053957795832,0.05790925468239985,0.012207902722487545,96.98987756800001,0.11987999999999983,0.1380562027259528,0.009914523577862584,97.4646736765,9.80532
63710,6.39,254.34,52.402725,-1.567831,False,-0.9040300000000002,0.18719278268368195,0.08200521934664778,0.012138776251406821,97.405921717,0.11641999999999983,0.13908963376981223,0.00998693034800952,97.6256839805,9.82604
63810,6.39,254.34,52.402725,-1.567831,False,-0.9026200000000003,0.18527032382132919,0.08585884345885542,0.012149572465891163,97.284846415,0.09079999999999981,0.1284959748612923,0.01085402639056604,97.4729660775,9.82001
63910,6.39,254.34,52.402725,-1.567831,False,-0.9144000000000002,0.1795434333090901,0.08757461580518597,0.016723732305171858,97.204304012,0.07021999999999981,0.11443510339440097,0.0108246426678715,97.4077685,9.8149
64010,6.39,254.34,52.402725,-1.567831,False,-0.8834300000000003,0.2562965428734072,0.09021606471923806,0.014957881608538379,97.217436658,0.049919999999999826,0.08896788184507029,0.010436096545611612,97.31481645900001,9.81685
64110,6.39,254.34,52.402725,-1.567831,False,-0.8488700000000001,0.27225796203024155,0.0944826033374672,0.015051101842041175,97.327327006,0.05648999999999982,0.09722819035649269,0.00942974607873019,97.41893166700001,9.82507
64210,6.39,254.34,52.402725,-1.567831,False,-0.7877500000000002,0.24795303430729387,0.09608070045586922,0.01556107679770074,97.592661574,0.06434999999999982,0.10446619070301338,0.00925788552762778,97.440940399,9.84421
64310,6.39,254.34,52.402725,-1.567831,False,-0.7603500000000001,0.2558868163422058,0.10061289347506525,0.018246692241899724,97.281167734,0.07131999999999981,0.10135939138639583,0.00860741928018395,97.4539916525,9.83031
64410,6.39,254.34,52.402725,-1.567831,False,-0.74367,0.25135691777049457,0.1011166015607858,0.018348602731953392,97.225598349,0.07747999999999983,0.09103553396582449,0.009922930794567289,97.41770115,9.82886
64510,6.39,254.34,52.402725,-1.567831,False,-0.6983100000000001,0.25231554076410634,0.10132619766587275,0.019309068105528498,97.53826277600001,0.07253999999999981,0.08412329839783793,0.010034944499563882,97.4401966655,9.84805
64610,6.39,254.34,52.402725,-1.567831,False,-0.6336800000000002,0.257065066557899,0.097265150205678,0.01767522119910439,97.869660727,0.08911999999999982,0.07387931299685457,0.009048535793056,97.4297691475,9.869150000000001
64710,0.92,253.72,52.40267,-1.568172,False,-0.6160900000000001,0.2534769174237358,0.08773087699246605,0.0176989673268603,97.640848386,0.10306999999999981,0.08132071008597491,0.012065124210733866,97.5233850515,9.858830000000001
64809,0.92,253.72,52.40267,-1.568172,False,-0.55927,0.17972911747026316,0.07826032413312621,0.017797890012069155,97.75538464600001,0.1001799999999998,0.08482944719323243,0.011568847056661995,97.52011553050001,9.86955
64910,0.92,253.72,52.40267,-1.568172,False,-0.5169700000000002,0.13904112940651722,0.07538075498634078,0.014938927523365921,97.739442361,0.11714999999999982,0.0909408385221369,0.01154510478266261,97.4718731865,9.87166
65010,0.92,253.72,52.40267,-1.568172,False,-0.5402100000000002,0.10657884353314204,0.07359708931502824,0.01505464121840995,97.711191677,0.10487999999999983,0.10473147462809863,0.011672136812768788,97.4643141675,9.86936
65110,0.92,253.72,52.40267,-1.568172,False,-0.5231300000000001,0.11239758844771562,0.07434744335497973,0.015286391914726105,97.718161806,0.09650999999999983,0.10029944555069126,0.01126822474425777,97.52274440599999,9.87057
65210,0.92,253.72,52.40267,-1.568172,False,-0.5257400000000001,0.11480777364299877,0.10585925719286068,0.01398332340061395,97.087939803,0.10524999999999984,0.11184591831820566,0.011508470310475801,97.34030068850001,9.838170000000002
65310,0.92,253.72,52.40267,-1.568172,False,-0.5165900000000001,0.114409920412795,0.10413140416523767,0.010961062397492193,97.113217711,0.09615999999999983,0.11925418418002258,0.012543829824454785,97.19719272249999,9.839960000000001
65410,0.92,253.72,52.40267,-1.568172,False,-0.5149300000000001,0.11103029666604958,0.10284508360788432,0.01183242249985394,97.182818836,0.10241999999999982,0.11278603932519733,0.010915310348231707,97.2042085925,9.843630000000001
65510,0.92,253.72,52.40267,-1.568172,False,-0.47532000000000013,0.173966821868667,0.09935335872017462,0.010449008458729573,97.072104517,0.09680999999999983,0.11095089454347948,0.011122529688199524,97.30518364650001,9.83921
65610,0.92,253.72,52.40267,-1.568172,False,-0.5039200000000001,0.1701585717956307,0.09212288954363917,0.010595995050203434,96.81963238099999,0.10683999999999982,0.11759477690592317,0.011186678585531585,97.34464655400001,9.82507
65710,0.92,253.72,52.40267,-1.568172,False,-0.46586000000000016,0.19152937807720286,0.11595977080235688,0.010912383383291441,97.113722036,0.10590999999999981,0.11678288925275186,0.009732768248344991,97.377285211,9.84132
65810,0.92,253.72,52.40267,-1.568172,False,-0.44247000000000014,0.19348891469819318,0.11603266254752868,0.01394911387044352,97.03590241399999,0.10202999999999982,0.12137959786461673,0.00979423866920373,97.39564353,9.83841
65910,0.92,253.72,52.40267,-1.568172,False,-0.3900500000000001,0.24967704139542712,0.1147151428543346,0.014635986851043982,97.15828969100001,0.06019999999999983,0.1451847711634252,0.010376517291910902,97.44886602599999,9.84572
66010,0.92,253.72,52.40267,-1.568172,False,-0.3784500000000001,0.2471789331637587,0.11259527373188191,0.015097240365692282,97.046439936,0.06459999999999982,0.14213216072061058,0.010253909823325056,97.3788158065,9.84057
66110,0.92,253.72,52.40267,-1.568172,False,-0.35694000000000015,0.25315425337128744,0.10931992854859145,0.018744599221984556,96.864654215,0.045319999999999826,0.14856695310718987,0.010719349068047909,97.2914080105,9.83203
66210,0.92,253.72,52.40267,-1.568172,False,-0.3184000000000001,0.23535419171013242,0.07857623615940629,0.020742240851662475,97.235637978,0.02407999999999982,0.1262758074832784,0.011155586542594974,97.16178889049999,9.85286
66310,0.92,253.72,52.40267,-1.568172,False,-0.2641000000000001,0.25571239486748265,0.07141225307311215,0.020787132772022824,97.37231227499998,0.02986999999999982,0.12486562599672489,0.010196600740682222,97.24276499300001,9.86099
66410,0.92,253.72,52.40267,-1.568172,False,-0.21372000000000013,0.201001165281247,0.07230779579977566,0.026713627400293503,97.50127434999999,0.02231999999999982,0.127599946011825,0.010634226712647826,97.34204659299999,9.869879999999998
66510,0.92,253.72,52.40267,-1.568172,False,-0.26274000000000014,0.22652443674892767,0.07207892356515185,0.02865970651926857,97.517643271,0.01841999999999982,0.12538588260068992,0.008717931711796611,97.294873894,9.869029999999999
66610,0.92,253.72,52.40267,-1.568172,False,-0.24769000000000013,0.204688882887548,0.0723299077535936,0.02905501295423223,97.785362135,0.013379999999999823,0.11711882664863922,0.008871959572996387,97.30249725799999,9.8834
66710,0.92,253.72,52.40267,-1.568172,False,-0.27461000000000013,0.21559896129407846,0.05786415221189197,0.02909727936868826,97.181571588,0.0046299999999998235,0.1047581876937901,0.009233640187343538,97.14764681199999,9.85197
66809,0.92,253.72,52.40267,-1.568172,False,-0.30894000000000016,0.24887172153089637,0.0569429392762878,0.028073397846707076,97.28005815499999,0.027059999999999824,0.11688089093887458,0.010758299121990209,97.1579802845,9.855250000000002
66910,0.92,253.72,52.40267,-1.568172,False,-0.38701000000000013,0.2427937142239076,0.05917458632517875,0.027782106551470873,97.42262414,0.05619999999999982,0.08768544792481904,0.010423419144641637,97.2904569155,9.85985
67010,0.92,253.72,52.40267,-1.568172,False,-0.4399700000000001,0.29242494212661024,0.06265199828400266,0.028915357318935596,97.363164883,0.07832999999999983,0.09778380972555108,0.010527324235235185,97.2048024095,9.85338
67110,0.92,253.72,52.40267,-1.568172,False,-0.4766700000000002,0.28145093138547467,0.06390795116659702,0.0291918557895395,97.346748511,0.10895999999999981,0.08842797697057979,0.010766104216392037,97.10570136300001,9.851119999999998
67210,0.92,253.72,52.40267,-1.568172,False,-0.5624200000000001,0.3299773924915592,0.07488829384921337,0.027634648139077327,97.27664765099999,0.1336899999999998,0.10559918402461688,0.010620216570212466,97.2561428145,9.84161
67310,0.92,253.72,52.40267,-1.568172,False,-0.6738700000000002,0.27959909016696505,0.07488414755905341,0.025743713364054815,97.40037502499999,0.14305999999999983,0.09918056709299007,0.010626952108169415,97.38634365,9.8423
67410,0.92,253.72,52.40267,-1.568172,False,-0.7857600000000001,0.2967834272102109,0.0703510096277711,0.02382854497337983,97.382544807,0.17707999999999982,0.08126114009098719,0.010870265252737947,97.4419095785,9.83267
67510,0.92,253.72,52.40267,-1.568172,False,-0.8644400000000001,0.33855839870442567,0.08049403359589433,0.022273741390892998,97.162011087,0.18988999999999984,0.07119005002260045,0.011490111690705247,97.339827179,9.813550000000001
67610,0.92,253.72,52.40267,-1.568172,False,-0.9220200000000001,0.3101901703435314,0.06528212704258994,0.023291011618541847,96.905107431,0.18528999999999982,0.07406760350441366,0.01227671689728134,97.345234783,9.79615
67710,0.92,253.72,52.40267,-1.568172,False,-0.9508200000000002,0.2752029465281012,0.07355568487799051,0.02349332056359731,97.315438407,0.18595999999999982,0.07330001061087028,0.011153898172507235,97.2485049975,9.81521
67810,0.92,253.72,52.40267,-1.568172,False,-1.0075500000000002,0.26835290715352544,0.07518740216643194,0.022763186654321862,97.46620320000001,0.1800799999999998,0.0759716145821607,0.01001676927281854,97.3731306775,9.81739
67910,0.92,253.72,52.40267,-1.568172,False,-1.0083700000000002,0.26739115771130706,0.07222612946759825,0.02069144750839889,97.416937463,0.18934999999999982,0.06986005455351689,0.00987560968572986,97.4197808015,9.81484
68010,0.92,253.72,52.40267,-1.568172,False,-1.0170600000000003,0.2650239452493423,0.07602368344494569,0.019930560007562513,97.324015984,0.1831899999999998,0.06996480782029976,0.010264307088070516,97.3435904335,9.809239999999999
68110,0.92,253.72,52.40267,-1.568172,False,-1.0792000000000002,0.21534109893111308,0.07838889448047498,0.016820767586975722,97.314471763,0.16587999999999983,0.08018302397223186,0.009569836873008487,97.330610137,9.80319
68210,0.92,253.72,52.40267,-1.568172,False,-1.0595700000000001,0.2216829420089611,0.07370300838186374,0.015561294576021534,97.46029902800001,0.14646999999999982,0.06457715540342585,0.008485549808572813,97.36847333950001,9.81267
68310,0.92,253.72,52.40267,-1.568172,False,-1.0136800000000001,0.26652468220071673,0.07327520802566037,0.015079640431667568,97.36478706099999,0.1558299999999998,0.06737513636348498,0.008530995773478225,97.38258104299999,9.81165
68410,0.92,253.72,52.40267,-1.568172,False,-0.9599500000000001,0.24948624655919077,0.07366859801452887,0.013271276418288019,97.181821504,0.16129999999999983,0.0802366776757527,0.008791637440608104,97.2821831555,9.80813
68510,0.92,253.72,52.40267,-1.568172,False,-0.91256,0.20368380833475472,0.06764341883142642,0.011579622906619113,97.14936996700001,0.17135999999999982,0.09039936332124833,0.008426123400103342,97.155690527,9.81199
68610,0.92,253.72,52.40267,-1.568172,False,-0.8415000000000001,0.26885776495714125,0.07077783786910402,0.008731431090131614,97.28532271899999,0.17332999999999982,0.08945506693305956,0.005732645307398237,97.095215075,9.82383
68710,0.92,253.72,52.40267,-1.568172,False,-0.7909600000000002,0.3270104660234298,0.06732893137494461,0.008192279562934378,97.188784251,0.17367999999999983,0.08919927503441287,0.005716341098444732,97.252111329,9.821549999999998
68810,0.92,253.72,52.40267,-1.568172,False,-0.72513,0.2925103532830076,0.06992874548093544,0.008319321553103954,96.779566182,0.19655999999999985,0.103052135672507,0.005959203898955299,97.122884691,9.806750000000001
68910,0.92,253.72,52.40267,-1.568172,False,-0.6965200000000001,0.305749093938832,0.08834631351224208,0.009075608335505376,96.959605182,0.1944699999999998,0.10346066402260391,0.005728719073268901,97.1882713225,9.817499999999999
69010,0.92,253.72,52.40267,-1.568172,False,-0.6195200000000002,0.3200012805529505,0.09708794924695605,0.009700515449852514,97.34331128699999,0.18295999999999984,0.11425327809543892,0.0062239769349751155,97.3336636355,9.84169
69110,0.92,253.72,52.40267,-1.568172,False,-0.5632600000000002,0.2514559744986863,0.09332860702367313,0.00957884822544762,97.32769334000001,0.20302999999999982,0.10520030682252628,0.006969146289052455,97.3210825515,9.8461
69210,0.92,253.72,52.40267,-1.568172,False,-0.5271300000000002,0.22052022860090464,0.0990739011494943,0.011861141035309044,97.116120086,0.20352999999999982,0.10472776401486697,0.007872144985001267,97.288209557,9.83797
69310,0.92,253.72,52.40267,-1.568172,False,-0.5082100000000002,0.22239691969283656,0.09971678840085046,0.011883022436023913,97.033655022,0.18108999999999983,0.12408288851497766,0.008338058660170036,97.19922104150001,9.834729999999999
69410,0.92,253.72,52.40267,-1.568172,False,-0.5006800000000001,0.21279565993897065,0.1037464194834963,0.017431338317765083,97.34095801800001,0.15634999999999982,0.11254006940739114,0.005869970660384142,97.261389761,9.85088
69510,0.92,253.72,52.40267,-1.568172,False,-0.4582100000000001,0.16115777259145772,0.094829486741438,0.022526796388931583,97.580169699,0.14948999999999982,0.105044831170095,0.007998722120049564,97.364769833,9.86604
69610,0.92,253.72,52.40267,-1.568172,False,-0.4499200000000001,0.17053379463052032,0.10361219415621942,0.02330288727922742,97.784108383,0.13112999999999983,0.12105281721444484,0.007848715393715597,97.534715551,9.876529999999999
69710,0.92,253.72,52.40267,-1.568172,False,-0.5176800000000001,0.21364767882343055,0.10696775422777438,0.02321834523708297,97.62457490599999,0.11794999999999982,0.1296896487773726,0.008487638069464055,97.4066795785,9.864340000000002
69810,0.92,253.72,52.40267,-1.568172,False,-0.4860100000000001,0.22724692614954697,0.09586895280120296,0.023220749820258527,97.890535102,0.09969999999999982,0.10325724080071126,0.00846404158769412,97.335050642,9.879249999999999
69910,0.92,253.72,52.40267,-1.568172,False,-0.5186000000000001,0.2432320930944027,0.08923395529655166,0.023403658308372162,97.596094567,0.09688999999999984,0.10159425235272616,0.008694672698356718,97.27784987449999,9.862390000000001
70010,0.92,253.72,52.40267,-1.568172,False,-0.5666400000000003,0.2246311158815605,0.08729994018122154,0.02438640103722509,97.613068706,0.1007299999999998,0.09988700338103419,0.010103332783371487,97.47818999649999,9.86102
70110,0.92,253.72,52.40267,-1.568172,False,-0.5496600000000001,0.22627549187261783,0.08605890811970109,0.02490260138114832,97.862004861,0.07896999999999983,0.08690444369151476,0.010028564758195796,97.5948491005,9.87457
70210,0.92,253.72,52.40267,-1.568172,False,-0.5793100000000002,0.24449340572787892,0.07200335177444307,0.024671837295758333,98.21328636300001,0.06858999999999982,0.08811432535820539,0.010257051774721956,97.6647032245,9.89036
70310,0.92,253.72,52.40267,-1.568172,False,-0.5740500000000002,0.24922091159802495,0.07459804063615132,0.02620466667500988,98.63204039600001,0.05984999999999983,0.10014566335537074,0.01021591351211944,97.832847709,9.91169
70410,0.92,253.72,52.40267,-1.568172,False,-0.5491600000000002,0.2458192750782023,0.07567774441727307,0.02075882677035729,98.636813347,0.07772999999999983,0.12087516103631005,0.010906552566558557,97.98888568250001,9.913409999999999
70510,0.92,253.72,52.40267,-1.568172,False,-0.5841900000000002,0.25820204169081634,0.07668121673582261,0.01818175214614724,98.647773618,0.06921999999999982,0.1119759775824882,0.008446623256820548,98.11397165849999,9.911669999999999
70610,0.92,253.72,52.40267,-1.568172,False,-0.5733500000000001,0.2757588932785215,0.0740391007814842,0.018601003556963033,98.59672536500001,0.09485999999999983,0.11348218851920953,0.01009345222290147,98.19041687400001,9.909320000000001
70710,0.92,253.72,52.40267,-1.568172,False,-0.5388000000000002,0.2457591820370675,0.0725375312823007,0.016908199851404713,98.560075399,0.08302999999999983,0.13104838843385078,0.010657230200843538,98.09232515250001,9.910129999999999
70810,0.92,253.72,52.40267,-1.568172,False,-0.5987500000000001,0.24283485586339304,0.07428844384542821,0.015312598298769856,98.574700299,0.07718999999999983,0.1280384529914462,0.01069340918501748,98.2326177005,9.907480000000001
70910,0.92,253.72,52.40267,-1.568172,False,-0.55054,0.2529044184842601,0.07484452700303142,0.01570803403759227,98.92075810499999,0.08539999999999984,0.13487745054924855,0.010108637670515801,98.258426336,9.927489999999999
71010,0.92,253.72,52.40267,-1.568172,False,-0.5146800000000001,0.2545705088967947,0.07712158078195851,0.015631965114027,98.650870374,0.08555999999999983,0.1348682501142771,0.009536299072397877,98.13196954,9.91576
71110,0.92,253.72,52.40267,-1.568172,False,-0.5152300000000001,0.2544297853370153,0.0850765596394605,0.013187687860422593,98.397863704,0.08260999999999982,0.13650212411859097,0.009994131611344879,98.1299342825,9.90291
71210,0.92,253.72,52.40267,-1.568172,False,-0.4666900000000001,0.23011119268730335,0.089191990796867,0.013158537574667582,98.518971616,0.08023999999999984,0.13804778721715855,0.009757595332092986,98.3661289895,9.91193
71310,0.92,253.72,52.40267,-1.568172,False,-0.42738000000000015,0.28024327447569963,0.11714392097888636,0.018177275189812228,98.81180991800001,0.08576999999999982,0.13113343543462594,0.009732882409554536,98.721925157,9.927040000000002
71410,0.92,253.72,52.40267,-1.568172,False,-0.4608600000000001,0.3045287587221643,0.11889686520527601,0.01893827400306201,98.623140983,0.08117999999999984,0.12446611140743177,0.009114877947521617,98.629977165,9.91537
71510,0.92,253.72,52.40267,-1.568172,False,-0.43691000000000013,0.281519300502699,0.11755057776727001,0.020411110808510012,98.7137932,0.07772999999999983,0.12310991520677998,0.00962101865699339,98.68078340899999,9.92165
71613,0.92,253.72,52.40267,-1.568172,False,-0.5320200000000002,0.32555556207807745,0.1358127587693131,0.01801532989162131,98.274595085,0.046939999999999815,0.12313353365801494,0.008736189100415313,98.43566022499999,9.89341
71710,0.92,253.72,52.40267,-1.568172,False,-0.5116000000000002,0.3281109263648089,0.13170571783790516,0.02003264280544674,98.393147621,0.06561999999999982,0.10562610998758529,0.00845984633419635,98.47661151,9.90045
71810,0.92,253.72,52.40267,-1.568172,False,-0.5029000000000001,0.31893648270458663,0.13116977167048322,0.020189392154009944,98.40895168099999,0.07671999999999982,0.11622542081852309,0.008277653988526626,98.49182599000001,9.90197
71910,0.92,253.72,52.40267,-1.568172,False,-0.5574000000000001,0.32446123206183497,0.1327980153804154,0.02614950392547425,97.92350958600001,0.08384999999999983,0.12767603316379614,0.008542241443971478,98.4221338455,9.87432
72010,0.92,253.72,52.40267,-1.568172,False,-0.6040500000000001,0.3236975174105455,0.1373523190763191,0.02800679481033825,98.25819428100002,0.09592999999999982,0.1328092286786597,0.006810645262168865,98.4545323275,9.88848
72111,0.92,253.72,52.40267,-1.568172,False,-0.6494900000000001,0.33285325578828473,0.13979851731879003,0.02775092390841452,98.262051224,0.10722999999999983,0.12864280478215837,0.007760018613837457,98.32995746399999,9.88549
72210,0.92,253.72,52.40267,-1.568172,False,-0.7625700000000002,0.40655665192220636,0.1356950457626692,0.02777304048480491,98.161572928,0.10899999999999983,0.12694590273900339,0.010873126913961065,98.340272272,9.869890000000002
72310,0.92,253.72,52.40267,-1.568172,False,-0.9095200000000002,0.3440405654376208,0.08802177824001796,0.025006967917707908,97.613473973,0.12417999999999982,0.11561285780088279,0.01206318550146107,98.2126419455,9.83223
72410,0.92,253.72,52.40267,-1.568172,False,-0.9938800000000001,0.4116413212170324,0.08801993208662967,0.02446550633019532,97.81982406,0.15763999999999984,0.17958814115760163,0.01373628204583247,98.22148252150001,9.832220000000001
72510,0.92,253.72,52.40267,-1.568172,False,-1.1122200000000002,0.44867397418513294,0.08388739078922425,0.02375684462759096,98.014324775,0.16148999999999983,0.17876889146480088,0.012963028624103494,98.36405898749999,9.82801
72610,0.92,253.72,52.40267,-1.568172,False,-1.15708,0.4678338731738638,0.08904584087910428,0.023773862865516547,98.778723124,0.17907999999999982,0.15860479746141334,0.012948483394607947,98.5266591045,9.86082
72710,0.92,253.72,52.40267,-1.568172,False,-1.26043,0.3845483297179412,0.08975782293408723,0.02246311544617928,98.892036118,0.1727699999999998,0.16528387734775976,0.01264570194872525,98.6425918695,9.857130000000002
72810,0.92,253.72,52.40267,-1.568172,False,-1.2958100000000001,0.349140463455887,0.09440005237805,0.01928852278179774,98.75455077000001,0.16256999999999983,0.16505538498064615,0.013447411977295308,98.5817512255,9.84671
72910,0.92,253.72,52.40267,-1.568172,False,-1.33108,0.3130277864840121,0.1026184740790478,0.01848599770377382,98.716097963,0.18781999999999982,0.202219159439561,0.01296919426943004,98.3198037745,9.84107
73010,0.92,253.72,52.40267,-1.568172,False,-1.3508100000000003,0.2810650911166549,0.08844644079316903,0.023878125740553948,98.47629273099999,0.21327999999999983,0.21924753032942848,0.01269207976996308,98.367243506,9.82718
73110,0.92,253.72,52.40267,-1.568172,False,-1.3314300000000001,0.31872702026093364,0.08620669283170045,0.03461724682539906,98.591163124,0.1979499999999998,0.23190054022264303,0.0140716460380596,98.426607174,9.83465
73210,0.92,253.72,52.40267,-1.568172,False,-1.28306,0.32881864369955344,0.14261753982857442,0.047730614447630874,99.195340586,0.17593999999999982,0.260723055281948,0.012525156907351355,98.678456757,9.87084
73310,0.92,253.72,52.40267,-1.568172,False,-1.2073800000000001,0.37572862192452566,0.18832160700980805,0.05803009181061478,98.44017499899999,0.17846999999999982,0.2601449854301301,0.01232062859139519,98.026824486,9.83989
73410,0.92,253.72,52.40267,-1.568172,False,-1.0866500000000001,0.41140303096703035,0.21104179917753627,0.06332571533125414,97.58950502799999,0.12665999999999983,0.22436145044201042,0.010464230077235846,97.704664544,9.80899
73510,0.92,253.72,52.40267,-1.568172,False,-1.0249300000000001,0.33790993885612264,0.2157835798512626,0.06383231940007206,96.921808617,0.11315999999999982,0.22721214854061547,0.010345825781895197,97.46806669600001,9.784
73610,0.92,253.72,52.40267,-1.568172,False,-0.9891000000000002,0.2939390186188925,0.21081212805108357,0.06540802278342668,96.73665267999999,0.10988999999999982,0.22790948227555033,0.010592979855566554,97.757687902,9.779599999999999
73710,3.37,254.98,52.402657,-1.568348,False,-0.9263900000000002,0.25725271383942494,0.21020965301887445,0.06705185389759127,96.50502580899999,0.10215999999999983,0.23366212168665548,0.012675913291593444,97.69853096349999,9.774840000000001
73810,3.37,254.98,52.402657,-1.568348,False,-0.9281800000000002,0.2588424909304544,0.21018865626459382,0.06758910497338992,96.51670050099999,0.08533999999999982,0.23824418472557496,0.012746890688338036,97.63562563549999,9.775229999999999
73910,3.37,254.98,52.402657,-1.568348,False,-0.93948,0.2733456371214008,0.21096717201204324,0.06924156105815782,96.961141477,0.05039999999999982,0.18248719285350942,0.014387915453926203,97.83861972,9.79649
74010,3.37,254.98,52.402657,-1.568348,False,-0.9733400000000001,0.3020359515024181,0.22229902009101357,0.06934312110395145,97.374629693,0.026499999999999822,0.13244188662704773,0.01906579543459364,97.925461212,9.813289999999999
74110,3.37,254.98,52.402657,-1.568348,False,-1.0723500000000001,0.3653068306992439,0.22203930582990275,0.065435834559034,97.530891003,0.03741999999999983,0.13097158979462586,0.018954342803413873,98.0610270635,9.809
74210,3.37,254.98,52.402657,-1.568348,False,-1.1312000000000002,0.3990264541494477,0.19904967805406204,0.05540862347639012,97.412155485,0.08411999999999982,0.11372297530011002,0.01865523757251846,98.30374803549999,9.79559
74310,3.37,254.98,52.402657,-1.568348,False,-1.27072,0.45932660565945466,0.18418422661406905,0.05007311210168961,98.97903354799999,0.08755999999999983,0.1159747309642085,0.018259368980163858,98.70960427349999,9.85616
74410,3.37,254.98,52.402657,-1.568348,False,-1.3332300000000001,0.3667139334685405,0.25820169635401513,0.050855201853383436,98.474619283,0.09793999999999983,0.1162974844478039,0.01846200001198838,98.0320621555,9.824259999999999
74510,3.37,254.98,52.402657,-1.568348,False,-1.2797300000000003,0.43016296408063315,0.24958237206288134,0.0687252468569476,98.75007468300001,0.09755999999999983,0.11662431802824767,0.024090627499746654,97.83594165000001,9.84326
74610,3.37,254.98,52.402657,-1.568348,False,-1.3362500000000002,0.4517269879768484,0.24580374646833372,0.07225076777749341,98.509421339,0.09100999999999981,0.12124638322211001,0.024391457976521976,97.6230370095,9.82272
74710,3.37,254.98,52.402657,-1.568348,False,-1.47268,0.4736724977355974,0.24629974714671343,0.07669676583065103,99.14880039900001,0.16244999999999982,0.19350864034685136,0.024129640601421542,97.826913104,9.834810000000001
74810,3.37,254.98,52.402657,-1.568348,False,-1.48598,0.465162210178069,0.24876428490547822,0.08258364177536441,99.594378219,0.2283599999999998,0.22368207696539663,0.023999085630692824,98.05553936,9.85575
74910,3.37,254.98,52.402657,-1.568348,False,-1.50974,0.4605215236856427,0.2904316421774147,0.08274844409409052,98.650597243,0.23834999999999978,0.22427157768106418,0.022630068493007582,97.80586936,9.80329
75009,3.37,254.98,52.402657,-1.568348,False,-1.5196600000000002,0.45764040517027404,0.2978555401161317,0.08051664355201169,97.586586475,0.23415999999999984,0.2251315131700142,0.02051533031115982,97.480608084,9.747250000000001
75110,3.37,254.98,52.402657,-1.568348,False,-1.45194,0.47611003676784597,0.32107260861072684,0.08055681845748885,96.549249152,0.2620899999999998,0.2198486370715548,0.0204413225272946,97.0400700775,9.7028
75210,3.37,254.98,52.402657,-1.568348,False,-1.49459,0.5081828639596091,0.376336127683877,0.0808413542411826,97.398769606,0.2770999999999998,0.2242838281186442,0.02214617097574895,97.4054625455,9.736790000000001
75310,3.37,254.98,52.402657,-1.568348,False,-1.43221,0.46692788986448647,0.37355903430543175,0.0808708222344852,97.12398737000001,0.3385499999999998,0.27117291428983525,0.022537189019199055,98.05151045900001,9.734010000000001
75410,3.37,254.98,52.402657,-1.568348,False,-1.5023700000000002,0.45804661104396044,0.35569651999060137,0.0757644309685807,99.30060743400001,0.30616999999999983,0.3126303250024045,0.024194434621724194,98.8876133585,9.83569
75510,3.37,254.98,52.402657,-1.568348,False,-1.5087100000000002,0.4446215030787065,0.46605406946701183,0.05874801556926113,97.54896613000001,0.34571999999999986,0.2949097669909638,0.02126730667789297,98.1495204065,9.741629999999999
75610,3.37,254.98,52.402657,-1.568348,False,-1.4194300000000002,0.4807418527650456,0.4659873685699671,0.049682535496149295,97.29535822599999,0.2617799999999998,0.47384678677113695,0.025977060393063856,97.90238978250001,9.74049
75710,3.37,254.98,52.402657,-1.568348,False,-1.3766000000000003,0.4237689805647151,0.4863747932979769,0.05835005855460778,97.72987943400001,0.23129999999999984,0.45724169392856634,0.02627144626561522,98.43933991650002,9.77038
75809,3.37,254.98,52.402657,-1.568348,False,-1.42511,0.43842190854114216,0.5023371538232109,0.05085970791187982,98.34074348200001,0.17349999999999982,0.4401373144321596,0.027437689002100713,98.9675608505,9.79335
75910,3.37,254.98,52.402657,-1.568348,False,-1.3401800000000001,0.4935061224431345,0.5269212658875503,0.05289246533185724,97.744633564,0.11776999999999982,0.4579381133588522,0.02942633929734829,98.19761540350001,9.77136
76010,3.37,254.98,52.402657,-1.568348,False,-1.2891600000000003,0.5077142923600204,0.5293579642674926,0.052677265811032416,99.052235725,0.08406999999999983,0.46569108991070524,0.028417226778417314,98.3194111,9.84409
76110,3.37,254.98,52.402657,-1.568348,False,-1.2624400000000002,0.5292894759328802,0.5134243686595134,0.05264567619676904,100.762123205,0.08752999999999982,0.4680083808603793,0.03250116066300808,98.6556861785,9.93373
76210,3.37,254.98,52.402657,-1.568348,False,-1.18824,0.4586463542013524,0.5292046858783861,0.05208607832759523,100.810420166,0.022099999999999825,0.46461981829830934,0.03273184144594776,99.104594886,9.94772
76310,3.37,254.98,52.402657,-1.568348,False,-0.99375,0.6921521994635239,0.5780154769170507,0.05300096015895002,98.955957905,-0.057510000000000186,0.3798002470597739,0.033771534693492616,98.0399726375,9.860859999999999
76410,3.37,254.98,52.402657,-1.568348,False,-0.7847100000000001,0.746722663748415,0.5629718071686707,0.05865890478950259,97.73844768199999,-0.018450000000000168,0.38630145180501874,0.03211460207856989,98.51952755800001,9.815069999999999
76510,3.37,254.98,52.402657,-1.568348,False,-0.7511000000000002,0.7595579825720101,0.4589823754787187,0.06842590477616847,99.490797085,-0.02695000000000017,0.37686149902111654,0.03215539353408,98.5198816075,9.91049
76610,3.37,254.98,52.402657,-1.568348,False,-0.7028900000000001,0.7678936058392871,0.45625903899731524,0.07344651946971395,99.651837985,0.007269999999999832,0.3014759398912819,0.02827692620412931,98.4735981055,9.92168
76710,3.37,254.98,52.402657,-1.568348,False,-0.51997,0.7132037219476457,0.47277341718849425,0.06624062617116773,99.748432637,-0.029000000000000158,0.2804342941462971,0.03335268771442565,98.7391560355,9.94078
76810,3.37,254.98,52.402657,-1.568348,False,-0.44396000000000013,0.5973931353992925,0.4639274675110305,0.06590267234501987,99.07039006599999,0.017659999999999842,0.32685362405143076,0.03837398569051691,98.705566774,9.91758
76910,3.37,254.98,52.402657,-1.568348,False,-0.4294600000000002,0.5926061015172986,0.38248214787690227,0.06432906807962348,100.33698117099999,0.013369999999999844,0.33118631899413864,0.03647412477052737,99.0408073675,9.98523
77011,3.37,254.98,52.402657,-1.568348,False,-0.34667000000000014,0.5717353293069737,0.3799712889739549,0.06460160042731616,100.15389542099999,0.040029999999999843,0.32608456316319506,0.03681649539719327,99.60306557300001,9.980459999999999
77111,3.37,254.98,52.402657,-1.568348,False,-0.23759000000000013,0.5868267195499489,0.3676428231919264,0.06513345615813698,99.488732176,-0.0018000000000001556,0.302998731203795,0.03369245876714846,100.1254276905,9.94991
77210,3.37,254.98,52.402657,-1.568348,False,-0.09779000000000013,0.4655207393637315,0.30569882055542363,0.06980612516895607,98.211607439,0.052449999999999844,0.30206726715896787,0.03896970333189612,99.5110138025,9.8956
77310,3.37,254.98,52.402657,-1.568348,False,-0.17062000000000016,0.41531284005083213,0.18194925910531784,0.06263316569068902,99.48388054,0.057409999999999836,0.30131775936892513,0.03910212980841032,99.2199192225,9.96342
77410,3.37,254.98,52.402657,-1.568348,False,-0.19319000000000014,0.3907949688348655,0.23601907079272205,0.05370408219527926,100.943792889,-0.031270000000000166,0.37207149865463984,0.03920510737700714,99.34112028550001,10.03588
77510,3.37,254.98,52.402657,-1.568348,False,-0.1286000000000001,0.41620154572832124,0.2686875105646271,0.049737662903517735,100.470548717,-0.08062000000000016,0.3531084089121117,0.03785499966976904,99.98067290099999,10.01165
77610,3.37,254.98,52.402657,-1.568348,False,-0.12531000000000012,0.41423214224229865,0.2702986292974557,0.040116170194872215,100.417369516,-0.05421000000000017,0.326175056781884,0.03709664405304359,100.0346037505,10.00907
77712,3.37,254.98,52.402657,-1.568348,False,-0.07894000000000015,0.46551998214658336,0.23809243326461138,0.04757404637911033,99.358893051,-0.05955000000000017,0.3263590941483505,0.02955020022489773,99.553662844,9.95523
77810,3.37,254.98,52.402657,-1.568348,False,-0.010140000000000149,0.3509230247979054,0.2703695898417484,0.05034501409710118,100.051164274,-0.16047000000000017,0.28806673243075487,0.026519847913054635,99.56077717000001,9.99372
77909,3.37,254.98,52.402657,-1.568348,False,0.12950999999999985,0.39169457616870174,0.2729547736247321,0.08221995162025636,100.02560532700001,-0.2144200000000002,0.3597443654102776,0.03168186302038851,100.18129324899999,9.99018
78010,3.37,254.98,52.402657,-1.568348,False,0.13363999999999987,0.3891425394376448,0.268227138613851,0.0894034606588057,99.60245254899999,-0.29390000000000016,0.36939496176555636,0.0341601196979167,99.878173985,9.96913
78110,3.37,254.98,52.402657,-1.568348,False,0.07182999999999985,0.4041006999086307,0.3361734441559048,0.08895325176739093,98.409026242,-0.2448100000000002,0.4346549652054797,0.03443660197455284,98.948879209,9.90733
78210,3.37,254.98,52.402657,-1.568348,False,0.06973999999999986,0.403875569946956,0.3660638106184912,0.08598319280206614,99.160775871,-0.22271000000000019,0.469220058418458,0.028133145733940084,98.68619165499999,9.94427
78310,3.37,254.98,52.402657,-1.568348,False,0.03196999999999985,0.4495865978874129,0.3675954926577685,0.09225133844252487,99.631288219,-0.13464000000000018,0.5906704273770412,0.021991018368577486,99.5575843795,9.966280000000001
78410,3.37,254.98,52.402657,-1.568348,False,-0.04205000000000014,0.495825247553096,0.3159288001715974,0.09499038606320778,98.53423636599999,-0.10363000000000018,0.56698394068968,0.021925147915335376,99.73901462749998,9.91067
78510,3.37,254.98,52.402657,-1.568348,False,-0.05598000000000014,0.4868707170400463,0.29603738953058956,0.09798629439305127,99.181664974,-0.13839000000000018,0.5824465325008132,0.021707182631009556,99.8261068455,9.94416
78610,3.37,254.98,52.402657,-1.568348,False,-0.22649000000000014,0.795738867622049,0.3073608536125214,0.12055745702542539,100.374277548,-0.17106000000000016,0.5981718801667468,0.02361025201047686,100.395823532,9.98339
78710,3.37,254.98,52.402657,-1.568348,False,-0.3198400000000001,0.7453945341599517,0.3072474507625463,0.1601313422718069,100.94427509799999,-0.24979000000000018,0.6373846291247094,0.05564577352422492,100.1515840745,10.01284
78810,3.37,254.98,52.402657,-1.568348,False,-0.2056700000000001,0.8293510355157747,0.2863284058560825,0.15466355025593634,99.917604257,-0.2956700000000002,0.6736528615606764,0.056767142295897424,99.9843842655,9.95904
78910,3.37,254.98,52.402657,-1.568348,False,-0.24847000000000014,0.7779540361315119,0.3234339912049275,0.15397330973614842,101.26336677699999,-0.26857000000000014,0.654293906181821,0.05530271843829095,100.644486052,10.028099999999998
79010,3.37,254.98,52.402657,-1.568348,False,-0.17139000000000013,0.8343076456959049,0.3215583036818497,0.1526666011644456,101.529614505,-0.11485000000000016,0.7210826385835851,0.06029473995851446,100.566033527,10.03896
79110,3.37,254.98,52.402657,-1.568348,False,-0.08985000000000011,0.8605670175335818,0.2876433547913645,0.15724616087874424,104.42258716500001,-0.10301000000000018,0.7324006196520216,0.059031318429743435,101.41580670350001,10.18202
79210,3.37,254.98,52.402657,-1.568348,False,-0.08081000000000012,0.8632477273516307,0.3196325468410157,0.15951380992111108,105.01631872200001,-0.14416000000000018,0.7049981169399586,0.05899195896239108,102.08854729650001,10.21015
79310,3.37,254.98,52.402657,-1.568348,False,-0.03146000000000012,0.8439822038671326,0.35602023491192547,0.16323902072997648,104.23162430699999,-0.22586000000000012,0.608831682998036,0.05896109922839323,101.931456263,10.17229
79410,3.37,254.98,52.402657,-1.568348,False,0.16633999999999988,0.9141507658294915,0.44100753130388326,0.16818518893698864,103.194413384,-0.2101700000000002,0.6069522478928808,0.05804718865810231,100.864324875,10.11136
79510,3.37,254.98,52.402657,-1.568348,False,0.25005999999999984,0.9516429654958615,0.43693756685985574,0.17440660155699228,103.826836824,-0.17347000000000018,0.5968181894197101,0.056338149695471185,101.504250899,10.13792
79610,3.37,254.98,52.402657,-1.568348,False,0.41550999999999993,0.5810679812016479,0.43987485455154607,0.17233768401985136,103.59827207400001,-0.15747000000000017,0.5869565534745016,0.055191610674876095,101.986274811,10.14631
79710,3.37,254.98,52.402657,-1.568348,False,0.5367999999999998,0.5235805551944795,0.4535413479865008,0.1382521368128759,102.964259285,-0.09690000000000017,0.5327458180658627,0.038070525198466904,101.9542671915,10.111590000000001
79810,3.37,254.98,52.402657,-1.568348,False,0.6078399999999998,0.6089036271127749,0.4662589605931589,0.13791649808647719,102.84519432900001,0.0010899999999998335,0.4359389469231247,0.034680099961383416,101.38139929299999,10.09685
79910,3.37,254.98,52.402657,-1.568348,False,0.6225599999999998,0.6058310732649124,0.4948284165019861,0.1414362848305183,100.650885544,0.04459999999999984,0.39168545770525637,0.03556013529530555,100.9571261605,9.98562
80010,3.37,254.98,52.402657,-1.568348,False,0.5903199999999998,0.6094707682352907,0.49503687954656095,0.14462304296186138,100.64730631500001,-0.04030000000000016,0.27264971014920036,0.022954982514052123,101.08846041,9.98719
80110,3.37,254.98,52.402657,-1.568348,False,0.5926099999999999,0.6092314401495122,0.4139593733422007,0.14541351801746305,98.959380194,-0.12009000000000017,0.16974723332714703,0.02163738790967552,101.69098367950001,9.90555
80211,3.37,254.98,52.402657,-1.568348,False,0.6310099999999998,0.5929114276179726,0.33060574707662416,0.14394902685786432,97.784220089,-0.20290000000000016,0.23797059108684218,0.0213211970687075,101.4002694055,9.8474
80310,3.37,254.98,52.402657,-1.568348,False,0.6561299999999999,0.5626085279007501,0.32999955909075507,0.13887423727160703,97.811662348,-0.22329000000000016,0.21668881143242918,0.02099260451784537,101.0216433275,9.84877
80410,3.37,254.98,52.402657,-1.568348,False,0.5556499999999998,0.5152063906823962,0.3164932303999176,0.1292884720305444,99.724685931,-0.22363000000000016,0.2166597642490255,0.021011626411172022,101.4595496575,9.954240000000002
80510,3.37,254.98,52.402657,-1.568348,False,0.41647999999999985,0.5664202715298782,0.33608455020868516,0.127787405482672,100.00584250800001,-0.21699000000000015,0.21989140981655003,0.024721248170537967,101.916339666,9.97206
80610,3.37,254.98,52.402657,-1.568348,False,0.5735599999999998,0.536538022262463,0.3696445447244365,0.10912074657610318,98.144709921,-0.18172000000000016,0.21299396861569916,0.020618624267028096,100.8714909975,9.87085
80709,3.37,254.98,52.402657,-1.568348,False,0.5414499999999999,0.5278940302960472,0.42565684927348263,0.11047746074800126,96.978457617,-0.18000000000000016,0.21222236241996245,0.017097680154479388,99.97135845099999,9.8118
80810,3.37,254.98,52.402657,-1.568348,False,0.37527999999999984,0.43152435955443985,0.42869281789086056,0.0997130460649378,96.61008691100001,-0.24507000000000018,0.24434185092020158,0.017085198272136375,99.72764062,9.80491
80909,3.37,254.98,52.402657,-1.568348,False,0.28824999999999984,0.4726390312795473,0.4305658622996807,0.09536549865295191,98.50692659900001,-0.22293000000000016,0.26429699224756603,0.014275215507164447,99.5789060715,9.90232
81010,3.37,254.98,52.402657,-1.568348,False,0.19952999999999982,0.532279035114292,0.4420107571592997,0.08851696635858097,97.48821231600002,-0.19375000000000014,0.30432859525336703,0.013713776528180566,99.0677593155,9.84975
81110,3.37,254.98,52.402657,-1.568348,False,0.19435999999999984,0.5287837936665835,0.46565349074665036,0.08509147300270811,96.362553129,-0.20183000000000018,0.30624040320564233,0.012498906618775793,97.6609666615,9.791730000000001
81210,3.37,254.98,52.402657,-1.568348,False,0.16061999999999985,0.5123857049788234,0.4696457463995678,0.07987758689946588,96.448465474,-0.14196000000000014,0.2445328525985797,0.011937620272733932,97.1163427815,9.79734
81310,3.37,254.98,52.402657,-1.568348,False,0.14335999999999985,0.5159808161808399,0.4735941794172223,0.08046898712474093,97.022718815,-0.10030000000000017,0.2844249793687037,0.011102932545472882,97.41719058150001,9.82653
81410,3.37,254.98,52.402657,-1.568348,False,0.06620999999999984,0.5416315300398526,0.4300194710063049,0.07442382011152629,95.72386687000001,-0.042540000000000175,0.31681488881960124,0.009910292068708049,97.7242764005,9.76161
81511,3.37,254.98,52.402657,-1.568348,False,0.043259999999999854,0.5673115099601909,0.3722798333692481,0.06728072532302871,94.30635488499999,-0.05917000000000017,0.32395460604500803,0.007927876274288852,97.15609869650001,9.68969
81610,3.37,254.98,52.402657,-1.568348,False,-0.02202000000000014,0.4457394425745209,0.35016720767860815,0.05910916078647821,94.736954092,-0.09671000000000016,0.3452536859566676,0.008054681178488654,96.4408320065,9.718399999999999
81710,3.37,254.98,52.402657,-1.568348,False,-0.07189000000000015,0.40352460602377677,0.30681195109289516,0.05466726524055991,96.176503295,-0.10390000000000017,0.34970805284153933,0.011500647324698661,96.57748045600002,9.794900000000002
81810,3.37,254.98,52.402657,-1.568348,False,-0.05283000000000014,0.40538657010586815,0.3024733222397671,0.04721168052262717,96.322434903,-0.003670000000000173,0.3217216569576161,0.015024261860159881,96.466260907,9.80252
81909,3.37,254.98,52.402657,-1.568348,False,0.05391999999999986,0.4697908655277492,0.2968823128223744,0.05030058095526608,96.31478977100001,-0.037490000000000176,0.32928561547014784,0.015904398413240914,97.41085818500001,9.79969
82010,3.37,254.98,52.402657,-1.568348,False,0.16745999999999986,0.4570810120268996,0.3097523098292173,0.05222051108300844,97.740448387,-0.08555000000000017,0.3109666228963394,0.016056916128378035,97.6143303515,9.87107
82110,3.37,254.98,52.402657,-1.568348,False,0.11072999999999986,0.4471607964579047,0.2958988808136273,0.05066114991888708,97.867438394,0.003579999999999817,0.3647363425209421,0.01736591809002107,97.11499576150001,9.87909
82210,3.37,254.98,52.402657,-1.568348,False,0.08026999999999987,0.44801524788037284,0.2897372641244403,0.048425256266098345,96.948564493,0.030039999999999817,0.3637265615205383,0.018557241772969194,96.6985149835,9.8329
82310,3.37,254.98,52.402657,-1.568348,False,0.12847999999999987,0.46051179934211484,0.2858160443752549,0.04762877748207781,96.301881787,0.037739999999999815,0.37117058731651575,0.019881552029691312,96.662300301,9.79903
82410,3.37,254.98,52.402657,-1.568348,False,0.26869999999999983,0.481454580758469,0.2976664322509045,0.05340931670695608,97.03586629600001,-0.02972000000000018,0.365515492299724,0.01903114406552209,96.379866583,9.83236
82510,3.37,254.98,52.402657,-1.568348,False,0.36095999999999984,0.36748112332469607,0.29370623059271644,0.05724450871280678,97.149360159,-0.061200000000000185,0.39933312186972514,0.022330370450188642,95.72785752200001,9.83971
82609,3.37,254.98,52.402657,-1.568348,False,0.3602999999999999,0.3671431782470074,0.28316659976472225,0.05683773785467961,97.459892307,0.05696999999999981,0.4478332850762888,0.02530792585553631,96.09842319949999,9.85579
82710,5.07,255.48,52.40255,-1.569037,False,0.3631099999999999,0.3644078071184389,0.30933077944363485,0.05330101208121394,96.406881845,0.14995999999999982,0.45503939560828544,0.023373938478532325,96.29169257,9.801499999999999
82810,5.07,255.48,52.40255,-1.569037,False,0.4318599999999999,0.3674898825515591,0.32398717755849377,0.05632538405445363,96.082803371,0.1328199999999998,0.44931524642133486,0.02255822343276744,96.202619137,9.78163
82910,5.07,255.48,52.40255,-1.569037,False,0.5129699999999998,0.5119838431695362,0.2780349010867533,0.06566573687999551,95.636586075,0.1294199999999998,0.452693602045944,0.022774352045872207,95.975687923,9.75028
83009,5.07,255.48,52.40255,-1.569037,False,0.6309699999999999,0.6576481582967395,0.22458348608551984,0.10675849380725093,94.50806605899999,0.1102799999999998,0.4714509065993315,0.02187153401108878,96.124257223,9.6786
83110,5.07,255.48,52.40255,-1.569037,False,0.5789099999999998,0.7355890964239205,0.39295811538195674,0.1198858141918271,97.194446667,0.03951999999999981,0.44407340934679623,0.019407355421145328,97.5309425305,9.80986
83210,5.07,255.48,52.40255,-1.569037,False,0.5492599999999999,0.7697488640964399,0.4004939289317667,0.12968779605050457,98.12122310199999,0.0602599999999998,0.4538468664893706,0.020466691096575864,97.5348937975,9.85606
83310,5.07,255.48,52.40255,-1.569037,False,0.48897999999999986,0.8012234322861669,0.3989093469840019,0.1312441410332224,98.17060934199999,0.022889999999999806,0.4386167789514854,0.01965259383497906,97.2362455645,9.859539999999999
83410,5.07,255.48,52.40255,-1.569037,False,0.48759999999999987,0.8003276648417774,0.4064591301035562,0.13084352656680148,97.02447502599998,0.011529999999999813,0.4494053825766747,0.020113632745489697,97.030170661,9.8011
83510,5.07,255.48,52.40255,-1.569037,False,0.5194199999999999,0.7985493581071335,0.4332297374887162,0.12999161682369087,96.28955509099998,0.06786999999999982,0.4007169548308222,0.017197428748326495,96.71945762499999,9.76099
83610,5.07,255.48,52.40255,-1.569037,False,0.5434999999999999,0.8024112107336816,0.4362998785240474,0.13170170377702262,96.01082665199999,0.059029999999999826,0.3847723513109169,0.01926176408208162,96.73535947949999,9.74498
83710,5.07,255.48,52.40255,-1.569037,False,0.6051899999999999,0.784215223363802,0.42196138962401475,0.13135093113908236,96.77162785799999,-0.032910000000000175,0.3493903943537446,0.018746747866063836,96.58925485149999,9.782210000000001
83810,5.07,255.48,52.40255,-1.569037,False,0.5221099999999999,0.8100453710886841,0.4098222671680512,0.12734516917065977,97.160575243,-0.03603000000000017,0.347295823470422,0.018516026091481813,96.621689307,9.805420000000002
83910,5.07,255.48,52.40255,-1.569037,False,0.2854899999999999,0.8113101810583109,0.4083285290875033,0.11995376933540118,96.15399826199999,-0.053320000000000166,0.36514542856237225,0.019862049239648277,95.89529216849999,9.76371
84009,5.07,255.48,52.40255,-1.569037,False,0.11611999999999986,0.6088141347461027,0.40092801182601573,0.0914472094221794,96.54311032000001,-0.03408000000000017,0.3505997806933437,0.020135551754115324,95.52558818949998,9.80058
84110,5.07,255.48,52.40255,-1.569037,False,0.20122999999999985,0.5556837310916881,0.23406579701749086,0.06518160613064534,94.860104917,-0.03174000000000017,0.350043966127429,0.020060921104320402,96.02727579199998,9.720719999999998
84210,5.07,255.48,52.40255,-1.569037,False,0.24664999999999987,0.521826661833199,0.19759639560391012,0.048572608879142484,94.363161133,-0.07568000000000016,0.3242670052081543,0.019289018176683735,96.2421921175,9.6965
84310,5.07,255.48,52.40255,-1.569037,False,0.3052799999999999,0.5047933654256541,0.19766024300999002,0.04319161955741904,94.303218703,-0.09584000000000018,0.3240348170593173,0.020293318550103887,96.23691402249999,9.69255
84410,5.07,255.48,52.40255,-1.569037,False,0.26911999999999986,0.4649185395791659,0.18770684472244623,0.0355590104223253,94.46861534599999,-0.03888000000000017,0.31068544578435064,0.019856697722497988,95.74654518599999,9.70412
84512,5.07,255.48,52.40255,-1.569037,False,0.1941599999999999,0.46205050277116955,0.13365025003131037,0.03552061060526121,95.27799829,-0.01267000000000017,0.32422797894896693,0.019119437462621718,95.78377669049999,9.748439999999999
84610,5.07,255.48,52.40255,-1.569037,False,0.14777999999999986,0.4194279140818959,0.1704981945166246,0.023288158650398752,96.297100105,-0.12352000000000016,0.2511737061610256,0.013137748834661778,96.1539633785,9.802589999999999
84711,5.07,255.48,52.40255,-1.569037,False,0.11675999999999986,0.38651282054341146,0.20593411810599355,0.019950059871631787,96.997881521,-0.06915000000000018,0.26262227734058285,0.01320338761237649,96.8847546895,9.83929
84810,5.07,255.48,52.40255,-1.569037,False,0.19654999999999986,0.42319131016595735,0.20540223952063372,0.022586092082260784,97.581660461,-0.07951000000000016,0.254477907576361,0.013395276945351173,97.371117852,9.866299999999999
84910,5.07,255.48,52.40255,-1.569037,False,0.3126599999999998,0.24720221232375342,0.21782859622515388,0.02208554328548516,98.909221514,-0.057720000000000174,0.22579014248731696,0.010502401841610214,97.531609888,9.93548
85010,5.07,255.48,52.40255,-1.569037,False,0.2688799999999999,0.31498265490161337,0.23142754565733503,0.023287624276367463,98.517016958,-0.0012900000000001688,0.2571212271370118,0.010104393983608868,97.53006363899999,9.915000000000001
85110,5.07,255.48,52.40255,-1.569037,False,0.3429599999999999,0.3900683108265674,0.23136805815285494,0.02328019902534086,98.42463950300001,-0.0024800000000001683,0.2576358015148915,0.012697261296935521,96.64237220999999,9.90565
85210,5.07,255.48,52.40255,-1.569037,False,0.3870299999999999,0.3830960020383384,0.2593283215027326,0.022241655114110585,97.78595539599999,-0.03377000000000017,0.28745066455924917,0.013664312805357445,96.0745582645,9.87135
85310,5.07,255.48,52.40255,-1.569037,False,0.37996999999999986,0.3827661892939963,0.26010299327612996,0.021456180150704593,97.76310498299999,-0.05185000000000016,0.3031509754048094,0.01346057618043608,96.033161843,9.87046
85410,5.07,255.48,52.40255,-1.569037,False,0.31930999999999987,0.3941037777878397,0.2694751845925685,0.020264311814768163,99.04152978300002,-0.058340000000000156,0.2990039769337871,0.015568518804818604,96.75507256450001,9.93652
85510,5.07,255.48,52.40255,-1.569037,False,0.33755999999999986,0.3748865849234085,0.26363875621361943,0.01811126107620894,99.50179878399999,-0.08121000000000016,0.2807415871896721,0.015483884094918798,97.389898537,9.95986
85610,5.07,255.48,52.40255,-1.569037,False,0.3608399999999999,0.37974026854619475,0.2633852100801742,0.018622820528514723,98.73477459200001,-0.029730000000000163,0.25086587407970856,0.015385133516857948,97.5159373485,9.920300000000001
85710,5.07,255.48,52.40255,-1.569037,False,0.32342999999999983,0.3976195642682452,0.2599430375637502,0.018320301428668407,97.699938058,-0.03090000000000016,0.24957395252264647,0.015752816326626642,97.3489097895,9.86875
85809,5.07,255.48,52.40255,-1.569037,False,0.28784999999999983,0.37304169635873446,0.26550886572366794,0.023402290960823708,97.832602471,-0.04401000000000017,0.24789289107282378,0.01575839811368287,97.70713146599999,9.8773
85910,5.07,255.48,52.40255,-1.569037,False,0.2824799999999999,0.3719863970033522,0.26488562752017636,0.02493325534732784,97.821225623,-0.05156000000000016,0.2556944539441093,0.015792417308400163,98.3652235685,9.87693
86010,5.07,255.48,52.40255,-1.569037,False,0.34548999999999985,0.30617625080259897,0.26614398129183536,0.02660648208391553,97.79080985600001,-0.10157000000000016,0.20778245060104644,0.01678433131751132,98.153913407,9.87539
86110,5.07,255.48,52.40255,-1.569037,False,0.2648599999999998,0.2045934787707942,0.27525839981144323,0.02655521710602995,98.16225537,-0.10764000000000015,0.20887491312585116,0.015738925559770377,98.2934474365,9.8988
86210,5.07,255.48,52.40255,-1.569037,False,0.2865699999999999,0.24367547658488103,0.26641540996488167,0.026543205868368797,98.314013661,-0.04877000000000017,0.1973638492733622,0.011655499417222902,98.0499845285,9.905280000000001
86310,5.07,255.48,52.40255,-1.569037,False,0.31323999999999985,0.2666410037651169,0.255108899622796,0.026798723020852754,99.10023566800001,-0.05682000000000016,0.21269609409775933,0.01167543004196777,98.4316703255,9.94382
86410,5.07,255.48,52.40255,-1.569037,False,0.40832999999999986,0.3021795862286435,0.229561132986112,0.026145297006314256,98.31347125300002,-0.05146000000000017,0.21730923792809023,0.010809872031229125,98.677500518,9.900360000000001
86510,5.07,255.48,52.40255,-1.569037,False,0.4536199999999998,0.27621338691506664,0.2267364108388641,0.02644487768072272,98.15654145600001,-0.010810000000000163,0.2656730130985969,0.014732914775291163,98.82917011999999,9.8912
86610,5.07,255.48,52.40255,-1.569037,False,0.5212299999999999,0.36666359407801025,0.22386737368381734,0.03552089369486233,98.36444335000002,-0.02384000000000016,0.26483929802386985,0.014621004677380851,98.549608971,9.89579
86710,5.07,255.48,52.40255,-1.569037,False,0.6255399999999999,0.34586421934366757,0.21957637016177387,0.04436573878310371,99.466660993,-0.06995000000000015,0.2591991565915604,0.014898773252944673,98.5832995255,9.94607
86810,5.07,255.48,52.40255,-1.569037,False,0.6107899999999999,0.360918573303644,0.21844909933457846,0.041410225521851356,98.95016390800001,-0.07676000000000016,0.2602187421723813,0.014892787217620732,98.3913831895,9.92053
86910,5.07,255.48,52.40255,-1.569037,False,0.6566699999999999,0.3494173978050771,0.18056876837150287,0.04049228184335504,98.35544660400001,-0.061200000000000164,0.2484644933274026,0.014154704753716467,98.08833611349999,9.888630000000001
87010,5.07,255.48,52.40255,-1.569037,False,0.6970499999999998,0.32759277651102914,0.1835938273595682,0.04368199349329626,98.35429819599999,-0.050570000000000156,0.24761856890521175,0.015139679286137625,98.072554026,9.88643
87110,5.07,255.48,52.40255,-1.569037,False,0.6877299999999998,0.3444620187093435,0.19128800740734261,0.043986432251491424,97.31474225699999,-0.04209000000000016,0.24455667123274896,0.013771564907381253,97.7384988135,9.833720000000001
87209,5.07,255.48,52.40255,-1.569037,False,0.5948699999999999,0.4388287163954924,0.19669605571394574,0.04865472570394536,98.355314202,-0.060560000000000155,0.23256697099974977,0.01373032329466399,98.33466393149999,9.88905
87310,5.07,255.48,52.40255,-1.569037,False,0.5004399999999999,0.523602150067718,0.19241819647170572,0.051494526138367934,98.21348501099999,-0.07449000000000015,0.2606010763600152,0.015224468609533134,98.6568603395,9.883469999999999
87410,5.07,255.48,52.40255,-1.569037,False,0.4657999999999999,0.502937049296964,0.19212053074417457,0.051609434968526956,98.36017161899998,-0.08601000000000016,0.2525263570402078,0.015194476335475542,98.336821436,9.89355
87510,5.07,255.48,52.40255,-1.569037,False,0.4018999999999999,0.5364298421560236,0.20958089952219633,0.051787627222399074,98.82537211100001,-0.19198000000000015,0.23320914695230313,0.010863721482192966,98.4909567835,9.91793
87610,5.07,255.48,52.40255,-1.569037,False,0.35578999999999983,0.4753512559734497,0.21319473727108387,0.04416851065324914,99.39405333699999,-0.11360000000000015,0.37088361157286515,0.010764839886221917,98.8792483435,9.95104
87710,5.07,255.48,52.40255,-1.569037,False,0.24162999999999987,0.43010533348107727,0.20299349770669883,0.02306093377683409,98.64515088799999,-0.07469000000000017,0.37552834025321147,0.016943382844651775,99.0559059405,9.91883
87810,5.07,255.48,52.40255,-1.569037,False,0.20580999999999988,0.4467202590983181,0.23704573421852845,0.02786552031122115,98.08522586,-0.06927000000000015,0.3748329881427173,0.01776226962469719,98.51769488400001,9.89003
87910,5.07,255.48,52.40255,-1.569037,False,0.14113999999999988,0.39803575551280035,0.2717571881909044,0.028694707216054247,97.04945975599999,0.01787999999999985,0.4450680667044068,0.021813298695938146,97.70245317999999,9.839739999999999
88010,5.07,255.48,52.40255,-1.569037,False,0.11271999999999986,0.3610039051804488,0.42261748714946723,0.027237288574337572,99.595156048,0.020629999999999846,0.44488949701645447,0.021259978049492076,98.97472712199999,9.96516
88110,5.07,255.48,52.40255,-1.569037,False,0.010309999999999864,0.4883244969621241,0.46828354231180025,0.034005798525048314,99.047568329,0.011559999999999845,0.4481698046251846,0.02132293757119044,98.18115529299999,9.93154
88210,5.07,255.48,52.40255,-1.569037,False,0.00029999999999986705,0.4936829436884234,0.472447029835188,0.030364315679091265,97.934676234,0.024049999999999846,0.4494173691199139,0.02172098064080482,98.14499521799999,9.87494
88310,5.07,255.48,52.40255,-1.569037,False,0.01995999999999987,0.48361882648767063,0.47472608242377656,0.026110289585047866,97.28262606199999,0.12652999999999986,0.41057248933653373,0.023453407712559587,97.7480555365,9.8422
88410,5.07,255.48,52.40255,-1.569037,False,-0.013780000000000136,0.45040882860892834,0.4776711323355841,0.0312237445258421,97.442540554,0.12096999999999984,0.41248723630084516,0.02400758213561326,97.9013560865,9.85162
88510,5.07,255.48,52.40255,-1.569037,False,-0.018840000000000138,0.45215038845251015,0.4675677044261265,0.03647805428524481,96.492465774,0.15438999999999986,0.3544247622713588,0.025116105943716587,97.6589189425,9.80364
88610,5.07,255.48,52.40255,-1.569037,False,-0.14297000000000012,0.3821728900496032,0.4580887067177285,0.038143310174969546,95.38979714,0.07408999999999985,0.2996240327477057,0.02494832214350287,97.39192523850001,9.74931
88710,5.07,255.48,52.40255,-1.569037,False,-0.23910000000000015,0.4811973977023693,0.4886271521087155,0.04233905998003297,96.41385109000001,0.11590999999999985,0.3368017037763687,0.021249525484856122,97.529500989,9.79456
88810,5.07,255.48,52.40255,-1.569037,False,-0.03679000000000014,0.8283216638346216,0.48910269417019225,0.06712518652979282,96.75248047,0.11687999999999983,0.336161904775393,0.019718691076640794,97.418853165,9.79379
88910,5.07,255.48,52.40255,-1.569037,False,0.041619999999999865,0.8819059080574555,0.4936890169373235,0.09317179413435706,96.730125417,0.04708999999999984,0.2648172512423498,0.017038391290729118,96.8897925865,9.788210000000001
89010,5.07,255.48,52.40255,-1.569037,False,-0.009570000000000137,0.8716611638449505,0.32220228308056525,0.11187254851438719,93.445492876,0.004439999999999838,0.3035095429581498,0.015551648715682617,96.52032446199999,9.626430000000001
89110,5.07,255.48,52.40255,-1.569037,False,0.012749999999999862,0.8481361686401152,0.33220971020675516,0.12161137739168952,95.229956647,0.0057899999999998395,0.30265351091085163,0.017988564268519622,97.138762488,9.72024
89210,5.07,255.48,52.40255,-1.569037,False,0.053669999999999864,0.8422235320203703,0.3609461184782869,0.1236416600952281,96.441369487,-0.005020000000000161,0.3000161951184164,0.021958448133751612,97.1880228605,9.781760000000002
89310,5.07,255.48,52.40255,-1.569037,False,0.04978999999999987,0.8431844340883361,0.3631385893997034,0.12454091206415095,97.051677035,-0.07821000000000015,0.26652355097105523,0.019964012066115217,97.1671515485,9.81278
89410,5.07,255.48,52.40255,-1.569037,False,0.005819999999999864,0.8431586496291328,0.3630204830463514,0.12511125226947917,97.045582974,-0.10459000000000016,0.2743382318315166,0.01905163743322616,97.24406176400001,9.8126
89510,5.07,255.48,52.40255,-1.569037,False,0.026309999999999868,0.8405891736025133,0.3598963116110047,0.12417692619803734,97.343173299,-0.04261000000000016,0.2957674967117068,0.017114126718344322,96.91781953649999,9.82802
89610,5.07,255.48,52.40255,-1.569037,False,0.08210999999999986,0.8208023627998134,0.35777704867088206,0.12275636439709678,98.35869715,-0.030270000000000158,0.29631123670896853,0.017248845371933736,96.874247145,9.88081
89710,5.07,255.48,52.40255,-1.569037,False,0.1988499999999999,0.714578866263963,0.3350977311838137,0.1208907996682843,96.92555512599999,-0.08654000000000014,0.21404684430178836,0.01761691422085264,96.669703108,9.81455
89809,5.07,255.48,52.40255,-1.569037,False,0.028959999999999864,0.40346562073005626,0.3214436914575708,0.11012302211614437,97.480250841,-0.15431000000000014,0.3008869497926989,0.019365837618468218,97.1163656555,9.86103
89910,5.07,255.48,52.40255,-1.569037,False,-0.01658000000000013,0.30546635675813677,0.2776948807195891,0.0790097356869784,98.461476525,-0.13628000000000015,0.31677608214986935,0.020836637071337972,97.595800971,9.91503
90010,5.07,255.48,52.40255,-1.569037,False,0.03673999999999987,0.3376216462254435,0.17174571772140307,0.0675639524203513,100.02371481399999,-0.04568000000000015,0.3541314156574561,0.0217977674697405,96.73460384500001,9.99466
90110,5.07,255.48,52.40255,-1.569037,False,0.11802999999999989,0.21570678684007133,0.16260436785194454,0.05116075318698383,99.38561197700001,0.006659999999999849,0.3733352208285597,0.01671926699610656,97.307784312,9.96524
90209,5.07,255.48,52.40255,-1.569037,False,0.10964999999999987,0.21690518794057137,0.16127304796552047,0.044713782364346574,98.344153737,0.0033699999999998523,0.373422992358827,0.015016820198933566,97.392761612,9.912939999999999
90310,5.07,255.48,52.40255,-1.569037,False,0.057969999999999876,0.3228112281194362,0.18666029036753176,0.036708164396032646,97.653609989,0.05314999999999985,0.3628669368913171,0.014624746911329176,97.352643512,9.87548
90410,5.07,255.48,52.40255,-1.569037,False,0.14337999999999987,0.3602601615499266,0.18332821841374608,0.04047105961868904,97.60958619499999,0.0019299999999998541,0.44449975640538064,0.01580119896992306,97.32758458449999,9.871269999999999
90510,5.07,255.48,52.40255,-1.569037,False,0.20269999999999982,0.38622941369085245,0.22010051643153156,0.049652536021095026,96.983938034,-0.028010000000000146,0.43017338997716115,0.01580268612885473,97.1635556665,9.836920000000001
90610,5.07,255.48,52.40255,-1.569037,False,0.16602999999999987,0.4166394765794809,0.21731162468288687,0.05658107359251591,96.949588517,-0.012640000000000142,0.4354675270454841,0.01696912228458857,97.6541428335,9.8348
90710,5.07,255.48,52.40255,-1.569037,False,0.23169999999999985,0.4543360699354876,0.2086568232504762,0.06400870166533382,97.73325497900001,-0.026860000000000144,0.43747117289155113,0.014232763454570719,97.3294050525,9.87191
90810,5.07,255.48,52.40255,-1.569037,False,0.2758599999999999,0.4705507416256238,0.2071632464187564,0.0694546246759832,97.71273993599999,-0.02683000000000015,0.43741560722548845,0.020449691657506708,97.59649538849999,9.86908
90910,5.07,255.48,52.40255,-1.569037,False,0.2799599999999999,0.47255621464539027,0.20898548620547133,0.06844542026716137,97.331904701,-0.01672000000000015,0.44409626033602534,0.022330957585040476,97.896690613,9.849529999999998
91010,5.07,255.48,52.40255,-1.569037,False,0.2573699999999999,0.46884561318197276,0.2402933209875128,0.07625719346755663,95.92200020599999,-0.06920000000000015,0.4075246713731283,0.021463718741644777,97.97285751,9.777829999999998
91110,5.07,255.48,52.40255,-1.569037,False,0.20381999999999983,0.5157341020331889,0.24076096582869225,0.07609015486026743,95.478683496,-0.14737000000000014,0.3901608672500766,0.02181248368349314,97.4321477365,9.754259999999999
91210,5.07,255.48,52.40255,-1.569037,False,0.23401999999999984,0.5141819496377845,0.24022858558762433,0.07637528396014522,95.772148616,-0.05748000000000014,0.508321341497896,0.02181827979771878,97.05815117649999,9.768699999999999
91310,5.07,255.48,52.40255,-1.569037,False,0.26193999999999984,0.46470014035335144,0.25736895888994504,0.07675321274487136,96.79445950499999,-0.12364000000000015,0.5131201682950199,0.029073730028601245,97.22403474699999,9.82201
91410,5.07,255.48,52.40255,-1.569037,False,0.18879999999999988,0.4520359105695299,0.25305252419230023,0.07456379520617483,96.59570192,-0.05842000000000015,0.4546429241112665,0.0292129043023112,97.10264405749999,9.8142
91510,5.07,255.48,52.40255,-1.569037,False,0.17706999999999987,0.44108782206920794,0.22662616819600348,0.06683763826528974,97.41766315599999,-0.07557000000000015,0.4543559374420976,0.030527080873625684,97.200800595,9.85723
91610,5.07,255.48,52.40255,-1.569037,False,0.18334999999999985,0.43395231496864517,0.22064107505198283,0.07067801481203766,96.538350961,-0.05356000000000016,0.4736108956141558,0.03180877761454456,96.743969739,9.81282
91710,3.53,255.17,52.40247,-1.569558,False,0.13748999999999986,0.3890679530764392,0.24919089536623695,0.07126429759075682,96.92782665799999,-0.06270000000000016,0.4764706683288869,0.030934269023175868,97.3305408185,9.83447
91810,3.53,255.17,52.40247,-1.569558,False,0.16364999999999988,0.43208497942467733,0.24556719854266817,0.06681303598677894,96.714283522,0.020849999999999844,0.41003193710300506,0.032072225782830886,97.21351172899999,9.82167
91909,3.53,255.17,52.40247,-1.569558,False,0.13717999999999989,0.41661283065532906,0.2445135308686858,0.06312416424083532,96.769875939,-0.035160000000000156,0.4072900282490469,0.027624755403610892,97.05089032,9.82553
92010,3.53,255.17,52.40247,-1.569558,False,0.07462999999999986,0.44770815903515254,0.1863206423826129,0.05919646104280929,97.575295497,-0.05437000000000016,0.4119580697379535,0.027076590955583697,96.74864785150001,9.86702
92110,3.53,255.17,52.40247,-1.569558,False,0.07897999999999987,0.4424941777394502,0.17325221948259542,0.06194907317030265,98.295520272,-0.025290000000000156,0.3931626450267659,0.027498050435912667,96.88710188399999,9.903839999999999
92210,3.53,255.17,52.40247,-1.569558,False,0.13815999999999987,0.5157063789922639,0.23317464627774923,0.06785139726714512,99.56137583900001,-0.10741000000000016,0.2389187655994271,0.0268975112437811,97.6667622275,9.96263
92310,3.53,255.17,52.40247,-1.569558,False,0.26884999999999987,0.5314716554582527,0.24825875144041287,0.07293880540100832,99.914313426,-0.09000000000000015,0.21604859021371034,0.02376571994370594,98.3543864655,9.976590000000002
92409,3.53,255.17,52.40247,-1.569558,False,0.34577999999999987,0.5328265483876037,0.249145193946726,0.07310511154034416,100.325171505,-0.06575000000000016,0.2214346065997778,0.022911869800956757,98.4604367125,9.994710000000001
92510,3.53,255.17,52.40247,-1.569558,False,0.29881999999999986,0.5384472548190793,0.2550499081880883,0.07310648550036483,100.08842866500001,-0.04799000000000015,0.22141410900542222,0.020847744349033522,98.7530459105,9.98397
92610,3.53,255.17,52.40247,-1.569558,False,0.37358999999999987,0.5069525541025433,0.23939530047386862,0.06410386017145697,100.34226547,-0.09547000000000015,0.15218498283338736,0.01816235422816447,98.4403082155,9.99599
92711,3.53,255.17,52.40247,-1.569558,False,0.3662099999999998,0.5087802788150224,0.22973444573167792,0.05502701962565025,100.07287393300001,-0.08228000000000016,0.14399320045674435,0.019013051073126702,98.5003502955,9.982899999999999
92810,3.53,255.17,52.40247,-1.569558,False,0.31718999999999986,0.47532906367879324,0.22661843702594917,0.05136976629187351,100.60553658500001,-0.08622000000000016,0.13954185194572571,0.017010091775779376,98.6599100535,10.01276
92910,3.53,255.17,52.40247,-1.569558,False,0.2978699999999999,0.48262672267957235,0.21879427780470784,0.0458112019293867,100.759081217,-0.06894000000000014,0.12422351003108392,0.017963694868582812,98.764478578,10.02086
93010,3.53,255.17,52.40247,-1.569558,False,0.33260999999999985,0.4371569803222008,0.23918950669123337,0.04573926103461676,100.472763498,-0.04803000000000015,0.11091101588409862,0.01702840763738293,99.02402949750001,10.00693
93110,3.53,255.17,52.40247,-1.569558,False,0.41796999999999984,0.3584575569172623,0.23918860433668024,0.03536491670181245,100.458265501,-0.04291000000000015,0.10791983084163545,0.013988840790604569,99.3768928865,10.00582
93210,3.53,255.17,52.40247,-1.569558,False,0.30530999999999986,0.35390282862827127,0.201413786353917,0.03317556831956527,99.06195208900002,-0.042660000000000156,0.10818034530869937,0.014575889528731052,99.311663964,9.9408
93310,3.53,255.17,52.40247,-1.569558,False,0.25994999999999985,0.29066598719336123,0.16415106355658107,0.025843554966880095,98.212516124,-0.025310000000000155,0.07442649543153644,0.01598247651503897,99.063414775,9.901750000000002
93410,3.53,255.17,52.40247,-1.569558,False,0.28398999999999985,0.3373362564102311,0.1727026616280799,0.025122977530396724,98.375203549,-0.05249000000000015,0.07834068688887377,0.015775751434766904,99.350187527,9.90784
93510,3.53,255.17,52.40247,-1.569558,False,0.3050599999999999,0.32608811419952527,0.17919595264551752,0.022484416825722102,98.228651789,-0.051120000000000144,0.08007711283505628,0.01590104468959316,99.158540227,9.90005
93610,3.53,255.17,52.40247,-1.569558,False,0.29487999999999986,0.32045374358518286,0.17773599679199936,0.022654271120316673,98.254044181,-0.09096000000000015,0.15305198245475857,0.013547861659825612,99.2981548255,9.90183
93710,3.53,255.17,52.40247,-1.569558,False,0.3606699999999999,0.36741957865328645,0.16828275939977505,0.02231253011186344,97.774128343,-0.10636000000000015,0.16217566059334337,0.014131226257964029,98.92350113799999,9.87406
93810,3.53,255.17,52.40247,-1.569558,False,0.3813399999999999,0.3755277270425697,0.14770605983237325,0.024001020811474167,97.01192177099999,-0.12576000000000015,0.1540979573013312,0.013805671137390306,98.808729178,9.83463
93910,3.53,255.17,52.40247,-1.569558,False,0.4427299999999999,0.36503020894773325,0.15145362363180423,0.0257012840144772,97.210792282,-0.14584000000000014,0.16269030702533718,0.01187284951280741,98.98493674950001,9.84247
94010,3.53,255.17,52.40247,-1.569558,False,0.5180299999999999,0.32715327719244947,0.14029010616925253,0.017629760192279152,97.950364126,-0.15857000000000016,0.15673406387182168,0.012727590327857495,99.211563812,9.87765
94110,3.53,255.17,52.40247,-1.569558,False,0.5739199999999999,0.36407315443157856,0.13376981722381232,0.015464888546982998,97.702526676,-0.11712000000000015,0.22186313498791344,0.014550586089699996,99.08039608850001,9.86092
94210,3.53,255.17,52.40247,-1.569558,False,0.6823599999999999,0.2576181765498543,0.12949808063821022,0.014881043123291856,98.0359194,-0.18242000000000017,0.2572762967878841,0.014515390299739443,98.5489357445,9.87398
94309,3.53,255.17,52.40247,-1.569558,False,0.6765299999999999,0.2637901061660465,0.13078232508885682,0.014373370438787282,97.895572906,-0.19955000000000017,0.2574068385951588,0.014192658509023948,98.05404451500002,9.86711
94410,3.53,255.17,52.40247,-1.569558,False,0.67946,0.26719236599204593,0.09256826910198446,0.01435587374923364,97.495070082,-0.2132500000000001,0.26015972123976866,0.017751685365946217,97.9351368155,9.8469
94510,3.53,255.17,52.40247,-1.569558,False,0.7806799999999999,0.2740618697382547,0.09428404837441723,0.016995738027633073,98.16948321,-0.22391000000000014,0.25038431549209117,0.016894012746085013,98.1990674995,9.87342
94610,3.53,255.17,52.40247,-1.569558,False,0.8387499999999999,0.24700175550430056,0.1197337249440556,0.01690179477628008,98.972277921,-0.19750000000000015,0.2359459118809476,0.016779024604096717,98.61316105099999,9.90964
94710,3.53,255.17,52.40247,-1.569558,False,0.8024899999999999,0.2664943503674357,0.11416188505840918,0.020751653213754554,99.087551321,-0.21757000000000012,0.24994527867781763,0.016224908833792677,98.43083983199999,9.91806
94810,3.53,255.17,52.40247,-1.569558,False,0.8267699999999998,0.2574601287362237,0.09414472369755288,0.020714892656506726,99.45878561399999,-0.20567000000000016,0.25607636469528794,0.01694599592163276,98.23535369250001,9.93517
94910,3.53,255.17,52.40247,-1.569558,False,0.8060099999999999,0.279637056239344,0.09429098048110711,0.024576052028878723,99.45669763800001,-0.18652000000000016,0.25563102228711226,0.0167759218987742,98.33374496,9.93623
95010,3.53,255.17,52.40247,-1.569558,False,0.8211699999999998,0.2773635121800862,0.09690150153681482,0.028071972974115726,99.16257499,-0.20444000000000012,0.25893710604872267,0.016600883510571037,98.556469558,9.92021
95111,3.53,255.17,52.40247,-1.569558,False,0.8584399999999999,0.3289245377826649,0.10743951063055973,0.031053804561930735,99.09797517199999,-0.2615600000000001,0.17588601864717446,0.014804672685728316,98.400250924,9.912279999999999
95210,3.53,255.17,52.40247,-1.569558,False,0.7709199999999998,0.42135756734101637,0.11221273694827358,0.0328229611365366,99.266100717,-0.22443000000000013,0.13175080897916813,0.013395040541533584,98.6510100585,9.92475
95310,3.53,255.17,52.40247,-1.569558,False,0.7365299999999999,0.4664442614074948,0.11738498342387159,0.03462507922162674,99.16919374800001,-0.18728000000000014,0.16341351637282597,0.012540073542155191,98.532383327,9.92061
95410,3.53,255.17,52.40247,-1.569558,False,0.6740199999999998,0.4734973936335454,0.11775753809360737,0.03480261165157859,98.950010608,-0.11948000000000011,0.22895362849275488,0.008058680619775719,98.222540345,9.9137
95510,3.53,255.17,52.40247,-1.569558,False,0.6006999999999999,0.4285694161328207,0.12108700453292295,0.034071149411416105,98.89138682400001,-0.09979000000000013,0.2425835913201389,0.009431719532065628,98.530435017,9.91726
95610,3.53,255.17,52.40247,-1.569558,False,0.5411899999999998,0.4092646914487598,0.11343997972535799,0.03454450269810651,98.7293279,-0.10893000000000015,0.24836071012406882,0.00958774680970997,98.8508029105,9.913329999999998
95711,3.53,255.17,52.40247,-1.569558,False,0.52899,0.4119384863733144,0.11472577158928352,0.0342790444569524,98.65527502699999,-0.07859000000000015,0.21723560916407617,0.009634365573207966,98.87141317400001,9.91014
95810,3.53,255.17,52.40247,-1.569558,False,0.4775199999999999,0.3995784745620249,0.11725641228654549,0.03414775899582976,98.45905093,-0.08928000000000014,0.21747141216975965,0.010480458005173946,98.95891827199999,9.903279999999999
95910,3.53,255.17,52.40247,-1.569558,False,0.5018399999999998,0.4053739924782538,0.11777176090539163,0.03096676354476304,98.507182225,-0.07874000000000016,0.21913497717667207,0.012289060175546936,98.9819399315,9.90429
96010,3.53,255.17,52.40247,-1.569558,False,0.4629599999999998,0.3862746092843265,0.11906971627338107,0.02699209966707426,98.421281416,-0.05612000000000015,0.20153750574575582,0.011013350484167031,98.791928203,9.902519999999999
96110,3.53,255.17,52.40247,-1.569558,False,0.33882999999999985,0.20933304697427965,0.11045980465551374,0.02176690658350542,98.381649869,-0.03835000000000015,0.19169471244083933,0.011022345989367438,98.73981252050001,9.910419999999998
96210,3.53,255.17,52.40247,-1.569558,False,0.3687499999999998,0.1777835216085456,0.10370234970059122,0.020169793145899704,98.148860773,-0.03029000000000015,0.184685988459687,0.011027989642440226,98.707480745,9.89822
96310,3.53,255.17,52.40247,-1.569558,False,0.3826499999999998,0.15472672145855762,0.09636718494084343,0.01824490492023403,98.56308469599999,-0.057200000000000153,0.18431406168095715,0.011049690794989693,98.86613922199999,9.919009999999998
96410,3.53,255.17,52.40247,-1.569558,False,0.37790999999999986,0.15672145460438414,0.09719092550278995,0.01744513940562569,98.775145315,-0.09021000000000015,0.12056430695321689,0.009157759308573696,98.86257796150001,9.92984
96510,3.53,255.17,52.40247,-1.569558,False,0.3764299999999999,0.15529920977112618,0.09013622036846075,0.018325637778610175,98.52078015500001,-0.10686000000000015,0.09460077753966684,0.00893525476838744,98.7060834895,9.917159999999999
96610,3.53,255.17,52.40247,-1.569558,False,0.3386099999999999,0.19183803614270953,0.06345677443987231,0.01818691837538246,98.042638467,-0.08165000000000015,0.07114523877251648,0.009970651377272308,98.3859831835,9.894
96710,3.53,255.17,52.40247,-1.569558,False,0.2948399999999999,0.2250775431810658,0.06295620082495787,0.015252016259918648,98.185893711,-0.08431000000000015,0.07468469202065849,0.009299109873673798,98.42058436900001,9.90201
96810,3.53,255.17,52.40247,-1.569558,False,0.27648999999999985,0.22901218041352678,0.06339769098565379,0.01529793014297978,98.169938704,-0.06860000000000015,0.07773220410842549,0.008467322809115585,98.314494817,9.90165
96910,3.53,255.17,52.40247,-1.569558,False,0.23633999999999986,0.17605236089799375,0.06065505749803877,0.015178405713144673,98.064197474,-0.06931000000000015,0.07706863391375053,0.00600148129847888,98.2856898495,9.898340000000001
97009,3.53,255.17,52.40247,-1.569558,False,0.20243999999999987,0.159409787793673,0.056271401855266356,0.01623663895137381,98.112741422,-0.05929000000000014,0.07889605609068819,0.0059468479044123826,98.267011419,9.90182
97110,3.53,255.17,52.40247,-1.569558,False,0.18986999999999987,0.1676686418040767,0.05093704175069458,0.01564482164926378,98.275751277,-0.056950000000000146,0.07933707624222747,0.005994775503014883,98.328700573,9.9102
97210,3.53,255.17,52.40247,-1.569558,False,0.17819999999999986,0.16157889026032152,0.053142132271035016,0.016294102545725057,98.200102504,-0.053930000000000144,0.07628560443781504,0.006680518941784909,98.1744816385,9.90668
97310,3.53,255.17,52.40247,-1.569558,False,0.16409999999999986,0.16585165392931797,0.047326004128356226,0.01649393491201277,97.97224602399999,-0.03990000000000015,0.06310333676684168,0.008272685980475003,98.26766536,9.89538
97410,3.53,255.17,52.40247,-1.569558,False,0.16573999999999986,0.1673923547968174,0.03574872958243097,0.016162319002803457,97.738398705,-0.04701000000000015,0.05867854898606001,0.008210995338121856,98.25677200999999,9.88355
97510,3.53,255.17,52.40247,-1.569558,False,0.11349999999999985,0.12633640277705172,0.03503788584569018,0.014279340165021087,97.68761228899999,-0.036060000000000154,0.07096929226392751,0.010808664219987413,98.104196222,9.88227
97610,3.53,255.17,52.40247,-1.569558,False,0.14734999999999987,0.14211888802447178,0.03789047960286723,0.014847554979918902,97.82321885299999,-0.04205000000000015,0.07359307410044698,0.010559824282965258,97.93292866,9.88848
97710,3.53,255.17,52.40247,-1.569558,False,0.15202999999999986,0.13572222490554886,0.0487085390652344,0.011895961032287817,97.50650351699998,-0.02530000000000015,0.05433930437536259,0.010602494465318186,97.84619861399999,9.87242
97809,3.53,255.17,52.40247,-1.569558,False,0.1832799999999999,0.16748766986120153,0.048727792663622406,0.013959369613017077,97.71094666399999,-0.031210000000000154,0.05260716998025689,0.01157021559380387,97.940442684,9.8818
97910,3.53,255.17,52.40247,-1.569558,False,0.12288999999999987,0.22221880333476374,0.052675409612737756,0.013271108971226131,97.44361086199999,-0.03602000000000015,0.052386762534892384,0.01145801999563781,97.75390416799999,9.86821
98010,3.53,255.17,52.40247,-1.569558,False,0.057559999999999854,0.30315035580088073,0.052388956640398575,0.01363826724060498,97.522173143,-0.03957000000000015,0.05096356105644382,0.011376408337646828,97.81745728249999,9.870849999999999
98109,3.53,255.17,52.40247,-1.569558,False,-0.011170000000000135,0.3772791511452319,0.05089466355002283,0.015533007864742758,97.39690362799999,-0.034430000000000155,0.054189708945092785,0.011307441011141102,97.8363274525,9.86237
98210,3.53,255.17,52.40247,-1.569558,False,-0.032750000000000126,0.3697646285889623,0.05689574188404835,0.017440377798964197,97.55400692799999,-0.011050000000000152,0.0664780874507487,0.011515882751824495,97.877054716,9.87051
98310,3.53,255.17,52.40247,-1.569558,False,-0.05842000000000014,0.37182344615568375,0.05690175646656842,0.01781153184483276,97.571541197,-0.0017200000000001507,0.06912849227664893,0.010668067616249898,97.7718936105,9.871210000000001
98410,3.53,255.17,52.40247,-1.569558,False,-0.09985000000000013,0.34803686027644876,0.06397810823574383,0.01953110339926619,97.755843494,0.004149999999999849,0.06752820398419901,0.01070349890863272,97.74712109949999,9.88095
98510,3.53,255.17,52.40247,-1.569558,False,-0.13275000000000015,0.35489107953470783,0.06867296492217925,0.019524412069496323,97.580744954,-0.006770000000000151,0.0627968337842889,0.009008767334497113,97.6341786215,9.87145
98610,3.53,255.17,52.40247,-1.569558,False,-0.1796400000000001,0.31145890472630566,0.07615140182617416,0.018643166755127612,97.682690226,0.00828999999999985,0.056347561319589665,0.009265803316999801,97.7529545395,9.87714
98710,3.53,255.17,52.40247,-1.569558,False,-0.21680000000000016,0.30951472052585577,0.07461289730693889,0.017839544089638722,97.71706728199999,0.01936999999999985,0.06166178449140846,0.008913759650636994,97.6117853995,9.878200000000001
98810,3.53,255.17,52.40247,-1.569558,False,-0.3028500000000001,0.1998224447964247,0.0731230773732615,0.016973914627174447,97.650066527,0.01834999999999985,0.06289307063048814,0.007903873874274285,97.6805065955,9.8751
98910,3.53,255.17,52.40247,-1.569558,False,-0.30404000000000014,0.1998906212017467,0.07586136551545468,0.016788094326156865,97.611091633,0.01898999999999985,0.062085450970581324,0.008106410357680052,97.5273512475,9.873070000000002
99010,3.53,255.17,52.40247,-1.569558,False,-0.28858000000000017,0.18603076089715878,0.07871730079554139,0.01605309246751559,97.71918728099999,0.026959999999999852,0.05916027571115982,0.008233400809331614,97.620680212,9.879230000000002
99110,3.53,255.17,52.40247,-1.569558,False,-0.23926000000000017,0.13872172144252035,0.07780024278797971,0.014036919573180486,97.852556282,0.03257999999999985,0.06090055281630495,0.008232219897613162,97.62472995499999,9.888
99210,3.53,255.17,52.40247,-1.569558,False,-0.26785000000000014,0.11414831726008641,0.07939331695973763,0.010710327310775316,97.585216926,0.01757999999999985,0.05435878340555068,0.009269687756840813,97.569611927,9.87401
99310,3.53,255.17,52.40247,-1.569558,False,-0.2781500000000001,0.11204351585174564,0.07966425379946021,0.00948310778838693,97.629753551,0.00905999999999985,0.05406541716598129,0.008427237586038873,97.60064737399999,9.876
99410,3.53,255.17,52.40247,-1.569558,False,-0.2929200000000002,0.09432839563036176,0.07478954843858743,0.006883482645155855,97.350196109,0.020839999999999848,0.06659456434273171,0.009065814910873346,97.5530198015,9.86161
99510,3.53,255.17,52.40247,-1.569558,False,-0.28428000000000014,0.09279960248944018,0.07251868801352396,0.006848162770127621,97.55698818900001,0.03412999999999985,0.06844585938290848,0.008204226552914501,97.5688665715,9.87237
99610,3.53,255.17,52.40247,-1.569558,False,-0.30326000000000014,0.070609791577673,0.06129836050085327,0.006942533958909115,97.230124457,0.02689999999999985,0.07001985432717084,0.008289350597697415,97.4564073415,9.85547
99710,3.53,255.17,52.40247,-1.569558,False,-0.30366000000000015,0.07103614416445707,0.05935692508585698,0.008045903028770772,97.26293367299999,0.02180999999999985,0.06629455231514049,0.009858758091632218,97.4900004775,9.85713
99809,3.53,255.17,52.40247,-1.569558,False,-0.29359000000000013,0.06285937479784398,0.06447323648084079,0.00802898222369321,97.35332533900001,0.03652999999999985,0.06391551802530161,0.010425289764072735,97.50169593300001,9.86204
99910,3.53,255.17,52.40247,-1.569558,False,-0.2991900000000002,0.06774825048973757,0.060814950647963925,0.00794016512517526,97.410069379,0.05101999999999984,0.058544926718227544,0.01102224518358679,97.51058050600001,9.864740000000001
100010,3.53,255.17,52.40247,-1.569558,False,-0.28797000000000017,0.0629761339272292,0.05729439084512971,0.008196482985168752,97.34159122000001,0.051089999999999844,0.05853442386985599,0.010936630600285544,97.53038925050001,9.861650000000001
100110,3.53,255.17,52.40247,-1.569558,False,-0.2948200000000002,0.04948914134521759,0.05368719690208889,0.0075105925194239136,97.24467499800001,0.04667999999999985,0.058226813220164916,0.01133629373092319,97.54861564000001,9.856620000000001
100210,3.53,255.17,52.40247,-1.569558,False,-0.30689000000000016,0.06332530563139084,0.05181502249008488,0.007634141150380798,97.292398006,0.05522999999999985,0.0521130192732676,0.010944816124458783,97.438807466,9.85861
100310,3.53,255.17,52.40247,-1.569558,False,-0.31227000000000016,0.06527940035789849,0.05504104428195245,0.007553395115482904,97.357398502,0.05987999999999984,0.045564040402228966,0.011350594697997658,97.4935760265,9.86171
100410,3.53,255.17,52.40247,-1.569558,False,-0.3041900000000002,0.0778990864300886,0.05946633127785153,0.007997839985725435,97.61225817,0.04807999999999985,0.03984750933243122,0.011760598057279201,97.4812271395,9.87477
100510,3.53,255.17,52.40247,-1.569558,False,-0.3142100000000002,0.07807040198847666,0.06208562546178484,0.00836354523403285,97.416831987,0.044729999999999846,0.0359953716160283,0.013664182701029072,97.48691008800002,9.86454
100610,3.53,255.17,52.40247,-1.569558,False,-0.3354800000000001,0.10037468472333475,0.0602063682501244,0.008545076554727802,97.56210998700001,0.05328999999999985,0.02850108964775376,0.015038616957626608,97.39611722200002,9.87103
100710,0.0,256.64,52.40243,-1.569718,False,-0.31386000000000014,0.11369905892299934,0.05570344493717654,0.008880540523685941,97.76013977000001,0.04545999999999985,0.03988141310321524,0.013175060615436945,97.51153672150001,9.88166
100809,0.0,256.64,52.40243,-1.569718,False,-0.31083000000000016,0.11459259283788385,0.05184745681197407,0.009216344177212031,97.586784488,0.04677999999999985,0.04181245959969316,0.01323800924939638,97.47005491350001,9.87299
100910,0.0,256.64,52.40243,-1.569718,False,-0.32470000000000016,0.13059352544772074,0.05101553576098764,0.009225935664295467,97.60991375,0.03900999999999984,0.03880204605141312,0.013767207414658008,97.5099915645,9.87354
101010,0.0,256.64,52.40243,-1.569718,False,-0.35200000000000015,0.1439934103429654,0.04953676973367849,0.009050113565496589,97.55101388599999,0.04462999999999985,0.043330334511599226,0.015312249997900814,97.446302553,9.86946
101109,0.0,256.64,52.40243,-1.569718,False,-0.35261000000000015,0.14341207488282712,0.055605064718186735,0.009013471398939299,97.708855172,0.04388999999999985,0.04366039267902991,0.01535057002193122,97.476765085,9.877410000000001
101210,0.0,256.64,52.40243,-1.569718,False,-0.3513700000000001,0.1428228121367244,0.058129449412329,0.010906904031318169,97.66799067100001,0.03372999999999985,0.051140960969531093,0.014593225216532366,97.4801943385,9.87538
101310,0.0,256.64,52.40243,-1.569718,False,-0.3673700000000001,0.15223768003420673,0.06347102226023374,0.010998080640302957,97.378650711,0.040099999999999844,0.05302112786425996,0.014097123425972533,97.3680246065,9.85998
101410,0.0,256.64,52.40243,-1.569718,False,-0.38336000000000015,0.1364566044164373,0.0643980719180244,0.010942988622530339,97.397901957,0.03524999999999985,0.05772413802829214,0.014459095561018306,97.5050800635,9.86055
101510,0.0,256.64,52.40243,-1.569718,False,-0.38075000000000014,0.13719006483293197,0.06178376359964351,0.011441857851937347,97.471140572,0.02387999999999985,0.06143795063131587,0.014560483050533783,97.44398627950001,9.86437
101610,0.0,256.64,52.40243,-1.569718,False,-0.36353000000000013,0.12897205597414324,0.06347332335611834,0.011464747901165284,97.312185152,0.02334999999999985,0.06105204064292115,0.012803489107721661,97.4371475695,9.857050000000001
101710,0.0,256.64,52.40243,-1.569718,False,-0.3885900000000001,0.10688095610422332,0.06646200334763704,0.010986961969815044,97.38150648,0.024989999999999846,0.059526603762971246,0.012595188675680538,97.57082312499999,9.859829999999999
101810,0.0,256.64,52.40243,-1.569718,False,-0.3940500000000001,0.1012183256353292,0.06698734208858079,0.010566093569818504,97.341206675,0.008329999999999848,0.05745686401310529,0.013210366299841604,97.4639955815,9.85762
101910,0.0,256.64,52.40243,-1.569718,False,-0.37758000000000014,0.09248215203172806,0.06767762144562273,0.010540445910530792,97.312075604,0.013519999999999848,0.060690467858528926,0.01285239277326263,97.460994677,9.856860000000001
102010,0.0,256.64,52.40243,-1.569718,False,-0.3537100000000001,0.07664162562050189,0.0766072588675715,0.010450885129634963,97.495144182,-0.0018700000000001506,0.055718021221927434,0.010903536633098706,97.523079034,9.86709
102110,0.0,256.64,52.40243,-1.569718,False,-0.3719400000000001,0.06535068137005777,0.0761981051097415,0.011835370716324295,97.153558229,-0.004260000000000151,0.05503635566098754,0.011053249899081664,97.4312067005,9.84917
102210,0.0,256.64,52.40243,-1.569718,False,-0.36892000000000014,0.06423880447187107,0.0789495542178945,0.009774774791014454,97.089338577,0.0072899999999998496,0.05795198108010946,0.011179191980261755,97.378664624,9.846010000000001
102310,0.0,256.64,52.40243,-1.569718,False,-0.35718000000000016,0.04035607623226344,0.0838062315376157,0.007320564640756799,97.4812134,-0.008800000000000151,0.05704877055836085,0.011428273904779292,97.4299320555,9.866399999999999
102410,0.0,256.64,52.40243,-1.569718,False,-0.35674000000000017,0.040742612145268954,0.0796900586305302,0.008925145501057835,97.168596195,-0.01049000000000015,0.05814759859375537,0.013455011457874968,97.283249076,9.85059
102510,0.0,256.64,52.40243,-1.569718,False,-0.35289000000000015,0.04471371775563912,0.08200956312856231,0.009012713242571758,97.06192202700001,0.00132999999999985,0.062266025157281,0.011334215651850672,97.26653129949999,9.845279999999999
102610,0.0,256.64,52.40243,-1.569718,False,-0.3576800000000001,0.04610436952029877,0.08452319602783138,0.008925002333864937,97.288447084,-0.00742000000000015,0.058995664624129106,0.01133500477862915,97.300316118,9.85658
102710,0.0,256.64,52.40243,-1.569718,False,-0.34435000000000016,0.04917149693762207,0.08055445432255101,0.008660696661325467,97.17135536999999,-0.00942000000000015,0.059732362343284134,0.013084974419301272,97.276430925,9.85113
102810,0.0,256.64,52.40243,-1.569718,False,-0.3407200000000002,0.05228698159599516,0.08231106311550222,0.008611207167506659,97.09593501399999,0.0011199999999998503,0.05909173283029658,0.013267018420730104,97.2185708445,9.8474
102910,0.0,256.64,52.40243,-1.569718,False,-0.3408300000000002,0.052309124973861365,0.08671923085505392,0.008084560043931965,97.405151214,-0.00899000000000015,0.05446512543717462,0.013524253932940584,97.35861340900001,9.86305
103010,0.0,256.64,52.40243,-1.569718,False,-0.33057000000000014,0.06923008417972004,0.08355953898656851,0.008150528271464457,97.349531486,-0.00479000000000015,0.052162149964194916,0.014009028834544628,97.42233783399999,9.86051
103110,0.0,256.64,52.40243,-1.569718,False,-0.3137200000000001,0.06703030492063625,0.07874721582438297,0.007761271373052269,97.441660014,-0.00575000000000015,0.05216889771585328,0.013225312430604486,97.2976091215,9.86578
103210,0.0,256.64,52.40243,-1.569718,False,-0.31994000000000017,0.07584096225346301,0.0720911159581507,0.007618136254545925,97.589726911,-0.011940000000000148,0.04509861293750807,0.013255208619775402,97.33953274400001,9.873069999999998
103310,0.0,256.64,52.40243,-1.569718,False,-0.30688000000000015,0.07163146112008303,0.07236125728348755,0.007413051552913878,97.584373928,0.0007199999999998506,0.04206795560622303,0.013255208619775402,97.532793664,9.873240000000001
103410,0.0,256.64,52.40243,-1.569718,False,-0.29709000000000013,0.07579798370213518,0.06753007889560529,0.007136050883720488,97.720632143,-0.00390000000000015,0.05022312437732734,0.012637268516327798,97.444614169,9.88044
103510,0.0,256.64,52.40243,-1.569718,False,-0.30010000000000014,0.07634117863598486,0.06769518364684436,0.007208182078840306,97.72035047099999,-0.0063100000000001506,0.04654523367409439,0.012273621216902227,97.391136249,9.88033
103610,0.0,256.64,52.40243,-1.569718,False,-0.29115000000000013,0.06941982185689134,0.06989537339705106,0.009001364093757284,97.763435846,0.0005699999999998484,0.048297505111529956,0.012216932693710792,97.525941465,9.88281
103710,0.0,256.64,52.40243,-1.569718,False,-0.2896400000000001,0.06998416011243215,0.06989317245372759,0.00895736196243964,97.770338124,-0.0002300000000001516,0.04906929454011877,0.011328508776945256,97.47084674700001,9.8832
103810,0.0,256.64,52.40243,-1.569718,False,-0.2901400000000002,0.06996677306628628,0.07022880384130038,0.00843144906443486,97.765924272,-0.005260000000000152,0.046388365399555896,0.011483171261478067,97.430929643,9.88296
103910,0.0,256.64,52.40243,-1.569718,False,-0.28152000000000016,0.06690603360915416,0.06760309082416271,0.008578532637639573,97.706340299,-0.0010400000000001515,0.045690728454084985,0.010980265125234237,97.5557457565,9.880230000000001
104010,0.0,256.64,52.40243,-1.569718,False,-0.2906900000000001,0.0594804066710513,0.06375962585351617,0.01022787041989483,97.55779726400002,-0.0012300000000001515,0.04574620931470641,0.013799694038411501,97.453664375,9.87251
104110,0.0,256.64,52.40243,-1.569718,False,-0.30436000000000013,0.06360807426016665,0.06163094100352687,0.009671728559371451,97.6366511,0.0005799999999998485,0.04570112568512018,0.012439850838619574,97.539155557,9.87608
104210,0.0,256.64,52.40243,-1.569718,False,-0.28591000000000016,0.04392917152743733,0.061725097543524635,0.009658019120200647,97.768308204,-0.00014000000000015156,0.04558930673839154,0.012016567267198415,97.6790175575,9.88339
104310,0.0,256.64,52.40243,-1.569718,False,-0.2863100000000002,0.04378110830507082,0.0587492685541483,0.010407241068577872,97.3933895,-0.010130000000000153,0.04473273844609971,0.01318153590774247,97.488881714,9.864410000000001
104410,0.0,256.64,52.40243,-1.569718,False,-0.29044000000000014,0.039023445943550394,0.06076628816925927,0.010222654579877779,97.47989417,0.0019099999999998482,0.03316056727832747,0.011888668741396533,97.6002631565,9.86868
104510,0.0,256.64,52.40243,-1.569718,False,-0.28754000000000013,0.037118255466344,0.055090269357384994,0.01026463183263282,97.580551894,-0.0010200000000001514,0.029612677465317636,0.012156223828804425,97.6504511825,9.8739
104610,0.0,256.64,52.40243,-1.569718,False,-0.29221000000000014,0.04173446350943423,0.054127677250521485,0.009550939453125809,97.26758635,-0.003310000000000152,0.026615636590346263,0.012070538052924698,97.515511098,9.857890000000001
104710,0.0,256.64,52.40243,-1.569718,False,-0.29095000000000015,0.04300592336434955,0.06475940515204985,0.009787003853952165,97.43889976599999,-0.006150000000000151,0.032543825152459065,0.012128460559929678,97.604618945,9.86655
104810,0.0,256.64,52.40243,-1.569718,False,-0.2948000000000001,0.044624183776889544,0.06545316306831452,0.010728694649477065,97.430708251,-0.006790000000000152,0.0325816052397403,0.012741188676379567,97.5983162615,9.86601
104910,0.0,256.64,52.40243,-1.569718,False,-0.2979700000000001,0.043348178226211155,0.06303921971530535,0.01094590740330456,97.218823764,0.0024399999999998494,0.047753887567150356,0.012713426848038898,97.46258203149999,9.855189999999999
105010,0.0,256.64,52.40243,-1.569718,False,-0.2916900000000001,0.04941550476406133,0.07465056448460092,0.010029534164076788,97.44149976,-0.0014200000000001503,0.050708048889899986,0.009715102790008744,97.49964851200001,9.86657
105110,0.0,256.64,52.40243,-1.569718,False,-0.28686000000000017,0.0412239466542648,0.0761804553535206,0.011969688568934206,97.359525504,-0.0037800000000001504,0.05078555787708901,0.01153680583554663,97.49808830200001,9.86258
105210,0.0,256.64,52.40243,-1.569718,False,-0.2962500000000001,0.0436564937256792,0.0794996044719958,0.012506282865181894,97.061333711,0.007969999999999849,0.06431820288394627,0.011537975944120477,97.4148209575,9.84714
105310,0.0,256.64,52.40243,-1.569718,False,-0.2934100000000001,0.046153257980321015,0.08500066927895088,0.011055415967527193,97.41983707099999,0.0067599999999998495,0.0656631504980654,0.01034498805103187,97.40661328550001,9.865359999999999
105410,0.0,256.64,52.40243,-1.569718,False,-0.2907300000000001,0.048627085502015305,0.08388354692391485,0.011476202430031168,97.25244817400001,0.0013699999999998492,0.06644424646940585,0.010642101922625408,97.366171172,9.856950000000001
105510,0.0,256.64,52.40243,-1.569718,False,-0.2823800000000002,0.054272231491684905,0.08792439997636364,0.0125022709045439,97.116378075,0.006559999999999849,0.06999332031620692,0.010186968799969245,97.3484649845,9.85023
105610,0.0,256.64,52.40243,-1.569718,False,-0.27546000000000015,0.04909822807368892,0.0936036021391537,0.012775501729375345,97.488818359,-0.003130000000000151,0.07456128053858667,0.010385037313279805,97.3782023545,9.86929
105710,0.0,256.64,52.40243,-1.569718,False,-0.28199000000000013,0.049205249268055556,0.08687279397731816,0.012795489656452568,97.216807432,-0.000790000000000151,0.07240867734984406,0.012182906969210464,97.32785359900001,9.85537
105810,0.0,256.64,52.40243,-1.569718,False,-0.2739400000000002,0.04726088822199114,0.0868007354044786,0.011943315191796979,97.50448492299999,-0.005680000000000151,0.07481599353672423,0.010055893794099841,97.467596587,9.87019
105912,0.0,256.64,52.40243,-1.569718,False,-0.26293000000000016,0.0538397426522913,0.08864854764795115,0.011145302946560506,97.769304562,-0.01690000000000015,0.06431631899360517,0.009480365674991095,97.49406416299999,9.883849999999999
106010,0.0,256.64,52.40243,-1.569718,False,-0.26846000000000014,0.05210624189500208,0.08500362345271988,0.011022708882300331,97.414237758,-0.009470000000000154,0.0640120309872245,0.010894672500222488,97.427868759,9.86576
106110,0.0,256.64,52.40243,-1.569718,False,-0.26088000000000017,0.04669674744774312,0.08456798448639657,0.009840618769701725,97.601562702,-0.009690000000000153,0.06404035967001548,0.011348108016483163,97.480544103,9.87548
106210,0.0,256.64,52.40243,-1.569718,False,-0.2510700000000001,0.03514272644799171,0.08285000100638007,0.008778009138595753,98.06765377500001,-0.028720000000000155,0.04708488316031514,0.011343407287367527,97.564493743,9.89936
106310,0.0,256.64,52.40243,-1.569718,False,-0.24366000000000015,0.043386613398586786,0.07925696884944558,0.00895396249921057,97.87604867400002,-0.02173000000000015,0.04649979808795429,0.011359034583312114,97.64794287250001,9.88986
106410,0.0,256.64,52.40243,-1.569718,False,-0.26330000000000015,0.0744943249141873,0.08323335936511345,0.008837049532353519,97.815727299,-0.02050000000000015,0.04637516097604243,0.011597298535932752,97.53408773650001,9.88611
106510,0.0,256.64,52.40243,-1.569718,False,-0.27827000000000013,0.07831815526696473,0.07439519175085349,0.009057108932493148,97.988472314,-0.02905000000000015,0.03355712376759757,0.011633495700795932,97.5524251945,9.894470000000002
106610,0.0,256.64,52.40243,-1.569718,False,-0.26181000000000015,0.09387592816513168,0.08326042410601038,0.01001609815322553,98.09588299100001,-0.025070000000000155,0.029272097066403817,0.011791352763708471,97.792350675,9.900160000000001
106711,0.0,256.64,52.40243,-1.569718,False,-0.25786000000000014,0.09234327503625021,0.07980111667334282,0.009726418776458605,98.22379142600002,-0.014930000000000151,0.0360348303728252,0.010352004636697889,97.72029942900001,9.90676
106810,0.0,256.64,52.40243,-1.569718,False,-0.24156000000000014,0.10739686732436537,0.0868560469338759,0.010199373618759361,97.92955958200001,-0.006970000000000152,0.03360922657707828,0.009970406210291254,97.71702225250002,9.89212
106910,0.0,256.64,52.40243,-1.569718,False,-0.24784000000000014,0.1056214540495052,0.08392208026286407,0.012095527180350646,97.781143842,-0.011830000000000153,0.037222843941716655,0.010574607951671212,97.775224202,9.8845
107010,0.0,256.64,52.40243,-1.569718,False,-0.24464000000000014,0.10507604865037609,0.07936208512662819,0.012253507434088748,98.03695011700002,-0.013690000000000152,0.03580445192676549,0.009294496579421713,97.72559393750001,9.897549999999999
107110,0.0,256.64,52.40243,-1.569718,False,-0.23040000000000016,0.11238398462403934,0.08102088619665226,0.012601075791532123,97.88206364999999,-0.0030300000000001532,0.04810246124447319,0.006236532155897943,97.741813176,9.88998
107211,0.0,256.64,52.40243,-1.569718,False,-0.22722000000000014,0.11220809834102737,0.0710199971845348,0.012655416055917764,97.61275222600001,0.0015999999999998468,0.04290951720382003,0.007825378939947308,97.8402030005,9.876500000000002
107310,0.0,256.64,52.40243,-1.569718,False,-0.2308200000000001,0.11077227691669808,0.07563576535007126,0.012483451267513384,97.781311117,-0.0009000000000001535,0.043337871557211666,0.007866673728696953,97.8286798955,9.88493
107410,0.0,256.64,52.40243,-1.569718,False,-0.19639000000000015,0.0919192574429616,0.07677984110488288,0.012553746673737737,97.747307071,0.012779999999999847,0.05650907105155203,0.007407053695138133,97.781517185,9.88412
107510,0.0,256.64,52.40243,-1.569718,False,-0.19064000000000014,0.08153719260407721,0.07886718512144364,0.012008626528622708,97.675762384,0.014759999999999846,0.05582478939601432,0.008069173164195372,97.832117349,9.88068
107610,0.0,256.64,52.40243,-1.569718,False,-0.19251000000000015,0.07979272383967331,0.07112251479807462,0.011295077590287105,97.60069401,0.016619999999999847,0.0541717802714293,0.007951973898794162,97.8482885005,9.876909999999999
107710,0.0,256.64,52.40243,-1.569718,False,-0.17015000000000016,0.08594761001123548,0.07272069933108845,0.010996160945911292,97.442059578,0.015509999999999847,0.05351472175432369,0.008933638054404445,97.832925502,9.86923
107810,0.0,256.64,52.40243,-1.569718,False,-0.18994000000000016,0.08699149639143504,0.07306381153243396,0.01025115711590901,97.443866563,0.010259999999999846,0.05563482522463808,0.010167617441793238,97.6867130725,9.86895
107910,0.0,256.64,52.40243,-1.569718,False,-0.18192000000000014,0.08460581540282365,0.07773118636316198,0.00854622073677695,97.584696628,0.016589999999999848,0.05043978698517025,0.009184261900930305,97.68292023500001,9.87622
108010,0.0,256.64,52.40243,-1.569718,False,-0.15633000000000016,0.10019911343574948,0.0767150021550341,0.00985384865553346,97.549261685,0.020699999999999847,0.05088193305201114,0.009483019912711355,97.793105901,9.87474
108110,0.0,256.64,52.40243,-1.569718,False,-0.16443000000000013,0.09985901227886311,0.07727981193963075,0.012005443209623429,97.53212840500001,0.007319999999999846,0.04861373377050321,0.013263081592584281,97.7070960275,9.87374
108210,0.0,256.64,52.40243,-1.569718,False,-0.16301000000000015,0.09910280240447923,0.07767768448375591,0.011894536560657878,97.598736509,0.013289999999999847,0.04807104580142488,0.012557494442160099,97.6057443675,9.87714
108310,0.0,256.64,52.40243,-1.569718,False,-0.14201000000000014,0.11035623579007552,0.0780339413338276,0.012578062913640392,97.60042880900001,0.014599999999999846,0.04727122686039713,0.012645460318425806,97.690869963,9.87744
108410,0.0,256.64,52.40243,-1.569718,False,-0.13576000000000016,0.11520434212485854,0.07295028444146572,0.012391058603935455,97.916903174,-0.004240000000000152,0.03836350117260535,0.014360226708145149,97.8321051225,9.893519999999999
108510,0.0,256.64,52.40243,-1.569718,False,-0.13037000000000015,0.10736413688409151,0.07499291003585828,0.011741573810540975,97.87994163600001,0.0004699999999998483,0.04246023106649898,0.01381738438016849,97.77785201,9.89179
108610,0.0,256.64,52.40243,-1.569718,False,-0.13743000000000016,0.10986306678962428,0.06674861297004098,0.01259825384697517,97.743426181,0.004259999999999848,0.042220037370350745,0.014728509768412163,97.6720600955,9.884820000000001
108710,0.0,256.64,52.40243,-1.569718,False,-0.13625000000000015,0.11097612606111534,0.06658318106016425,0.012511155022332045,98.019879621,0.002459999999999848,0.040928859690367816,0.01474349574099982,97.7309695995,9.8988
108810,0.0,256.64,52.40243,-1.569718,False,-0.12366000000000014,0.09895577238779954,0.05526673100198653,0.012625375681695084,98.18025820400001,0.011489999999999848,0.04213078710658595,0.014666549241893296,97.8120623835,9.90724
108910,0.0,256.64,52.40243,-1.569718,False,-0.12188000000000014,0.09821087063603613,0.056036675491059895,0.012668600729254619,98.19542015100001,0.015309999999999848,0.04328364972286389,0.014653027749254977,97.89005838950001,9.90803
109010,0.0,256.64,52.40243,-1.569718,False,-0.13733000000000015,0.08672765866639533,0.05598066035180096,0.011514821366566607,98.187203898,0.01454999999999985,0.04278582968951829,0.014488064052806152,97.86823279149999,9.90751
109110,0.0,256.64,52.40243,-1.569718,False,-0.13814000000000015,0.08738325799462257,0.05879824260489185,0.008725244345100837,98.15394006000001,0.018779999999999845,0.038039009217124185,0.010941054184349827,97.8430342325,9.905800000000001
109210,0.0,256.64,52.40243,-1.569718,False,-0.14059000000000016,0.08975557488089082,0.05906414968378113,0.008947973078583044,98.20337561900001,0.01497999999999985,0.03800347352543241,0.011363924400311247,97.901056064,9.90824
109310,0.0,256.64,52.40243,-1.569718,False,-0.14767000000000013,0.07936106028063016,0.06031386057837836,0.006778036424407886,98.22656075900001,0.022949999999999846,0.04139090748244658,0.011292081788108099,97.91349478400001,9.90938
109410,0.0,256.64,52.40243,-1.569718,False,-0.16130000000000017,0.06751692791835524,0.06665298943101265,0.0074203623746149265,97.959195135,0.034029999999999845,0.025150305940228695,0.010789011899891019,97.93804915450002,9.895710000000001
109510,0.0,256.64,52.40243,-1.569718,False,-0.16008000000000014,0.06578802322594009,0.05919080634394185,0.006817501985783149,98.10485592,0.02316999999999985,0.03669992582490849,0.010693736484419882,97.99239877800001,9.90314
109610,0.0,256.64,52.40243,-1.569718,False,-0.15569000000000016,0.0639864994439294,0.06191993037680302,0.005615939616004055,98.17407978100002,0.026399999999999847,0.03769037601885486,0.010103926629362828,97.958752981,9.9067
109711,0.0,256.64,52.40243,-1.569718,False,-0.15998000000000015,0.056113353530343184,0.061347122544868654,0.005690235300108775,97.947787123,0.02823999999999985,0.03785707625029229,0.01021623979523626,97.983833372,9.89525
109810,0.0,256.64,52.40243,-1.569718,False,-0.17455000000000015,0.07198296480556318,0.06573991261936664,0.00468056264347482,97.85013166,0.01835999999999985,0.04213863890643747,0.009102649186936457,98.01519493200001,9.88995
109910,0.0,256.64,52.40243,-1.569718,False,-0.18369000000000016,0.07442188223588687,0.06299895590035899,0.004840110190841916,97.799418081,0.020869999999999847,0.04452233022750631,0.01062954477954884,97.997419116,9.887220000000001
110010,0.0,256.64,52.40243,-1.569718,False,-0.17375000000000015,0.08591432748176173,0.06529563878648628,0.004906696104253058,97.865428985,0.01279999999999985,0.048509678301212576,0.010807713294905541,98.02631644150001,9.890640000000001
110110,0.0,256.64,52.40243,-1.569718,False,-0.18029000000000014,0.09091788052950137,0.06773325213316843,0.008450700167805998,97.835009498,0.01293999999999985,0.04846100838129123,0.010357074876537857,97.994474779,9.88893
110210,0.0,256.64,52.40243,-1.569718,False,-0.18814000000000014,0.0986332398331142,0.07142532152988067,0.008562943418756356,97.598144167,0.02010999999999985,0.051261106113682675,0.010966357645007422,97.90075989300001,9.87671
110311,0.0,256.64,52.40243,-1.569718,False,-0.19641000000000014,0.0905586176031789,0.07115633882969849,0.008607496732083246,97.596359408,0.0078099999999998474,0.051648888339100966,0.012857462165277674,97.9114600835,9.87653
110410,0.0,256.64,52.40243,-1.569718,False,-0.19301000000000015,0.09247849539805296,0.0708602921253597,0.008998080041723821,97.60084474399999,-0.0029200000000001508,0.05523933381204256,0.013963141957723819,97.78001993950001,9.876809999999999
110510,0.0,256.64,52.40243,-1.569718,False,-0.19022000000000014,0.09133047197451528,0.07733260703741168,0.010235016147929703,97.400644633,0.01252999999999985,0.060332652850659946,0.013898365211555257,97.7527502765,9.86669
110610,0.0,256.64,52.40243,-1.569718,False,-0.20139000000000012,0.09400177835184748,0.08160352933600099,0.010621618415787895,97.46074454699999,-0.0007700000000001511,0.06531474310341373,0.013266436346342099,97.817412164,9.86946
110711,0.0,256.64,52.40243,-1.569718,False,-0.21009000000000017,0.08513691522077714,0.08359771461577496,0.010790201315882398,97.389579426,-0.013580000000000153,0.06897664338985783,0.014761997004259564,97.66868327450001,9.865730000000001
110810,0.0,256.64,52.40243,-1.569718,False,-0.19141000000000014,0.0829763346448113,0.08213797064886438,0.010955673314342784,97.519506533,-0.01260000000000015,0.06860132813743847,0.014675031705375237,97.6848190965,9.87272
110910,0.0,256.64,52.40243,-1.569718,False,-0.17870000000000014,0.08402576324476668,0.08977662959987706,0.011278672104342373,97.645912749,-0.01933000000000015,0.062735211626136,0.013019852362978984,97.722665415,9.879290000000001
111010,0.0,256.64,52.40243,-1.569718,False,-0.18882000000000015,0.07135265781843307,0.08691421313304266,0.011515593292649576,97.473014358,-0.027540000000000155,0.07115818372548176,0.01283477913926728,97.66922167150001,9.87046
111110,0.0,256.64,52.40243,-1.569718,False,-0.17796000000000017,0.06555130645345277,0.08371410939144196,0.008152061770125467,97.70545288499999,-0.025040000000000152,0.07259544215872318,0.01271569895830409,97.7702311915,9.88249
111209,0.0,256.64,52.40243,-1.569718,False,-0.16050000000000014,0.04824000184239846,0.08376830811551107,0.00691121471824748,98.049120117,-0.033760000000000144,0.06473604869003292,0.012493309320432007,97.82363214200001,9.90025
111310,0.0,256.64,52.40243,-1.569718,False,-0.16188000000000013,0.04811938394335415,0.08599469557337722,0.0068472297718411256,97.694600285,-0.03697000000000015,0.0663514054108752,0.012074288568800188,97.6454798465,9.88229
111410,0.0,256.64,52.40243,-1.569718,False,-0.16566000000000014,0.04691105531842043,0.08404693728362442,0.0076016372500744235,97.962441041,-0.03195000000000015,0.06569752658965412,0.012555565388322238,97.7816428925,9.89579
111510,0.0,256.64,52.40243,-1.569718,False,-0.15989000000000014,0.044082207294744595,0.07594191054923585,0.006859713307383637,98.342902011,-0.044020000000000156,0.047489783696642425,0.012571484487539059,97.871773322,9.91516
111610,0.0,256.64,52.40243,-1.569718,False,-0.14755000000000015,0.020066403652186416,0.0769654908245802,0.006426585406950439,97.98143872400001,-0.04558000000000015,0.04909772115099186,0.013036342363578658,97.7210916355,9.89717
111710,0.0,256.64,52.40243,-1.569718,False,-0.14973000000000017,0.02334295277854439,0.07074590211989087,0.006265859876571628,98.212920461,-0.03777000000000015,0.047703739662379695,0.011828219552239998,97.8012499435,9.90886
111810,0.0,256.64,52.40243,-1.569718,False,-0.15431000000000014,0.020307111506924182,0.07172382294515649,0.005056448027963733,98.345357914,-0.04086000000000015,0.04827857127590634,0.011554320980981466,97.9324322235,9.91547
111910,0.0,256.64,52.40243,-1.569718,False,-0.15946000000000016,0.015203815309876554,0.07237318717807754,0.005624707399159847,97.970270154,-0.04500000000000015,0.04592193859630465,0.01347501391458333,97.8080914515,9.89646
112010,0.0,256.64,52.40243,-1.569718,False,-0.15461000000000014,0.02455254908647041,0.07318870283256046,0.00798498591062174,98.168406235,-0.036790000000000156,0.03604985590969025,0.012533865236868929,97.8207102965,9.90652
112109,0.0,256.64,52.40243,-1.569718,False,-0.14776000000000017,0.030976772659871577,0.07596608965761158,0.008104518629446791,98.27503966500001,-0.04320000000000015,0.029207875650213377,0.011543271248191482,97.990246275,9.91197
112210,0.0,256.64,52.40243,-1.569718,False,-0.14794000000000015,0.030884631200993252,0.07804365516300503,0.007994192335936054,97.937074561,-0.04863000000000015,0.028903673353601077,0.011856873299595371,97.993097339,9.89489
112310,0.0,256.64,52.40243,-1.569718,False,-0.14351000000000014,0.03144923422454492,0.070899118471886,0.00842775836767639,98.258885848,-0.04060000000000015,0.0300137005752464,0.012743577903241767,97.9767430665,9.91125
112410,0.0,256.64,52.40243,-1.569718,False,-0.13790000000000013,0.031400636935848845,0.07254817250230228,0.007908961161840174,98.30450222800002,-0.040190000000000156,0.030395959161238134,0.010644957074095041,98.13347163450001,9.91362
112510,0.0,256.64,52.40243,-1.569718,False,-0.13698000000000016,0.031008844616035695,0.07681607832335499,0.007722147081504257,97.971787729,-0.04285000000000015,0.029735360543719554,0.011388693223173062,98.15734487,9.89681
112610,0.0,256.64,52.40243,-1.569718,False,-0.13375000000000012,0.03139017008164822,0.0723101160902084,0.008773248479424078,98.247041957,-0.03599000000000015,0.022873635964151817,0.012260052564614182,98.1142403405,9.910779999999999
112710,0.0,256.64,52.40243,-1.569718,False,-0.12853000000000014,0.024861351084662326,0.07455765926882332,0.008705968578034086,98.330692304,-0.036880000000000156,0.021920604208990394,0.011012563532337443,98.2718063825,9.91507
112809,0.0,256.64,52.40243,-1.569718,False,-0.12281000000000016,0.022827636758479944,0.07556654830222755,0.00860212506002925,98.125555504,-0.03480000000000015,0.02009897730948529,0.01110159648170737,98.235456709,9.90479
112910,0.0,256.64,52.40243,-1.569718,False,-0.13169000000000014,0.046665986899565005,0.06767809509469032,0.008381036795683812,98.320139872,-0.03379000000000015,0.020090321052644085,0.01123993376801329,98.14520501300001,9.91447
113010,0.0,256.64,52.40243,-1.569718,False,-0.14371000000000014,0.05225547180258048,0.06735210629455188,0.006358624938140364,98.314192251,-0.03583000000000015,0.02219074131250051,0.011633290353234522,98.241299243,9.913979999999999
113110,0.0,256.64,52.40243,-1.569718,False,-0.13313000000000014,0.07092595591318633,0.0643375162723165,0.007684732337820338,98.185325275,-0.033680000000000154,0.022702119333237066,0.011485720603253109,98.23018247,9.907540000000001
113210,0.0,256.64,52.40243,-1.569718,False,-0.13891000000000014,0.07336328857874419,0.05651926023815379,0.008032876888384438,98.305091988,-0.02431000000000015,0.02457186512159499,0.012106729074655275,98.1210832745,9.91353
113310,0.0,256.64,52.40243,-1.569718,False,-0.14809000000000014,0.0764142140644529,0.05457264373781925,0.007690282467976942,98.22468727200001,-0.030930000000000152,0.026384888351699415,0.01132999950958086,98.24178656000001,9.90933
113410,0.0,256.64,52.40243,-1.569718,False,-0.13239000000000015,0.09763079489120298,0.05035611074119577,0.007827416204423563,98.093241544,-0.03326000000000015,0.025643981316794226,0.012023791230463397,98.198871886,9.90277
113510,0.0,256.64,52.40243,-1.569718,False,-0.13410000000000014,0.09802127886886669,0.050138919237583415,0.008244115746232059,98.09572692100001,-0.023270000000000155,0.03641657284501216,0.011863033151507637,98.033757325,9.90287
113610,0.0,256.64,52.40243,-1.569718,False,-0.14369000000000015,0.1006975167959262,0.04718366125026461,0.007787917992602,98.01069294,-0.02208000000000015,0.03641021834593,0.010833123074800258,98.12886744850002,9.898430000000001
113710,0.0,256.64,52.40243,-1.569718,False,-0.13135000000000013,0.10887803829147209,0.04349053026019748,0.007163681548349274,97.958065065,-0.024210000000000155,0.03684988919022192,0.01107963597468565,98.14437868450001,9.89588
113810,0.0,256.64,52.40243,-1.569718,False,-0.13795000000000013,0.1090832734910928,0.05145842874573599,0.007810541309562534,97.85984944399999,-0.015330000000000153,0.04237218820560984,0.01104617077937435,97.992702474,9.890789999999999
113910,0.0,256.64,52.40243,-1.569718,False,-0.13417000000000012,0.1051369799620123,0.05252912842818361,0.009533339160461292,97.752357367,-0.011470000000000152,0.04270490604132367,0.009908744734850938,98.0362486195,9.88544
114010,0.0,256.64,52.40243,-1.569718,False,-0.11679000000000013,0.1040068101401668,0.05381400994869215,0.009253731979498105,97.76510734800002,-0.0024400000000001526,0.039660761465184574,0.01030491252851935,98.0396497995,9.88631
114110,0.0,256.64,52.40243,-1.569718,False,-0.13306000000000012,0.09379352263811142,0.053683484943201604,0.00885176692929752,97.68629067500001,0.0025599999999998476,0.04045681373731798,0.010002805162019488,97.935807975,9.88221
114210,0.0,256.64,52.40243,-1.569718,False,-0.12187000000000014,0.09260823157545266,0.05354032748086256,0.010121572121713527,97.724537353,-0.0073700000000001525,0.04681474245480144,0.009714187791197848,98.0148146705,9.8843
114310,0.0,256.64,52.40243,-1.569718,False,-0.10870000000000016,0.08762888919870793,0.05357095502521449,0.010990142047082447,97.721684415,0.0005999999999998475,0.04207987114469128,0.010614643972591837,97.9731858435,9.88435
114410,0.0,256.64,52.40243,-1.569718,False,-0.12956000000000015,0.07033554814821867,0.05451275182195988,0.01092166043509387,97.606106507,0.011339999999999847,0.045205216021536786,0.009415967525573709,97.84967402550001,9.87837
114510,0.0,256.64,52.40243,-1.569718,False,-0.13077000000000014,0.07105412725505145,0.04859272922387213,0.010605077399976641,97.812135181,0.0014599999999998475,0.0461663706368179,0.01014375012827505,97.953931051,9.8888
114611,0.0,256.64,52.40243,-1.569718,False,-0.10782000000000014,0.07863322452994798,0.05427975272278459,0.01132519315476906,97.92374241,0.003159999999999848,0.045726073281838225,0.012261325829995859,97.967217675,9.894639999999999
114710,0.0,256.64,52.40243,-1.569718,False,-0.12366000000000014,0.07324708867918982,0.06333544294804268,0.012029519247507761,97.589724661,0.012409999999999848,0.045243647804580435,0.01039010747449444,97.773894863,9.87755
114809,0.0,256.64,52.40243,-1.569718,False,-0.12969000000000014,0.07974384615741237,0.057611678022218164,0.012300948472624251,97.72471866800001,0.0017799999999998483,0.04862703409054174,0.010361381289212076,97.792284056,9.88429
114910,0.0,256.64,52.40243,-1.569718,False,-0.11091000000000013,0.07879619914676844,0.06583023705868023,0.010799922838898243,98.003477288,0.006749999999999848,0.05189939520091231,0.014158844899464854,97.8779173275,9.89857
115010,0.0,256.64,52.40243,-1.569718,False,-0.11204000000000014,0.07781612514967907,0.06312965142450959,0.011189876376714635,97.79452911399999,0.008519999999999847,0.05290947825188927,0.013950742712143912,97.779818231,9.888020000000001
115110,0.0,256.64,52.40243,-1.569718,False,-0.12703000000000014,0.0978783150423659,0.06419452728562278,0.011762293804712613,97.76304537899999,0.006259999999999847,0.05233157534200586,0.013965453407859815,97.724668027,9.88608
115210,0.0,256.64,52.40243,-1.569718,False,-0.13261000000000014,0.09650552603624617,0.06608808011604256,0.011293601924863146,97.853668816,0.016009999999999847,0.04336956049784252,0.014295220646479983,97.7891030845,9.89059
115310,0.0,256.64,52.40243,-1.569718,False,-0.12931000000000015,0.09903176202040406,0.0656159025447176,0.010518243410250148,97.786146379,0.01656999999999985,0.04335822490214412,0.014464903886395434,97.753915397,9.8872
115410,0.0,256.64,52.40243,-1.569718,False,-0.10762000000000016,0.113206417171758,0.06688705986862505,0.010792121611699604,97.75400945499999,0.014779999999999849,0.04117120892617425,0.015126195085876365,97.68005798099999,9.88569
115510,0.0,256.64,52.40243,-1.569718,False,-0.10855000000000015,0.11384870320824665,0.06789762637057253,0.010783114371478233,97.792033564,0.024119999999999846,0.03584893613791705,0.015142640309859075,97.8020843725,9.88759
115610,0.0,256.64,52.40243,-1.569718,False,-0.12409000000000014,0.10496003948582519,0.06225969714815825,0.010026874997477979,97.589659664,0.02555999999999985,0.03505735617841786,0.013693859126484123,97.756701037,9.87729
115710,0.0,256.64,52.40243,-1.569718,False,-0.10802000000000016,0.10908186324438221,0.05502362724909122,0.009091730063545874,97.67546863999999,0.023019999999999846,0.03383577331100606,0.013681784321514406,97.63259665049999,9.881820000000001
115810,0.0,256.64,52.40243,-1.569718,False,-0.09574000000000014,0.10025392427885622,0.05804171297037695,0.0068874200937931816,97.82028950399999,0.03836999999999985,0.026196100218637112,0.013745625566718938,97.772504086,9.88934
115910,0.0,256.64,52.40243,-1.569718,False,-0.10642000000000014,0.0981389015629237,0.04683065947387721,0.008365278768918405,97.50165044799999,0.032419999999999845,0.027727395197577893,0.012865889441050108,97.752563868,9.87318
116009,0.0,256.64,52.40243,-1.569718,False,-0.12032000000000014,0.10002962672228337,0.04673877762013919,0.009502520133191732,97.578601908,0.026149999999999847,0.0317639645580125,0.011961331215322859,97.686565511,9.8769
116110,0.0,256.64,52.40243,-1.569718,False,-0.08522000000000014,0.09103618084146327,0.05583579099150262,0.010300382948304146,97.841495508,0.03199999999999985,0.0334338816837451,0.012247739020297738,97.8022704435,9.8906
116210,0.0,256.64,52.40243,-1.569718,False,-0.08723000000000015,0.0924970155673482,0.05626625592348422,0.0105045810109232,97.63572012899999,0.028379999999999843,0.03664680674278008,0.012315825410981139,97.7446944725,9.88016
116310,0.0,256.64,52.40243,-1.569718,False,-0.09366000000000015,0.09162823679278727,0.05801123358724415,0.010474837574638036,97.548610105,0.024199999999999843,0.04014155508251614,0.011526688837379506,97.667378242,9.87569
116410,0.0,256.64,52.40243,-1.569718,False,-0.09732000000000016,0.08568392562837211,0.058657242615063415,0.00993579946979299,97.768187325,0.021509999999999845,0.038863220258840175,0.010907637487273285,97.76109839,9.88681
116510,0.0,256.64,52.40243,-1.569718,False,-0.09637000000000015,0.0846714047229351,0.060796366851266735,0.010497385917643392,97.541406193,0.022289999999999848,0.03949147446669713,0.010488194421368998,97.6667198785,9.87534
116610,0.0,256.64,52.40243,-1.569718,False,-0.09312000000000013,0.08352471091425973,0.061735512021330895,0.01087723923273541,97.640091557,0.020199999999999847,0.04048997132347733,0.009097624842561427,97.6148756105,9.88037
116710,0.0,256.64,52.40243,-1.569718,False,-0.09048000000000014,0.08676314885927865,0.05890691715732583,0.011589957338313944,97.851152636,0.017919999999999846,0.04073698292431608,0.008918027933373792,97.763310638,9.89106
116810,0.0,256.64,52.40243,-1.569718,False,-0.08582000000000015,0.08695688331312787,0.06112056300716916,0.0116953979550146,97.88917943300001,0.0054499999999998465,0.03326032838747543,0.009051310525025391,97.8547344685,9.89301
116910,0.0,256.64,52.40243,-1.569718,False,-0.06933000000000014,0.09172004567026382,0.05954533660331568,0.010937646506627393,97.91946977100001,0.013309999999999846,0.0402289958998402,0.007317376578953255,97.7105601095,9.89464
117010,0.0,256.64,52.40243,-1.569718,False,-0.06163000000000014,0.08279561247084295,0.06922483497899536,0.009991023748764866,97.70180641900001,0.012549999999999848,0.04097832082670088,0.0076737358711670405,97.64020416349999,9.883700000000001
117109,0.0,256.64,52.40243,-1.569718,False,-0.07676000000000013,0.07326321192931463,0.060347434816903994,0.008807376958079769,97.533970526,0.005369999999999847,0.03647949347842846,0.007058084411068543,97.687733017,9.87522
117210,0.0,256.64,52.40243,-1.569718,False,-0.04294000000000014,0.10405551082624617,0.0643617389800465,0.008709356398822537,97.80229784100001,0.009939999999999847,0.03638122837090621,0.006900925863678797,97.719008985,9.888729999999999
117310,0.0,256.64,52.40243,-1.569718,False,-0.02666000000000014,0.10488661814857266,0.06160846713166316,0.008540680430448389,97.92881301700001,0.0049599999999998465,0.04406435193111742,0.010623579643540987,97.738711561,9.89519
117410,0.0,256.64,52.40243,-1.569718,False,-0.046020000000000144,0.11367750485953142,0.06905158780121744,0.00884259891368923,97.61623694000001,0.007859999999999846,0.04651119817370664,0.009823786325851788,97.6922121325,9.879180000000002
117510,0.0,256.64,52.40243,-1.569718,False,-0.031900000000000144,0.10443594528056158,0.0668767764049177,0.009996560519250967,97.85247690700001,0.0022999999999998464,0.04358751095336112,0.009798236802744643,97.69694154999999,9.89129
117610,0.0,256.64,52.40243,-1.569718,False,-0.00818000000000014,0.11255898996615146,0.07345664178488645,0.01099994444397815,98.001775314,0.0012099999999998466,0.043963910704607596,0.011329141381528391,97.8209334355,9.89876
117710,0.0,256.64,52.40243,-1.569718,False,-0.01319000000000014,0.11250779182883357,0.07490666785393708,0.010925586686181663,97.83662824700001,0.005279999999999847,0.04605426268120435,0.013530705820400259,97.84389044150001,9.8904
117809,0.0,256.64,52.40243,-1.569718,False,-0.03080000000000014,0.1328667335673858,0.07046119578322903,0.010712630136304932,97.66594029500001,0.008479999999999847,0.04435693106304345,0.014519121491574536,97.777559864,9.881530000000001
117910,0.0,256.64,52.40243,-1.569718,False,-0.03661000000000014,0.13126562933388997,0.07221672705653322,0.010800123455752328,97.857972534,-0.001150000000000153,0.037512375735636934,0.014582729511247642,97.8887211525,9.891229999999998
118010,0.0,256.64,52.40243,-1.569718,False,-0.038410000000000145,0.1326221152162119,0.0669751197591893,0.011113000394610138,97.928409231,0.005409999999999847,0.03823789423535004,0.0151185133013355,97.81510782500001,9.8948
118110,0.0,256.64,52.40243,-1.569718,False,-0.04753000000000014,0.14028810870641215,0.06704839794325981,0.010945729760633944,97.94474005800001,0.007689999999999847,0.03822132767038772,0.01568757824233319,97.739355292,9.895489999999999
118210,0.0,256.64,52.40243,-1.569718,False,-0.07112000000000014,0.11497131816230295,0.06909698498070918,0.009137833440856242,97.973839982,0.010639999999999847,0.041144115280565635,0.015884825043571662,97.8880689115,9.8971
118310,0.0,256.64,52.40243,-1.569718,False,-0.08552000000000015,0.10663659784509906,0.07196267551139178,0.009072553235724383,97.842220822,0.02168999999999985,0.02920051179152731,0.014163729107139684,97.8855169195,9.8904
118410,0.0,256.64,52.40243,-1.569718,False,-0.08244000000000014,0.10408949354591017,0.06057114182771439,0.009137717925265548,98.087079843,0.012939999999999846,0.031060700428505474,0.013911609859649674,97.8516583915,9.90289
118510,0.0,256.64,52.40243,-1.569718,False,-0.08694000000000016,0.10265828104271005,0.060957690245701183,0.009150840883859632,98.09969992,0.015169999999999847,0.030715361701316335,0.01426994121292847,97.9760884135,9.9035
118610,0.0,256.64,52.40243,-1.569718,False,-0.10742000000000014,0.06905667237839673,0.05459946682769881,0.0074063111220951956,97.836152468,0.01733999999999985,0.02887810396974032,0.013866189895585412,97.918963891,9.89028
118711,0.0,256.64,52.40243,-1.569718,False,-0.12645000000000012,0.07290394365174684,0.05311176998747338,0.007128160117414129,97.87556938399999,0.008579999999999845,0.03278037353184286,0.012265874068523634,97.8560988155,9.89203
118810,0.0,256.64,52.40243,-1.569718,False,-0.10305000000000013,0.07075015901026127,0.05741720996435584,0.006895481611859661,98.051060737,0.012399999999999847,0.03403935630672277,0.010672602514975408,97.85850051599999,9.901159999999999
118909,0.0,256.64,52.40243,-1.569718,False,-0.10864000000000014,0.0664125189000077,0.057074677203370575,0.0069596934793251354,97.860278397,0.012239999999999848,0.03420306029190346,0.010750963781002942,97.8591254655,9.891490000000001
119010,0.0,256.64,52.40243,-1.569718,False,-0.11804000000000014,0.0765881365920585,0.052941876935223994,0.006064431822203963,97.93533288500001,0.009459999999999847,0.032919133240891796,0.010070639392610171,97.931871058,9.89513
119110,0.0,256.64,52.40243,-1.569718,False,-0.10643000000000016,0.07287424556483516,0.056820932176656985,0.006605519576968573,98.041883114,0.009729999999999846,0.033005186461094065,0.009851345085733874,97.993311586,9.90065
119210,0.0,256.64,52.40243,-1.569718,False,-0.10307000000000015,0.07625633744140388,0.04908111653264581,0.005629377308523048,97.872854477,0.004139999999999847,0.028036650616220894,0.008973052249088875,97.9233472295,9.89216
119310,0.0,256.64,52.40243,-1.569718,False,-0.11712000000000014,0.08638377934143934,0.0564891031781267,0.008442379864149724,97.790113997,-0.003770000000000153,0.02882036509905309,0.009385662825015573,97.8161674095,9.88771
119410,0.0,256.64,52.40243,-1.569718,False,-0.12168000000000015,0.08929097005470625,0.057715933675991385,0.008576200919698886,97.671591085,0.006419999999999847,0.03500275544706655,0.010720618763153555,97.879335464,9.88163
119510,0.0,256.64,52.40243,-1.569718,False,-0.12050000000000013,0.09001327062642493,0.0592174007842877,0.008617785226787977,97.69569255299999,-0.004630000000000153,0.04572366394376897,0.009545353727127778,97.8976962365,9.882850000000001
119610,0.0,256.64,52.40243,-1.569718,False,-0.12060000000000015,0.0899549269849407,0.06168620951668162,0.009797556384320274,97.632143074,-0.011230000000000153,0.04892661284457292,0.009851728556642752,97.734147771,9.87962
119710,0.0,256.64,52.40243,-1.569718,False,-0.11884000000000014,0.08783248196917827,0.0639380464032908,0.009820386957387442,97.562886602,-0.0020300000000001523,0.0508586723730951,0.010462531030002711,97.719227993,9.876140000000001
119809,0.0,256.64,52.40243,-1.569718,False,-0.13287000000000013,0.0780585969354599,0.06187925877673639,0.010802756849451992,97.53707447299999,-0.011290000000000152,0.050886986985306255,0.009820551014094668,97.794067605,9.87474
119910,0.0,256.64,52.40243,-1.569718,False,-0.12460000000000013,0.08740868250783142,0.06513376748475733,0.010967026336226817,97.453187237,-0.016270000000000152,0.05415508696736379,0.010966616007906892,97.656732817,9.87051
120010,0.0,256.64,52.40243,-1.569718,False,-0.11805000000000013,0.08084025743526159,0.06900323663973015,0.010790165274892304,97.338381777,-0.012890000000000151,0.05701836838538629,0.010800108024068403,97.636857331,9.864799999999999
120110,0.0,256.64,52.40243,-1.569718,True,-0.11656000000000015,0.08183870586559232,0.07100754654794474,0.010976262265733288,97.363094517,-0.019320000000000153,0.05647004712429871,0.010036909661532764,97.7024888155,9.86605
120210,0.0,256.64,52.40243,-1.569718,True,-0.11515000000000016,0.08377801687249631,0.07016697941405202,0.01099010160672596,97.28403767,-0.027950000000000152,0.0591431831330494,0.010451772842621996,97.5784460735,9.86205
120310,0.0,256.64,52.40243,-1.569718,True,-0.10201000000000013,0.07280942323002136,0.07089916470345453,0.007922008723490047,97.26770002699999,-0.021690000000000154,0.060792533349988055,0.01056387975858162,97.528907012,9.861439999999998
120410,0.0,256.64,52.40243,-1.569718,True,-0.08812000000000014,0.06659070338834953,0.07384187309592002,0.006562189674656218,97.43751142400001,-0.036040000000000155,0.05329757551290561,0.009956661644814761,97.55455125450001,9.8702
120510,0.0,256.64,52.40243,-1.569718,True,-0.09680000000000014,0.06897258714703314,0.0688873645895397,0.008400529083439847,97.18290593100001,-0.03657000000000015,0.05391217240412089,0.010230026610065975,97.439299242,9.85723
120613,0.0,256.64,52.40243,-1.569718,True,-0.10030000000000014,0.06856259103086876,0.06987492715228157,0.008142679056370202,97.153704695,-0.025360000000000153,0.05949485878813838,0.009945993051274023,97.3929238845,9.85571
120710,0.0,256.64,52.40243,-1.569718,True,-0.08310000000000015,0.05971288712553005,0.07552116774699404,0.008180091006933643,97.411816639,-0.03711000000000016,0.05462474917306755,0.009636873628493184,97.4873516205,9.868970000000001
120810,0.0,256.64,52.40243,-1.569718,True,-0.07299000000000014,0.05674090137516647,0.07183059468934931,0.007311490195693078,97.119900192,-0.040300000000000155,0.05655948687491676,0.010106125755005834,97.3284873325,9.85429
120910,0.0,256.64,52.40243,-1.569718,True,-0.08477000000000015,0.052728235109428506,0.07186694805203889,0.007274032963108177,97.12038254299999,-0.028100000000000153,0.06237234073599609,0.009640937022140597,97.28678489,9.85424
121010,0.0,256.64,52.40243,-1.569718,True,-0.07752000000000013,0.04495945828039228,0.07684852995111406,0.008165265185429456,97.451561483,-0.040440000000000156,0.058452776761326215,0.009944378646495767,97.39497163,9.87109
121110,0.0,256.64,52.40243,-1.569718,True,-0.07306000000000014,0.04884652154088503,0.06827394492518837,0.009040827149569006,97.19302731,-0.04124000000000015,0.05856003946566763,0.010980513041970312,97.2780609135,9.85806
121210,0.0,256.64,52.40243,-1.569718,True,-0.09053000000000014,0.05334997761094618,0.07205378006957391,0.010576940325987147,97.054675574,-0.03028000000000015,0.06013186990087777,0.009641398008264601,97.169356622,9.85085
121312,0.0,256.64,52.40243,-1.569718,True,-0.09568000000000014,0.05691466907162744,0.07377182840867223,0.011020491015152149,97.38531372,-0.03674000000000015,0.057457040957169705,0.01087885308489172,97.3265068735,9.86754
121410,0.0,256.64,52.40243,-1.569718,True,-0.08456000000000014,0.07425089898430451,0.07052820476064024,0.011093621790798168,97.20680849499999,-0.03963000000000015,0.060190033320388164,0.012261235210495854,97.3221599595,9.85851
121510,0.0,256.64,52.40243,-1.569718,True,-0.08400000000000013,0.07369979647175015,0.07622531002876384,0.010982916026141466,97.088338863,-0.030160000000000152,0.05793550437050651,0.011340605509916493,97.13562239699999,9.85247
121610,0.0,256.64,52.40243,-1.569718,True,-0.08527000000000014,0.07428176163156403,0.08060540993756567,0.010822404743737753,97.375970824,-0.04355000000000016,0.05243434519047498,0.011306222475472593,97.26483775950001,9.867009999999999
121711,0.0,256.64,52.40243,-1.569718,True,-0.07715000000000014,0.08412491043402663,0.0773902089707503,0.011098147993323974,97.31620774299999,-0.03791000000000015,0.05246182633325441,0.012041760668532417,97.364012191,9.864
121813,0.0,256.64,52.40243,-1.569718,True,-0.09197000000000013,0.0902516364885769,0.075826020893466,0.012167899480625554,97.362669046,-0.026050000000000156,0.054016257840666985,0.012583679906856077,97.241284619,9.86619
121910,0.0,256.64,52.40243,-1.569718,True,-0.08833000000000014,0.08968296072511102,0.0817438852628696,0.012009926449656658,97.72340657800001,-0.03895000000000015,0.04833035048265327,0.011904732952270722,97.4218945605,9.88445
122010,0.0,256.64,52.40243,-1.569718,True,-0.07470000000000014,0.09894262085774606,0.07648124606785424,0.011150092176676518,97.531527747,-0.03872000000000016,0.04812520245265921,0.011878720469739748,97.491544615,9.87481
122110,0.0,256.64,52.40243,-1.569718,True,-0.08398000000000014,0.09718243782803361,0.07565484782941252,0.010403850782471828,97.616135236,-0.03256000000000015,0.050150489085889004,0.010897522654173066,97.404581273,9.87904
122210,0.0,256.64,52.40243,-1.569718,True,-0.08420000000000014,0.09742865195721233,0.06875098059973088,0.00944904463092823,97.879860232,-0.03798000000000015,0.04577206328947933,0.010998363514551392,97.46726790299999,9.89242
122310,0.0,256.64,52.40243,-1.569718,True,-0.054850000000000135,0.11664576241281337,0.06620094074593559,0.009746133135964263,97.801037382,-0.037100000000000154,0.045730174818025916,0.010578326899761372,97.59317555099999,9.88847
122410,0.0,256.64,52.40243,-1.569718,True,-0.06899000000000013,0.10988786658316618,0.06457025114884257,0.010312780635564421,97.85561290300001,-0.026840000000000152,0.04059858235070773,0.009656293284600161,97.53121069900001,9.89122
122510,0.0,256.64,52.40243,-1.569718,True,-0.06854000000000013,0.10954158216038207,0.046723067109201114,0.01007013737043813,98.177008897,-0.03494000000000015,0.04271796915686897,0.010318058602835464,97.63267388,9.90755
122610,0.0,256.64,52.40243,-1.569718,True,-0.05191000000000014,0.11317137889050233,0.04582239142216933,0.009018776708964473,98.158023711,-0.028450000000000152,0.03933350988658793,0.010252419768489986,97.7669972675,9.90666
122710,0.0,256.64,52.40243,-1.569718,True,-0.06775000000000013,0.10898359968351898,0.05345455910378515,0.010374354062545168,97.93857373600001,-0.024060000000000154,0.04355913477355268,0.009751262026493008,97.6273907395,9.89549
122810,0.0,256.64,52.40243,-1.569718,True,-0.06174000000000014,0.10291364448993043,0.04769612609568475,0.010757240455388504,98.085988716,-0.026460000000000157,0.04058913921507242,0.008430605619368347,97.72432888099999,9.90306
122910,0.0,256.64,52.40243,-1.569718,True,-0.04582000000000014,0.11098173823742313,0.04117709179847447,0.011430976433142007,98.011247184,-0.024240000000000154,0.03806457087048085,0.009694563195614868,97.867326881,9.89932
123010,0.0,256.64,52.40243,-1.569718,True,-0.062490000000000136,0.1084314986010359,0.04855909229522007,0.01164558094507879,97.90368940200001,-0.010600000000000154,0.041573789820009005,0.009661084595104742,97.7176085745,9.89379
123110,0.0,256.64,52.40243,-1.569718,True,-0.06083000000000014,0.10776537322648794,0.04890689567469739,0.012112509602956636,97.881818313,-0.013640000000000152,0.04103240453861449,0.008805932343747505,97.7489767745,9.892700000000001
123210,0.0,256.64,52.40243,-1.569718,True,-0.03410000000000014,0.10718920965584382,0.058712657163529795,0.011481506869432664,98.033516045,-0.009870000000000153,0.041348170723993403,0.009982339961618424,97.9566881385,9.900450000000001
123310,0.0,256.64,52.40243,-1.569718,True,-0.05318000000000014,0.08795129712883316,0.06372009974256518,0.011907681927298663,97.855216476,-0.0025000000000001523,0.04289089517470067,0.009318136437339777,97.82812692899999,9.891499999999999
123410,0.0,256.64,52.40243,-1.569718,True,-0.04914000000000014,0.08730893043275123,0.06722562342244147,0.014172120518568292,97.7621569,-0.0038900000000001525,0.043029484723313034,0.009269184310174785,97.8088849015,9.8868
123511,0.0,256.64,52.40243,-1.569718,True,-0.029860000000000143,0.08567424350397151,0.07451083142799653,0.013749509081884489,97.893440876,0.0037799999999998473,0.03349805301138887,0.011064979791034029,98.0352248865,9.89348
123610,0.0,256.64,52.40243,-1.569718,True,-0.03547000000000013,0.0820002174792508,0.07242338173762466,0.014340091429800826,97.75333080099999,0.009359999999999848,0.03401781232757055,0.01152791780362366,97.955677256,9.88642
123709,0.0,256.64,52.40243,-1.569718,True,-0.04192000000000014,0.09080523479758412,0.07024875562426772,0.01368896148944449,97.799809633,0.0001199999999998473,0.03942494416255388,0.012017690663646823,97.86919168450001,9.88869
123810,0.0,256.64,52.40243,-1.569718,True,-0.044860000000000136,0.09441406674843368,0.07009157581401251,0.012823974942511538,97.76267761300001,0.007709999999999847,0.04785711255623849,0.012023680338694304,97.9243331645,9.88677
123910,0.0,256.64,52.40243,-1.569718,True,-0.038360000000000144,0.10517627742657122,0.06974631889993536,0.012772927098339559,97.75730357299999,0.008489999999999848,0.04678201102511319,0.012136670786339709,97.8842753785,9.88643
124010,0.0,256.64,52.40243,-1.569718,True,-0.006760000000000138,0.12306979230402461,0.06509134095068199,0.012732046182481034,97.925349074,0.004609999999999848,0.043531251864461135,0.013572066902215494,97.914519238,9.89484
124110,0.0,256.64,52.40243,-1.569718,True,-0.022580000000000138,0.1437345454493575,0.07693353552892537,0.012515750077116007,97.717886406,0.014859999999999846,0.04867329178647753,0.01390841471909049,97.7998523595,9.884
124210,0.0,256.64,52.40243,-1.569718,True,-0.040780000000000136,0.1402048723197591,0.0774422286473555,0.012507704292135146,97.724336419,0.010879999999999848,0.050682427373229644,0.013015755409775578,97.878926232,9.88431
124310,0.0,256.64,52.40243,-1.569718,True,-0.01914000000000014,0.1545085053393505,0.07425654030365988,0.013464805976798503,97.89549353999999,0.011779999999999848,0.05130544263957477,0.0129906333776983,97.87535500800001,9.89286
124410,0.0,256.64,52.40243,-1.569718,True,-0.010850000000000137,0.15527831107037077,0.07863310654257419,0.010725157341168953,97.827417362,0.011219999999999846,0.05164751903257769,0.014899966442855317,97.79478713099999,9.88939
124510,0.0,256.64,52.40243,-1.569718,True,-0.03622000000000014,0.16462144993212618,0.07139118837692322,0.010554098729537675,97.699629648,0.0029899999999998482,0.06026853702848461,0.014073556764308525,97.796535262,9.88278
124610,0.0,256.64,52.40243,-1.569718,True,-0.02722000000000014,0.1685485739416255,0.07390364973758587,0.010318812377484016,97.84035728500001,0.0006899999999998484,0.05924385481492238,0.01353983423492788,97.796844043,9.88985
124710,0.0,256.64,52.40243,-1.569718,True,-0.0069100000000001365,0.16052725244566965,0.07975207764679497,0.010082884287166185,97.73329290400001,0.0030599999999998484,0.0569399332630296,0.013779033992845453,97.7665512685,9.88455
124810,0.0,256.64,52.40243,-1.569718,True,-0.004660000000000138,0.15827878498951073,0.08035540499059492,0.009599704856200526,97.796968804,-0.013600000000000154,0.054457322739906056,0.014008648122514693,97.7798232085,9.887800000000002
124910,0.0,256.64,52.40243,-1.569718,True,-0.015270000000000136,0.15091906624258403,0.07934407210289403,0.010059511805778723,97.76888480500001,-0.014100000000000154,0.05481676548079125,0.01439336652761306,97.763094189,9.88648
125010,0.0,256.64,52.40243,-1.569718,True,-0.028400000000000137,0.13566934477282966,0.08356271164741848,0.010070313908466052,97.572266857,-0.020850000000000153,0.05413873638880092,0.01368389564408516,97.74880796549999,9.87667
125110,0.0,256.64,52.40243,-1.569718,True,-0.010740000000000133,0.11315834726405959,0.07386254877272036,0.010956155042995542,97.80194860900001,-0.034500000000000156,0.040994037506806164,0.014436743246098454,97.7599175075,9.88865
125210,0.0,256.64,52.40243,-1.569718,True,-0.004810000000000133,0.10958049755509615,0.06539464894930404,0.012948719370121445,97.67196295600002,-0.03133000000000015,0.04260889448093208,0.01563693632960091,97.6981496875,9.882169999999999
125310,0.0,256.64,52.40243,-1.569718,True,-0.007050000000000134,0.10586928260821442,0.0655756696079898,0.011973122677877127,97.55886451900001,-0.043590000000000156,0.0341787929700161,0.01577024272336258,97.72717902950001,9.87648
125410,0.0,256.64,52.40243,-1.569718,True,-0.022310000000000132,0.10937005938037497,0.05772031127276485,0.011091257818337407,97.727684536,-0.04783000000000016,0.033495175440294636,0.014036365468089295,97.77755094900002,9.88501
125510,0.0,256.64,52.40243,-1.569718,True,-0.013540000000000132,0.0959254710698776,0.055893395555810736,0.01103920286944808,97.65235434500002,-0.040300000000000155,0.032199965493399305,0.013953111958683146,97.67599199650002,9.881350000000001
125610,0.0,256.64,52.40243,-1.569718,True,-0.008500000000000136,0.10241484267418449,0.05123946937970873,0.012853883978244125,97.513873081,-0.052720000000000156,0.03274815686074751,0.014129732245571604,97.677115183,9.87431
125710,0.0,256.64,52.40243,-1.569718,True,-0.015400000000000132,0.10215625286774134,0.04377043776699001,0.012824698393401592,97.60461168100001,-0.05249000000000015,0.03287786996342189,0.013020586264254,97.6689522925,9.87893
125810,0.0,256.64,52.40243,-1.569718,True,-0.017460000000000135,0.1050671869698417,0.04289563562470576,0.013206012939968084,97.464331326,-0.04501000000000015,0.034130580943691695,0.013011913344589374,97.630650065,9.871799999999999
125910,0.0,256.64,52.40243,-1.569718,True,-0.0011600000000001331,0.12466714973159625,0.04888721828047656,0.012294447707696114,97.531172519,-0.051900000000000154,0.04173785917949355,0.01168957750393219,97.65002866200001,9.874970000000001
126010,0.0,256.64,52.40243,-1.569718,True,0.0015499999999998668,0.12648126123826595,0.045032591902144654,0.011661546495190854,97.58300950999998,-0.04647000000000016,0.04587451604344791,0.011725110755145887,97.5776381835,9.87759
126110,0.0,256.64,52.40243,-1.569718,True,-0.008040000000000134,0.13611482244365178,0.056617099891218395,0.011473912439072287,97.354817648,-0.04134000000000015,0.047684570064335824,0.011158399925038708,97.57838312850001,9.865860000000001
126210,0.0,256.64,52.40243,-1.569718,True,-0.0006200000000001343,0.13628612711652813,0.06012702849507594,0.010165497200145323,97.40094714799999,-0.04907000000000015,0.04609929018492472,0.009613352981856504,97.53645505200001,9.868179999999999
126310,0.0,256.64,52.40243,-1.569718,True,0.01141999999999987,0.1545300459816447,0.06127517985904705,0.010377331063083091,97.532923833,-0.03789000000000016,0.05225755554089223,0.010253568484429222,97.545894176,9.87461
126410,0.0,256.64,52.40243,-1.569718,True,0.03011999999999987,0.1489892002051022,0.06152975432064246,0.010332344038317837,97.502001224,-0.031090000000000156,0.05318762282919342,0.012492931334620627,97.61484288,9.87308
126510,0.0,256.64,52.40243,-1.569718,True,0.024289999999999874,0.1562909142876421,0.06253740303106567,0.011768205753618262,97.38634843999998,-0.029620000000000153,0.053986352184793286,0.012359364420839025,97.5193513925,9.86713
126610,0.0,256.64,52.40243,-1.569718,True,0.03347999999999987,0.16556528621658065,0.06899014744538753,0.013201010062093474,97.556760578,-0.015210000000000154,0.049196170808514295,0.011988925445240975,97.53531682949999,9.87556
126711,0.0,256.64,52.40243,-1.569718,True,0.05644999999999987,0.1696590518919263,0.07542064925088243,0.013193584299177124,97.874203612,-0.012320000000000154,0.048764463381515605,0.013987311710514741,97.7394076465,9.89141
126810,0.0,256.64,52.40243,-1.569718,True,0.06709999999999988,0.1575794050276476,0.07790908091474516,0.012839366546919731,97.81553672599999,-0.010230000000000152,0.04949356972822559,0.015854760939309646,97.639934026,9.88854
126910,0.0,256.64,52.40243,-1.569718,True,0.044389999999999874,0.15316110218394413,0.07408779251733441,0.012477713465461567,97.72325819199999,0.004839999999999846,0.032007714347888704,0.015900580003341352,97.6272153555,9.884089999999999
127010,0.0,256.64,52.40243,-1.569718,True,0.04861999999999987,0.1551139781650919,0.07640333326121565,0.012524948436067948,98.020660822,0.004989999999999846,0.03202767726684802,0.015776198668965177,97.801835166,9.89906
127110,0.0,256.64,52.40243,-1.569718,True,0.06306999999999988,0.13831648933587315,0.06535030476917522,0.012588129328570839,98.157243796,0.009449999999999846,0.03378659333059704,0.016221388486891565,97.756030722,9.90617
127210,0.0,256.64,52.40243,-1.569718,True,0.04174999999999987,0.1580453820197101,0.06297318741674382,0.01267462907603401,98.012648244,0.015329999999999847,0.019523948257301915,0.01662825239692949,97.706797696,9.89873
127309,0.0,256.64,52.40243,-1.569718,True,0.019619999999999867,0.13766215327541048,0.06732119445102726,0.01109952951923537,98.126780791,0.010419999999999846,0.01969781713790272,0.0164895252946426,97.82985231199999,9.904810000000001
127410,0.0,256.64,52.40243,-1.569718,True,0.013429999999999867,0.1363405788619902,0.06897250660051091,0.011146997602420907,98.090600729,0.012949999999999845,0.02066791662882421,0.014282782953160891,97.79630097649999,9.903
127510,0.0,256.64,52.40243,-1.569718,True,0.008789999999999867,0.1440022951205226,0.06738454240882212,0.010520398175477983,98.12174902800001,0.009489999999999846,0.024936829077545124,0.014190250956922413,97.75404873400001,9.90449
127610,0.0,256.64,52.40243,-1.569718,True,-0.015220000000000136,0.12320259557141426,0.06603751879787538,0.007827905920738811,98.082275061,0.011439999999999846,0.02769380997821289,0.014474824888535654,97.8195178195,9.902750000000001
127710,0.0,256.64,52.40243,-1.569718,True,-0.03164000000000013,0.10250466872825305,0.058772779036275084,0.007805332934285942,97.864834712,0.013169999999999845,0.02702246185014782,0.013360759293060551,97.86951916199999,9.89198
127810,0.0,256.64,52.40243,-1.569718,True,-0.045400000000000135,0.11411900221542576,0.060981567343311796,0.009336838627093398,97.83991036,0.011479999999999846,0.027448205770109136,0.010671608230273275,97.827723543,9.89054
127910,0.0,256.64,52.40243,-1.569718,True,-0.06304000000000012,0.12471841350275514,0.060791491547222534,0.009175601705582796,97.709022665,0.014159999999999845,0.030596085443119894,0.010933313008029459,97.71614042849998,9.88371
128010,0.0,256.64,52.40243,-1.569718,True,-0.07498000000000013,0.10868862559307112,0.054871644165498536,0.008907949009080726,97.62506468000001,0.007129999999999845,0.0387702076341907,0.011732102208062907,97.82286275099999,9.87958
128110,0.0,256.64,52.40243,-1.569718,True,-0.07588000000000014,0.10826891212767766,0.0601897407286396,0.009884241104659896,97.536378244,0.003309999999999847,0.03687596175767922,0.011901545184386355,97.84681101999999,9.875060000000001
128212,0.0,256.64,52.40243,-1.569718,True,-0.08283000000000013,0.11737202061053402,0.0683551745589266,0.010196453631507982,97.318212284,0.017029999999999847,0.051393429108727504,0.011514459508634816,97.665430264,9.863809999999999
128310,0.0,256.64,52.40243,-1.569718,True,-0.09127000000000014,0.11016359602366939,0.08055045416854485,0.009896014910252415,97.43745202,0.01177999999999985,0.05708846546271095,0.012708479234064882,97.78211640549999,9.869769999999999
128410,0.0,256.64,52.40243,-1.569718,True,-0.08300000000000013,0.12130944819839723,0.08049612827185448,0.009900033669614143,97.440891058,-0.00026000000000015177,0.0647027081693086,0.014749693028760266,97.7657458935,9.8699
128510,0.0,256.64,52.40243,-1.569718,True,-0.05929000000000012,0.11444723626574153,0.08696590711360701,0.011361533542496579,97.277801368,0.003009999999999848,0.06377370496092186,0.014712715588844051,97.69977519800001,9.861830000000001
128609,0.0,256.64,52.40243,-1.569718,True,-0.08090000000000012,0.1258494250195653,0.08266193803736281,0.011950086005899151,97.153098444,-0.0045200000000001515,0.061529519563995085,0.01435039294848724,97.6176867525,9.85526
128710,0.0,256.64,52.40243,-1.569718,True,-0.06906000000000014,0.14128164306322377,0.0999511791942168,0.012401182739003796,97.45573148,-0.003560000000000152,0.06187940242473838,0.014514823840106546,97.660283096,9.87036
128810,0.0,256.64,52.40243,-1.569718,True,-0.021850000000000137,0.17205335897131213,0.09852715587357665,0.011737007000345724,97.720219317,-0.011230000000000153,0.06630138342781944,0.015461956897796758,97.78006483850001,9.88354
128910,0.0,256.64,52.40243,-1.569718,True,-0.004600000000000137,0.15962633450231403,0.10185178174453455,0.012034584422199828,97.60697651699999,-0.020590000000000153,0.06208756271945891,0.015259536180456409,97.65799959099999,9.87799
129010,0.0,256.64,52.40243,-1.569718,True,-0.019750000000000136,0.1649449150473511,0.10315791346863748,0.012123993657828038,97.645296837,-0.004750000000000152,0.07034578483777632,0.015887273033552928,97.6351807585,9.87982
129110,0.0,256.64,52.40243,-1.569718,True,-0.026210000000000132,0.1668365963716196,0.10809543571453038,0.011924582452207668,97.559581782,0.002879999999999849,0.07524695342668873,0.015258982782406227,97.547980013,9.87539
129210,0.0,256.64,52.40243,-1.569718,True,-0.013810000000000138,0.15259522673465295,0.1017314334689485,0.013827846301075397,97.768796358,-0.012640000000000151,0.0632762058140381,0.015231258064271523,97.54350432100001,9.88627
129310,0.0,256.64,52.40243,-1.569718,True,-0.010490000000000136,0.15227942481569914,0.0922133661080687,0.013875962428825042,97.624064457,-0.00937000000000015,0.06108827947231098,0.015615522903629253,97.5307582385,9.87904
129410,0.0,256.64,52.40243,-1.569718,True,-0.01734000000000014,0.1485211933996855,0.09410190457443662,0.013889900407352265,97.563894058,0.014079999999999848,0.0712459402352039,0.013463898230221776,97.502392558,9.87602
129510,0.0,256.64,52.40243,-1.569718,True,-0.02050000000000014,0.14805189780756717,0.08743436204810058,0.01260433787734061,97.696566153,0.012779999999999852,0.07162265004869793,0.012719888189515215,97.48718376050002,9.88279
129610,0.0,256.64,52.40243,-1.569718,True,-0.0018000000000001405,0.1284300847412501,0.08893364317838494,0.012300027099949668,97.80993626,0.01667999999999985,0.07059705376287487,0.012767097468727577,97.481517352,9.88878
129711,0.0,256.64,52.40243,-1.569718,True,-0.021950000000000143,0.1190156408954539,0.07356542364214017,0.013525350683214714,97.534515739,0.01907999999999985,0.07116589070613984,0.014735610683661323,97.4951236095,9.875040000000002
129810,0.0,256.64,52.40243,-1.569718,True,-0.03866000000000013,0.07517792524685805,0.07366776771487368,0.013697043476342756,97.27050939,0.03398999999999985,0.06354484767992513,0.014876980727075204,97.4953643535,9.862
129910,0.0,256.64,52.40243,-1.569718,True,-0.04155000000000014,0.07555478145013532,0.07525187040925911,0.01258510583514144,97.57736198500001,0.03982999999999985,0.05883540222989697,0.014722322431464065,97.592169251,9.87752
130010,0.0,256.64,52.40243,-1.569718,True,-0.03309000000000014,0.06773788452540998,0.07081392283131216,0.013562841393288142,97.35459999999999,0.030259999999999853,0.056114866320971006,0.014297789261840138,97.4999484185,9.86635
130109,0.0,256.64,52.40243,-1.569718,True,-0.005510000000000137,0.09030744339926426,0.05839826481519176,0.013024421505325288,97.555296763,0.02498999999999985,0.05340687533765259,0.014758786460139312,97.5574392725,9.876479999999999
130210,0.0,256.64,52.40243,-1.569718,True,-0.001050000000000137,0.08478739751729497,0.0635413286337069,0.011294270917079272,97.390686651,0.03741999999999985,0.05250580497005802,0.015313033664111565,97.57974150449999,9.86816
130310,0.0,256.64,52.40243,-1.569718,True,-0.006070000000000136,0.08674751421337791,0.05960279728785282,0.011294270917079272,97.337505028,0.03995999999999985,0.049284620093655876,0.013793331722184205,97.48078474249999,9.86547
130410,0.0,256.64,52.40243,-1.569718,True,0.012749999999999862,0.11141129256538242,0.06277874728921384,0.012437599803889705,97.63718500499999,0.02888999999999985,0.03256683555054135,0.013837071783934929,97.6005395315,9.8804
130510,0.0,256.64,52.40243,-1.569718,True,0.011839999999999861,0.11169902217805523,0.08123338462645853,0.012180841058059846,97.405587269,0.03804999999999985,0.03276313137928045,0.015391613878212687,97.551076711,9.868549999999999
130610,0.0,256.64,52.40243,-1.569718,True,0.004059999999999861,0.11882752393457714,0.08005406784086734,0.011760196521106669,97.378944034,0.03421999999999985,0.03736129310155687,0.015363596945680484,97.594440147,9.867140000000001
130710,0.0,256.64,52.40243,-1.569718,True,0.024139999999999863,0.1235587777356743,0.08545156457889473,0.011290034937134442,97.51657312699999,0.031069999999999848,0.03767799387202622,0.014396311255873488,97.52554443300001,9.87399
130810,0.0,256.64,52.40243,-1.569718,True,0.027049999999999862,0.1262600513049705,0.08185168226115296,0.012016289868967422,97.642820208,0.01325999999999985,0.05519847421400164,0.01411624753405299,97.456664799,9.880370000000001
130910,0.0,256.64,52.40243,-1.569718,True,0.002049999999999863,0.16497454517450139,0.07891801371664954,0.012375710978163961,97.401212973,0.0031099999999998503,0.062343625709970776,0.015981659627293334,97.48928747900001,9.86768
131010,0.0,256.64,52.40243,-1.569718,True,-0.007530000000000139,0.17129033863907528,0.07919967452292255,0.011619949320674637,97.389402693,0.00900999999999985,0.0649535466485124,0.016633887766257044,97.37200134650001,9.86698
131110,0.0,256.64,52.40243,-1.569718,True,-0.011780000000000143,0.1666736651863293,0.08301732416311142,0.012383304171950625,97.583509479,0.00038999999999985086,0.06800780102310519,0.017083052030152,97.56940312100001,9.876850000000001
131210,0.0,256.64,52.40243,-1.569718,True,-0.014290000000000141,0.16797398905776428,0.08175336146730026,0.013975295663481265,97.608670362,-0.00769000000000015,0.06058649372773192,0.016640232370118718,97.49967850649999,9.87811
131310,0.0,256.64,52.40243,-1.569718,True,-0.02693000000000014,0.1762475345768623,0.08441220883315764,0.013962584924383003,97.308143522,-0.008670000000000148,0.06064792842480691,0.0175137564978185,97.32282427499999,9.86271
131410,0.0,256.64,52.40243,-1.569718,True,-0.04007000000000014,0.16045520697198382,0.08537993844564096,0.013220505957436152,97.318983554,-0.019620000000000148,0.06182119018228176,0.018035569793493925,97.4780842795,9.86345
131510,0.0,256.64,52.40243,-1.569718,True,-0.021610000000000136,0.1726638831821334,0.0702175824774748,0.013906896769970143,97.523662425,-0.030800000000000143,0.050982981910072264,0.016531774119971785,97.46462484700001,9.8738
131610,0.0,256.64,52.40243,-1.569718,True,-0.027520000000000138,0.1775755789014921,0.07115516768992612,0.013694771913785405,97.29411856499999,-0.03352000000000015,0.051121506672268176,0.016124959948215292,97.33653129950001,9.86207
131710,0.0,256.64,52.40243,-1.569718,True,-0.03579000000000014,0.17068888169213334,0.08290328032702478,0.012520489872984021,97.41801953000001,-0.03833000000000015,0.048396052410162656,0.015486467210596553,97.4672963285,9.86835
131810,0.0,256.64,52.40243,-1.569718,True,-0.028000000000000143,0.18128032313390602,0.08425332766315399,0.011796991141508468,97.331102225,-0.023150000000000146,0.04791973033682322,0.015854088151304284,97.4869612165,9.86379
131910,0.0,256.64,52.40243,-1.569718,True,-0.01158000000000014,0.15857109026125982,0.08897864974927372,0.011598352373100659,97.208673773,-0.01637000000000015,0.0436171742423461,0.015428058853861547,97.304943373,9.85793
132010,0.0,256.64,52.40243,-1.569718,True,0.00872999999999986,0.15167182445435087,0.09913974928847126,0.011918351861895262,97.535573682,-0.021630000000000146,0.03572021058788349,0.01490104023208497,97.4624881875,9.87451
132110,0.0,256.64,52.40243,-1.569718,True,0.00693999999999986,0.1501229288874816,0.09682609898440131,0.011376799002724184,97.273415145,-0.00581000000000015,0.04943481566667642,0.01467997880706889,97.428462312,9.861270000000001
132210,0.0,256.64,52.40243,-1.569718,True,0.00575999999999986,0.15113132773253962,0.09757835882614115,0.00965594808012979,97.524047773,-0.01051000000000015,0.05008966293889006,0.015473019528571223,97.5663590675,9.87395
132310,0.0,256.64,52.40243,-1.569718,True,0.03511999999999986,0.13784663619794793,0.09258532161130728,0.010286998266071627,97.797011704,-0.015360000000000151,0.05299771902846869,0.014596685316209144,97.55257761300001,9.88792
132410,0.0,256.64,52.40243,-1.569718,True,0.024029999999999864,0.13803646096424585,0.08921455100600506,0.009957219602632567,97.545451974,-0.0005200000000001495,0.05523418426218839,0.013400016583671025,97.432217764,9.87525
132510,0.0,256.64,52.40243,-1.569718,True,0.01913999999999986,0.13345083322657472,0.0869180942681257,0.008919522906619789,97.68067538400001,0.0016299999999998503,0.054287323054675575,0.01313517753542387,97.6021689045,9.882180000000002
132610,0.0,256.64,52.40243,-1.569718,True,0.03126999999999987,0.11736733456205133,0.08969958503609321,0.008728172775147475,97.629088899,0.00435999999999985,0.052153112190063716,0.013500534968758079,97.461603732,9.8797
132710,0.0,256.64,52.40243,-1.569718,True,0.043739999999999855,0.1267160710669528,0.07479463736037509,0.010043792997200134,97.396849678,0.01674999999999985,0.056412493691049406,0.012605307524054806,97.40743460399999,9.8679
132810,0.0,256.64,52.40243,-1.569718,True,0.0008299999999998614,0.13203567741746602,0.08408720935951157,0.011357210142242469,97.239485172,0.01940999999999985,0.058421066405862886,0.01192934756520857,97.2852936985,9.859890000000002
132909,0.0,256.64,52.40243,-1.569718,True,-0.010890000000000141,0.15071314511710338,0.08571130419471669,0.012324122686537566,97.21936451600001,0.022879999999999852,0.05736919033765629,0.011538731877097525,97.2140191445,9.85861
133010,0.0,256.64,52.40243,-1.569718,True,0.00164999999999986,0.16142803178017903,0.07937549579956071,0.0137655124614437,97.147391873,0.02181999999999985,0.057765075954232394,0.01298946581736273,97.34148277749999,9.85486
133110,0.0,256.64,52.40243,-1.569718,True,0.003749999999999859,0.1632133862292628,0.08138589080617775,0.013561551041805446,97.091657068,0.012959999999999852,0.05108901164741162,0.013001213618496089,97.1825361065,9.851989999999999
133210,0.0,256.64,52.40243,-1.569718,True,0.01555999999999986,0.15781744164973352,0.07755508508354317,0.01345864447498107,96.803887137,0.029339999999999856,0.058667087119690355,0.012063977600848262,97.163967455,9.83747
133310,0.0,256.64,52.40243,-1.569718,True,-0.007360000000000142,0.15947086950976408,0.07975329251360104,0.014720069444036962,96.838326417,0.03279999999999986,0.05325573521538835,0.011924969135687623,97.31766906050001,9.83919
133410,0.0,256.64,52.40243,-1.569718,True,0.015399999999999858,0.17195118170244436,0.07975401348371139,0.014723031843322652,96.837706162,0.021929999999999856,0.055065376296407016,0.013044969230336892,97.19157906800001,9.83896
133510,0.0,256.64,52.40243,-1.569718,True,0.003929999999999859,0.168606755169735,0.07797983785059237,0.014711990574340814,96.715422781,0.029719999999999858,0.05549205748972254,0.012427411458295302,97.1980490825,9.83282
133610,0.0,256.64,52.40243,-1.569718,True,-0.007000000000000142,0.17682752425262116,0.07688469071772275,0.015554952765867972,96.91874988700002,0.031949999999999854,0.05365391670489677,0.012118401984786625,97.273919393,9.84303
133710,0.0,256.64,52.40243,-1.569718,True,-0.012410000000000143,0.17113167412512167,0.07583134502949389,0.014646744044460468,96.893107719,0.014809999999999855,0.06026724649424634,0.011994762745946505,97.14497869850001,9.84182
133810,0.0,256.64,52.40243,-1.569718,True,0.005269999999999856,0.15741167576340945,0.06713661114212092,0.012445168629433985,97.13223385,0.010439999999999854,0.05729981966229551,0.012100798871626036,97.185859511,9.854230000000001
133910,0.0,256.64,52.40243,-1.569718,True,0.01791999999999986,0.13690038389679296,0.057591951598997417,0.013491812331663404,97.35260493799998,0.001509999999999853,0.06194695670041193,0.012429910163186182,97.285984727,9.86572
134010,0.0,256.64,52.40243,-1.569718,True,0.006479999999999861,0.1264053778742568,0.047850810977492955,0.01380016102939632,97.211829121,-0.001690000000000147,0.06298348019739818,0.011037557096789125,97.179610497,9.85877
134110,0.0,256.64,52.40243,-1.569718,True,-0.007280000000000139,0.11776439567571718,0.04882762082722785,0.014320959775158728,97.530107829,0.001989999999999853,0.06479151950678627,0.012119520525829068,97.3108824485,9.87499
134210,0.0,256.64,52.40243,-1.569718,True,-0.02201000000000014,0.12534553531019801,0.04185204628055341,0.014736504183434472,97.619535941,-0.013460000000000149,0.048277558623701686,0.013025312962688955,97.21171153899999,9.87944
134310,0.0,256.64,52.40243,-1.569718,True,-0.00770000000000014,0.12090385528261786,0.04451591600618287,0.013384999895967574,97.649752619,-0.01404000000000015,0.04853782488372065,0.013455478025217254,97.244039518,9.881029999999999
134410,0.0,256.64,52.40243,-1.569718,True,-0.030960000000000144,0.09650342768800163,0.049852578224669486,0.013325785363286703,97.91112403,-0.011910000000000148,0.047975050228662906,0.012957811886545652,97.374415096,9.89442
134510,0.0,256.64,52.40243,-1.569718,True,-0.04034000000000014,0.09803032637335563,0.05344083852554668,0.013400845744187137,97.870248041,-0.01968000000000015,0.039168717676772866,0.013229092519409761,97.292835411,9.89229
134610,0.0,256.64,52.40243,-1.569718,True,-0.03890000000000014,0.09594711506276066,0.053492637085055486,0.01336669160403103,97.9214198,-0.02045000000000015,0.03877984155601215,0.013783065293580466,97.4200848435,9.8949
134711,0.0,256.64,52.40243,-1.569718,True,-0.03590000000000014,0.10202539988747895,0.053910910049018636,0.01319319689981443,97.961506556,-0.005870000000000148,0.04040024889910193,0.01330731210852775,97.42730713750001,9.89688
134810,0.0,256.64,52.40243,-1.569718,True,-0.027320000000000143,0.10611195136364261,0.053532450180365884,0.012586010752398631,97.974163505,-0.011870000000000148,0.03947041226593318,0.013052900912074531,97.55319867749999,9.89751
134910,0.0,256.64,52.40243,-1.569718,True,-0.02352000000000014,0.10224221567750051,0.05404037585281379,0.010225871329000463,97.95726053000001,0.0013299999999998521,0.04116916456657065,0.012423816733211952,97.654932734,9.8967
135010,0.0,256.64,52.40243,-1.569718,True,-0.04988000000000013,0.11087295833009307,0.054305121510897135,0.007307560772054887,98.00086332600002,0.0008599999999998519,0.041645199803397905,0.013151746820961088,97.60634622350001,9.89872
135111,0.0,256.64,52.40243,-1.569718,True,-0.030070000000000142,0.13566207240369985,0.05960458688615086,0.007751193456031876,98.082746336,-0.001380000000000148,0.0394438785561692,0.013507594571548513,97.80642708250001,9.902629999999998
135210,0.0,256.64,52.40243,-1.569718,True,-0.01946000000000014,0.1297287786112931,0.06949368076852636,0.007458060515944938,97.96157362900001,0.006169999999999852,0.04085527437727843,0.01275941917863008,97.79055478500001,9.89655
135310,0.0,256.64,52.40243,-1.569718,True,-0.03285000000000014,0.13183279182349814,0.06879362373620326,0.009974862850271203,97.729460583,0.009179999999999851,0.03842325106261152,0.012659840265728877,97.689606601,9.88476
135410,0.0,256.64,52.40243,-1.569718,True,-0.02518000000000014,0.13403588076821515,0.06812051493968016,0.010233409337043984,97.719772885,0.011559999999999852,0.03756929005922,0.014560753948672076,97.81544845750001,9.88427
135510,0.0,256.64,52.40243,-1.569718,True,-0.00993000000000014,0.13365672490035463,0.062225507453688884,0.011298126688061896,97.866577023,0.014459999999999853,0.03681467702483198,0.015728039363520036,97.86841253200001,9.89176
135610,0.0,256.64,52.40243,-1.569718,True,0.01627999999999986,0.1267625146133086,0.06532569768375579,0.01236646001595292,97.70154684299999,0.014419999999999853,0.0368398274817776,0.015831687633715705,97.8114833215,9.883469999999999
135710,0.0,256.64,52.40243,-1.569718,True,-0.017080000000000137,0.12916672086011818,0.06432385163359479,0.013349494372178557,97.635999983,0.014749999999999852,0.037341673175606396,0.0158013396056014,97.7987532695,9.88013
135810,0.0,256.64,52.40243,-1.569718,True,-0.017170000000000137,0.1291105215610087,0.06981572968323489,0.013541934868874025,97.82683925799999,0.01743999999999985,0.03434427657312899,0.016115637678230182,97.90050138149999,9.88975
135910,0.0,256.64,52.40243,-1.569718,True,0.012579999999999864,0.1411331191935878,0.07038540015974208,0.013556449879159344,97.807546929,0.014449999999999852,0.030826332538529864,0.016447505721010072,97.8824037295,9.88863
136010,0.0,256.64,52.40243,-1.569718,True,0.006709999999999866,0.1517722302954891,0.07526810524225128,0.01392441500840021,97.578831184,0.028799999999999853,0.036125152825488414,0.015810492296727544,97.789847255,9.87689
136109,0.0,256.64,52.40243,-1.569718,True,-0.016480000000000137,0.13623477121816885,0.0730184725492485,0.01314132159739496,97.54687927,0.02315999999999985,0.0409666856522659,0.014282705159208466,97.814812803,9.87548
136210,0.0,256.64,52.40243,-1.569718,True,0.007019999999999865,0.15143473695138,0.06418511509759613,0.013142129034078973,97.730306505,0.020759999999999855,0.04011553315111539,0.014105570215674514,97.845940067,9.88463
136310,0.0,256.64,52.40243,-1.569718,True,0.016319999999999866,0.14610235985614237,0.07091065505332662,0.009709994850298508,97.620817533,0.026969999999999848,0.040301724528836604,0.015221114720398953,97.675139058,9.87911
136410,0.0,256.64,52.40243,-1.569718,True,0.009009999999999865,0.14640863248676556,0.07081486347498507,0.009794335097025403,97.619317711,0.019379999999999852,0.04986519160026936,0.01411362226118959,97.66954529799999,9.87904
136510,0.0,256.64,52.40243,-1.569718,True,0.022149999999999864,0.15660597583312355,0.07240935252731531,0.010883631950652648,97.716587078,0.023659999999999855,0.05161593638487171,0.01281223807313375,97.7915820505,9.883790000000001
136610,0.0,256.64,52.40243,-1.569718,True,0.010629999999999864,0.15418344809558773,0.08288545576800421,0.009947199493857658,97.563264798,0.028599999999999855,0.05075483556599865,0.012289024009632568,97.6324058205,9.876009999999999
136710,0.0,256.64,52.40243,-1.569718,True,0.03625999999999986,0.1405004167648247,0.08746443340697291,0.009472158031336077,97.72218968199999,0.017359999999999855,0.053668264986534736,0.012303567684862486,97.6790948325,9.88414
136809,0.0,256.64,52.40243,-1.569718,True,0.028859999999999865,0.1413499141216594,0.0860972318569286,0.009773370849947659,97.383175178,0.011319999999999851,0.0596993355630104,0.012593953575620383,97.605007218,9.867
136910,0.0,256.64,52.40243,-1.569718,True,-0.008300000000000137,0.14149005461704203,0.08895718320932287,0.009943819967617378,97.273207298,0.012189999999999852,0.06015253666026826,0.011881526276740722,97.5403771135,9.86144
137010,0.0,256.64,52.40243,-1.569718,True,0.008129999999999863,0.11653391542560712,0.09215899847595958,0.011040833301559784,97.616351416,0.0008899999999998541,0.05076633727184055,0.011776553919565565,97.59759129999999,9.87909
137110,0.0,256.64,52.40243,-1.569718,True,0.022909999999999865,0.11992039442888028,0.08570500374399961,0.011969516837623973,97.41348930799998,-0.003620000000000146,0.05576964128347216,0.01370205175221705,97.480184289,9.86881
137210,0.0,256.64,52.40243,-1.569718,True,0.0026499999999998617,0.10329651225681587,0.09141412728216236,0.013883023205561593,97.217800785,-0.004940000000000146,0.05522576290905508,0.0141091026566536,97.474053645,9.85904
137310,0.0,256.64,52.40243,-1.569718,True,-0.01650000000000014,0.12345728006066682,0.0880660585399328,0.013889100442575067,97.47498458199999,-0.017990000000000145,0.0546411007290957,0.013592649157148286,97.5479010575,9.871879999999999
137410,0.0,256.64,52.40243,-1.569718,True,0.001589999999999861,0.13414768354309387,0.0894692430086262,0.01350962208508123,97.4997293,-0.011760000000000147,0.0520623813857361,0.014571208292702583,97.55952350549998,9.873009999999999
137510,0.0,256.64,52.40243,-1.569718,True,-0.004820000000000138,0.12555474945651846,0.08822668026852006,0.011776454852022191,97.306692336,-0.022950000000000144,0.04624320370483851,0.016740224344653377,97.51163970699999,9.863339999999999
137611,0.0,256.64,52.40243,-1.569718,True,-0.016530000000000135,0.13159358351454734,0.07928618767255587,0.011750654827783731,97.47947962099998,-0.02557000000000014,0.04271143614743108,0.016250774340470082,97.52137220949999,9.87208
137710,0.0,256.64,52.40243,-1.569718,True,-0.01891000000000014,0.12984124023839488,0.08203360016266309,0.011915093135904263,97.518647905,-0.024260000000000143,0.04223387792333007,0.016136655993881765,97.6204187935,9.87406
137810,0.0,256.64,52.40243,-1.569718,True,-0.011060000000000136,0.1321869988563347,0.07845863453709391,0.011648442909464275,97.606545958,-0.024300000000000148,0.04227881003264024,0.01525978374677089,97.49486056800001,9.87852
137910,0.0,256.64,52.40243,-1.569718,True,-0.0012000000000001372,0.12178497444257251,0.07502584443660142,0.010937443332858541,97.673920978,-0.03174000000000014,0.03476349298391572,0.016495251842016417,97.473564138,9.882079999999998
138010,0.0,256.64,52.40243,-1.569718,True,0.01667999999999986,0.11970526582671644,0.07338794935957084,0.008025023364004784,97.64823048999999,-0.030110000000000144,0.03632147971775379,0.016477732449122946,97.63229095300001,9.880799999999999
138110,0.0,256.64,52.40243,-1.569718,True,0.010129999999999865,0.11551943607501397,0.07333420075307145,0.007600942923490266,97.66395972000001,-0.026790000000000147,0.032905806647298856,0.01463642715959785,97.538724514,9.88165
138210,0.0,256.64,52.40243,-1.569718,True,0.005959999999999863,0.11691461461720347,0.06557662269845863,0.005306976539690539,97.771547547,-0.026370000000000143,0.03344567901004179,0.014095925337108085,97.494674166,9.887129999999999
138311,0.0,256.64,52.40243,-1.569718,True,0.03342999999999986,0.08958668117763237,0.07188862064241489,0.007162556960684483,97.911351747,-0.015280000000000144,0.03409336201273824,0.014293137436406063,97.6931681645,9.89436
138410,0.0,256.64,52.40243,-1.569718,True,0.03437999999999987,0.09101679698446681,0.06788778404332878,0.0065767350894857515,97.83536919299999,-0.023150000000000146,0.03971720170290717,0.013972814875814038,97.66754924649999,9.890530000000002
138510,0.0,256.64,52.40243,-1.569718,True,0.03217999999999986,0.08887746621038595,0.0686665339811203,0.007227424621502208,97.82013686799999,-0.018620000000000143,0.0388504197031307,0.012090588626346795,97.563414602,9.88978
138610,0.0,256.64,52.40243,-1.569718,True,0.028719999999999867,0.09621562358681926,0.06597070477856093,0.007120580500176726,97.968631023,-0.016400000000000144,0.04162200272823741,0.014057220366866921,97.724055322,9.897250000000001
138710,0.0,256.64,52.40243,-1.569718,True,0.03561999999999986,0.1008323999955729,0.06558195551354078,0.006651616344380472,97.964503254,-0.023380000000000144,0.04966106903577569,0.013994427462322781,97.7415755795,9.89698
138809,0.0,256.64,52.40243,-1.569718,True,0.05805999999999987,0.12803720119116702,0.06465831647189703,0.00791881725130081,97.992885645,-0.011830000000000146,0.0517255589089449,0.013936781869825726,97.79971580150001,9.89803
138910,0.0,256.64,52.40243,-1.569718,True,0.04065999999999987,0.15703156229094173,0.06819648410684856,0.009522114610710269,97.945785656,0.0012099999999998542,0.06199699723909968,0.011593297872209194,97.809853317,9.895340000000001
139010,0.0,256.64,52.40243,-1.569718,True,0.020359999999999868,0.16371359272956737,0.06431168979692507,0.010576625170291065,97.821964315,-0.001750000000000146,0.062352996007484535,0.01214861674788959,97.7350974025,9.88907
139110,0.0,256.64,52.40243,-1.569718,True,0.028709999999999868,0.16738520743077906,0.06485805355699982,0.012616638044597643,97.785363581,0.002369999999999854,0.06059483017917213,0.014027576016087123,97.7246616505,9.887139999999999
139210,0.0,256.64,52.40243,-1.569718,True,0.025249999999999866,0.16948687428687154,0.07446990742039986,0.012622748423802592,97.658924009,0.007569999999999855,0.06383861683963914,0.013584729989480928,97.715235778,9.88066
139310,0.0,256.64,52.40243,-1.569718,True,0.012109999999999866,0.1711822904261235,0.0661873779514807,0.012269220748303864,97.49217733600001,0.010579999999999855,0.06602128949562346,0.013463238012305633,97.70176454150001,9.87227
139410,0.0,256.64,52.40243,-1.569718,True,-2.0000000000135188e-05,0.16358891432143846,0.06375537363045504,0.012406521582240912,97.438524169,0.026499999999999857,0.06006152401217353,0.014727483755753789,97.63694668100001,9.86969
139510,0.0,256.64,52.40243,-1.569718,True,-0.010200000000000136,0.1597258901993599,0.06583678893954438,0.012230453793413852,97.39550920100001,0.025669999999999853,0.06060012926277385,0.01389562680999526,97.6078230345,9.86755
139611,0.0,256.64,52.40243,-1.569718,True,-0.003180000000000134,0.15366744612954958,0.0645968007470901,0.012250514728122329,97.25842239,0.027719999999999856,0.06143464096997183,0.012491174662242858,97.6135267065,9.8607
139710,0.0,256.64,52.40243,-1.569718,True,-0.010630000000000134,0.14842527525091978,0.05689800230903918,0.012349107029954636,97.17462873100001,0.03759999999999985,0.04359000904894498,0.012935742902618985,97.5695659925,9.85656
139810,0.0,256.64,52.40243,-1.569718,True,-0.038350000000000134,0.10756857502686874,0.06093823922704859,0.010915554650413368,97.042257796,0.029429999999999856,0.04871666495607712,0.01337709900449235,97.5175717205,9.85023
139909,0.0,256.64,52.40243,-1.569718,True,-0.018650000000000132,0.07826265250907155,0.05961869673259333,0.0080099174634077,97.07431302,0.022899999999999854,0.04210428851209041,0.013324668017477607,97.510049338,9.852170000000001
140010,0.0,256.64,52.40243,-1.569718,True,-0.01114000000000013,0.07087071484188787,0.06017558475073517,0.008866798244233164,97.08537426699999,0.02688999999999985,0.03918714216563059,0.012626959693818803,97.453669291,9.85279
140111,0.0,256.64,52.40243,-1.569718,True,-0.01738000000000013,0.05856562890353696,0.06131998043128433,0.00724841745130503,96.98790754000001,0.01941999999999986,0.05084127369676485,0.01103890091139276,97.3866355605,9.8479
140210,0.0,256.64,52.40243,-1.569718,True,-0.008480000000000132,0.05418562334933281,0.05300260371050451,0.007374460431753212,97.144796016,0.014899999999999858,0.04818997129415603,0.010906695191404884,97.40186001250001,9.85594
140310,0.0,256.64,52.40243,-1.569718,True,-0.006760000000000131,0.05237130681733818,0.05531516268000062,0.007835311806427273,97.188389389,0.010289999999999855,0.044790411920390454,0.010586369643104108,97.3402833625,9.85815
140410,0.0,256.64,52.40243,-1.569718,True,-0.00936000000000013,0.050417439663277205,0.05371074897679834,0.007812305108221186,96.979606601,-0.007290000000000145,0.04994511320771646,0.009654020463481716,97.209065385,9.847570000000001
140510,0.0,256.64,52.40243,-1.569718,True,-0.013680000000000131,0.051442844227357454,0.05225349430190954,0.007728511427287695,97.015509629,-0.002600000000000145,0.05149599768696642,0.009328862024109845,97.20550941500001,9.84939
140610,0.0,256.64,52.40243,-1.569718,True,-0.011540000000000132,0.04809911526074931,0.06161574925007542,0.008855387562479401,97.24002275699999,-0.004600000000000146,0.049160214265856726,0.009510841766601087,97.2492225735,9.86075
140715,0.0,256.64,52.40243,-1.569718,True,-0.007160000000000133,0.055847633989276696,0.05504056685839028,0.008862160508686063,97.071823774,-0.010540000000000146,0.052463345934709034,0.009978755210634689,97.1232262525,9.852219999999999
140810,0.0,256.64,52.40243,-1.569718,True,-0.016670000000000136,0.06107741990457801,0.054595442423578486,0.009850487861214757,97.07945349600001,-0.0015600000000001468,0.055701190890904105,0.009614162007649208,97.060855646,9.85257
140909,0.0,256.64,52.40243,-1.569718,True,-0.028330000000000133,0.0778950155300214,0.05418348354417246,0.010305904456159845,97.19123849600001,-0.007980000000000147,0.05472315780360524,0.010097282362562998,97.13277575800001,9.85811
141010,0.0,256.64,52.40243,-1.569718,True,-0.007150000000000134,0.09921825828825948,0.05774969071666425,0.008780034168090216,97.25379736000001,-0.013070000000000147,0.054394036642085225,0.0101202162909689,97.16958581349999,9.86113
141110,0.0,256.64,52.40243,-1.569718,True,-0.01672000000000013,0.09556227521581079,0.05529839157881114,0.009055882065974151,97.341116661,-1.0000000000148084e-05,0.05288995808908281,0.010141750889729297,97.16451210049999,9.865590000000001
141210,0.0,256.64,52.40243,-1.569718,True,-0.036400000000000134,0.10947744567301926,0.05997105227694208,0.009144087342439678,97.247569824,-0.005960000000000148,0.053642711009443976,0.012012511995526061,97.19618292,9.86064
141309,0.0,256.64,52.40243,-1.569718,True,-0.023550000000000133,0.11515034857852427,0.0662754823116962,0.009201304254986388,97.338217873,-0.01744000000000015,0.05935462539308836,0.012813018553122368,97.263303631,9.865179999999999
141410,0.0,256.64,52.40243,-1.569718,True,-0.032100000000000135,0.11525136779125696,0.06725655771482346,0.009252417101225641,97.611104361,-0.005780000000000148,0.05264796714444654,0.01167185122888935,97.295355481,9.878969999999999
141510,0.0,256.64,52.40243,-1.569718,True,-0.026200000000000133,0.11608167622641138,0.06969787179982782,0.009930116928568919,97.56836415400001,-0.009650000000000148,0.050822332142894895,0.012512398295663661,97.2919368915,9.8768
141610,0.0,256.64,52.40243,-1.569718,True,-0.022200000000000133,0.11501623073858407,0.06671282069090222,0.008977651263835878,97.51149032200001,-0.01838000000000015,0.04894291005286404,0.012559263955715206,97.3757565395,9.87396
141710,0.0,256.64,52.40243,-1.569718,True,-0.04548000000000014,0.11211445342436617,0.07345750774792162,0.008975033270972065,97.75340845299999,-0.016300000000000148,0.04726325798708599,0.012435075838503234,97.4126161135,9.88611
141810,0.0,256.64,52.40243,-1.569718,True,-0.040050000000000134,0.11111524797844388,0.06810488316708595,0.008447544021361013,97.843232507,-0.023270000000000148,0.03991969856263491,0.013340681308538658,97.46134300150001,9.89072
141910,0.0,256.64,52.40243,-1.569718,True,-0.026710000000000133,0.10121370625222248,0.0700713160531783,0.009079427294319266,97.971691283,-0.024100000000000146,0.04014465510291049,0.014070935371198188,97.5814648895,9.89734
142010,0.0,256.64,52.40243,-1.569718,True,-0.053130000000000135,0.07595560179751124,0.0701909649146285,0.008742876464969532,97.97374727100001,-0.028920000000000147,0.04401254366653114,0.014107842578524762,97.6137723155,9.89754
142110,0.0,256.64,52.40243,-1.569718,True,-0.05407000000000013,0.07564419710416123,0.07341403514074643,0.008165380850718003,97.901191886,-0.03704000000000015,0.03338619807975361,0.013819957388517391,97.62115427350001,9.89385
142210,0.0,256.64,52.40243,-1.569718,True,-0.03925000000000013,0.05861018587981649,0.06358411751444479,0.008099581607407341,98.12918220700001,-0.032630000000000145,0.03594261011975254,0.011804900112448303,97.6883760155,9.905600000000002
142310,0.0,256.64,52.40243,-1.569718,True,-0.051650000000000126,0.04143748303140114,0.06500229141329995,0.00790125868971004,98.154089046,-0.03092000000000015,0.03296037351457861,0.012148273768473073,97.7461534595,9.906870000000001
142410,0.0,256.64,52.40243,-1.569718,True,-0.04299000000000013,0.045598743890837255,0.06425132597059671,0.00830525937741647,98.011098973,-0.03534000000000015,0.028358310559271637,0.011823371393529266,97.811101667,9.89968
142510,0.0,256.64,52.40243,-1.569718,True,-0.06015000000000013,0.05303347475342378,0.056855602675957566,0.009019368048418382,98.113725469,-0.03427000000000015,0.02979172330994123,0.011478332244247191,97.8410448115,9.90478
142613,0.0,256.64,52.40243,-1.569718,True,-0.07070000000000012,0.0571250285677513,0.06287854606816282,0.008676020592769671,98.24456855999999,-0.034740000000000146,0.030068189170588882,0.011082363365996925,97.878029441,9.91126
142710,0.0,256.64,52.40243,-1.569718,True,-0.07271000000000014,0.060017024436402375,0.06670281020302056,0.008558452611537848,97.904560443,-0.02632000000000015,0.03845891891931898,0.011461995172374903,97.828984448,9.89404
142810,0.0,256.64,52.40243,-1.569718,True,-0.06546000000000013,0.06891819949911471,0.06479840190143374,0.008964597034603753,98.10393168200001,-0.03153000000000015,0.039997334633398905,0.011632024759181563,97.97358209450002,9.90412
142910,0.0,256.64,52.40243,-1.569718,True,-0.04832000000000013,0.09353432881378018,0.0666801994604946,0.009660779816323965,97.880317103,-0.02371000000000015,0.04588929795349859,0.011061991984488158,97.92600419300001,9.89273
143010,0.0,256.64,52.40243,-1.569718,True,-0.05046000000000013,0.09497505169475882,0.06497827329262852,0.00949645547872954,97.804016504,-0.00996000000000015,0.047391189992309464,0.01151831874297984,97.8888818875,9.888860000000001
143110,0.0,256.64,52.40243,-1.569718,True,-0.04218000000000013,0.09988707846574638,0.06327767817837902,0.009538745549572684,98.071294113,-0.012100000000000149,0.04875972837403217,0.012036338498175389,97.9862429995,9.902370000000001
143210,0.0,256.64,52.40243,-1.569718,True,-0.015100000000000124,0.13161126260477246,0.06341758343692858,0.010599711735783942,98.094589817,-0.00898000000000015,0.050946001914864654,0.011653154079399031,98.111886012,9.903290000000002
143310,0.0,256.64,52.40243,-1.569718,True,-0.031300000000000126,0.14500318770434759,0.06245469824941064,0.011525141599204643,97.788838322,0.00653999999999985,0.05145792671902437,0.010864928286228126,97.971463684,9.88764
143410,0.0,256.64,52.40243,-1.569718,True,-0.04389000000000013,0.1460179094798532,0.062256338366131106,0.010992724866602776,97.817913608,0.0071799999999998506,0.05103943573354097,0.011626521405743542,97.9145062905,9.88905
143510,0.0,256.64,52.40243,-1.569718,True,-0.01422000000000013,0.15064186964077028,0.060832192684121364,0.01047220660147319,97.87423550899999,0.00720999999999985,0.051038492010098864,0.01090362325092962,97.99398048900001,9.891929999999999
143610,0.0,256.64,52.40243,-1.569718,True,-0.01401000000000013,0.15045241735800335,0.05966093920446644,0.010041630013407193,97.454293178,0.023909999999999848,0.056307202026012936,0.011599353430179364,97.849430869,9.87069
143710,0.0,256.64,52.40243,-1.569718,True,-0.007400000000000131,0.14478837430301966,0.061303580646578947,0.010666541665598106,97.77171183099999,0.02132999999999985,0.05596095960576658,0.010415927973722271,97.838136137,9.88683
143810,0.0,256.64,52.40243,-1.569718,True,0.0004099999999998702,0.14956108711077165,0.05932910190981621,0.0099824568337296,97.60075207999999,0.029919999999999853,0.04705242466297452,0.010362024684093842,97.852341881,9.87813
143910,0.0,256.64,52.40243,-1.569718,True,-0.027480000000000133,0.1479183017749252,0.06719137180127184,0.008353602017064275,97.482078848,0.034369999999999845,0.050175382410084526,0.0102985921367056,97.6811979755,9.872060000000001
144010,0.0,256.64,52.40243,-1.569718,True,-0.02332000000000013,0.1456827664633752,0.06709848566003628,0.009775394279831644,97.476724479,0.034919999999999854,0.05047416941145239,0.011209266999446493,97.64037049150001,9.87183
144110,0.0,256.64,52.40243,-1.569718,True,-0.02250000000000013,0.14614552108535936,0.06420750129318738,0.009887640994558614,97.430666895,0.04695999999999985,0.04172804013288348,0.011910611515152318,97.75098050400001,9.86951
144210,0.0,256.64,52.40243,-1.569718,True,-0.03649000000000013,0.12451135111118716,0.06551325226483018,0.009277457745258226,97.193790675,0.04204999999999985,0.04578690375591873,0.01164678782604365,97.64419024600001,9.857719999999999
144310,0.0,256.64,52.40243,-1.569718,True,-0.03179000000000013,0.11807645780961884,0.06675406271517889,0.008333926645115243,97.159487667,0.03920999999999984,0.04416835091126264,0.011889701425948945,97.4741629945,9.85606
144410,0.0,256.64,52.40243,-1.569718,True,-0.005420000000000124,0.12746863492195598,0.07338514533370051,0.008540751983126196,97.294717998,0.04670999999999985,0.03904924099416562,0.012557799701044238,97.55631580299999,9.862820000000001
144510,0.0,256.64,52.40243,-1.569718,True,-0.013320000000000127,0.11965646010317367,0.0752920949080894,0.008345597641441391,97.15141091800001,0.04273999999999985,0.04519388355861133,0.01352707572892206,97.5128232135,9.85562
144610,0.0,256.64,52.40243,-1.569718,True,-0.004880000000000125,0.11288136151622105,0.07648035405023174,0.008428582324022988,97.130488553,0.039429999999999854,0.04031977871409723,0.012987126104056225,97.2923908655,9.85463
144710,0.0,256.64,52.40243,-1.569718,True,-0.010370000000000126,0.11874496527329378,0.06673688302317769,0.007897292081153789,96.953827133,0.036049999999999846,0.0437282326801753,0.012999811964383363,97.362769482,9.845659999999999
144810,0.0,256.64,52.40243,-1.569718,True,-0.007580000000000126,0.12233070660204562,0.06714378022062704,0.007815660915648052,96.98985473900001,0.031409999999999855,0.04783086985524448,0.014234527662553141,97.2953034095,9.84745
144910,0.0,256.64,52.40243,-1.569718,True,0.012909999999999875,0.11358458864544926,0.06159162641575299,0.008123518667941176,97.138582371,0.03097999999999985,0.047311069881493466,0.014543207654678564,97.3103306095,9.85512
145009,0.0,256.64,52.40243,-1.569718,True,0.0027099999999998735,0.12628572937756077,0.06038196566749984,0.009808137210927872,97.097674531,0.02377999999999985,0.047543846429707055,0.014090406507754418,97.287199505,9.852920000000001
145110,0.0,256.64,52.40243,-1.569718,True,0.016629999999999874,0.13968727015881804,0.057448729800135705,0.011505771498278968,97.056901634,0.0054499999999998525,0.06080195994646549,0.012856317080995725,97.24378426450001,9.85069
145210,0.0,256.64,52.40243,-1.569718,True,0.0037299999999998723,0.13822045233764255,0.05471209494642431,0.011527074409288633,97.135014479,0.010109999999999852,0.06105011511499229,0.01375863769089533,97.164402577,9.8547
145310,0.0,256.64,52.40243,-1.569718,True,0.0012999999999998707,0.14159316524614632,0.05175620735808345,0.011735440151455287,97.239070289,0.0057699999999998525,0.05946072560007277,0.01385440563697231,97.19927897800001,9.859950000000001
145410,0.0,256.64,52.40243,-1.569718,True,0.0029399999999998707,0.143620767609935,0.04901308782224195,0.011791880445343652,97.21174303299999,-0.008050000000000147,0.06274284819800804,0.013203656900789625,97.25323051550001,9.85855
145510,0.0,256.64,52.40243,-1.569718,True,-1.2975731600306517e-16,0.14259516900021635,0.046562943063762595,0.011693188900359905,97.393925537,-0.0023700000000001476,0.06272373376781751,0.01131702748557784,97.27266822749999,9.86781
145613,0.0,256.64,52.40243,-1.569718,True,-0.00982000000000013,0.14969454677212293,0.03891465876451982,0.011895769555861675,97.464585502,-0.012290000000000146,0.05546238865712368,0.012556167143342177,97.2975370275,9.87132
145710,0.0,256.64,52.40243,-1.569718,True,0.004279999999999869,0.14183458910521346,0.04315018861916862,0.012231761933296056,97.570780113,-0.015460000000000146,0.056673258440118945,0.012541415833522284,97.26230362300001,9.87679
145810,0.0,256.64,52.40243,-1.569718,True,-0.01240000000000013,0.1330619905657182,0.04778509298099939,0.012105044861707074,97.71515804999999,-0.012140000000000147,0.05696541250812206,0.011309430676229259,97.35250639450001,9.884179999999999
145910,0.0,256.64,52.40243,-1.569718,True,-0.02336000000000013,0.13095128186543303,0.05244125708386764,0.01096534439817581,97.63858466500001,-0.022650000000000146,0.046679694610046354,0.011384023893079903,97.38858351799999,9.88029
146010,0.0,256.64,52.40243,-1.569718,True,-0.0034300000000001287,0.11953731216644457,0.056882265348723225,0.009545801869207457,97.790107898,-0.021020000000000143,0.04744875130072761,0.011544026834418332,97.4438912145,9.88809
146110,0.0,256.64,52.40243,-1.569718,True,-0.027780000000000128,0.09750990604936306,0.062641094960648,0.007062388641682573,97.909439441,-0.016300000000000148,0.03894537485017335,0.011481502030967193,97.4831705375,9.89427
146210,0.0,256.64,52.40243,-1.569718,True,-0.03602000000000013,0.10204288640882538,0.06697477551770424,0.006861292394743579,97.84164153700002,-0.02138000000000015,0.03474154733326383,0.010499994708908333,97.488328008,9.89075
146310,0.0,256.64,52.40243,-1.569718,True,-0.02791000000000013,0.09163151386565195,0.06592178530553364,0.008434031591221297,97.92683401500001,-0.020260000000000146,0.0358875156255776,0.011376506005232987,97.58295215199999,9.89518
146410,0.0,256.64,52.40243,-1.569718,True,-0.048880000000000125,0.06014762949037151,0.06769559398170188,0.008281364621415347,97.962951879,-0.01713000000000015,0.030779937549544334,0.011584611440200978,97.587347456,9.89713
146510,0.0,256.64,52.40243,-1.569718,True,-0.04045000000000013,0.07640627155745183,0.06780963632013304,0.007600445892880617,97.98677765400001,-0.024770000000000146,0.02915102628264806,0.011584611440200978,97.6903515955,9.89827
146609,0.0,256.64,52.40243,-1.569718,True,-0.038260000000000134,0.07319232200154437,0.06363165616858826,0.008840462531485816,98.04586903700002,-0.01620000000000015,0.041390363881228624,0.01026271027655154,97.7552272695,9.901309999999999
146710,0.0,256.64,52.40243,-1.569718,True,-0.05376000000000013,0.08141112673052249,0.06302951777700776,0.009405488940775404,97.95373662099999,-0.018380000000000146,0.04381305741440896,0.010442030453806143,97.762258367,9.89653
146810,0.0,256.64,52.40243,-1.569718,True,-0.03564000000000013,0.10570656659924206,0.06556337392241887,0.011138646436496334,98.00658428400001,-0.018340000000000148,0.043839282232547586,0.012131941312016625,97.860871167,9.89906
146910,0.0,256.64,52.40243,-1.569718,True,-0.03471000000000013,0.10560901108428203,0.06683999551234977,0.01157115186782996,97.99061661,-0.01374000000000015,0.04552535801309542,0.01196818003422195,97.81460063749999,9.89825
147010,0.0,256.64,52.40243,-1.569718,True,-0.05556000000000013,0.11352015190646335,0.06852377446374593,0.012212311638194686,97.727984357,-0.01603000000000015,0.044977971151300075,0.011463875629238993,97.7590461275,9.884789999999999
147110,0.0,256.64,52.40243,-1.569718,True,-0.04069000000000013,0.1237528401468919,0.06694722299512025,0.012148964290266186,97.705417007,-0.005610000000000147,0.04441327254071755,0.014698333238779632,97.807428224,9.883619999999999
147210,0.0,256.64,52.40243,-1.569718,True,-0.015670000000000135,0.13048422680317484,0.06133489219107982,0.012326773029717152,97.82571431400001,-0.0015300000000001471,0.04513919336647532,0.016305295663215685,97.8336779255,9.88973
147310,0.0,256.64,52.40243,-1.569718,True,0.008909999999999868,0.13520855043631383,0.0631391839957349,0.012998034039104421,97.705471794,-0.0009000000000001469,0.045473924151936226,0.015982698979361415,97.8161529045,9.88359
147410,0.0,256.64,52.40243,-1.569718,True,0.008979999999999868,0.1351801908564199,0.06273847747313663,0.012790117712669346,97.699490685,0.009259999999999852,0.04411812930453409,0.015937879407192615,97.831221282,9.883289999999999
147510,0.0,256.64,52.40243,-1.569718,True,-0.0012700000000001326,0.1299485714511716,0.0624881579899795,0.01283225103633394,97.68627551,0.014409999999999853,0.038659092648983547,0.01604330597678924,97.836526582,9.88269
147610,0.0,256.64,52.40243,-1.569718,True,0.031989999999999866,0.13653307657845512,0.0637750072963334,0.011976741348386947,97.662736489,0.014229999999999854,0.03838663106398755,0.016138184532289088,97.85430276299999,9.881359999999999
147710,0.0,256.64,52.40243,-1.569718,True,0.04614999999999987,0.12079927565999059,0.0642954162880003,0.011110175515842664,97.709474374,0.03188999999999985,0.03543069761282662,0.015903406343659447,97.8316054975,9.883849999999999
147809,0.0,256.64,52.40243,-1.569718,True,0.02210999999999987,0.11980679307386904,0.057433672857216886,0.01051067711073648,97.564196074,0.030859999999999853,0.03634984945709929,0.014041763105441005,97.785390179,9.87663
147910,0.0,256.64,52.40243,-1.569718,True,0.03851999999999987,0.12150461170937094,0.05755162416940557,0.009902575422223468,97.56399169699998,0.031299999999999856,0.03625315311954722,0.013450357285563957,97.77730415350001,9.876549999999998
148010,0.0,256.64,52.40243,-1.569718,True,0.05638999999999987,0.0949159212729328,0.05356773593708298,0.006865736182388277,97.69803577399999,0.04021999999999985,0.0340656816556616,0.013170206275208658,97.7130100655,9.883529999999999
148111,0.0,256.64,52.40243,-1.569718,True,0.039869999999999864,0.10073816500645241,0.04742894568700846,0.0070320298945088944,97.462023821,0.03520999999999985,0.037735142771668694,0.011431928971009805,97.583720414,9.87164
148210,0.0,256.64,52.40243,-1.569718,True,0.031179999999999868,0.09595438499609217,0.05466274376252451,0.008010520859299234,97.64808513599999,0.03934999999999985,0.03862906936489946,0.0102825418387129,97.736899725,9.8811
148310,0.0,256.64,52.40243,-1.569718,True,0.01976999999999987,0.08767294083999778,0.0527311303804755,0.006522916865733514,97.75289123799999,0.04028999999999986,0.03831632811215361,0.009108018445206137,97.72918151600001,9.88651
148410,0.0,256.64,52.40243,-1.569718,True,0.01697999999999987,0.09019401064113809,0.04821658198037197,0.006541015890648419,97.515649879,0.03280999999999985,0.04327692354025797,0.009949092644189167,97.607570282,9.87451
148510,0.0,256.64,52.40243,-1.569718,True,0.036289999999999864,0.10823303510882068,0.04747509288602462,0.0074323990439413914,97.491992021,0.044079999999999855,0.047683628683675615,0.010515517633922021,97.58913376550001,9.873099999999999
148610,0.0,256.64,52.40243,-1.569718,True,0.020009999999999868,0.09081161758754817,0.05222472381803582,0.0076611574403714815,97.425597961,0.03381999999999985,0.053187483907801716,0.01058804881817186,97.544167225,9.86992
148710,0.0,256.64,52.40243,-1.569718,True,-0.0030400000000001285,0.12469045405848582,0.06453577905216401,0.009817444790527216,97.60192010099999,0.01734999999999985,0.05391706079194868,0.010635417768443501,97.6556972375,9.87847
148810,0.0,256.64,52.40243,-1.569718,True,0.02208999999999987,0.13219583494859433,0.06640893597905025,0.010658481233977448,97.670749414,0.013239999999999853,0.05708047340766101,0.010622831804832858,97.617472744,9.881829999999999
148909,0.0,256.64,52.40243,-1.569718,True,0.014119999999999869,0.12772271876556282,0.07861970985617969,0.010436580963852566,97.532316647,0.009389999999999853,0.05741411847270893,0.012491792861199027,97.548154172,9.87481
149010,0.0,256.64,52.40243,-1.569718,True,-0.002640000000000131,0.14124319609957314,0.07970343921258483,0.010525635372405227,97.59579719999999,-0.005020000000000147,0.057868275707261316,0.01306647959042922,97.646916487,9.87786
149110,0.0,256.64,52.40243,-1.569718,True,0.0008199999999998691,0.13995010857040072,0.07951663767261752,0.011753680274400415,97.74702208900001,-0.0035200000000001467,0.05789044826219844,0.015146191307035782,97.604522955,9.88553
149210,0.0,256.64,52.40243,-1.569718,True,0.01767999999999987,0.15468208112835954,0.07523473562481922,0.012965171293102819,97.59214451300001,-0.01585000000000015,0.054618540808028665,0.014593925676968524,97.6201148245,9.87751
149310,0.0,256.64,52.40243,-1.569718,True,0.0027199999999998697,0.16064925078491918,0.07704597545248662,0.013577518182378985,97.66807404900001,-0.023540000000000148,0.0523426573434716,0.014767926958949948,97.7104826435,9.88127
149410,0.0,256.64,52.40243,-1.569718,True,0.02268999999999987,0.16328573762300655,0.07592455685366128,0.01369794794013357,97.815097752,-0.026450000000000147,0.05324630920958514,0.016282628780335612,97.66537381549999,9.88865
149510,0.0,256.64,52.40243,-1.569718,True,0.01044999999999987,0.15217771226789173,0.0844408116183088,0.013174723273229142,97.580127213,-0.04093000000000015,0.02270404026693867,0.01642193654835548,97.536059617,9.87688
149610,0.0,256.64,52.40243,-1.569718,True,-0.01001000000000013,0.16088013792185707,0.07853839542317623,0.01352192047477593,97.778155541,-0.04199000000000015,0.022732035642299486,0.015319471995484581,97.60187675099999,9.88682
149710,0.0,256.64,52.40243,-1.569718,True,0.02556999999999987,0.140078264234996,0.07115368031461308,0.01260555433104109,97.643593417,-0.03507000000000014,0.02712141630189216,0.015446596172993843,97.622756759,9.880320000000001
149809,0.0,256.64,52.40243,-1.569718,True,0.01833999999999987,0.1335251303853422,0.07225355354646876,0.010765175334978594,97.39929438,-0.03915000000000014,0.03130943237354969,0.01674529452972101,97.535021897,9.86804
149910,0.0,256.64,52.40243,-1.569718,True,-0.001550000000000129,0.1437196209444712,0.05372198908457152,0.010356323886267628,97.736193954,-0.03854000000000015,0.031941550786788536,0.01600081942340571,97.63425530049999,9.885090000000002
150010,0.0,256.64,52.40243,-1.569718,True,0.020429999999999872,0.13030837825873917,0.05360020729730375,0.010511813459867646,97.729533325,-0.03220000000000015,0.03094913389559075,0.01608234366552314,97.6626652625,9.884899999999998
150110,0.0,256.64,52.40243,-1.569718,True,0.03241999999999987,0.13057647227234087,0.05332379081384458,0.009896626809931346,97.591863744,-0.03947000000000015,0.030025768562621402,0.013799661831540652,97.6694429165,9.8779
150209,0.0,256.64,52.40243,-1.569718,True,0.0021599999999998704,0.11960756386329169,0.05409124492808319,0.008137321426171415,97.53015081699999,-0.03258000000000015,0.03307694060819888,0.01429008980604669,97.561147665,9.87495
150310,0.0,256.64,52.40243,-1.569718,True,0.022629999999999872,0.11351065588735808,0.06389658659012727,0.0063292004053121876,97.652710515,-0.02522000000000015,0.038087204033762,0.014228125510894557,97.660392282,9.881139999999998
150411,0.0,256.64,52.40243,-1.569718,True,0.028739999999999866,0.12140953834019082,0.06683611881213236,0.007223849388852552,97.72797672499999,-0.026120000000000143,0.03894733766394588,0.01250706911214581,97.7715372385,9.88483
150510,0.0,256.64,52.40243,-1.569718,True,0.029789999999999872,0.12198650608425893,0.05998055333080271,0.008423934155695373,97.809245642,-0.022400000000000145,0.0398765316668348,0.012282345052888515,97.69468642749999,9.88897
150610,0.0,256.64,52.40243,-1.569718,True,0.03845999999999987,0.10925768927926768,0.060026735710776866,0.009728651841827479,97.824203007,-0.011330000000000149,0.046936625121285214,0.013429668648116969,97.801179274,9.88983
150710,0.0,256.64,52.40243,-1.569718,True,0.03419999999999987,0.10711959048953171,0.06484153761356447,0.009713341340281786,97.915421571,-0.017970000000000146,0.048215973609473085,0.01331975975752625,97.779507494,9.89445
150810,0.0,256.64,52.40243,-1.569718,True,0.05431999999999987,0.13545660887851632,0.05834754207983195,0.011390951574412313,98.039854435,-0.006950000000000146,0.04370284125010194,0.011790674280897388,97.7195744075,9.900369999999999
150910,0.0,256.64,52.40243,-1.569718,True,0.05223999999999986,0.13913763130232915,0.06191374286575556,0.011672360515029895,97.91167229599999,-0.003090000000000146,0.04543687807153086,0.012407349972155519,97.823933125,9.89384
151010,0.0,256.64,52.40243,-1.569718,True,0.04370999999999987,0.14227152795498135,0.06229370308896208,0.012386623609251723,97.928510284,-0.011180000000000145,0.05300056184186956,0.01282605421261273,97.8290218045,9.89469
151110,0.0,256.64,52.40243,-1.569718,True,0.05491999999999986,0.15041958944521602,0.06014064996214199,0.01308166231339564,98.042574952,0.007089999999999855,0.06173877675783521,0.014547179948108776,97.81721934800001,9.9003
151210,0.0,256.64,52.40243,-1.569718,True,0.05646999999999987,0.14879478074770044,0.07259329705881394,0.012809978748943374,97.878136692,0.0071899999999998545,0.06174662293958029,0.013853102340005237,97.7041437545,9.89193
151310,0.0,256.64,52.40243,-1.569718,True,0.03439999999999987,0.16026560593097555,0.06471122262347782,0.012840218931741289,97.57193825099999,0.006919999999999854,0.061643072963981145,0.01446444299340026,97.61232438300001,9.876430000000001
151410,0.0,256.64,52.40243,-1.569718,True,0.02643999999999987,0.15334598643438244,0.06330544034970297,0.012542129005588548,97.54524193099999,0.016259999999999854,0.056698935910046655,0.01483190629833736,97.63660932799999,9.87521
151510,0.0,256.64,52.40243,-1.569718,True,0.019349999999999867,0.15146682254973043,0.06328366561305813,0.01184402803073467,97.544794294,0.016619999999999854,0.0566181714057561,0.014921233937595016,97.677019968,9.875229999999998
151610,0.0,256.64,52.40243,-1.569718,True,0.02447999999999987,0.14874931036247382,0.06625765280816938,0.011076707292208813,97.366563825,0.015249999999999856,0.05551546831488021,0.013360306050985211,97.59538341599999,9.86621
151710,0.0,256.64,52.40243,-1.569718,True,0.03722999999999986,0.15769870745605893,0.056395295312871054,0.01132792027561131,97.225328377,0.02603999999999986,0.050352693848254124,0.013225232617084344,97.57037497399999,9.85894
151810,0.0,256.64,52.40243,-1.569718,True,-9.000000000013164e-05,0.13084502665358758,0.05979511407095952,0.00955442887377041,97.326394678,0.031979999999999856,0.05370048210003332,0.014043048893329269,97.6831245565,9.86447
151910,0.0,256.64,52.40243,-1.569718,True,0.023589999999999868,0.1161102679925921,0.05903881962162218,0.00854179918554391,97.414961757,0.028219999999999856,0.05497675872583093,0.013094680853876562,97.6633170265,9.8691
152009,0.0,256.64,52.40243,-1.569718,True,0.010719999999999869,0.1303493664476796,0.059748421644270945,0.0085773344728706,97.166254989,0.039029999999999856,0.03708261197797861,0.012004369574746694,97.54738263649999,9.85635
152110,0.0,256.64,52.40243,-1.569718,True,-0.019900000000000133,0.11581234821890928,0.061092134428103996,0.006895094874340949,97.190075574,0.031019999999999853,0.02612001361234972,0.012473799207333821,97.616325263,9.8577
152210,0.0,256.64,52.40243,-1.569718,True,-0.01165000000000013,0.11416417272205538,0.05438408263946847,0.006337928157226457,97.495000869,0.027139999999999852,0.03157204107713036,0.012963521469381064,97.6865687805,9.87322
152310,0.0,256.64,52.40243,-1.569718,True,-0.01203000000000013,0.11463386207099231,0.06285483805371725,0.008284932776066477,97.361770825,0.020019999999999854,0.03880660883003215,0.012272593676716011,97.46685453799999,9.86642
152410,0.0,256.64,52.40243,-1.569718,True,-0.02603000000000013,0.10583839935371109,0.058976307861559066,0.007722837704824065,97.277667353,0.02087999999999985,0.03914860008847223,0.01202211388319194,97.411454642,9.86224
152510,0.0,256.64,52.40243,-1.569718,True,-0.03330000000000013,0.10452398980340466,0.05772739095748958,0.007613007873483192,97.46144023699999,0.01238999999999985,0.05019020378075593,0.01213463820814855,97.5031172655,9.871550000000001
152610,0.0,256.64,52.40243,-1.569718,True,-0.032570000000000134,0.10462160441844176,0.06102518241661519,0.008228163018529452,97.415766991,0.0021999999999998514,0.05208217865385049,0.012322680083596218,97.39116540799999,9.869219999999999
152711,0.0,256.64,52.40243,-1.569718,True,-0.058830000000000125,0.0690772200751517,0.06037515677534941,0.007948312189357865,97.300062899,0.004059999999999853,0.054333807768873796,0.012579683797403603,97.262695638,9.86352
152810,0.0,256.64,52.40243,-1.569718,True,-0.05275000000000013,0.07020153923589399,0.06427410140331384,0.008538045573493441,97.36013960199999,-0.004790000000000147,0.046277435106088984,0.011868426835674937,97.34326714,9.86657
152910,0.0,256.64,52.40243,-1.569718,True,-0.06385000000000013,0.057918242184611814,0.06964389500310704,0.01009688620832869,97.158307954,-0.014440000000000147,0.05553163662872685,0.013003251730000777,97.2866348555,9.85631
153010,0.0,256.64,52.40243,-1.569718,True,-0.05913000000000013,0.049648364636599225,0.07479257910368986,0.009590765233838372,97.074426726,-0.012570000000000147,0.05707984758212208,0.012953802530462343,97.1203408575,9.85209
153111,0.0,256.64,52.40243,-1.569718,True,-0.05393000000000013,0.04694838892017346,0.07771604724953986,0.00950707923330714,97.12504588899999,-0.022210000000000146,0.05649702942041852,0.011103197737508492,97.1575607315,9.854679999999998
153210,0.0,256.64,52.40243,-1.569718,True,-0.04303000000000014,0.06938892082538148,0.07584691087303212,0.009493834256069122,97.080162922,-0.024770000000000146,0.057302376332327085,0.011763106165672449,97.28758189549998,9.85235
153310,0.0,256.64,52.40243,-1.569718,True,-0.022630000000000133,0.06734326741883367,0.07344050426542127,0.010542106051108866,97.122391946,-0.02869000000000015,0.06005400254954314,0.012811925867825638,97.24208138549999,9.85459
153410,0.0,256.64,52.40243,-1.569718,True,-0.04348000000000013,0.09524136356285043,0.07277149090805841,0.011252599699306289,97.10214428100001,-0.03853000000000015,0.05568792109204547,0.01261933701368189,97.189905817,9.85329
153510,0.0,256.64,52.40243,-1.569718,True,-0.02964000000000013,0.10401768225739337,0.07946244116340802,0.011192735739137365,97.217757538,-0.027210000000000144,0.0581993403933458,0.011864555055495383,97.33959888749999,9.85908
153610,0.0,256.64,52.40243,-1.569718,True,-0.019150000000000132,0.11055191088343025,0.07528092867595695,0.010942927700551367,97.333902573,-0.02895000000000015,0.05927956833699563,0.01287236488668618,97.37483478200001,9.86496
153710,0.0,256.64,52.40243,-1.569718,True,-0.025400000000000134,0.1154784251132848,0.07492538510695523,0.011181775847509186,97.377361742,-0.042190000000000144,0.04841431032703839,0.013246903201981127,97.33871232050001,9.867099999999999
153812,0.0,256.64,52.40243,-1.569718,True,-0.020180000000000132,0.11722760198282896,0.07075486320217879,0.010534915492649757,97.295655418,-0.04207000000000015,0.04852250451535634,0.012985894056346611,97.32789751,9.862979999999999
153910,0.0,256.64,52.40243,-1.569718,True,-0.01174000000000013,0.11787856463317647,0.0648973248899362,0.008957454995300256,97.42247744699999,-0.03384000000000015,0.044038246004006916,0.011682869700662565,97.2903927005,9.86945
154010,0.0,256.64,52.40243,-1.569718,True,-0.005760000000000131,0.1130416953555939,0.05238777317151043,0.008384270987559448,97.589085351,-0.03826000000000015,0.03782944767121822,0.011725665107806786,97.3317560385,9.87801
154110,0.0,256.64,52.40243,-1.569718,True,0.010699999999999868,0.11728661001524011,0.05957152656990992,0.008617688527000079,97.67494926699999,-0.03348000000000015,0.03744420441727617,0.012026433848374448,97.399997578,9.88227
154210,0.0,256.64,52.40243,-1.569718,True,0.01076999999999987,0.11735516889615387,0.059429813880489124,0.007177967833241967,97.62119792,-0.03641000000000015,0.040138605689099244,0.012094829014380632,97.35068042099999,9.87955
154310,0.0,256.64,52.40243,-1.569718,True,0.011849999999999871,0.11793749050511805,0.056381664672150646,0.007669101062311384,97.66134068000001,-0.022220000000000146,0.04629165511549178,0.010924508633668732,97.39186631300001,9.88159
154410,0.0,256.64,52.40243,-1.569718,True,0.040619999999999865,0.07994779963604393,0.05858902438058959,0.007567591719779657,97.756537832,-0.018440000000000147,0.04439560038260132,0.010841689085213402,97.42934105650001,9.886660000000001
154510,0.0,256.64,52.40243,-1.569718,True,0.03167999999999987,0.07886573400392778,0.052642493398421746,0.00751771980749109,97.641477983,-0.012820000000000146,0.054364220259677534,0.01194954206460521,97.42961776050001,9.88091
154610,0.0,256.64,52.40243,-1.569718,True,0.04065999999999988,0.09030003322246542,0.055777052231607206,0.008861082200871952,97.586280774,-0.002570000000000146,0.05208427039155388,0.01056255966444125,97.4600916735,9.877979999999999
154710,0.0,256.64,52.40243,-1.569718,True,0.04782999999999987,0.07674665465007847,0.056028830872871194,0.008816902957989817,97.56929635600001,0.004929999999999854,0.04779928056174575,0.009257885527627772,97.473329049,9.87719
154809,0.0,256.64,52.40243,-1.569718,True,0.057419999999999874,0.08129431851120167,0.0717242404404407,0.008809060991296825,97.78839648600001,-0.0026400000000001457,0.05456888002025459,0.00927790685196671,97.54202595199999,9.8881
154910,0.0,256.64,52.40243,-1.569718,True,0.06782999999999988,0.08461629800970645,0.07931469038710837,0.008846725696458958,97.656203386,0.0035499999999998545,0.05593750977651995,0.009215090281006663,97.53934041650001,9.881269999999999
155010,0.0,256.64,52.40243,-1.569718,True,0.05208999999999987,0.11920586721196327,0.07970164155623422,0.009183929199878774,97.648463942,0.014879999999999855,0.06451492161592819,0.011218615481936568,97.6187746465,9.88065
155110,0.0,256.64,52.40243,-1.569718,True,0.048559999999999874,0.11776505990025969,0.0818914871446256,0.00940886107132494,97.67618290100002,0.013129999999999854,0.065634087518931,0.010707427328644945,97.675566084,9.88207
155210,0.0,256.64,52.40243,-1.569718,True,0.05290999999999988,0.12122398415046333,0.08247073824550423,0.010597463008430274,97.637336879,0.02885999999999985,0.05888401405398021,0.010671087625416808,97.62926739950001,9.88004
155310,0.0,256.64,52.40243,-1.569718,True,0.020969999999999874,0.153016876701669,0.09764989844725382,0.008226812532036136,97.434361251,0.025879999999999855,0.05796419967913536,0.011536035328886802,97.5478509655,9.86936
155410,0.0,256.64,52.40243,-1.569718,True,-0.006960000000000124,0.17104985108304996,0.09776518125979006,0.008036610672661263,97.161526794,0.032339999999999855,0.055599064740319344,0.01249984888790406,97.459032313,9.855279999999999
155510,0.0,256.64,52.40243,-1.569718,True,0.008559999999999875,0.17863439509537138,0.09814066378918476,0.007410840407698442,97.176028619,0.03350999999999985,0.05708100384539694,0.012928542927199357,97.408753301,9.855889999999999
155610,0.0,256.64,52.40243,-1.569718,True,0.005649999999999876,0.17578172860422445,0.09792131988990846,0.007542980548057761,97.184303393,0.025329999999999853,0.06275709875737308,0.013784778239396011,97.38529208349999,9.85636
155710,0.0,256.64,52.40243,-1.569718,True,0.006849999999999875,0.17530891623385628,0.09915474382154056,0.006603408210372986,97.08446997799999,0.029709999999999855,0.06332681457678628,0.01364755167291486,97.32688316699999,9.85129
155810,0.0,256.64,52.40243,-1.569718,True,-0.006690000000000125,0.16950428673694434,0.08647803125061503,0.006658494991240661,96.92338564999999,0.04027999999999986,0.0509891666053616,0.01434981997557974,97.35589106799999,9.843309999999999
155909,0.0,256.64,52.40243,-1.569718,True,-0.010120000000000125,0.166561345388886,0.087052012549868,0.007040517657225968,96.91024065799999,0.03456999999999985,0.05384269371664911,0.01503869084130783,97.28322202199999,9.84268
156009,0.0,256.64,52.40243,-1.569718,True,0.007429999999999876,0.1504183724740961,0.08856627211105382,0.00782789882361946,96.82296984999999,0.03198999999999985,0.05050651113138671,0.013820500071286724,97.235716896,9.83847
156110,0.0,256.64,52.40243,-1.569718,True,-0.012290000000000124,0.15329976045491242,0.07010796119069818,0.00798335073022047,96.577573559,0.035099999999999854,0.04694682571210393,0.012844579487878802,97.12687823,9.826080000000001
156210,0.0,256.64,52.40243,-1.569718,True,-0.014490000000000124,0.150720561525774,0.07048300346801319,0.007006195670305075,96.59387581099999,0.020829999999999856,0.05436941644383066,0.012586946501055669,97.115606345,9.82694
156310,0.0,256.64,52.40243,-1.569718,True,0.014239999999999881,0.12734098755345544,0.05626757898237728,0.006586821859975245,96.844427172,0.020299999999999853,0.05430997452891663,0.012607334725750095,97.13939421149999,9.84006
156410,0.0,256.64,52.40243,-1.569718,True,0.03478999999999988,0.09711466819052676,0.055418592949818234,0.0070969868405576925,97.034174577,0.01516999999999985,0.054381819878812264,0.012154669884378397,97.09785068549999,9.84996
156510,0.0,256.64,52.40243,-1.569718,True,0.02393999999999988,0.0877659032754522,0.05177191430886505,0.006595149732403929,96.9556032,-0.0001000000000001472,0.04804941900444726,0.01215183570944428,97.0658159095,9.8461
156610,0.0,256.64,52.40243,-1.569718,True,0.00795999999999988,0.07628230026232471,0.0533019709879901,0.006648675723910486,96.915540431,0.004119999999999853,0.045046588229402856,0.011045164854581385,97.049921912,9.84417
156712,0.0,256.64,52.40243,-1.569718,True,-0.00481000000000012,0.09536505824101073,0.054378554801646724,0.009453987988236202,96.89453420800001,-0.007800000000000147,0.045327965368442545,0.011168054640028275,96.989502093,9.84295
156810,0.0,256.64,52.40243,-1.569718,True,0.01035999999999988,0.10733522979680858,0.053323195912433195,0.009870517266280179,96.88606973099999,-0.014190000000000147,0.044242801046528876,0.011429596084940189,96.9047276905,9.84241
156909,0.0,256.64,52.40243,-1.569718,True,0.0038099999999998803,0.10287848765509884,0.047386730445508944,0.009741412171956124,97.099081943,-0.009510000000000147,0.04659555176669474,0.011324825237719174,97.00466130049999,9.8533
157010,0.0,256.64,52.40243,-1.569718,True,-0.006410000000000119,0.11283817764086479,0.04453388348068014,0.010567749681278313,97.145545262,-0.02179000000000015,0.03473446735190458,0.012439292584315864,96.984257556,9.85557
157110,0.0,256.64,52.40243,-1.569718,True,0.015429999999999883,0.10927431384659826,0.05270503244033877,0.010178850622384985,97.28120766500001,-0.03679000000000015,0.05260053759757481,0.012650555543286274,96.92939061199999,9.862440000000001
157210,0.0,256.64,52.40243,-1.569718,True,-0.0030100000000001194,0.10198294465241749,0.05824263806680844,0.010186068917537757,97.443930661,-0.034590000000000155,0.05164333774391094,0.01249650617832368,97.018903236,9.87074
157310,0.0,256.64,52.40243,-1.569718,True,-0.01246000000000012,0.10175773189285411,0.060450623561559405,0.010955647959616639,97.392752971,-0.03624000000000015,0.049815954606246965,0.01279420007479053,97.1185900715,9.868129999999999
157410,0.0,256.64,52.40243,-1.569718,True,-0.01206000000000012,0.10172697883157744,0.06736034854161417,0.010896589680239207,97.536870311,-0.039540000000000144,0.0488654888443606,0.012626444911744751,97.28552244400001,9.87539
157510,0.0,256.64,52.40243,-1.569718,True,-0.021790000000000122,0.10011205333125543,0.06801914763165233,0.011076702276677985,97.598421179,-0.039770000000000146,0.048924001153699805,0.012363786726583248,97.2770121895,9.878499999999999
157610,0.0,256.64,52.40243,-1.569718,True,-0.02268000000000012,0.10004402142157284,0.06640347129549799,0.011172530798224488,97.62413642300001,-0.04385000000000015,0.04754142637974337,0.012400040322443092,97.269838427,9.87981
157710,0.0,256.64,52.40243,-1.569718,True,-0.004230000000000121,0.08400601896412103,0.06005448359691028,0.007681608627360857,97.86701653399999,-0.03910000000000015,0.04785401411235004,0.011867645090674703,97.380775371,9.89229
157810,0.0,256.64,52.40243,-1.569718,True,-0.02214000000000012,0.06405043498837559,0.058364890512500205,0.005097112471624562,97.80075588999998,-0.04109000000000015,0.04812838040073998,0.01174204695378459,97.3434128105,9.88906
157910,0.0,256.64,52.40243,-1.569718,True,-0.039180000000000124,0.06857307213622561,0.07445343362041781,0.005861446540606684,97.53941653,-0.04573000000000015,0.042154083761554086,0.011861614092824943,97.3192492365,9.87566
158010,0.0,256.64,52.40243,-1.569718,True,-0.01450000000000012,0.06985672639195303,0.07594442119868125,0.006533545914360346,97.83930018999999,-0.04232000000000015,0.043860987474298355,0.009651626230180175,97.492422726,9.89088
158110,0.0,256.64,52.40243,-1.569718,True,-0.025630000000000125,0.05788843772464501,0.07351255448396904,0.006361210576048555,97.70653924000001,-0.028960000000000145,0.021888921601741898,0.01011252798366638,97.4938734525,9.88423
158210,0.0,256.64,52.40243,-1.569718,True,-0.031950000000000124,0.06379880267058352,0.08314242465715312,0.006230962115253193,97.31038785999999,-0.02990000000000015,0.02284021794015703,0.01092054129704366,97.3771592605,9.86405
158310,0.0,256.64,52.40243,-1.569718,True,-0.010230000000000123,0.08821287446966128,0.08422075555799031,0.007605327079937614,97.571979044,-0.03864000000000015,0.023891709394183305,0.010420391334003236,97.48236600749999,9.877170000000001
158410,0.0,256.64,52.40243,-1.569718,True,-0.005090000000000123,0.08924658038876977,0.0793793675969539,0.007390872749062447,97.449901181,-0.03557000000000014,0.025394271007420637,0.010042487518228237,97.493385746,9.87102
158510,0.0,256.64,52.40243,-1.569718,True,-0.009070000000000123,0.09233083089256447,0.08096819746105707,0.008482766843793682,97.25041217,-0.03457000000000015,0.024866802948654492,0.011037053753324286,97.42441667450001,9.86087
158610,0.0,256.64,52.40243,-1.569718,True,-0.0023100000000001236,0.09391895383183814,0.08057970588238889,0.01064750361944821,97.456943778,-0.03351000000000015,0.02447726609639804,0.010619798072907255,97.5405401005,9.871329999999999
158710,0.0,256.64,52.40243,-1.569718,True,-0.0021300000000001235,0.09394007605312518,0.08570641425550664,0.010331741812575316,97.562773054,-0.03700000000000015,0.024012635562657283,0.010098300186906708,97.714894794,9.876650000000001
158810,0.0,256.64,52.40243,-1.569718,True,-0.004750000000000124,0.09511526632915941,0.08986284363828717,0.010432193760638041,97.32931703099999,-0.03394000000000015,0.023260323872744952,0.012086121517325035,97.56503646050001,9.86478
158909,0.0,256.64,52.40243,-1.569718,True,0.011399999999999877,0.08425582736180688,0.08045303737158745,0.010797227009929047,97.682673331,-0.03714000000000015,0.02244505389707878,0.012036153870660454,97.6110449305,9.88283
159010,0.0,256.64,52.40243,-1.569718,True,0.02569999999999988,0.10933023369580012,0.07920461266087066,0.010461230010193107,97.664663936,-0.02928000000000015,0.04046655134522946,0.011842128187036983,97.75198206299999,9.88168
159110,0.0,256.64,52.40243,-1.569718,True,0.044509999999999876,0.11762644685604684,0.07982607552313557,0.011064778955142579,97.611450674,-0.03279000000000015,0.04085166799258138,0.012055998967705936,97.65899495699999,9.878829999999999
159210,0.0,256.64,52.40243,-1.569718,True,0.04231999999999987,0.12101106285506183,0.06865451429749546,0.011323157195840778,97.74687002300001,-0.028500000000000154,0.04057007654798577,0.01285666277756372,97.52862894149999,9.885729999999999
159310,0.0,256.64,52.40243,-1.569718,True,0.013659999999999875,0.12281080480868105,0.06678019417031617,0.010318640090930802,97.69561437899999,-0.02009000000000015,0.03716705380962002,0.013387892540085648,97.6337967115,9.88321
159410,0.0,256.64,52.40243,-1.569718,True,0.025759999999999873,0.1307524480330863,0.07126385713266492,0.010191914005913735,97.819270906,-0.016040000000000148,0.04035002960206081,0.01428979433793349,97.6345860435,9.889320000000001
159510,0.0,256.64,52.40243,-1.569718,True,0.03868999999999988,0.12423067656572738,0.07485737624222093,0.009621440178265495,97.770628512,-0.00555000000000015,0.046080033034305905,0.013134691131097288,97.51052034099999,9.88687
159610,0.0,256.64,52.40243,-1.569718,True,0.025599999999999873,0.12992975880144045,0.07623407228968763,0.008973968525905464,97.818147176,-0.0014200000000001503,0.044790792704632765,0.012985958228383701,97.63754547699999,9.88924
159710,0.0,256.64,52.40243,-1.569718,True,0.03538999999999987,0.13217540912649417,0.07882616598906679,0.00900187634721838,97.858405405,0.004699999999999849,0.04150651889895579,0.014952963288570164,97.71058922949999,9.8912
159810,0.0,256.64,52.40243,-1.569718,True,0.032899999999999874,0.13427895508141288,0.0837689872346194,0.009015301806345626,97.80032268699999,0.014129999999999848,0.0445115478150012,0.014232002279619847,97.564819859,9.88821
159910,0.0,256.64,52.40243,-1.569718,True,0.03592999999999987,0.13454283126358976,0.08313653361978789,0.008644998553662762,97.675948324,0.01745999999999985,0.04055841329350956,0.01408270807284175,97.6793108275,9.881910000000001
160010,0.0,256.64,52.40243,-1.569718,True,0.017149999999999874,0.1139968542450009,0.0792147124387818,0.00862624548131699,97.533657351,0.01644999999999985,0.03917931001602222,0.014039721428005332,97.5991606435,9.87502
160110,0.0,256.64,52.40243,-1.569718,False,-0.007760000000000125,0.10250255498159934,0.08039824210407637,0.008198102761109846,97.483959468,0.02464999999999985,0.030808665808293643,0.014417385338479862,97.547705071,9.872620000000001
160210,0.0,256.64,52.40243,-1.569718,False,0.014139999999999875,0.09583072112370485,0.08185216755484095,0.009816969434693954,97.45350496799999,0.02731999999999985,0.0283792099177159,0.013785322307052726,97.60018749550001,9.871120000000001
160310,0.0,256.64,52.40243,-1.569718,False,0.029109999999999876,0.08299975167285785,0.0835777083523212,0.008548944053932599,97.49736172499999,0.03044999999999985,0.027172831611298846,0.01329452686042867,97.59648805200001,9.8734
160410,0.0,256.64,52.40243,-1.569718,False,0.008829999999999878,0.07296432994568362,0.0789678563304482,0.009748025440715007,97.205038926,0.03694999999999985,0.03389078045720125,0.011867621684341825,97.512154916,9.85873
160510,0.0,256.64,52.40243,-1.569718,False,0.009919999999999879,0.07354422403470606,0.07837083924864788,0.0098756096854571,97.21589619199999,0.026979999999999848,0.03959365268993962,0.012106752018715033,97.493262352,9.85928
160610,0.0,256.64,52.40243,-1.569718,False,0.012099999999999878,0.07075059481477758,0.07557886241891684,0.009286908347749373,97.1584134,0.037119999999999855,0.04568424965636276,0.012461335758541473,97.488280288,9.8564
160710,0.0,256.64,52.40243,-1.569718,False,0.0012999999999998779,0.06250157331335549,0.05903749185507619,0.009548176090725134,96.903312207,0.04147999999999985,0.04503274857748139,0.010603123229522345,97.38085880599999,9.843610000000002
160810,0.0,256.64,52.40243,-1.569718,False,0.01879999999999988,0.06182908341172276,0.05338080075254056,0.009919341375623685,96.981387359,0.037659999999999846,0.04405799713002538,0.01091737147843808,97.390855023,9.84759
160910,0.0,256.64,52.40243,-1.569718,False,-0.0007300000000001194,0.07645014424795825,0.05448335627698182,0.009861040061978075,97.02747731,0.04083999999999985,0.04103941736642939,0.010310884216765613,97.35171281699999,9.84985
161010,0.0,256.64,52.40243,-1.569718,False,-0.002430000000000121,0.07525283383353783,0.05925868431512709,0.009890742023256016,97.11450608999999,0.03292999999999985,0.04424143482702359,0.009567677066177446,97.3240817205,9.85425
161110,0.0,256.64,52.40243,-1.569718,False,0.028109999999999878,0.10035739966063763,0.058451184762099206,0.009708850486571665,97.18540441799999,0.03810999999999985,0.04674392295616133,0.009634405937886975,97.33468194299999,9.85761
161210,0.0,256.64,52.40243,-1.569718,False,0.0069899999999998765,0.10880554979707972,0.058536715924316834,0.00846393656728651,97.18488238699999,0.03590999999999985,0.048434364522153925,0.010867326155775051,97.31919367750001,9.85754
161310,0.0,256.64,52.40243,-1.569718,False,-0.0038500000000001216,0.11189119963399088,0.058443035894257686,0.008630952052129668,97.184268479,0.021269999999999845,0.06724613247861598,0.011010419307707957,97.340815102,9.857479999999999
161410,0.0,256.64,52.40243,-1.569718,False,0.005949999999999877,0.11191552617924877,0.05717842347602862,0.008457797191122593,97.223793474,0.012689999999999846,0.06212928187791098,0.010749139500360683,97.21441619999999,9.85949
161510,0.0,256.64,52.40243,-1.569718,False,-0.0034700000000001223,0.11176953520516245,0.06897440829824665,0.008332699975501122,97.09773713,0.019289999999999845,0.059747755885318186,0.011828538934777467,97.156816661,9.85303
161610,0.0,256.64,52.40243,-1.569718,False,-0.0005200000000001225,0.11045517743501339,0.06960496150965001,0.00855398542548994,97.11035049,0.008999999999999847,0.05148242418533005,0.012941475100466344,97.134381945,9.85368
161710,0.0,256.64,52.40243,-1.569718,False,-0.025990000000000117,0.13690516141548537,0.07017723277597505,0.01088717900374072,97.03305089699998,0.0024199999999998463,0.04909971260380293,0.012841343820228621,96.968181552,9.849419999999999
161809,0.0,256.64,52.40243,-1.569718,False,-0.019810000000000116,0.1441944400992406,0.06936409654123502,0.011590244940060722,97.259403798,-0.009970000000000154,0.05627841603234224,0.012329030780974363,97.1203955785,9.86083
161910,0.0,256.64,52.40243,-1.569718,False,-0.007220000000000118,0.13837905107983575,0.0692836039613318,0.011995906708982231,97.25303856999999,-0.0054700000000001536,0.06047693867177297,0.013354936665201645,97.14025794,9.860600000000002
162010,0.0,256.64,52.40243,-1.569718,False,-0.026620000000000123,0.14478562543744183,0.06644050304248031,0.01219537252829695,97.01531855399999,-0.008740000000000154,0.062103895029024234,0.01537018759367892,97.06491232199998,9.84844
162110,0.0,256.64,52.40243,-1.569718,False,-0.032320000000000126,0.13427927613737656,0.06947985239608719,0.012433663981016656,97.117217883,-0.030070000000000152,0.0643694553167579,0.01540476477509449,97.15131115049999,9.85371
162210,0.0,256.64,52.40243,-1.569718,False,-0.01868000000000012,0.13061764216376887,0.06717552547107458,0.012585481052632227,97.322798603,-0.02956000000000016,0.06459324354070962,0.014268909480965647,97.25384049499999,9.86423
162310,0.0,256.64,52.40243,-1.569718,False,-0.01641000000000012,0.1296095371147087,0.06361654571714954,0.013656988442777662,97.062413539,-0.02212000000000015,0.05806101771219723,0.014236354090004594,97.12334100899999,9.85106
162410,0.0,256.64,52.40243,-1.569718,False,-0.00753000000000012,0.1374903152144026,0.06873618164227309,0.015129514936542006,97.26379867099999,-0.027440000000000152,0.05734599085084307,0.014837250419070655,97.24379607249999,9.86116
162510,0.0,256.64,52.40243,-1.569718,False,-0.0062900000000001175,0.13717740703183604,0.05613357185304341,0.015227241670168458,97.75616858999999,-0.034860000000000155,0.053899870129698095,0.013738595270194581,97.42695286,9.88617
162610,0.0,256.64,52.40243,-1.569718,False,0.00018999999999988194,0.13736885018073808,0.057708401083792035,0.014281627669201892,97.580640649,-0.03935000000000015,0.05224974747412124,0.013595706021403827,97.3454955695,9.877279999999999
162710,0.0,256.64,52.40243,-1.569718,False,0.02004999999999988,0.107233631229409,0.054422422871488865,0.013067810323826042,97.674653586,-0.04053000000000015,0.05166329128757668,0.014080782806458579,97.3538522415,9.88237
162811,0.0,256.64,52.40243,-1.569718,False,-0.003860000000000123,0.09964284219138891,0.05969880791739889,0.011897824263917027,97.78094487499999,-0.045030000000000146,0.05829490257874185,0.014900264725403524,97.52017433649999,9.887809999999998
162910,0.0,256.64,52.40243,-1.569718,False,0.009269999999999877,0.10720978448288673,0.059704416364495985,0.012158197965595422,97.811497551,-0.051520000000000156,0.04743338721007143,0.014505799606379427,97.5322680605,9.88928
163010,0.0,256.64,52.40243,-1.569718,False,0.014089999999999875,0.09977994064707457,0.06551219479424085,0.01202700664678117,97.743842716,-0.044170000000000154,0.052917651959315276,0.013496155831214912,97.379580635,9.88589
163110,0.0,256.64,52.40243,-1.569718,False,-0.02547000000000012,0.10766644014413779,0.06484319205319551,0.012774279714138581,97.679067303,-0.03159000000000015,0.043871515689422054,0.014116357729732175,97.398142593,9.88252
163210,0.0,256.64,52.40243,-1.569718,False,-0.00511000000000012,0.13180990057225184,0.08068330475853185,0.01254999335960631,97.953722838,-0.03480000000000015,0.04260573774607371,0.015064380357444802,97.63826072049999,9.89607
163310,0.0,256.64,52.40243,-1.569718,False,0.0006799999999998788,0.1304837137559076,0.08503061474866594,0.013442073252521794,97.891499315,-0.027530000000000155,0.0480272850691086,0.014540858143650569,97.476956427,9.89291
163410,0.0,256.64,52.40243,-1.569718,False,-0.022210000000000125,0.12338782985178666,0.08812271998678851,0.012943466820221008,97.620567415,-0.027830000000000153,0.04815357492207705,0.013524960464037217,97.442183043,9.87924
163510,0.0,256.64,52.40243,-1.569718,False,-0.013160000000000125,0.1258916394716776,0.09209656104137412,0.013000188032552328,97.68212155500001,-0.018410000000000155,0.053354525997732764,0.014581148407690802,97.7191450725,9.88231
163610,0.0,256.64,52.40243,-1.569718,False,-0.004690000000000125,0.1320414619225518,0.09011285270322963,0.013126313690596398,97.801103101,-0.011670000000000152,0.054292316829040864,0.014461385364648912,97.690871875,9.88828
163710,0.0,256.64,52.40243,-1.569718,False,0.015509999999999876,0.13834838833731944,0.09370754742568208,0.012724451526863282,97.67336469300001,-0.004470000000000153,0.05736876908793619,0.01383738896365742,97.6740091395,9.881699999999999
163810,0.0,256.64,52.40243,-1.569718,False,0.012819999999999877,0.14069446644721695,0.08959991877527995,0.013048116083410676,97.538657635,0.013599999999999845,0.03444448028669431,0.012692451825063103,97.65980125499999,9.87489
163909,0.0,256.64,52.40243,-1.569718,False,0.010179999999999878,0.13865102315598096,0.0905528452223892,0.012380791573757557,97.585840454,0.009139999999999846,0.03912839832594496,0.013443561036107471,97.6986690025,9.8773
164010,0.0,256.64,52.40243,-1.569718,False,0.04104999999999988,0.14373672885592115,0.08360076023101067,0.012386820953180834,97.750470595,0.010629999999999848,0.03997249193019327,0.01413751510455592,97.74715665549999,9.88554
164110,0.0,256.64,52.40243,-1.569718,False,0.046609999999999874,0.13310904844433455,0.09041870811878525,0.01020982097968756,97.54801432000001,0.018029999999999845,0.0432087452567754,0.014157542159506833,97.6135408115,9.875350000000001
164210,0.0,256.64,52.40243,-1.569718,False,0.020939999999999882,0.12141550514191801,0.07597105004234973,0.010155463772633327,97.35804040000001,0.017059999999999846,0.044590836128793464,0.013077036701298303,97.655881619,9.866060000000001
164310,0.0,256.64,52.40243,-1.569718,False,0.03908999999999988,0.13106971385055838,0.06909235365382772,0.008647472334191227,97.550736239,0.018999999999999843,0.045890158712570496,0.013226001327284277,97.721117777,9.8757
164410,0.0,256.64,52.40243,-1.569718,False,0.042059999999999875,0.1281280800170957,0.06863932789170929,0.006055383279322156,97.55774055600001,0.03125999999999984,0.042425835944077527,0.013856105753958483,97.5891539855,9.87608
164510,0.0,256.64,52.40243,-1.569718,False,0.024259999999999875,0.13758981066917075,0.057360745385705465,0.006273480337769697,97.4240649,0.020029999999999843,0.05112120781913442,0.01256922608765785,97.5530932275,9.86932
164610,0.0,256.64,52.40243,-1.569718,False,0.02851999999999988,0.14141073980893962,0.058173232677001266,0.0059810905725688965,97.457510303,0.020179999999999844,0.05114091208501399,0.01173842692463008,97.62930670200001,9.87095
164709,0.0,256.64,52.40243,-1.569718,False,0.008329999999999876,0.1373834378663532,0.06285110182083295,0.00586064084413461,97.39231205600001,0.011079999999999845,0.05340973277927732,0.01180032485420971,97.5328383745,9.86771
164810,0.0,256.64,52.40243,-1.569718,False,0.006879999999999875,0.13882598059753445,0.06547958884757969,0.005057931065118814,97.463617805,0.003269999999999845,0.054011563576684817,0.011883415146908216,97.50113772,9.87129
164910,0.0,256.64,52.40243,-1.569718,False,0.0007099999999998733,0.13578251769314484,0.06365915226233657,0.006628691842918973,97.403783202,0.010739999999999845,0.05159802321793205,0.011514536705997678,97.494811828,9.868310000000001
165010,0.0,256.64,52.40243,-1.569718,False,-0.011820000000000126,0.12013626337520143,0.06699624284725622,0.00677036844504883,97.293767961,0.0015699999999998465,0.05438690712538207,0.01090920100946352,97.52211927799999,9.862890000000002
165110,0.0,256.64,52.40243,-1.569718,False,-0.002220000000000126,0.10979290404099817,0.05983416341191362,0.0076406515133449855,97.475593584,-0.010160000000000155,0.05108890290462583,0.01134920946823037,97.511803952,9.87226
165210,0.0,256.64,52.40243,-1.569718,False,-0.008780000000000126,0.11432651874725697,0.05488484510604979,0.00886266200250269,97.34619355999999,-0.0027800000000001543,0.05105197351717439,0.013918173571046272,97.35211697999999,9.865680000000001
165310,0.0,256.64,52.40243,-1.569718,False,-0.00586000000000012,0.1199523905554951,0.0585894425461643,0.00988848937983209,97.46159861099999,-0.014310000000000152,0.0495505903092818,0.01408733079355718,97.506167425,9.87145
165410,0.0,256.64,52.40243,-1.569718,False,-0.0017800000000001235,0.11858863351931356,0.06866631148843091,0.010646021687494756,97.342428899,-0.024450000000000156,0.038294886516761474,0.013661283492588893,97.4500847275,9.86537
165510,0.0,256.64,52.40243,-1.569718,False,-0.017290000000000125,0.14325792939070173,0.06627226669902694,0.010264637244959539,97.10039014699998,-0.023550000000000158,0.037380453894136155,0.015304338527881302,97.2622275235,9.8528
165610,0.0,256.64,52.40243,-1.569718,False,-0.021190000000000125,0.13833228473490172,0.06407100314914925,0.010818014810364998,97.025545704,-0.035770000000000156,0.03899467342540361,0.015933472802680818,97.2415280035,9.849070000000001
165710,0.0,256.64,52.40243,-1.569718,False,0.013199999999999875,0.16789178392967682,0.05846881029977538,0.01194971408275114,97.19537745,-0.025360000000000153,0.0496930399776521,0.015020045864643426,97.293844753,9.857319999999998
165810,0.0,256.64,52.40243,-1.569718,False,0.020079999999999876,0.16301552618617654,0.05597541523923934,0.01245295145709774,96.916513482,-0.025730000000000152,0.04979143277488695,0.014203368145087322,97.19006564349999,9.843239999999998
165910,0.0,256.64,52.40243,-1.569718,False,0.013389999999999878,0.16375642107845,0.05872388876092184,0.012507371159686836,96.96483214899999,-0.03490000000000016,0.04695529789063554,0.013923856426148361,97.1843076755,9.845679999999998
166009,0.0,256.64,52.40243,-1.569718,False,0.029739999999999878,0.17818441882243635,0.05704556171346492,0.012388417529358693,97.10315896499999,-0.022670000000000155,0.056355992484270846,0.014002475971468354,97.198463463,9.85245
166110,0.0,256.64,52.40243,-1.569718,False,0.02855999999999988,0.1789593883165814,0.06179063305572696,0.01244997099476986,96.91044108099999,-0.021200000000000156,0.05576410633690687,0.01366058401217791,97.19301733249999,9.84263
166210,0.0,256.64,52.40243,-1.569718,False,0.02495999999999988,0.18234182917434205,0.06641735382400271,0.012216878124297696,97.00856087999999,-0.03173000000000016,0.05491524884359418,0.010791689189082947,97.17737722,9.84754
166310,0.0,256.64,52.40243,-1.569718,False,0.02040999999999988,0.17770920972814117,0.05977195923847135,0.011954376232323595,96.83915617699999,-0.015590000000000154,0.0677935829477037,0.010140836038205588,97.150377394,9.83906
166410,0.0,256.64,52.40243,-1.569718,False,0.03051999999999988,0.17807451498984125,0.050764812836410676,0.011529016532864101,97.12285841999999,-0.015310000000000157,0.067750661333373,0.012159148361916701,97.23264365949998,9.85348
166510,0.0,256.64,52.40243,-1.569718,False,0.04796999999999988,0.15141849329289192,0.048782133570076,0.012165269325855757,97.26459587199999,-0.005410000000000156,0.06867948828514514,0.010964695871467148,97.1824930095,9.861009999999998
166610,0.0,256.64,52.40243,-1.569718,False,0.04987999999999988,0.15256240107641425,0.053315193791092105,0.012781188433420668,97.38743252699999,0.010559999999999844,0.06385283775124755,0.010942907393395752,97.20648911549999,9.86719
166710,0.0,256.64,52.40243,-1.569718,False,0.02334999999999988,0.12794345322133716,0.05361254931951391,0.011221883382903865,97.359964436,0.0076099999999998435,0.061836189511738124,0.01307049688753656,97.277670943,9.866209999999999
166810,0.0,256.64,52.40243,-1.569718,False,0.02371999999999988,0.1276984190278035,0.049561101459415446,0.011192676176537375,97.417571231,0.012159999999999843,0.0596357871676845,0.013887388363323407,97.16704235649999,9.869150000000001
166910,0.0,256.64,52.40243,-1.569718,False,0.04266999999999989,0.13232297230631726,0.0524397008221327,0.011168606796311209,97.466566341,0.021899999999999843,0.053710334201140825,0.014199311407341535,97.215699245,9.871500000000001
167010,0.0,256.64,52.40243,-1.569718,False,0.02865999999999988,0.11557097098022337,0.0617685725563372,0.01085060674153754,97.670002561,0.014609999999999845,0.051650759916948445,0.014063443548528896,97.386580763,9.88199
167111,0.0,256.64,52.40243,-1.569718,False,0.03422999999999988,0.11087587704766737,0.06794463841232097,0.011213429448337002,97.612019536,0.022439999999999842,0.04918755940274163,0.013706624513488705,97.2612303085,9.879050000000001
167209,0.0,256.64,52.40243,-1.569718,False,0.03219999999999988,0.11462410062645102,0.06766254831542479,0.011579272669230367,97.423222746,0.02764999999999984,0.03951658582865915,0.015448915819506982,97.215891813,9.86946
167310,0.0,256.64,52.40243,-1.569718,False,0.009969999999999878,0.1073547085340117,0.07575033626682061,0.010915106758451037,97.69387146599999,0.025039999999999847,0.034693970017191586,0.015632018423678142,97.2665138215,9.883230000000001
167410,0.0,256.64,52.40243,-1.569718,False,0.009909999999999879,0.10731026097764029,0.07656533956245475,0.010537578258232877,97.755259046,0.029499999999999842,0.03037257534901444,0.014092693142129131,97.439058733,9.886330000000001
167510,0.0,256.64,52.40243,-1.569718,False,-0.002890000000000123,0.1275939692931373,0.08686471537897467,0.012574953059048358,97.511600646,0.022409999999999843,0.03438806155886102,0.014088486236734529,97.38809825899999,9.873709999999999
167610,0.0,256.64,52.40243,-1.569718,False,-0.01527000000000012,0.11777435157480962,0.08669905869079718,0.01200827955081843,97.504891786,0.012079999999999846,0.03585699373899396,0.015184381595661363,97.4461621565,9.873470000000001
167710,0.0,256.64,52.40243,-1.569718,False,-0.00821000000000012,0.12222863321560869,0.09238106407750321,0.011452728932129029,97.771787966,0.007549999999999844,0.035781815679638056,0.015033743527234307,97.565876201,9.88689
167810,0.0,256.64,52.40243,-1.569718,False,-0.00694000000000012,0.1218021729416654,0.09675606440989641,0.012026734108899238,97.688399288,0.004099999999999845,0.037546149380883215,0.015107260947357346,97.5529852595,9.88264
167909,0.0,256.64,52.40243,-1.569718,False,-0.03589000000000012,0.11270383459896628,0.09892757227208446,0.011973693387011389,97.38849223000001,-0.0003200000000001554,0.03611810257103221,0.014707277110268046,97.4275292855,9.86747
168010,0.0,256.64,52.40243,-1.569718,False,-0.05629000000000012,0.1036761351516233,0.09269770703195562,0.013662942581773085,97.246880925,0.002549999999999845,0.0368553101857406,0.01491770387449433,97.45844174300001,9.860339999999999
168110,0.0,256.64,52.40243,-1.569718,False,-0.04135000000000012,0.11817988407498872,0.08884657249740388,0.013499666662285728,97.70159589,-0.0008500000000001553,0.03413604318667755,0.015205028407967641,97.656807713,9.883329999999999
168210,0.0,256.64,52.40243,-1.569718,False,-0.013970000000000116,0.11824679511738799,0.09618075575638925,0.015214324390504288,97.562406589,-0.004240000000000155,0.03804016006506877,0.01450737743350652,97.49281466750001,9.8763
168310,0.0,256.64,52.40243,-1.569718,False,-0.037090000000000116,0.14682978391464807,0.090829672709627,0.015186236458405522,97.20935358400001,-0.022530000000000154,0.03964377630849895,0.014142406678669691,97.451612525,9.85805
168410,0.0,256.64,52.40243,-1.569718,False,-0.03157000000000012,0.15269156310818974,0.1021320501447005,0.015438624002932961,97.400305472,-0.018840000000000155,0.045457408637078034,0.013852075656673799,97.577782259,9.86757
168510,0.0,256.64,52.40243,-1.569718,False,0.009879999999999884,0.1496741557145623,0.09483164556250219,0.013380171896983557,97.69393857700001,-0.023310000000000154,0.04834570990961835,0.014278281876036365,97.60276961150001,9.88259
168610,0.0,256.64,52.40243,-1.569718,False,0.002529999999999883,0.15110532051806447,0.09769610705358843,0.013648202974651,97.423543713,-0.016410000000000154,0.05073816118069607,0.01291579997085367,97.4642177495,9.86886
168710,0.0,256.64,52.40243,-1.569718,False,0.0031199999999998824,0.15150317048380466,0.09533392540657454,0.013920791803531627,97.38416826,-0.012730000000000153,0.052377434708707864,0.01291579997085367,97.577978113,9.86688
168810,0.0,256.64,52.40243,-1.569718,False,0.0021999999999998835,0.15180891497749652,0.09529158526499172,0.013744008795493635,97.38502891600001,-0.0026800000000001545,0.058358295611377654,0.012631002423419803,97.53671410199999,9.866919999999999
168910,0.0,256.64,52.40243,-1.569718,False,5.999999999988237e-05,0.15406068212803636,0.09310070115551414,0.013660177320857624,97.439153317,-0.002160000000000155,0.05831392439011501,0.01307941979678138,97.4138227735,9.86965
169010,0.0,256.64,52.40243,-1.569718,False,0.01764999999999988,0.15073850241756195,0.10115167049800344,0.011850250817483634,97.623425427,0.000669999999999845,0.06036962168359589,0.014508679394624165,97.435153176,9.87894
169110,0.0,256.64,52.40243,-1.569718,False,0.01596999999999988,0.1495251153187628,0.0956643443393131,0.012644318003380152,97.391630778,0.002269999999999845,0.06083692318173634,0.014839601671742801,97.546613334,9.867270000000001
169210,0.0,256.64,52.40243,-1.569718,False,0.005949999999999882,0.14587379057855426,0.09077285448416679,0.013342147086646668,97.481011999,0.009569999999999846,0.05722029651558605,0.014063727971013185,97.521709294,9.8719
169310,0.0,256.64,52.40243,-1.569718,False,0.026649999999999886,0.10961187334297348,0.0892316984041645,0.013529083897438768,97.74654492300002,0.030489999999999844,0.04679291138146654,0.014549093137007748,97.4779492535,9.88574
169410,0.0,256.64,52.40243,-1.569718,False,0.020819999999999887,0.10455993284013622,0.0771205585797208,0.013498559593672904,97.46707385900001,0.026859999999999846,0.045810750800299255,0.015459441559498476,97.4336896655,9.87175
169510,0.0,256.64,52.40243,-1.569718,False,0.020029999999999888,0.10318992252681143,0.08081812296813959,0.013687074194028006,97.22027915000001,0.03340999999999984,0.033280773562029915,0.015089175664045974,97.4571088635,9.85923
169609,0.0,256.64,52.40243,-1.569718,False,0.02095999999999989,0.10245887196540224,0.07710414385811415,0.013693047708541186,97.40312226500001,0.039699999999999847,0.03817046560421625,0.014745259125050373,97.413332989,9.86853
169710,0.0,256.64,52.40243,-1.569718,False,0.008009999999999885,0.09984646491255313,0.07364392484624649,0.01354820611305116,97.343783678,0.03771999999999985,0.03953566041490465,0.013582897743461251,97.36397596900001,9.865590000000001
169809,0.0,256.64,52.40243,-1.569718,False,0.003929999999999885,0.10313708299572469,0.07308799035016808,0.013335666462266794,97.352549966,0.024769999999999848,0.047411345337006625,0.013303654468620064,97.368789441,9.86601
169910,0.0,256.64,52.40243,-1.569718,False,0.002689999999999887,0.10530394579491362,0.07665009676071172,0.011983989318787974,97.28378672900001,0.031539999999999846,0.04763216000419139,0.013774715161337818,97.36147002300001,9.862480000000001
170010,0.0,256.64,52.40243,-1.569718,False,-0.008930000000000115,0.10333359193505391,0.07206373413771384,0.011038598944589367,97.23356925700001,0.023939999999999843,0.04997497596017887,0.0128336536755859,97.428497342,9.85998
170110,0.0,256.64,52.40243,-1.569718,False,0.005009999999999887,0.1272059087550588,0.07690563915231494,0.011439798948968571,97.41470379300002,0.030229999999999847,0.053977280199876715,0.012518892389699663,97.4031672855,9.86888
170210,0.0,256.64,52.40243,-1.569718,False,-0.005020000000000115,0.13073535439530862,0.08257793961588139,0.008773064838441133,97.323000187,0.03548999999999984,0.0550005343408225,0.01357452270486448,97.402006093,9.86415
170310,0.0,256.64,52.40243,-1.569718,False,-0.012530000000000114,0.1376000327034045,0.081519119094056,0.008746942322481922,97.302539004,0.020009999999999844,0.056191625512846816,0.013060134421564179,97.52454196350001,9.86303
170410,0.0,256.64,52.40243,-1.569718,False,-0.007030000000000114,0.14263228596631983,0.08567147911309796,0.009141243532811011,97.44719450800001,0.020139999999999846,0.0561977302823444,0.012631723732043014,97.4571341835,9.870270000000001
170510,0.0,256.64,52.40243,-1.569718,False,-0.018550000000000115,0.13007284497533658,0.0858910653747163,0.010198169770085974,97.440689907,0.023319999999999844,0.05549990590581024,0.01291433742432514,97.3304845285,9.870079999999998
170610,0.0,256.64,52.40243,-1.569718,False,-0.029490000000000117,0.1371933627321513,0.08697957359239741,0.010542111320980263,97.327454587,0.007999999999999844,0.05527247657437582,0.013077057942926535,97.365288426,9.86422
170710,0.0,256.64,52.40243,-1.569718,False,-0.049980000000000115,0.15208601221377602,0.0839422155750563,0.010842221994158137,97.13885616600001,0.002699999999999845,0.05809314360001185,0.014628241331159992,97.24131992199999,9.8544
170810,0.0,256.64,52.40243,-1.569718,False,-0.021950000000000115,0.16915233272599167,0.08169058153302568,0.012970946165845824,97.411636689,0.006869999999999843,0.054705596910477015,0.014033851930179869,97.3820933275,9.868100000000002
170910,0.0,256.64,52.40243,-1.569718,False,-0.006350000000000114,0.16132155776578047,0.0860178825082561,0.012680523122469882,97.34736017399999,2.999999999984482e-05,0.05100296396614223,0.013132339217806818,97.3155734515,9.864949999999999
171009,0.0,256.64,52.40243,-1.569718,False,-0.029240000000000117,0.18233327361357976,0.07963782183586414,0.012748141476463835,97.00461943999998,-0.0026300000000001552,0.05303696928661539,0.013571931820177532,97.1190943485,9.84724
171110,0.0,256.64,52.40243,-1.569718,False,-0.04600000000000012,0.1607034052048126,0.07553587889271177,0.011872114853889273,96.930301941,-0.015600000000000155,0.0432934688428028,0.014452927423512705,97.172502867,9.84377
171210,0.0,256.64,52.40243,-1.569718,False,-0.013360000000000122,0.18225059792610404,0.06913906758671627,0.012186075842422385,97.106524782,-0.013210000000000156,0.048776757898710325,0.013754094339843877,97.2147624845,9.85252
171310,0.0,256.64,52.40243,-1.569718,False,-0.004660000000000118,0.17663787941555037,0.06544212370981123,0.013387145575494948,96.85086588200001,-0.008880000000000155,0.046679564884176676,0.014311491109454398,97.076702443,9.839659999999999
171410,0.0,256.64,52.40243,-1.569718,False,-0.029710000000000118,0.1726479812926358,0.05998486475849479,0.012918995488708512,96.783351881,-0.013370000000000154,0.0454036721471153,0.013461752403605986,97.1152731945,9.836279999999999
171510,0.0,256.64,52.40243,-1.569718,False,-0.01529000000000012,0.18673603740747166,0.058451698008648086,0.013104469127131313,97.00026739,-0.009160000000000154,0.05111434240991742,0.013320164329916942,97.2204786485,9.847109999999999
171610,0.0,256.64,52.40243,-1.569718,False,0.008849999999999882,0.1819224819653212,0.05877429615897683,0.012363943994694215,96.98594497,-0.005140000000000156,0.04814896329792515,0.01571660127234157,97.1566997785,9.84647
171710,0.0,256.64,52.40243,-1.569718,False,0.024029999999999878,0.1646618356240735,0.05930176032692238,0.012276938633676036,97.06463214200001,0.002659999999999845,0.046675646755007745,0.013988550873974387,97.10174415399999,9.85071
171809,0.0,256.64,52.40243,-1.569718,False,0.019059999999999883,0.1596971661892193,0.05876503212024985,0.011551546312725744,97.054243219,0.007799999999999844,0.04726777149623706,0.01318420351103686,97.23293995399999,9.850269999999998
171910,0.0,256.64,52.40243,-1.569718,False,0.03189999999999989,0.16217224039746722,0.04741232962102897,0.011588423341783028,97.345527499,0.009749999999999846,0.04708291150251661,0.01473689625088426,97.3464438365,9.86503
172010,0.0,256.64,52.40243,-1.569718,False,0.051769999999999886,0.12935218977651092,0.04509686365152374,0.011508108252375032,97.36818084900001,0.015989999999999845,0.04209627721727661,0.015152297222181421,97.1864001445,9.866539999999999
172110,0.0,256.64,52.40243,-1.569718,False,0.04849999999999989,0.1290339748540869,0.04642172025252872,0.01166340906870459,97.38979304099999,0.026439999999999842,0.039133083474477866,0.014864756977435438,97.160047491,9.867650000000001
172210,0.0,256.64,52.40243,-1.569718,False,0.04300999999999988,0.12112385259165549,0.06020101881827751,0.0119753635989128,97.68488886499999,0.024459999999999846,0.03577007439495277,0.015050286080647297,97.39570682349999,9.882639999999999
172311,0.0,256.64,52.40243,-1.569718,False,0.04996999999999988,0.1158108616091131,0.06038673143518618,0.011591112495430222,97.682051393,0.03155999999999985,0.03516732068899574,0.015334115921999698,97.2664586375,9.88252
172410,0.0,256.64,52.40243,-1.569718,False,0.04566999999999989,0.12327355353026229,0.05994275139278129,0.011723485450323217,97.57155729799999,0.036319999999999845,0.029981431290391033,0.0160870168492895,97.1774545895,9.87687
172510,0.0,256.64,52.40243,-1.569718,False,0.025389999999999885,0.10959702398626048,0.06558357602735827,0.011661565551157192,97.71095658599998,0.03226999999999985,0.027775730813435755,0.016999620910753382,97.35561198799999,9.88411
172610,0.0,256.64,52.40243,-1.569718,False,0.03468999999999989,0.1187263562426011,0.06387218573997672,0.01139465761728047,97.97509846199999,0.041849999999999846,0.024010102040562184,0.01502904225522453,97.480521716,9.89735
172710,0.0,256.64,52.40243,-1.569718,False,0.015399999999999886,0.15148498275399516,0.0868994821623929,0.014454142043547395,97.659871268,0.03655999999999985,0.031609428972985514,0.015172650834035125,97.362251705,9.8809
172810,0.0,256.64,52.40243,-1.569718,False,-0.025670000000000116,0.16797367551686357,0.09141717806045728,0.013835578130856922,97.40428785499999,0.038739999999999844,0.03229548300026546,0.01669443020885152,97.229265537,9.86766
172910,0.0,256.64,52.40243,-1.569718,False,-0.040760000000000116,0.1602745020269219,0.09377928935113415,0.013717612360819665,97.487500088,0.03819999999999985,0.03278722651003643,0.015546378642214488,97.4165137935,9.87192
173010,0.0,256.64,52.40243,-1.569718,False,-0.03200000000000012,0.16055846287249342,0.09468728414032421,0.014519033484573214,97.46459204,0.03385999999999985,0.03893639257384904,0.016044715294672666,97.41638644449999,9.87078
173110,0.0,256.64,52.40243,-1.569718,False,-0.05359000000000012,0.16352741156549572,0.09356610794325516,0.01496238246008015,97.28972014,0.02767999999999985,0.03868338144472674,0.01549837267437356,97.3397565905,9.86179
173210,0.0,256.64,52.40243,-1.569718,False,-0.08291000000000012,0.14172358425227186,0.08632333532895911,0.016560072463392975,97.179490081,0.015709999999999846,0.04158149828948262,0.015433689700651343,97.432189473,9.85636
173310,0.0,256.64,52.40243,-1.569718,False,-0.07708000000000012,0.1466230298720716,0.0861688110634751,0.016754488618925818,97.43150194,0.004179999999999846,0.043624809455151355,0.016188023693747316,97.55677666649999,9.86912
173409,0.0,256.64,52.40243,-1.569718,False,-0.04260000000000012,0.1643254494389445,0.08949773181535543,0.018008874355394323,97.30854453999999,-0.001380000000000153,0.044103660719799216,0.01623981390145124,97.440050919,9.862820000000001
173510,0.0,256.64,52.40243,-1.569718,False,-0.06370000000000012,0.17097491044003388,0.08276842460265404,0.01723802321721578,97.067109587,-0.009210000000000152,0.045205418800041794,0.014972200164838557,97.3890330865,9.85041
173613,0.0,256.64,52.40243,-1.569718,False,-0.06708000000000011,0.1659389499517479,0.08951041466459143,0.01773561702067159,97.153772927,-0.014220000000000154,0.036716293688504466,0.014818921838064294,97.5644356945,9.85481
173710,0.0,256.64,52.40243,-1.569718,False,-0.038470000000000115,0.14939072595036748,0.07482134944938008,0.01588953534015893,97.39238429,-0.004700000000000154,0.04543581553501169,0.015738350188786672,97.526127779,9.867410000000001
173810,0.0,256.64,52.40243,-1.569718,False,-0.014620000000000114,0.1258178206772712,0.07220687948206318,0.016167969019485633,97.429539215,-0.008580000000000153,0.04096087021642938,0.01538014954407839,97.416913535,9.86967
173910,0.0,256.64,52.40243,-1.569718,False,-0.019600000000000114,0.12761212063636931,0.06959912276014574,0.01633805713981736,97.36860372699999,-0.007140000000000153,0.04189397198747296,0.015971185860041596,97.4280519075,9.86657
174010,0.0,256.64,52.40243,-1.569718,False,-0.014980000000000115,0.12970640179514903,0.0666951938971738,0.015788395879166108,97.43429521,-0.0008000000000001533,0.0426059202980374,0.014758579425706284,97.449443625,9.8699
174110,0.0,256.64,52.40243,-1.569718,False,-0.018460000000000115,0.13472142616022373,0.06578351363950502,0.015230977206321696,97.566217682,-0.0052600000000001534,0.04464714001041263,0.014753398855043265,97.42796891100001,9.876520000000001
174209,0.0,256.64,52.40243,-1.569718,False,-0.005240000000000115,0.1308777478751332,0.06425580907663041,0.011164348017662654,97.533401977,-0.00023000000000015304,0.04220110714712014,0.015549565910282314,97.356446029,9.874929999999999
174310,0.0,256.64,52.40243,-1.569718,False,-0.012810000000000116,0.12897609123821788,0.06745161969955438,0.011192105352213386,97.252831898,0.016129999999999846,0.04984389074342703,0.013510884500957537,97.342166919,9.860710000000001
174410,0.0,256.64,52.40243,-1.569718,False,-0.016360000000000118,0.12330891830403548,0.06312102660835667,0.0098090717645306,97.385489018,0.022899999999999848,0.04745261964432888,0.01174568005686411,97.347016779,9.867519999999999
174510,0.0,256.64,52.40243,-1.569718,False,-0.0016400000000001164,0.1056503478459871,0.06262740702922255,0.011082323261920884,97.40264704699999,0.026829999999999844,0.04205552018196908,0.012869986618243694,97.23487831700001,9.86859
174610,0.0,256.64,52.40243,-1.569718,False,-0.029430000000000116,0.09957640338498361,0.0447532792105081,0.010624965359083059,97.139319125,0.032869999999999844,0.04602516340725896,0.012938491239467295,97.146546026,9.85534
174710,0.0,256.64,52.40243,-1.569718,False,-0.022150000000000114,0.10513902172298736,0.04939973121928438,0.008987206956653285,97.31448550399999,0.027159999999999844,0.044134345406300915,0.01242542196906515,97.353434897,9.864169999999998
174810,0.0,256.64,52.40243,-1.569718,False,-0.015930000000000118,0.10647412883460977,0.04454662476406486,0.00820349518962268,97.455201335,0.02606999999999985,0.044496867555148804,0.012325871616617055,97.442370275,9.87132
174910,0.0,256.64,52.40243,-1.569718,False,-0.016190000000000114,0.106659389855851,0.04310927330096677,0.008940544352899362,97.34716951,0.02727999999999985,0.04458364922004488,0.011161421653693902,97.35788661849999,9.86585
175010,0.0,256.64,52.40243,-1.569718,False,-0.015810000000000116,0.10696061009123443,0.04528656901803948,0.010563674654922271,97.53789250700001,0.029709999999999848,0.04552184945469598,0.011436782764318533,97.4860938585,9.875499999999999
175110,0.0,256.64,52.40243,-1.569718,False,0.012559999999999885,0.08674062485351476,0.04649514192165062,0.009431766653975588,97.56716458,0.033549999999999844,0.03995842978783491,0.012671490309544526,97.566691131,9.87716
175210,0.0,256.64,52.40243,-1.569718,False,0.008149999999999885,0.08746659362281207,0.046887820025669866,0.009632750847069226,97.354976696,0.04350999999999984,0.043833458808418456,0.011587488463299721,97.4441893365,9.86641
175310,0.0,256.64,52.40243,-1.569718,False,0.009119999999999885,0.08720392193002652,0.04146640005384193,0.009526273609429597,97.657062555,0.030889999999999845,0.04092164463945975,0.011414907406953705,97.45494722650001,9.881730000000001
175409,0.0,256.64,52.40243,-1.569718,False,0.011399999999999884,0.09145887964897036,0.050070795436528606,0.009154816582515157,97.885914423,0.031169999999999847,0.04098446995846112,0.011854375657133421,97.63570172050001,9.893229999999999
175510,0.0,256.64,52.40243,-1.569718,False,0.008369999999999881,0.09450165254275443,0.05675800873574603,0.009408985067095423,97.792648059,0.03662999999999984,0.03832240568878726,0.010314951392053975,97.597647553,9.88846
175610,0.0,256.64,52.40243,-1.569718,False,0.007269999999999885,0.09639196658539739,0.056463317492982265,0.009782575211599448,97.902124659,0.034529999999999846,0.035802887841290085,0.011845580516631114,97.520721892,9.89398
175710,0.0,256.64,52.40243,-1.569718,False,0.00039999999999988466,0.09293959806706172,0.05962850176143189,0.009467142006466325,97.97029270800002,0.035229999999999845,0.035443070157936955,0.011772043153089981,97.642389106,9.89744
175809,0.0,256.64,52.40243,-1.569718,False,-0.0004900000000001157,0.09264018146679284,0.06290306828836878,0.009644249869656918,97.885504399,0.04044999999999985,0.03480901064696372,0.011685836631409444,97.67035286699999,9.893139999999999
175910,0.0,256.64,52.40243,-1.569718,False,-0.001680000000000116,0.09392389117424496,0.061186341977072664,0.009448838846566202,97.97736067,0.034439999999999846,0.040467797897400924,0.012402531103609121,97.66226508999999,9.89778
176010,0.0,256.64,52.40243,-1.569718,False,-0.015130000000000116,0.0934045448571855,0.060600627976961224,0.00865335516134531,97.95110868,0.03010999999999985,0.040184448346183815,0.012815598134842175,97.74450059349999,9.89645
176111,0.0,256.64,52.40243,-1.569718,False,-0.022820000000000118,0.08787817071871039,0.06550589456158785,0.00865011881700948,97.750260678,0.03204999999999985,0.038749114685204256,0.011867022466500874,97.658712629,9.8863
176210,0.0,256.64,52.40243,-1.569718,False,-0.03626000000000011,0.09788805624555721,0.06396036620076513,0.008473068445475598,97.780627286,0.015809999999999845,0.03972861968682614,0.011351500145521252,97.56780199100001,9.88772
176310,0.0,256.64,52.40243,-1.569718,False,-0.04203000000000012,0.09772451131158899,0.06448640597557792,0.0083529701965191,97.792778896,0.025599999999999845,0.042671171637150083,0.012377313476158771,97.72492072550001,9.88831
176410,0.0,256.64,52.40243,-1.569718,False,-0.05899000000000012,0.06611542852365501,0.056742576607801604,0.008078228628270102,97.58124453299999,0.022599999999999846,0.042546001248301345,0.012369029423810973,97.733579478,9.877799999999999
176510,0.0,256.64,52.40243,-1.569718,False,-0.059970000000000113,0.0666847983674763,0.049863097021105494,0.006728083761661789,97.72345667300002,0.017499999999999846,0.04277844732518702,0.012628891039481739,97.75805236599999,9.88502
176611,0.0,256.64,52.40243,-1.569718,False,-0.047400000000000116,0.06036025182168919,0.05231770998303844,0.004375246024008908,97.773611735,0.017349999999999848,0.04259523317094453,0.010484252741791844,97.837868197,9.887649999999999
176709,0.0,256.64,52.40243,-1.569718,False,-0.05671000000000011,0.05722756620118486,0.05482936763859594,0.004603090748320332,97.423400367,0.01647999999999985,0.04258081988666339,0.01055346178056138,97.6968465375,9.86988
176809,0.0,256.64,52.40243,-1.569718,False,-0.07154000000000012,0.05317539531253357,0.05327909325307792,0.004793467776689503,97.52939766,0.004299999999999847,0.046000024154564154,0.010602625460935641,97.70745102949999,9.87518
176910,0.0,256.64,52.40243,-1.569718,False,-0.04925000000000011,0.08065497504790216,0.06348240788756296,0.005015309893332639,97.702398102,0.015139999999999848,0.050963695138995464,0.009536479667186308,97.839879386,9.88385
177010,0.0,256.64,52.40243,-1.569718,False,-0.04104000000000012,0.08220040821728863,0.06448748026713014,0.004000611063539471,97.5366135,0.014739999999999847,0.05099804353544058,0.008299236912605068,97.74386109,9.87548
177110,0.0,256.64,52.40243,-1.569718,False,-0.05132000000000011,0.08275712523858886,0.06068255195031752,0.004030660270358669,97.684021813,0.008029999999999848,0.05526861777816928,0.008922854550621494,97.7171412455,9.882909999999999
177210,0.0,256.64,52.40243,-1.569718,False,-0.02688000000000011,0.0835084267203689,0.06268468269470123,0.004253377741871543,97.948278581,0.013649999999999848,0.050282584791671,0.00893221386010537,97.8644529335,9.89635
177310,0.0,256.64,52.40243,-1.569718,False,-0.02196000000000011,0.08242254545922448,0.06758292108450302,0.004583799975462132,97.65929486900001,0.009539999999999849,0.04565036692074069,0.006715165258030428,97.7260368825,9.881730000000001
177410,0.0,256.64,52.40243,-1.569718,False,-0.02164000000000011,0.08253247441650627,0.06968084704232527,0.004704383298057784,97.79260978800001,0.008619999999999847,0.04571704763480142,0.008253187936144747,97.6869271605,9.88846
177510,0.0,256.64,52.40243,-1.569718,False,-0.0034600000000001114,0.08359036627094894,0.07084546876502043,0.00485391022138513,97.917093216,0.007379999999999848,0.046357494899224146,0.008025071823727917,97.8202749445,9.89476
177610,0.0,256.64,52.40243,-1.569718,False,-0.01253000000000011,0.09019594780242622,0.07713853626994735,0.006114827152416857,97.596806069,0.009979999999999847,0.0504127364859145,0.008002673164386494,97.685208902,9.87846
177711,0.0,256.64,52.40243,-1.569718,False,0.009779999999999888,0.09863059926356159,0.07010320091029662,0.0064415405329213615,97.74844478899999,0.009689999999999848,0.05040049492700587,0.007996117113143308,97.58592257800001,9.886109999999999
177810,0.0,256.64,52.40243,-1.569718,False,0.0069799999999998865,0.10316568981756336,0.08495423343112718,0.00931760579605108,97.45434343,0.018649999999999847,0.04383573504191426,0.007906010371749749,97.49187054500001,9.871080000000001
177909,0.0,256.64,52.40243,-1.569718,False,-0.01093000000000011,0.09561226153341193,0.07677446334762236,0.009841838129668868,97.305440481,0.011639999999999848,0.037370077156261255,0.008756432556088435,97.50391929150001,9.86366
178010,0.0,256.64,52.40243,-1.569718,False,0.0026599999999998903,0.1077571879529791,0.07619936497317417,0.010667416639965031,97.420936983,0.008879999999999848,0.03858614604576264,0.010682405055791096,97.47877524150002,9.869409999999998
178110,0.0,256.64,52.40243,-1.569718,False,0.00563999999999989,0.10492846452057135,0.08598905873607429,0.010638238157887612,97.13052503,0.023419999999999847,0.04020596417888509,0.009978916663445529,97.40727342150001,9.85464
178210,0.0,256.64,52.40243,-1.569718,False,-0.01333000000000011,0.10604840666192748,0.0781360217120327,0.010914154927002052,96.97979386200001,0.03147999999999985,0.04230084842855994,0.00988269531377345,97.4640362215,9.84703
178310,0.0,256.64,52.40243,-1.569718,False,-0.0020900000000001113,0.11151437824573847,0.0800956296497025,0.010532304801764456,97.248205206,0.032079999999999845,0.04247260031804034,0.010461362774960285,97.4537500375,9.86059
178410,0.0,256.64,52.40243,-1.569718,False,-0.006050000000000111,0.11192515604426737,0.08020115612969088,0.010284297631370171,96.90745814600001,0.03417999999999984,0.04129546114416609,0.009795667976678551,97.350033967,9.84329
178510,0.0,256.64,52.40243,-1.569718,False,-0.02231000000000011,0.10938136597336927,0.07354204844158412,0.009978315377387434,96.686716875,0.03967999999999985,0.03674920407298929,0.009948199166928703,97.3019050455,9.83212
178610,0.0,256.64,52.40243,-1.569718,False,-0.0011200000000001111,0.11095536439878412,0.07510125313413031,0.009667471230514634,96.95120913000001,0.030879999999999845,0.033892339350727795,0.01002773930423849,97.27400759950001,9.84556
178710,0.0,256.64,52.40243,-1.569718,False,-0.013520000000000112,0.09948203411214056,0.07818495521721117,0.00962051627129028,96.78017669900001,0.02764999999999985,0.03742643896140217,0.010332951605765998,97.26431074400001,9.83695
178810,0.0,256.64,52.40243,-1.569718,False,-0.006680000000000111,0.09082397872307263,0.07016356762819834,0.007183538279639639,96.93749955800001,0.029879999999999844,0.038101262737873245,0.01015616397390667,97.195921494,9.84508
178910,0.0,256.64,52.40243,-1.569718,False,0.0035999999999998893,0.09071575876807185,0.06985852051814048,0.006557472412238733,96.93150481400001,0.03349999999999985,0.03812342528621709,0.011478487124394083,97.1184726475,9.84478
179010,0.0,256.64,52.40243,-1.569718,False,-0.006930000000000111,0.07755873831404766,0.06949559858233746,0.004398800340692257,96.74962273100002,0.028649999999999842,0.047435669888555444,0.009679393920327963,97.085279857,9.835640000000001
179110,0.0,256.64,52.40243,-1.569718,False,-0.01045000000000011,0.08152723130600263,0.06089844460780666,0.004995286666620669,96.93640750400002,0.023629999999999846,0.04226722002790252,0.009800481847473603,97.03346626700001,9.84515
179210,0.0,256.64,52.40243,-1.569718,False,0.01781999999999989,0.09350268920660577,0.06794564494329865,0.006283037127725954,97.05414794000001,0.015309999999999846,0.03853043385859521,0.010393913817357686,97.01697090100001,9.85098
179310,0.0,256.64,52.40243,-1.569718,False,0.003269999999999891,0.09126184611070316,0.06512317303972448,0.007169697033235217,96.746613338,0.012679999999999848,0.037096504776931716,0.010664609176481937,96.997409272,9.83541
179410,0.0,256.64,52.40243,-1.569718,False,-0.0015900000000001093,0.09471365559164967,0.06368537247093559,0.0064211542743534515,96.772393271,0.014369999999999846,0.03796829232689391,0.009930200848276038,96.8399257085,9.836699999999999
179510,0.0,256.64,52.40243,-1.569718,False,0.01652999999999989,0.09539778765184809,0.07483460355332337,0.006482806319072247,97.05038563400001,0.011799999999999847,0.03724963832782552,0.010106680958564667,96.8685512545,9.85073
179610,0.0,256.64,52.40243,-1.569718,False,0.011349999999999891,0.09159591511986132,0.07243572553255925,0.007030062430064441,96.838198694,0.008369999999999846,0.03978606819252789,0.010922601440153189,96.894703912,9.840010000000001
179710,0.0,256.64,52.40243,-1.569718,False,0.0054299999999998915,0.09299916427330776,0.07068768869773667,0.007070132797239647,96.876487161,0.014369999999999846,0.03921731618669408,0.010010666533386234,96.82833193,9.84196
179810,0.0,256.64,52.40243,-1.569718,False,0.03465999999999989,0.10660352506148145,0.07344631372706284,0.00747648907453996,97.07444439700001,0.017539999999999844,0.04348435734067571,0.010159664255082074,97.0059719775,9.851809999999999
179910,0.0,256.64,52.40243,-1.569718,False,0.022539999999999887,0.11156626531140051,0.07303664529296565,0.00719790864638573,96.84093049999998,0.015439999999999848,0.04223161532941382,0.011668195137894756,96.886217657,9.83994
180010,0.0,256.64,52.40243,-1.569718,False,0.0034799999999998916,0.12380481771266819,0.07774011477055061,0.007258129541229618,97.128248425,0.013279999999999847,0.0471842911712318,0.010250550120651587,96.938935578,9.854389999999999
180109,0.0,256.64,52.40243,-1.569718,False,0.019969999999999894,0.11831464688129235,0.07797696597275258,0.007695027253835397,97.22722399,0.011219999999999846,0.04620143816903476,0.010307516135670181,97.08181574700001,9.859449999999999
180210,0.0,256.64,52.40243,-1.569718,False,0.0009099999999998923,0.10450263633027682,0.07603890816976777,0.006936345499015718,96.872123833,0.013819999999999846,0.04586758235518154,0.0111811547802736,96.9631358865,9.8416
180310,0.0,256.64,52.40243,-1.569718,False,-0.0032400000000001074,0.10750346971134496,0.08003696368334517,0.006131747982929662,97.22788927799999,0.003689999999999846,0.0548123353918566,0.011900812297131115,96.987251308,9.8596
180410,0.0,256.64,52.40243,-1.569718,False,0.011399999999999893,0.10539775456168334,0.07553285451512994,0.006152325666277766,97.475397865,0.004699999999999847,0.055630407352638404,0.012230853517886319,97.12389556800001,9.87219
180510,0.0,256.64,52.40243,-1.569718,False,0.0026999999999998935,0.10063558018900726,0.07665633916009498,0.005581318043611308,97.058778865,0.0028299999999998465,0.05575781061378496,0.012525924228414911,97.0545822495,9.85111
180609,0.0,256.64,52.40243,-1.569718,False,-0.009440000000000106,0.10163986750603664,0.08158831343386108,0.005464237264405497,97.35688549,-0.0014100000000001535,0.06019535696379141,0.01230530147711373,97.097542092,9.86618
180709,0.0,256.64,52.40243,-1.569718,False,0.0011299999999998928,0.10348406264831468,0.07976593606074926,0.006544081294790546,97.637077014,-0.006860000000000153,0.05867884722035182,0.012267101441497518,97.2567820875,9.880370000000001
180810,0.0,256.64,52.40243,-1.569718,False,-0.021740000000000106,0.07365953509959886,0.08577197418532859,0.006186445756970432,97.34874901399999,-0.017220000000000152,0.04972977645902866,0.012435437712815906,97.2115967055,9.86594
180910,0.0,256.64,52.40243,-1.569718,False,-0.019400000000000105,0.07223635588184839,0.08689806608308713,0.006251622011174769,97.708290011,-0.025930000000000154,0.04834333344823457,0.010087836459948124,97.2746102555,9.88415
181010,0.0,256.64,52.40243,-1.569718,False,0.008789999999999892,0.07046058709173157,0.08452949781048152,0.005956742211192668,97.58072370900001,-0.013170000000000154,0.04674800173980653,0.011513663380638651,97.35448606700001,9.87774
181110,0.0,256.64,52.40243,-1.569718,False,0.003449999999999892,0.06831601813126588,0.0919271909966664,0.005489798619413644,97.33832959700001,-0.019590000000000156,0.045779700741685685,0.013253863168416351,97.2827767935,9.86542
181209,0.0,256.64,52.40243,-1.569718,False,0.0022699999999998928,0.06871710202772827,0.0891721331662817,0.005664156306061299,97.709611869,-0.027030000000000155,0.0446257287522005,0.013041255052008892,97.290867851,9.88424
181310,0.0,256.64,52.40243,-1.569718,False,0.029349999999999894,0.0803028054026375,0.08733684725807764,0.006067481629651529,97.664687121,-0.01581000000000015,0.04338487831796879,0.012185989222527107,97.4462881995,9.88186
181410,0.0,256.64,52.40243,-1.569718,False,0.015559999999999893,0.08546153390710926,0.10070663445034585,0.005852786610148726,97.302208088,-0.02441000000000015,0.03706347258418056,0.01317670081783214,97.3888029765,9.863380000000001
181514,0.0,256.64,52.40243,-1.569718,False,0.028679999999999893,0.09480654923451272,0.10153440796149554,0.006809348149055684,97.803786904,-0.029830000000000155,0.03849493617489738,0.01346098890202487,97.4312828845,9.88866
181610,0.0,256.64,52.40243,-1.569718,False,0.014259999999999893,0.11950340023047405,0.10391063949419593,0.007316070590263325,97.453295059,-0.026200000000000157,0.03533342767280607,0.012391233460187976,97.4050902745,9.87069
181710,0.0,256.64,52.40243,-1.569718,False,0.015189999999999893,0.11997566836645757,0.10336710415947604,0.007082246975010936,97.188376471,-0.027230000000000153,0.03516899044452651,0.012272444291464695,97.4127267425,9.85726
181810,0.0,256.64,52.40243,-1.569718,False,0.007659999999999892,0.12474666060985955,0.09931099804868586,0.007124917153011336,97.44753939099999,-0.032930000000000154,0.03862267756410136,0.013067181112253601,97.3981442025,9.87039
181910,0.0,256.64,52.40243,-1.569718,False,0.009499999999999894,0.12395453467560122,0.09420910312281036,0.00894005344214364,97.326715386,-0.029020000000000157,0.03776099692655372,0.014232341885781468,97.51750269850001,9.864320000000001
182010,0.0,256.64,52.40243,-1.569718,False,0.004619999999999893,0.11949378226492843,0.09552113262452193,0.009400951488105677,97.194741919,-0.03340000000000015,0.0309297411707115,0.012725547357727629,97.387732814,9.85767
182110,0.0,256.64,52.40243,-1.569718,False,-0.003780000000000106,0.1224197859824059,0.09051489073372218,0.009365474419587008,97.317201815,-0.038120000000000154,0.03566139524905658,0.011732121149429068,97.327765706,9.86389
182210,0.0,256.64,52.40243,-1.569718,False,-0.002740000000000106,0.12227301146741829,0.09143533294741292,0.010499629622755621,97.332701715,-0.035360000000000155,0.0353452558501057,0.012940809694674078,97.521156792,9.86467
182310,0.0,256.64,52.40243,-1.569718,False,-0.011200000000000107,0.11060186857965529,0.09084691396999117,0.012051389961030575,97.31548054800001,-0.048500000000000154,0.03253630450910874,0.013659856026506375,97.4900838345,9.86392
182410,0.0,256.64,52.40243,-1.569718,False,0.008839999999999893,0.11590635300381436,0.07676512518414028,0.012205936624516703,97.537047636,-0.04816000000000016,0.03269302338077829,0.013690775483205806,97.419627862,9.8752
182510,0.0,256.64,52.40243,-1.569718,False,-0.020100000000000107,0.11410855455311035,0.06198549651225977,0.011948877213340819,97.20915201999999,-0.046280000000000154,0.03226986210070219,0.013969335464922749,97.506469462,9.85868
182610,0.0,256.64,52.40243,-1.569718,False,0.018649999999999892,0.10575652593460136,0.05507748178786714,0.012767301985651716,97.39510733,-0.05323000000000015,0.0375345781320891,0.015398012137155621,97.4242011945,9.86823
182710,0.0,256.64,52.40243,-1.569718,False,0.010569999999999892,0.10412334619191027,0.05194107879856289,0.012867599275076042,97.63717039800001,-0.06093000000000015,0.0393636620360358,0.01540607383824072,97.4127734345,9.88053
182810,0.0,256.64,52.40243,-1.569718,False,0.02950999999999989,0.0997170714236617,0.05167345761911165,0.012464153043987252,97.623066349,-0.05705000000000014,0.03932969615949698,0.014998948111206297,97.53530287,9.879819999999999
182910,0.0,256.64,52.40243,-1.569718,False,0.03979999999999989,0.09814475703424878,0.059078061354670676,0.011975326485623368,97.366741958,-0.06367000000000014,0.03775329419031647,0.014014218969730317,97.346728672,9.86678
183010,0.0,256.64,52.40243,-1.569718,False,0.02462999999999989,0.10239191645600658,0.058672007333450356,0.011590590052737064,97.603829935,-0.06744000000000015,0.03278838547749171,0.013277587632230092,97.399285927,9.878800000000002
183110,0.0,256.64,52.40243,-1.569718,False,0.03895999999999989,0.09602932653900026,0.05584019261430625,0.011262938238781562,97.68315013,-0.06488000000000015,0.031869832478702884,0.013952634159835749,97.5001759725,9.88284
183210,0.0,256.64,52.40243,-1.569718,False,0.03149999999999989,0.10319629622972853,0.05416786665423307,0.009722305396100943,97.34525401,-0.06964000000000015,0.028936912221024187,0.013736908919581617,97.3389778625,9.8657
183310,0.0,256.64,52.40243,-1.569718,False,0.005999999999999892,0.11634707655201466,0.05458976705170718,0.00839225171701356,97.353646298,-0.06534000000000015,0.026863118045183713,0.012106017787236243,97.334563423,9.86604
183410,0.0,256.64,52.40243,-1.569718,False,-0.0007500000000001082,0.11041859998297529,0.055136291739286435,0.00815655155848114,97.33824831500002,-0.06712000000000015,0.02501567508580103,0.012468275297213428,97.4376479755,9.86532
183510,0.0,256.64,52.40243,-1.569718,False,0.01583999999999989,0.0983213348610926,0.06373964055335907,0.009079280440991017,97.18527981400001,-0.06855000000000014,0.02395900433839556,0.012478964522498245,97.197215917,9.85762
183610,0.0,256.64,52.40243,-1.569718,False,-0.013860000000000108,0.09056061444616462,0.06571387812228967,0.00821583836214128,97.255514022,-0.06515000000000015,0.019730700837880016,0.010488491046983822,97.325310676,9.86124
183710,0.0,256.64,52.40243,-1.569718,False,-0.017640000000000107,0.0910162891402789,0.06290175849939625,0.00787397965125559,97.05096746299999,-0.06251000000000015,0.015239747008636615,0.010941176048832617,97.3440689305,9.85087
183809,0.0,256.64,52.40243,-1.569718,False,-0.036190000000000104,0.08454391955256839,0.06508996253122439,0.010203817368108778,97.09730296000001,-0.06638000000000015,0.013695725204867915,0.011684277184813276,97.36018465449999,9.85321
183910,0.0,256.64,52.40243,-1.569718,False,-0.03510000000000011,0.08615582781590864,0.06043530609102418,0.01019000054484496,97.201616328,-0.05425000000000015,0.033935797225521036,0.010692073907463342,97.284179143,9.85852
184010,0.0,256.64,52.40243,-1.569718,False,-0.02211000000000011,0.0901916533461454,0.05495102466019327,0.010491986359627326,97.06809675500001,-0.05504000000000016,0.03372576331396311,0.010639569748944663,97.33596334500001,9.85178
184110,0.0,256.64,52.40243,-1.569718,False,-0.034560000000000105,0.08548518000202043,0.055801549162929176,0.01070814850650065,97.10637160799999,-0.05302000000000016,0.033747717618274435,0.011450376024800495,97.39476086900001,9.85372
184210,0.0,256.64,52.40243,-1.569718,False,-0.03611000000000011,0.0866977566029123,0.05871496212951664,0.010846346030578668,97.413661818,-0.05710000000000015,0.03869631047584248,0.01042936026579633,97.379457914,9.86927
184310,0.0,256.64,52.40243,-1.569718,False,-0.014810000000000106,0.07876213768881161,0.05500018282882732,0.0119013584655771,97.26421593,-0.053420000000000155,0.04030695556185078,0.010431943464314811,97.308931114,9.861830000000001
184410,0.0,256.64,52.40243,-1.569718,False,-0.018590000000000103,0.07570042492160325,0.05350163964344848,0.011924093256630876,97.36359754200001,-0.047870000000000155,0.044314282874317226,0.00984333389764044,97.35092292850001,9.86689
184510,0.0,256.64,52.40243,-1.569718,False,-0.034240000000000104,0.08226876280406296,0.04044896510258012,0.01126143862891542,97.654557147,-0.049910000000000156,0.04532623596400884,0.010882304698627492,97.4199184805,9.88159
184611,0.0,256.64,52.40243,-1.569718,False,-0.011070000000000108,0.08630214430180241,0.041084390115992075,0.010680615878701963,97.668988809,-0.04614000000000015,0.0446347697055222,0.011749557911229024,97.46225141549999,9.88234
184709,0.0,256.64,52.40243,-1.569718,False,-0.005760000000000108,0.08564780855975922,0.0349012336630453,0.01058693639420988,97.826754579,-0.04561000000000015,0.044252167555179356,0.011691121987711325,97.43886102100001,9.89035
184810,0.0,256.64,52.40243,-1.569718,False,0.027159999999999896,0.1088878342351557,0.033722270914739165,0.010313076919541484,97.79209553199999,-0.03573000000000015,0.04701153640920361,0.011239197282447258,97.444699246,9.88836
184910,0.0,256.64,52.40243,-1.569718,False,0.028839999999999893,0.10997612064029821,0.0276039952841376,0.009572234151935971,97.90067062300001,-0.048640000000000155,0.042615052113836566,0.012547691243960806,97.55114347550001,9.893849999999999
185010,0.0,256.64,52.40243,-1.569718,False,0.013709999999999892,0.11533700813018623,0.03004604059850154,0.010202663050701897,97.86800012399999,-0.04742000000000015,0.04273036391137265,0.01293635703478954,97.4680484395,9.89217
185110,0.0,256.64,52.40243,-1.569718,False,0.030709999999999894,0.11567878370720507,0.030329965015955276,0.011134610704842002,97.85499320400001,-0.045620000000000153,0.04328468551345077,0.012109706850217922,97.480682406,9.891470000000002
185210,0.0,256.64,52.40243,-1.569718,False,0.03858999999999989,0.10792986869043224,0.050005076409894336,0.011412278961887488,97.45066719600001,-0.03587000000000015,0.03634495379918631,0.01208617208026469,97.432164507,9.870989999999999
185310,0.0,256.64,52.40243,-1.569718,False,0.03491999999999989,0.10799804319204907,0.05399893106024031,0.010389824081151208,97.35565139100001,-0.03303000000000015,0.0386466629290793,0.012293760838480992,97.3099336605,9.86617
185410,0.0,256.64,52.40243,-1.569718,False,0.03676999999999989,0.1078857837405453,0.05830171428853108,0.011426654997735233,97.47502201799999,-0.03629000000000015,0.036431196948624026,0.013188905269977307,97.41930978,9.87219
185510,0.0,256.64,52.40243,-1.569718,False,0.05411999999999989,0.08970037532425292,0.06678499498875277,0.011481985890638521,97.610801538,-0.029760000000000147,0.033651455309432844,0.012825101255757622,97.6326793425,9.8791
185610,0.0,256.64,52.40243,-1.569718,False,0.0583699999999999,0.0933838202734683,0.06926458530786636,0.01131313887053162,97.38806342800001,-0.020670000000000154,0.04266770962264957,0.011653592674383149,97.52852611850001,9.867750000000001
185710,0.0,256.64,52.40243,-1.569718,False,0.03955999999999989,0.11974591804678472,0.06849293232057617,0.011234396586354308,97.291149106,-0.019940000000000152,0.04174244309517416,0.013111758929313683,97.55895184250001,9.862680000000001
185810,0.0,256.64,52.40243,-1.569718,False,0.005809999999999892,0.10447109594939182,0.07000863438878091,0.010677577752444182,97.32854667299999,-0.02008000000000015,0.04159494627420322,0.013836943304003792,97.56032110250001,9.864799999999999
185910,0.0,256.64,52.40243,-1.569718,False,-0.003060000000000108,0.09919902777290303,0.0697010321945254,0.010786411203894007,97.24762873899999,-0.018620000000000154,0.03892133947675699,0.012842935801374017,97.574149681,9.86075
186010,0.0,256.64,52.40243,-1.569718,False,-0.0002900000000001082,0.09685125422224813,0.06987847308072162,0.010042736457180276,97.320999894,-0.015910000000000153,0.038337896829790025,0.013001196526063461,97.594500009,9.86449
186110,0.0,256.64,52.40243,-1.569718,False,-0.008400000000000107,0.0897932687404192,0.0771987651029853,0.008071899128976767,97.499482924,-0.01083000000000015,0.04023020009890932,0.013043214498069782,97.67723806400001,9.87354
186210,0.0,256.64,52.40243,-1.569718,False,-0.009230000000000108,0.09000085246497652,0.06623515011837136,0.006102139879085893,97.64311329099999,-0.012910000000000152,0.0411407732331383,0.01284302231643455,97.5468902435,9.880880000000001
186309,0.0,256.64,52.40243,-1.569718,False,-0.027110000000000113,0.10134488366179288,0.060787664136752954,0.005711431032347709,97.79514322600001,-0.019990000000000153,0.04334747077074416,0.012473883828863898,97.57539730850002,9.888470000000002
186410,0.0,256.64,52.40243,-1.569718,False,-0.02495000000000011,0.10312967295799183,0.06246063738318477,0.005000444423975403,97.829168486,-0.014000000000000151,0.04616472920120414,0.01070399717646501,97.65209525200001,9.890170000000001
186510,0.0,256.64,52.40243,-1.569718,False,-0.03636000000000011,0.1015683152693028,0.054740873415707575,0.004720404878296485,97.578507267,-0.01534000000000015,0.04635237498408206,0.010699018646502837,97.5946544025,9.877510000000001
186610,0.0,256.64,52.40243,-1.569718,False,-0.06630000000000011,0.08339180615210902,0.05441292840741126,0.005654781653466484,97.582869107,-0.024490000000000154,0.03962012535734379,0.011414727329122448,97.48546626750002,9.87773
186710,0.0,256.64,52.40243,-1.569718,False,-0.044310000000000106,0.07910807586235699,0.05989218925222932,0.005671184472943805,97.81125417000001,-0.027490000000000153,0.043914549601071565,0.011910891374349225,97.55120163800001,9.889410000000002
186810,0.0,256.64,52.40243,-1.569718,False,-0.0383600000000001,0.0766190460799404,0.05920116834510257,0.006319247493310833,97.71423792300001,-0.035200000000000155,0.041591184963462945,0.010059539419453855,97.521392298,9.88455
186910,0.0,256.64,52.40243,-1.569718,False,-0.04496000000000011,0.07466457139902417,0.06796453732223663,0.006332113917128546,97.57323900300001,-0.03487000000000016,0.04122178631094225,0.010068769096037704,97.410433871,9.877350000000002
187010,0.0,256.64,52.40243,-1.569718,False,-0.052060000000000106,0.0797321655431478,0.0680472948281242,0.006717340743143385,97.58530998300002,-0.028430000000000157,0.049524899461432285,0.01140192966116762,97.4531549385,9.87789
187110,0.0,256.64,52.40243,-1.569718,False,-0.05061000000000011,0.08146691830280246,0.06465317728794023,0.006549206906484127,97.53384666500001,-0.036990000000000155,0.04653267549676475,0.011797852911930537,97.5166647945,9.8753
187210,0.0,256.64,52.40243,-1.569718,False,-0.05071000000000011,0.08144378361094604,0.07125186625301323,0.007532603208980318,97.43553770900002,-0.04357000000000015,0.05116061962093824,0.011958116722702215,97.53932549999999,9.87028
187310,0.0,256.64,52.40243,-1.569718,False,-0.0443000000000001,0.07386377852341118,0.07432167023661457,0.007939045562111136,97.27522743,-0.03541000000000015,0.054020746014825816,0.012013307436079779,97.535185328,9.862219999999999
187410,0.0,256.64,52.40243,-1.569718,False,-0.05560000000000011,0.06398109095645114,0.07779685512127033,0.009060101789564961,97.32216127400002,-0.04611000000000015,0.04962518289917039,0.012368818321281953,97.57566488,9.86458
187510,0.0,256.64,52.40243,-1.569718,False,-0.04538000000000011,0.0685215100046043,0.07790953514660258,0.011807361168805234,97.38463270100002,-0.04756000000000015,0.049221454220226904,0.013260304169395182,97.481569984,9.86777
187610,0.0,256.64,52.40243,-1.569718,False,-0.04015000000000011,0.061212730157305724,0.07477613701415196,0.013869935511888278,97.51616187500001,-0.04937000000000016,0.04913086945426138,0.013229365484002767,97.54951549100001,9.87452
187710,0.0,256.64,52.40243,-1.569718,False,-0.052080000000000105,0.05508881314124525,0.0702668216323682,0.013825760979399892,97.43705238000001,-0.04885000000000016,0.04862149159006523,0.011866596441664505,97.624153275,9.870519999999999
187810,0.0,256.64,52.40243,-1.569718,False,-0.03490000000000011,0.08008201351656138,0.0711506976625694,0.01386828916763977,97.50900185200001,-0.046940000000000155,0.04858415836919253,0.013615448741876228,97.6116198875,9.87408
187910,0.0,256.64,52.40243,-1.569718,False,-0.02040000000000011,0.0887923044712281,0.07014155924575569,0.01336845374560526,97.522627243,-0.04489000000000015,0.047688164150010356,0.014008493455297179,97.547933123,9.87475
188010,0.0,256.64,52.40243,-1.569718,False,-0.01402000000000011,0.08176914386776273,0.07081541655822281,0.01333775343374955,97.557757503,-0.05965000000000016,0.03514804404228427,0.012896015749852227,97.571533743,9.87659
188110,0.0,256.64,52.40243,-1.569718,False,-0.013220000000000112,0.08242225697238847,0.06701469905163943,0.013339119577541178,97.40374154300001,-0.06026000000000016,0.0352153754298463,0.012983048777300702,97.46879410400001,9.86881
188210,0.0,256.64,52.40243,-1.569718,False,-0.006500000000000112,0.08325689827929669,0.06209237652332952,0.01354090510652592,97.468306559,-0.05595000000000015,0.03171740671756187,0.013503168352418937,97.451922134,9.872110000000001
188310,0.0,256.64,52.40243,-1.569718,False,-0.004790000000000108,0.08131956782404325,0.061034747845274094,0.012524358488496822,97.76288720699999,-0.06761000000000016,0.02126062871440305,0.013416494822849463,97.5190573185,9.88704
188410,0.0,256.64,52.40243,-1.569718,False,0.011739999999999893,0.08719950560499734,0.053142145861442724,0.010692759751529812,97.622144493,-0.05915000000000015,0.03204556651600479,0.013143266125383687,97.4721528835,9.879909999999999
188510,0.0,256.64,52.40243,-1.569718,False,0.015549999999999892,0.08876352166152485,0.06267250061571022,0.009761153164659354,97.40546300399998,-0.06127000000000016,0.03145875783375437,0.012098227601980633,97.39504785250001,9.86887
188610,0.0,256.64,52.40243,-1.569718,False,0.020259999999999893,0.08312773571090876,0.0637208286205748,0.0061520005773684685,97.468247502,-0.06336000000000015,0.031711308883574506,0.011723272201451553,97.4922046885,9.87208
188711,0.0,256.64,52.40243,-1.569718,False,0.03819999999999989,0.07858420819577025,0.06557055233430553,0.005968063150688703,97.50320811,-0.05670000000000015,0.03257009535002103,0.011970148054333322,97.470130245,9.87382
188810,0.0,256.64,52.40243,-1.569718,False,0.030209999999999893,0.07188837720908786,0.07001935367441038,0.007580647875679913,97.26330035199999,-0.05758000000000015,0.03216104614105768,0.010942049371240232,97.38615110200001,9.86171
188910,0.0,256.64,52.40243,-1.569718,False,0.01646999999999989,0.07221468071721521,0.0643866411272416,0.00787524955467343,97.46942352900001,-0.059400000000000154,0.03248698884850363,0.010178348479787453,97.49602538600001,9.872220000000002
189009,0.0,256.64,52.40243,-1.569718,False,0.03115999999999989,0.0675032213221504,0.06933207450846908,0.008163121679136184,97.570255949,-0.05169000000000016,0.032406461975601736,0.010126093905153729,97.564006726,9.87729
189110,0.0,256.64,52.40243,-1.569718,False,0.02904999999999989,0.06715344369411233,0.07000055634765591,0.008781097121629798,97.53224523600001,-0.05339000000000016,0.03369017166274183,0.010461251252885212,97.4679933895,9.87537
189210,0.0,256.64,52.40243,-1.569718,False,0.022299999999999893,0.07004255849109357,0.06682492881555047,0.007928738164532809,97.59566962800001,-0.05132000000000016,0.033806370208364724,0.009161732005005887,97.5319880935,9.8786
189310,0.0,256.64,52.40243,-1.569718,False,0.03578999999999989,0.060241651334719586,0.06671815428504747,0.008096473854816067,97.59351307600001,-0.03868000000000015,0.037546173055445164,0.009045956739425053,97.67820014150001,9.87851
189410,0.0,256.64,52.40243,-1.569718,False,0.034889999999999886,0.059013020220404874,0.06681766316778644,0.009139906393487792,97.474033636,-0.05037000000000016,0.0390469816730579,0.009937493535896942,97.5480890645,9.87247
189510,0.0,256.64,52.40243,-1.569718,False,0.03295999999999989,0.05822189736956086,0.05873266742039276,0.009174505738642586,97.605439218,-0.04828000000000015,0.03886068564612863,0.010766413825637648,97.505451111,9.879180000000002
189610,0.0,256.64,52.40243,-1.569718,False,0.04234999999999989,0.05017427959933007,0.0663084249723519,0.009461436348177116,97.74990996400001,-0.034180000000000155,0.05121939302862287,0.010918328117761573,97.609078733,9.88645
189710,0.0,256.64,52.40243,-1.569718,False,0.033299999999999885,0.046551285934983255,0.06327158393327599,0.009370426291355049,97.605254814,-0.039030000000000155,0.05232738925901991,0.011983989319012877,97.554231462,9.8792
189810,0.0,256.64,52.40243,-1.569718,False,0.03262999999999989,0.046315849218893,0.0656464613591718,0.008517798358831848,97.57839938000002,-0.03260000000000015,0.05498575573120415,0.011418873265996169,97.420849866,9.87783
189910,0.0,256.64,52.40243,-1.569718,False,0.04028999999999989,0.03712326164999454,0.06991904525221143,0.009456855243892738,97.710208283,-0.027830000000000153,0.053149245839726106,0.013034249754584382,97.589815906,9.88448
190010,0.0,256.64,52.40243,-1.569718,False,0.045399999999999885,0.04535697912707584,0.07178482120648735,0.009092341098941395,97.740557847,-0.03388000000000015,0.05522044307438733,0.01301470962660647,97.65540689800001,9.88595
190110,0.0,256.64,52.40243,-1.569718,False,0.07126999999999989,0.08855224509344607,0.07039066857413559,0.009944043442827118,97.819201955,-0.02110000000000015,0.05721340169341125,0.013553453844291009,97.6757235955,9.889520000000001
190209,0.0,256.64,52.40243,-1.569718,False,0.06534999999999988,0.0978949805771512,0.06952019770527408,0.010091960496330743,97.840620384,-0.014570000000000152,0.05849075995401573,0.013464063279642391,97.71814500600001,9.89057
190310,0.0,256.64,52.40243,-1.569718,False,0.06433999999999988,0.09807816837140512,0.06770838123142905,0.011443411495681604,97.79460884,-0.020030000000000152,0.05662516225140815,0.013956997448448272,97.694060958,9.88826
190410,0.0,256.64,52.40243,-1.569718,False,0.06407999999999989,0.09796443572360965,0.07410599316056894,0.01288998319081514,97.680306456,-0.008350000000000152,0.04798849977973257,0.013795091719657739,97.577170046,9.882439999999999
190510,0.0,256.64,52.40243,-1.569718,False,0.048419999999999894,0.11261461124847488,0.07269099287075546,0.012443065895578873,97.76455988,0.004179999999999847,0.05418431097240067,0.013760769519761337,97.684999549,9.88666
190610,0.0,256.64,52.40243,-1.569718,False,0.04551999999999989,0.11314755165014789,0.06658654852548393,0.012238650070509633,97.646212312,-0.005100000000000153,0.05046785555621243,0.01319631682614484,97.698061138,9.88072
190710,0.0,256.64,52.40243,-1.569718,False,0.052429999999999886,0.11284688791052061,0.06734241192990331,0.012245253048224531,97.601868217,0.002029999999999847,0.04475826553086705,0.012594725527351774,97.6035615155,9.878440000000001
190810,0.0,256.64,52.40243,-1.569718,False,0.04690999999999988,0.11462483200026756,0.056869280909845187,0.011683530668497429,97.767332353,0.008039999999999848,0.05054786950119036,0.013139715031511366,97.6728658665,9.88688
190910,0.0,256.64,52.40243,-1.569718,False,0.054719999999999894,0.115974669648068,0.054478608442853065,0.01159237776364496,97.72684386099999,0.005219999999999847,0.053313117001753965,0.011079816484560858,97.718526072,9.884789999999999
191009,0.0,256.64,52.40243,-1.569718,False,0.055459999999999884,0.116517954744135,0.046064434341516684,0.011981077673358417,97.46154487300001,0.013979999999999845,0.0446490960465722,0.011244633287750666,97.60105136,9.87139
191110,0.0,256.64,52.40243,-1.569718,False,0.018229999999999892,0.09040759616549196,0.0495425619496778,0.009726144605223173,97.31845507199999,0.011689999999999848,0.04349353591816744,0.01185293681368986,97.5688285135,9.86451
191210,0.0,256.64,52.40243,-1.569718,False,0.01800999999999989,0.09071239594320066,0.0490980470315812,0.008964621823438332,97.343120159,0.008889999999999846,0.04344271963041848,0.011708686234225732,97.59187027150001,9.865759999999998
191310,0.0,256.64,52.40243,-1.569718,False,0.03355999999999989,0.10741485723834439,0.04482762045490442,0.009634751913633756,97.258556684,0.018099999999999845,0.044754987307417865,0.011196075701303819,97.526582762,9.8613
191410,0.0,256.64,52.40243,-1.569718,False,0.02604999999999989,0.10472874220777569,0.04488360378782303,0.008230458337010919,97.257008998,0.013869999999999846,0.04757854441749076,0.01113674598387365,97.46865772700001,9.861270000000001
191510,0.0,256.64,52.40243,-1.569718,False,0.023809999999999894,0.1081618997407767,0.04541397239817963,0.008241123170050223,97.143832449,0.005439999999999846,0.040911019976942874,0.010683320332721813,97.4541961645,9.855500000000001
191610,0.0,256.64,52.40243,-1.569718,False,0.03547999999999989,0.11314279866110459,0.046881847945237344,0.009317104938620698,97.163576199,0.012149999999999847,0.040315319668808955,0.010854210652419732,97.4048942555,9.85641
191710,0.0,256.64,52.40243,-1.569718,False,0.02754999999999989,0.1125231556415561,0.04726733544524965,0.009310692777276338,97.139329242,0.019229999999999848,0.04395773348719855,0.01039566683224801,97.37059872949999,9.85521
191810,0.0,256.64,52.40243,-1.569718,False,0.025519999999999893,0.11347300021483553,0.0480000416676238,0.009924067266193723,97.190928536,0.005929999999999848,0.04484965130545036,0.010991456277915326,97.4791304445,9.85782
191910,0.0,256.64,52.40243,-1.569718,False,0.010849999999999891,0.11111202805167383,0.040325922185290464,0.009318589544772236,97.001705469,0.004669999999999848,0.04683173306872688,0.01031796706927573,97.36427466500001,9.8483
192010,0.0,256.64,52.40243,-1.569718,False,-0.005170000000000109,0.10232881694691791,0.04020738461864722,0.008057736102897678,97.018434345,0.009629999999999847,0.049957694324503005,0.00997622172960359,97.23998960899999,9.84924
192110,0.0,256.64,52.40243,-1.569718,False,-0.0017000000000001083,0.09991861132375174,0.03936818230337088,0.008128967406992142,97.16412947,0.004119999999999848,0.051529167576328805,0.009740841852643664,97.24129227099999,9.85666
192210,0.0,256.64,52.40243,-1.569718,False,0.021289999999999892,0.10225730563404166,0.040160025731567975,0.008071685765931421,97.21691501400001,0.011139999999999848,0.055108865993679874,0.01031385799130861,97.2800175865,9.85929
192310,0.0,256.64,52.40243,-1.569718,False,-0.007870000000000108,0.08616591295595717,0.03965766844836438,0.007466398804238788,97.135491805,0.01040999999999985,0.054356405121899244,0.009971425842453344,97.1970242445,9.855319999999999
192410,0.0,256.64,52.40243,-1.569718,False,-0.017720000000000107,0.08743373109567777,0.03219251120790378,0.007286738334013559,97.336217162,0.01131999999999985,0.05362198554074241,0.009884241104932393,97.29661308000001,9.8655
192510,0.0,256.64,52.40243,-1.569718,False,0.01404999999999989,0.0979395646983972,0.031380675229685094,0.007443334079231499,97.35023779400001,0.023149999999999848,0.06285640160095439,0.010378401718012062,97.2470351215,9.86613
192610,0.0,256.64,52.40243,-1.569718,False,-0.00013000000000011006,0.08906971115043842,0.023694633712305083,0.005861588710840353,97.173417234,0.01601999999999985,0.0648581323608041,0.010853166460551357,97.1684967165,9.857270000000002
192710,0.0,256.64,52.40243,-1.569718,False,-0.00806000000000011,0.09253915927853477,0.034215077899204804,0.00581271594519252,97.38151313200001,0.005109999999999851,0.06382473310209624,0.01005473907050764,97.26042118699999,9.86776
192810,0.0,256.64,52.40243,-1.569718,False,0.011879999999999887,0.10730411403514345,0.03397479621529758,0.0055841442190809505,97.337067985,0.01227999999999985,0.06003698489725987,0.010075139921740991,97.2639982605,9.86537
192910,0.0,256.64,52.40243,-1.569718,False,0.0021999999999998882,0.11637667769398308,0.0529391516542488,0.005088778503678046,97.140865984,0.028699999999999847,0.058718840436613295,0.012368616198462959,97.07128572650001,9.85526
193010,0.0,256.64,52.40243,-1.569718,False,-0.004170000000000111,0.11970241852184131,0.06122773155363768,0.005816728747858457,97.348718261,0.01524999999999985,0.06587365431894289,0.011515887576078517,97.18357630300001,9.86572
193110,0.0,256.64,52.40243,-1.569718,False,0.012169999999999888,0.12393508202092633,0.061691675109944395,0.007182919554482155,97.370152862,0.02817999999999985,0.06785787107377374,0.011517021219742136,97.26714116600002,9.86675
193210,0.0,256.64,52.40243,-1.569718,False,-0.005820000000000113,0.11715721441237383,0.0692746257865865,0.007157816240038749,97.13694278199999,0.022779999999999852,0.06654359974231111,0.012688844619428185,97.176928898,9.85496
193310,0.0,256.64,52.40243,-1.569718,False,-0.001600000000000114,0.11442423985609318,0.07711548986987572,0.007355904657223599,97.378971479,0.010519999999999852,0.07052873015853918,0.01338101474305183,97.257231642,9.86721
193410,0.0,256.64,52.40243,-1.569718,False,0.020479999999999887,0.12045318869438415,0.07860716747136194,0.008010271183753742,97.441268555,0.012939999999999854,0.06962973821897292,0.013831963787562405,97.3887428585,9.87027
193510,0.0,256.64,52.40243,-1.569718,False,0.009769999999999888,0.1083972124486826,0.08229248379397784,0.00775872268937425,97.349196379,0.0015099999999998517,0.05919464033544519,0.013994621982842534,97.34971708650001,9.86572
193610,0.0,256.64,52.40243,-1.569718,False,-0.0015900000000001109,0.11650043824419369,0.0822224597599816,0.007956017987351209,97.464419515,-0.004750000000000148,0.06606682223323807,0.013078349369107572,97.3189183745,9.87148
193710,0.0,256.64,52.40243,-1.569718,False,0.006389999999999889,0.11325878381427751,0.0798216873905259,0.009830344178079358,97.401059603,-0.0009000000000001479,0.06499461516155222,0.014334511579416849,97.3912863675,9.86832
193810,0.0,256.64,52.40243,-1.569718,False,-0.0018000000000001099,0.10272960192217814,0.08089624081421226,0.010951509281755888,97.337167488,-0.0034200000000001477,0.06479354906160241,0.014383111238084155,97.3371177365,9.865179999999999
193910,0.0,256.64,52.40243,-1.569718,False,0.005379999999999889,0.09451161950892786,0.06707442301141794,0.010906552566311636,97.62572682800001,-0.02007000000000015,0.056628517550773846,0.012784230737661557,97.383296406,9.87996
194010,0.0,256.64,52.40243,-1.569718,False,0.007169999999999889,0.09269222728998448,0.06190915297688309,0.010508070971799958,97.45596893,-0.011360000000000148,0.05385437566044255,0.013159432611814337,97.4023435955,9.871410000000001
194110,0.0,256.64,52.40243,-1.569718,False,0.010159999999999888,0.09691099238178615,0.061869590448904055,0.010148371516518154,97.454959396,-0.02965000000000015,0.04356839450792645,0.012851567133077358,97.412556129,9.87132
194210,0.0,256.64,52.40243,-1.569718,False,0.019529999999999888,0.09540658083510228,0.04968042874304064,0.01041385828774706,97.640015488,-0.03342000000000015,0.041004222004819735,0.012450653708781467,97.388479135,9.880749999999999
194310,0.0,256.64,52.40243,-1.569718,False,0.00828999999999989,0.1100226991729956,0.04192609900611876,0.010402478336838213,97.380101487,-0.022240000000000152,0.046412670683750844,0.013230037372853623,97.37953648300001,9.867500000000001
194410,0.0,256.64,52.40243,-1.569718,False,-0.000630000000000111,0.10058538716478252,0.039398377012312705,0.012031052415106979,97.332871428,-0.03133000000000015,0.05023035934570166,0.01296664095963143,97.3870699915,9.86521
194510,0.0,256.64,52.40243,-1.569718,False,0.002809999999999889,0.10408177821085528,0.028924194026677074,0.011742084804172742,97.462353492,-0.03175000000000015,0.049928064920092635,0.012904607273648538,97.40577493549999,9.871770000000001
194610,0.0,256.64,52.40243,-1.569718,False,0.016199999999999888,0.09394602469255296,0.03411816231998242,0.011327572064732892,97.532185991,-0.01380000000000015,0.05656714790601092,0.01344463544393959,97.49830275299999,9.87537
194710,0.0,256.64,52.40243,-1.569718,False,0.04171999999999989,0.12015345558437883,0.03610401639835371,0.010941176048586566,97.569060486,-0.018660000000000152,0.05733234882874172,0.011831732285980123,97.4850600445,9.876900000000001
194810,0.0,256.64,52.40243,-1.569718,False,0.04135999999999989,0.12001035325698903,0.03664542415095934,0.009560921619543526,97.56231891799999,-0.02366000000000015,0.05866759847743402,0.011938867431786454,97.449743203,9.876560000000001
194910,0.0,256.64,52.40243,-1.569718,False,0.044299999999999895,0.11747860325268024,0.03657238788551036,0.009618985855157566,97.536742454,-0.02610000000000015,0.06117948094653304,0.01178217108829144,97.58123464100001,9.87528
195010,0.0,256.64,52.40243,-1.569718,False,0.0698599999999999,0.11755593656723953,0.039915590104941626,0.012232329658806562,97.65706287100001,-0.031460000000000155,0.05980310657109607,0.011738180816766398,97.55651590049999,9.88121
195110,0.0,256.64,52.40243,-1.569718,False,0.0654799999999999,0.11528058331248797,0.04888594549315345,0.011313394224622315,97.44655125899999,-0.021510000000000154,0.05772133150845894,0.011582021508373914,97.45075532749999,9.87057
195210,0.0,256.64,52.40243,-1.569718,False,0.0462099999999999,0.13326679548093073,0.0496029300219186,0.011313394224622315,97.53437881099998,-0.02641000000000015,0.06003673782682733,0.011717228530785695,97.5871971495,9.87492
195310,0.0,256.64,52.40243,-1.569718,False,0.06883999999999989,0.11128977391367274,0.05007714160376275,0.01151576696888741,97.729983871,-0.03317000000000016,0.054379245428119484,0.010366077153570205,97.555042679,9.88493
195410,0.0,256.64,52.40243,-1.569718,False,0.06674999999999989,0.11168023051940522,0.052946509695931766,0.009240881390956199,97.597434157,-0.024100000000000153,0.051227271382844906,0.00911007378908972,97.46515279249999,9.87822
195510,0.0,256.64,52.40243,-1.569718,False,0.04174999999999989,0.12733475784535017,0.05233317303672976,0.009494115135969886,97.682409274,-0.030080000000000152,0.05174477536694979,0.011003539834394357,97.57238138299999,9.88249
195610,0.0,256.64,52.40243,-1.569718,False,0.05311999999999989,0.12914885296509884,0.05078123997526766,0.011250995017406985,97.65016510299999,-0.03888000000000015,0.03474672806336504,0.010637820369814296,97.591175547,9.880790000000001
195710,0.0,256.64,52.40243,-1.569718,False,0.025119999999999892,0.10921031493804592,0.048541264233906256,0.010487156165389715,97.572368143,-0.03775000000000015,0.03457883906537983,0.009634596226238946,97.57071431450001,9.87719
195810,0.0,256.64,52.40243,-1.569718,False,0.02568999999999989,0.10955855309164067,0.0484124237966846,0.010457474732008903,97.808859854,-0.03466000000000015,0.03372991418769745,0.009454340566838536,97.685589386,9.88915
195910,0.0,256.64,52.40243,-1.569718,False,0.050819999999999886,0.12229868537487606,0.050728891615494855,0.010468518944039596,97.75016970600001,-0.036460000000000145,0.03744151587622269,0.010687380928427926,97.64345607999999,9.88594
196010,0.0,256.64,52.40243,-1.569718,False,0.024499999999999893,0.11842573856866519,0.0501699877093792,0.008158267789559444,97.578716073,-0.03330000000000015,0.03828353286841758,0.009159118103980278,97.617889472,9.877410000000001
196110,0.0,256.64,52.40243,-1.569718,False,0.02567999999999989,0.11931924311592018,0.05094950114337007,0.010142320575662066,97.97532560500001,-0.026500000000000145,0.05114278487179551,0.009429675380202267,97.710938432,9.89745
196210,0.0,256.64,52.40243,-1.569718,False,0.06094999999999989,0.1153565318671769,0.051453807764098886,0.00967211915154686,98.01401656800002,-0.026890000000000146,0.0515542314245503,0.010005354122135091,97.7741976895,9.89929
196309,0.0,256.64,52.40243,-1.569718,False,0.054799999999999904,0.11681782588467803,0.055289637366255855,0.010201089266105535,97.796117412,-0.01925000000000015,0.05787938128363224,0.010373368680230729,97.7630506415,9.888279999999998
196410,0.0,256.64,52.40243,-1.569718,False,0.05068999999999989,0.11816634649688938,0.05249811001976257,0.010401901535218753,98.003066417,-0.013430000000000147,0.06277180984414424,0.011068393439499108,97.80025028700001,9.89876
196510,0.0,256.64,52.40243,-1.569718,False,0.06324999999999989,0.10134832400072707,0.05271755874556028,0.010048377425321978,97.978429836,-0.00756000000000015,0.060533832597045874,0.009740642232898467,97.830419555,9.89761
196610,0.0,256.64,52.40243,-1.569718,False,0.0681799999999999,0.10566853626096165,0.05236459894159367,0.007531865638262078,97.93076333100001,-0.00980000000000015,0.060772654669298785,0.010122603968807929,97.79046421700001,9.89513
196710,0.0,256.64,52.40243,-1.569718,False,0.0644199999999999,0.10991637022947504,0.052353674391716565,0.007647577684291797,97.957212803,-0.0014200000000001503,0.06231732058138187,0.011470910067470384,97.76479047299999,9.896449999999998
196810,0.0,256.64,52.40243,-1.569718,False,0.06285999999999989,0.10964859222879401,0.05073834403729899,0.008281975072646856,97.91663599,-0.0032200000000001507,0.06345839932146669,0.011413096765382887,97.862747922,9.89442
196909,0.0,256.64,52.40243,-1.569718,False,0.054569999999999896,0.0993686967252132,0.05433002137229577,0.008275996079261081,97.863613282,0.008929999999999851,0.051028751155037154,0.011474106113738268,97.806891494,9.89187
197010,0.0,256.64,52.40243,-1.569718,False,0.059759999999999903,0.0928144648687231,0.05428710610246386,0.008349617422609517,98.081603179,0.01801999999999985,0.055207141244975666,0.012843454882995743,97.83015962600001,9.90291
197110,0.0,256.64,52.40243,-1.569718,False,0.0579999999999999,0.09187591874056542,0.04525724128778317,0.006975679974306537,97.921256779,0.0055199999999998505,0.05369456417758216,0.012442172907691017,97.948291192,9.894870000000001
197210,0.0,256.64,52.40243,-1.569718,False,0.0505099999999999,0.0806774297226005,0.04780664877147199,0.007697539288885744,97.75196429600001,0.02037999999999985,0.048508757514018036,0.012231748307780075,97.882990432,9.88643
197310,0.0,256.64,52.40243,-1.569718,False,0.05147999999999988,0.08008955820399946,0.044477954590291,0.007735265562743265,97.98298308800001,0.01567999999999985,0.04693626411301971,0.013200185183818595,97.88955025000001,9.89812
197410,0.0,256.64,52.40243,-1.569718,False,0.0664599999999999,0.08283361099873474,0.0445929802657372,0.007627938413311509,97.98773494100001,0.00439999999999985,0.04903619978023539,0.012111683982300095,97.99540067900001,9.89825
197510,0.0,256.64,52.40243,-1.569718,False,0.09020999999999989,0.09129457145831046,0.0504935430424602,0.00875151415429526,97.87414808400001,0.00468999999999985,0.049000735822121895,0.012642824051540682,97.92628896000001,9.892230000000001
197613,0.0,256.64,52.40243,-1.569718,False,0.06352999999999989,0.10297419363866916,0.0536010250739769,0.008703153961738258,97.763199764,0.01557999999999985,0.05339995422385083,0.013263131857328464,97.84698154750001,9.886709999999999
197710,0.0,256.64,52.40243,-1.569718,False,0.06338999999999989,0.10316474903969389,0.054258579455571575,0.00967485285524317,97.792152504,0.01108999999999985,0.052389342639705655,0.012677473460100265,97.8746826535,9.88817
197810,0.0,256.64,52.40243,-1.569718,False,0.08792999999999988,0.13106578543269742,0.05292808538304207,0.014048048500040601,97.723122985,0.01876999999999985,0.0483699413088384,0.012568991827261577,97.8198794875,9.884200000000002
197910,0.0,256.64,52.40243,-1.569718,False,0.06551999999999988,0.14110639642159992,0.06046957821071325,0.013584779063902635,97.63812530499999,0.02367999999999985,0.0499485913492665,0.013627704624460672,97.7508692935,9.87991
198010,0.0,256.64,52.40243,-1.569718,False,0.06124999999999988,0.1447850686745345,0.05784381365254702,0.01358823428941142,97.593993952,0.00769999999999985,0.0549228549876849,0.013133862087426833,97.83779856550001,9.877669999999998
198110,0.0,256.64,52.40243,-1.569718,False,0.0781999999999999,0.15838052630007832,0.06016019448183846,0.013491729976937861,97.655635937,0.013409999999999849,0.051733879936958035,0.014305045729795778,97.78844635800002,9.880469999999999
198210,0.0,256.64,52.40243,-1.569718,False,0.07028999999999988,0.1573167749054286,0.07347639076664816,0.014142139551847864,97.472662737,0.008499999999999851,0.047821775607148724,0.014426753696533309,97.61231351650001,9.871199999999998
198310,0.0,256.64,52.40243,-1.569718,False,0.05714999999999989,0.1678607508223563,0.07790373261692828,0.013568791807082122,97.107026277,0.01310999999999985,0.05003539747017362,0.013705590911027387,97.54500468250001,9.85256
198410,0.0,256.64,52.40243,-1.569718,False,0.03925999999999989,0.1667146944132752,0.07825844931368856,0.014541775070982631,97.110917884,0.02159999999999985,0.0441662012553896,0.013551010622352219,97.5493264125,9.85286
198509,0.0,256.64,52.40243,-1.569718,False,0.043729999999999894,0.1727385760814448,0.07768136913832745,0.01408340631119341,97.204898573,0.018189999999999852,0.04718122154697688,0.014661817380089764,97.5395233285,9.85752
198615,0.0,256.64,52.40243,-1.569718,False,0.05787999999999989,0.16578552945826217,0.08125794593682574,0.013917518935721334,97.096721182,0.01949999999999985,0.04932017842626127,0.014776317388096701,97.429960473,9.852039999999999
198710,0.0,256.64,52.40243,-1.569718,False,0.07584999999999989,0.16083203280987418,0.07991041929063772,0.013543629088310043,97.063584681,0.02565999999999985,0.05066463153805747,0.01371108634963338,97.4278685925,9.85032
198809,0.0,256.64,52.40243,-1.569718,False,0.046959999999999884,0.13658108865343044,0.08080676608143252,0.0074777076102201185,96.88058369699999,0.021339999999999852,0.05211242547499717,0.014596255227450646,97.301853341,9.841529999999999
198910,0.0,256.64,52.40243,-1.569718,False,0.055849999999999886,0.1293639933588798,0.08102755704137947,0.007155914414241162,97.19341018200001,0.00623999999999985,0.060815681457247334,0.01393995456705459,97.4157677435,9.85745
199010,0.0,256.64,52.40243,-1.569718,False,0.07167999999999988,0.1218852812186788,0.080948324394741,0.0091600824834683,97.19214912700001,0.017719999999999847,0.05333324583324515,0.01230846592112703,97.3930715395,9.85737
199110,0.0,256.64,52.40243,-1.569718,False,0.06033999999999988,0.106292209393522,0.08196894805070741,0.00979103898660787,96.82144805200001,0.01840999999999985,0.0532999572649237,0.009665178046206823,97.2385419945,9.83878
199210,0.0,256.64,52.40243,-1.569718,False,0.046489999999999886,0.11583412901396067,0.07790249175935468,0.008914837818275952,97.167137225,0.00926999999999985,0.06001111100823501,0.011919619680658664,97.319899981,9.85634
199310,0.0,256.64,52.40243,-1.569718,False,0.06457999999999989,0.1001061858449468,0.06885119542320645,0.008746326212476379,97.38185481400001,-0.006130000000000151,0.06639240334722418,0.013003828496014867,97.2444405455,9.867339999999999
199410,0.0,256.64,52.40243,-1.569718,False,0.06360999999999989,0.10118289765447691,0.06435693522228224,0.007373684439617039,97.213319839,0.0019799999999998486,0.07566918938524776,0.012986783880305712,97.16211886149999,9.85882
199511,0.0,256.64,52.40243,-1.569718,False,0.04079999999999988,0.07067154071226313,0.0734646861505884,0.0067961099979281184,97.405612091,0.0027699999999998494,0.07529794227672747,0.011864025923324861,97.305255332,9.86887
199610,0.0,256.64,52.40243,-1.569718,False,0.03692999999999988,0.07136873031408808,0.07197070777664365,0.008477525844093286,97.428496778,-0.012720000000000151,0.06963957687023205,0.011949825661136086,97.26260898,9.870049999999999
199710,0.0,256.64,52.40243,-1.569718,False,0.018559999999999882,0.07233316743437508,0.08049699856436818,0.010464246004240724,97.130530447,-0.016610000000000152,0.0659143796484708,0.011935921506965241,97.097057564,9.85493
199809,0.0,256.64,52.40243,-1.569718,False,0.0011799999999998838,0.08853207579415802,0.0831807696798823,0.010403439601803769,97.45110818799999,-0.019880000000000154,0.06655645556800692,0.011047956070312165,97.1658459425,9.87106
199910,0.0,256.64,52.40243,-1.569718,False,0.013709999999999884,0.09663789744298254,0.08173462206762667,0.010526627611999604,97.409397907,-0.013490000000000151,0.061872277942355336,0.011692832562366934,97.3014040445,9.86888
200010,0.0,256.64,52.40243,-1.569718,False,0.016739999999999883,0.09970462153548233,0.10250392946443808,0.010008890492043244,96.873805738,-0.02597000000000015,0.06337139295015343,0.011502347586393645,97.03297743249999,9.8415
200110,0.0,256.64,52.40243,-1.569718,False,-0.0027700000000001153,0.08915252909717429,0.10591659402087288,0.01020651208208344,97.32877443699999,-0.03920000000000015,0.06662030054302348,0.01227690243227295,97.0751112445,9.86466
200210,0.0,256.64,52.40243,-1.569718,False,0.015339999999999885,0.08905429305254921,0.1081642069575698,0.010140507328616016,97.391971371,-0.021470000000000156,0.07997407982867168,0.01205165272199413,97.279554298,9.867830000000001
200310,0.0,256.64,52.40243,-1.569718,False,0.02777999999999988,0.10370279970494993,0.11082217036558262,0.010100192517061983,97.256288963,-0.008110000000000154,0.07667444091017016,0.01271858220603019,97.31907188849999,9.860769999999999
200410,0.0,256.64,52.40243,-1.569718,False,0.042749999999999885,0.10342735776046753,0.1122917944963231,0.009788315028846216,97.391149213,-0.03458000000000015,0.0764458675578019,0.013472457500742961,97.30223452599999,9.86754
200510,0.0,256.64,52.40243,-1.569718,False,0.03446999999999989,0.10678933623406263,0.10788170939652339,0.009979979959540218,97.27880073600001,-0.024360000000000152,0.08421639059258448,0.014071661830248782,97.34220641350001,9.86189
200610,0.0,256.64,52.40243,-1.569718,False,0.034449999999999883,0.10679486306820252,0.1051010524320069,0.00893992294234403,97.421119996,-0.020950000000000156,0.08336197174570452,0.013079589697879718,97.42480838700001,9.86913
200710,0.0,256.64,52.40243,-1.569718,False,0.05154999999999989,0.10225039255551177,0.0961291035828795,0.004991381460249065,97.684782956,-0.023540000000000155,0.08219404141689805,0.013502773377610394,97.40765670149999,9.88253
200810,0.0,256.64,52.40243,-1.569718,False,0.05434999999999988,0.09650738889375057,0.09272010209995551,0.005279941076433179,97.550894219,-0.009700000000000153,0.08928224907560456,0.014376384957375754,97.50100120350001,9.875820000000001
200910,0.0,256.64,52.40243,-1.569718,False,0.05186999999999988,0.09482263032736808,0.0920163294691869,0.005394328296517117,97.475971643,-0.013580000000000153,0.09094993494590835,0.014576312595684286,97.442684775,9.87206
201010,0.0,256.64,52.40243,-1.569718,False,0.05360999999999988,0.09635491626724287,0.055241450822555896,0.0068758837810573145,97.825482932,-0.0008100000000001537,0.08812040311098628,0.014533107796353717,97.349644335,9.88997
201110,0.0,256.64,52.40243,-1.569718,False,0.047679999999999875,0.10454715894955201,0.04493377967240282,0.006795333365507882,97.655400697,0.01589999999999985,0.07992336607302457,0.014638396997789084,97.492087567,9.88137
201210,0.0,256.64,52.40243,-1.569718,False,0.043789999999999885,0.10324859374872634,0.03817920318247068,0.007685346807293923,97.53516381099999,-0.004800000000000153,0.08022496147984569,0.015004058710095457,97.463567591,9.87534
201310,0.0,256.64,52.40243,-1.569718,False,0.03279999999999987,0.09163749838952091,0.031666289472900996,0.008560659371900916,97.58935906899998,-0.0029400000000001534,0.08144626312960009,0.014683736278935442,97.422824016,9.87825
201410,0.0,256.64,52.40243,-1.569718,False,0.01753999999999988,0.09034615161194931,0.028494178744354465,0.009195318856989987,97.46753274199999,0.01962999999999985,0.06477796350267427,0.015454524687985338,97.4293409775,9.87214
201510,0.0,256.64,52.40243,-1.569718,False,0.01464999999999988,0.09286112988986642,0.03071262679318334,0.00969820143655206,97.49265452399999,0.007099999999999848,0.06465211176407015,0.014647127135774754,97.38572762999999,9.873389999999999
201611,0.0,256.64,52.40243,-1.569718,False,0.03711999999999989,0.1154562909117103,0.03174314274302135,0.009783665524942102,97.57020105999999,0.016819999999999845,0.06664922771911018,0.014663242024357455,97.495660528,9.877040000000001
201709,0.0,256.64,52.40243,-1.569718,False,0.02171999999999988,0.11588823926515689,0.04742417222476834,0.010806381858962806,97.33892437699998,0.01825999999999985,0.0663619737165329,0.014507836962536791,97.5118536665,9.865310000000001
201810,0.0,256.64,52.40243,-1.569718,False,0.016979999999999884,0.1229254950500975,0.04943784088332464,0.010607733027976896,97.187773925,0.009039999999999847,0.061164499507461514,0.014665079459510942,97.36933407199999,9.85757
201911,0.0,256.64,52.40243,-1.569718,False,0.017859999999999883,0.12360908992096548,0.05867445876362596,0.010226115804022412,97.359268453,0.022839999999999847,0.057856166482046154,0.014105715941434345,97.417620048,9.86621
202010,0.0,256.64,52.40243,-1.569718,False,0.011299999999999883,0.11819404008277778,0.06434278082689693,0.010605323610419378,97.24923938100001,0.018089999999999846,0.058348044811557996,0.014115417103231939,97.5373611565,9.86067
202110,0.0,256.64,52.40243,-1.569718,False,0.019819999999999886,0.11186874054484275,0.06682118759200108,0.01058282150959473,97.03226464,0.011299999999999848,0.05765148162303888,0.013522840760004375,97.3438326685,9.8497
202210,0.0,256.64,52.40243,-1.569718,False,0.018869999999999883,0.11155309697369531,0.06905746077711669,0.010462653157968153,97.084057183,0.020869999999999847,0.04351814564062034,0.013571604342989768,97.309610497,9.85232
202310,0.0,256.64,52.40243,-1.569718,False,0.019129999999999883,0.11170397436468908,0.06853548634818994,0.00987558155775871,97.10886217500001,0.011719999999999847,0.0455376474286012,0.014447087364986361,97.349110622,9.853580000000001
202410,0.0,256.64,52.40243,-1.569718,False,0.03127999999999988,0.11065302928012051,0.07418946391267553,0.00977957622312658,96.921484671,0.011559999999999846,0.04530217556706705,0.013057518055740628,97.1945087065,9.84401
202510,0.0,256.64,52.40243,-1.569718,False,0.024289999999999878,0.11961380866020649,0.06832422378374117,0.010627014841303118,96.74449970100001,0.013309999999999846,0.04299497257430129,0.012937817092126701,97.11857711249999,9.83498
202610,0.0,256.64,52.40243,-1.569718,False,0.01775999999999988,0.10822436776325374,0.07411110278258225,0.011274927937367637,96.82762438,-0.005530000000000155,0.05395889484905722,0.014687821864024796,97.19891272,9.8393
202710,0.0,256.64,52.40243,-1.569718,False,0.04225999999999988,0.11831583156948355,0.0783239824211972,0.01266195087626051,97.221364308,-0.009920000000000154,0.05408755864335426,0.014928232015524293,97.2801443425,9.85908
202809,0.0,256.64,52.40243,-1.569718,False,0.04021999999999988,0.12237174510473563,0.08379774658919807,0.014046450717907732,97.11425660900001,-0.011270000000000155,0.05398359936127164,0.014960451567694223,97.15101526699999,9.853570000000001
202910,0.0,256.64,52.40243,-1.569718,False,0.031489999999999886,0.12009180238458544,0.07877952991372625,0.015047052128925759,97.026100706,-0.025870000000000153,0.04838321678707375,0.013418660307298134,97.1926845795,9.84919
203010,0.0,256.64,52.40243,-1.569718,False,0.011629999999999882,0.12882565350107164,0.08178038952710107,0.014471385558847924,97.38687103800001,-0.026680000000000155,0.04813097408805452,0.013673266698943481,97.3180552095,9.86741
203110,0.0,256.64,52.40243,-1.569718,False,0.022039999999999883,0.13030002302370577,0.07998353719557179,0.014526378304983607,97.423027086,-0.03258000000000015,0.04997129842884798,0.014901785873526611,97.22764586299999,9.86922
203210,0.0,256.64,52.40243,-1.569718,False,-7.000000000011996e-05,0.1434960475645401,0.07947666044600013,0.013710320524397768,97.40914071899999,-0.03102000000000016,0.05121494573525371,0.014610437669252204,97.246598951,9.868379999999998
203310,0.0,256.64,52.40243,-1.569718,False,-0.02421000000000012,0.14899095013523514,0.08120551158144214,0.013504419029568313,97.61679378699999,-0.027050000000000157,0.05211865202484807,0.013480438502527904,97.362827981,9.878779999999999
203410,0.0,256.64,52.40243,-1.569718,False,-0.02659000000000012,0.1473705266024689,0.07903708623230322,0.01342942043895294,97.644425112,-0.03814000000000016,0.039113260041953,0.014196259288136137,97.2829548915,9.88021
203510,0.0,256.64,52.40243,-1.569718,False,-0.015800000000000116,0.14199645535474223,0.08101381843777965,0.014328665906479082,97.88764015699999,-0.04167000000000016,0.04000019583283309,0.014833254681379172,97.316069929,9.89259
203610,0.0,256.64,52.40243,-1.569718,False,-0.031530000000000113,0.12743804638585965,0.0855266956380177,0.013812413900930081,97.97735555799999,-0.023940000000000156,0.042740644200397505,0.013543694719864292,97.402489969,9.897229999999999
203710,0.0,256.64,52.40243,-1.569718,False,-0.037150000000000113,0.11718974405249344,0.08314308216083438,0.010652782630402436,97.760668942,-0.028680000000000157,0.046117863494871986,0.014192411900511117,97.491016625,9.88639
203810,0.0,256.64,52.40243,-1.569718,False,-0.02532000000000012,0.10613442001108316,0.06951413605305218,0.00992326671086949,98.06037532799999,-0.024220000000000155,0.04975171242165636,0.014355444185952347,97.58731596850001,9.901779999999999
203910,0.0,256.64,52.40243,-1.569718,False,-0.027860000000000117,0.1052106162787561,0.0697862458597837,0.009121068406810576,98.081163643,-0.026760000000000155,0.053105224685403594,0.015300893220055801,97.5536321745,9.902829999999998
204010,0.0,256.64,52.40243,-1.569718,False,0.0005799999999998833,0.11354277510152672,0.06671612831893983,0.00959287351188647,97.963842774,-0.03063000000000015,0.0537054735468109,0.01526223006853464,97.675356906,9.89688
204110,0.0,256.64,52.40243,-1.569718,False,-0.016800000000000117,0.11241293915233624,0.0663526069158997,0.009848412167199977,97.96860193799999,-0.016270000000000156,0.05997908987489322,0.015149712135086693,97.695814512,9.89712
204210,0.0,256.64,52.40243,-1.569718,False,-0.010470000000000116,0.10410925938103152,0.06626195825058807,0.009950549956523757,97.93354886099999,-0.027260000000000156,0.06409016565224064,0.015594856701931255,97.67134478999999,9.89544
204310,0.0,256.64,52.40243,-1.569718,False,0.015429999999999883,0.09369845308802764,0.07103705527619712,0.009553382181402618,98.02485919399999,-0.02574000000000016,0.06501892374103675,0.016366975557112032,97.8208264905,9.90011
204410,0.0,256.64,52.40243,-1.569718,False,0.008869999999999883,0.0930309631847874,0.06932672725004642,0.012307450317842469,98.04239057699999,-0.019880000000000154,0.06623036899924443,0.015608049917284239,97.84340784449999,9.901019999999999
204510,0.0,256.64,52.40243,-1.569718,False,0.001649999999999882,0.09916342571723763,0.07155956027505232,0.012904710595297459,97.74408483699999,-0.016430000000000156,0.06440548717132784,0.014292671004492476,97.815862497,9.88588
204610,0.0,256.64,52.40243,-1.569718,False,0.015009999999999881,0.10891838381701932,0.07609219846185734,0.013040829046308726,97.797754385,-0.020330000000000157,0.0601988934929545,0.01484041029675373,97.8875549715,9.88846
204710,0.0,256.64,52.40243,-1.569718,False,0.002089999999999881,0.09996342053182529,0.0751396891727712,0.013569905428047813,97.870095689,-0.009410000000000156,0.05835048224116117,0.015068303745810087,97.8153823155,9.892219999999998
204809,0.0,256.64,52.40243,-1.569718,False,0.01802999999999988,0.10060627382679253,0.08516290859342882,0.013812912638121773,97.578795202,-0.010950000000000154,0.057360289205826594,0.014674425977733989,97.819585265,9.87739
204910,0.0,256.64,52.40243,-1.569718,False,-0.003530000000000119,0.12593243382412234,0.083775032080526,0.014452389267812664,97.44658258300001,0.003759999999999844,0.05065550754303734,0.013594181761915401,97.763873113,9.87046
205010,0.0,256.64,52.40243,-1.569718,False,-0.005230000000000121,0.12361197397942142,0.08606457265774102,0.014424192640358225,97.518691455,0.007839999999999844,0.046852468214343204,0.01425614877082842,97.7412671145,9.87412
205110,0.0,256.64,52.40243,-1.569718,False,0.03098999999999988,0.14732461852046502,0.08319597746741675,0.014255977303633777,97.720575243,0.006819999999999845,0.045421086635057235,0.015744360542337164,97.8445885905,9.884020000000001
205210,0.0,256.64,52.40243,-1.569718,False,0.02572999999999988,0.15371043519835328,0.08814632342546255,0.014447379616062165,97.52459755800001,0.022609999999999845,0.029871965675723026,0.016563869649812872,97.7290732095,9.87399
205310,0.0,256.64,52.40243,-1.569718,False,0.00990999999999988,0.1537927497929179,0.08112177471817737,0.014565850472692267,97.39150919400001,0.010889999999999848,0.04921834459266892,0.015451055339662916,97.708184194,9.86733
205410,0.0,256.64,52.40243,-1.569718,False,0.033119999999999886,0.16704497597945991,0.07632733892098745,0.012268518881608608,97.618982082,0.012019999999999847,0.04954620290416288,0.015520609953592298,97.8306863295,9.87864
205510,0.0,256.64,52.40243,-1.569718,False,0.04240999999999988,0.1610282752948154,0.07827983989141825,0.008422166519472486,97.58380427300001,0.020419999999999845,0.04836030971317078,0.015240895278398307,97.663944555,9.876900000000001
205610,0.0,256.64,52.40243,-1.569718,False,0.035929999999999886,0.15777931881087207,0.0653919303557317,0.00879472063819787,97.422139418,0.012669999999999848,0.053868359090558586,0.013812072014420855,97.6099469015,9.86887
205710,0.0,256.64,52.40243,-1.569718,False,0.037349999999999876,0.1575747882399569,0.06489621543565732,0.008508688369579,97.37752511400001,0.006049999999999846,0.05545090421062619,0.012548877771798844,97.6238104015,9.86661
205810,0.0,256.64,52.40243,-1.569718,False,0.025119999999999882,0.15748723263941977,0.053463387265215975,0.00826618950192407,97.60119976200001,0.013659999999999848,0.06176912569307698,0.01243617036436643,97.589997482,9.878040000000002
205909,0.0,256.64,52.40243,-1.569718,False,0.04894999999999988,0.13222921386735406,0.05948879352993659,0.00801044457037516,97.81976951200001,0.0037099999999998462,0.06364413999382679,0.012801145781981629,97.6331760475,9.88931
206010,0.0,256.64,52.40243,-1.569718,False,0.030869999999999887,0.13068730321726188,0.06140638403368816,0.008263500737415868,97.56655037700001,0.0015599999999998456,0.0646897244115533,0.012690678994110052,97.542620916,9.87658
206110,0.0,256.64,52.40243,-1.569718,False,-0.009590000000000121,0.10773662794044567,0.06158244338629821,0.008147937707279994,97.423350533,0.004719999999999846,0.06854565064408162,0.012251299250754888,97.571962888,9.869620000000001
206210,0.0,256.64,52.40243,-1.569718,False,0.00802999999999988,0.09342625196128607,0.057215697147656557,0.009076612191876285,97.69167126100001,-0.011160000000000154,0.07251823065806326,0.011206228426806695,97.60813440950001,9.88336
206310,0.0,256.64,52.40243,-1.569718,False,0.012629999999999877,0.09068738795064903,0.05593621764596791,0.010218180964097916,97.610155421,-0.005920000000000155,0.06702231469193635,0.012408061895324974,97.5008323075,9.879259999999999
206410,0.0,256.64,52.40243,-1.569718,False,-0.01750000000000012,0.05846193443391809,0.07861168982964191,0.009862639943721907,97.216712446,-0.0037900000000001557,0.06861035636110834,0.01239511104331031,97.417847264,9.8594
206510,0.0,256.64,52.40243,-1.569718,False,-0.024290000000000124,0.061536952764444416,0.08582413284077108,0.010142430127031777,97.630560203,-0.018750000000000155,0.07134906757935064,0.012488234462813977,97.607182238,9.880279999999999
206610,0.0,256.64,52.40243,-1.569718,False,-0.02056000000000012,0.06913463836746496,0.08354026640611191,0.010175684524806597,97.49602033300002,-0.020010000000000156,0.07216498766328963,0.014194869965291939,97.45907987550001,9.87345
206710,0.0,256.64,52.40243,-1.569718,False,-0.01788000000000012,0.0715026774943907,0.08933687119912645,0.011473084444014967,97.308429965,-0.014100000000000158,0.07316851174589657,0.014347280036392199,97.3429775395,9.863890000000001
206810,0.0,256.64,52.40243,-1.569718,False,-0.02795000000000012,0.07983285664422814,0.09079699028347746,0.011427957919727083,97.388005752,-0.02854000000000016,0.06359058630540357,0.012452527632680002,97.49460275700001,9.86783
206910,0.0,256.64,52.40243,-1.569718,False,-0.007670000000000121,0.11205749565875266,0.08938441885153632,0.010596251957573693,97.368543532,-0.02870000000000016,0.0636573117036185,0.013371865156962684,97.594156522,9.86661
207010,0.0,256.64,52.40243,-1.569718,False,0.01406999999999988,0.12530736477416188,0.0892485474521336,0.009848344474160046,97.375438056,-0.03127000000000015,0.0645068652676983,0.014151419245605106,97.4709942165,9.86681
207110,0.0,256.64,52.40243,-1.569718,False,0.01172999999999988,0.12849130580177343,0.09416774689695816,0.009232436779188882,97.24395782,-0.044240000000000154,0.04782830867916453,0.014395539432538525,97.3336541765,9.860069999999999
207210,0.0,256.64,52.40243,-1.569718,False,0.021429999999999876,0.13227069088291982,0.10910781619869724,0.00966775281217282,97.473431541,-0.029530000000000157,0.05174639117849972,0.014357328751794496,97.582551401,9.871500000000001
207310,0.0,256.64,52.40243,-1.569718,False,0.03756999999999988,0.13696000267710173,0.11095266057639896,0.00879497962814565,97.59082356900001,-0.030390000000000156,0.05216095708902166,0.014155756583194679,97.600489495,9.877320000000001
207410,0.0,256.64,52.40243,-1.569718,False,0.06419999999999988,0.13716832319769556,0.0950704072433959,0.011848023744890928,97.828828815,-0.03443000000000016,0.04637441943330502,0.014895804778467478,97.5227706305,9.88937
207510,0.0,256.64,52.40243,-1.569718,False,0.058789999999999884,0.14433647764081095,0.08687083707105733,0.011656853015074624,97.56299123400001,-0.021590000000000158,0.04468547986885016,0.016237733831979576,97.59677571850001,9.87593
207610,0.0,256.64,52.40243,-1.569718,False,0.05208999999999988,0.14293398981495944,0.09256125959530669,0.012221424721162987,97.780196134,-0.017930000000000158,0.04192072014858612,0.014964554416590673,97.6381082335,9.886930000000001
207710,0.0,256.64,52.40243,-1.569718,False,0.04018999999999988,0.14798259995305965,0.09508637067940397,0.014565976337324486,97.746047406,-0.019790000000000158,0.04025276940090884,0.015362204702826602,97.52723868550001,9.885169999999999
207810,0.0,256.64,52.40243,-1.569718,False,0.04172999999999988,0.146087325862842,0.0950007228047528,0.015533866228110389,97.740714779,-0.013210000000000156,0.03964886014892989,0.015664269320065587,97.5643602655,9.88492
207910,0.0,256.64,52.40243,-1.569718,False,0.029459999999999882,0.13403131640686103,0.09308863160142439,0.015521329410185688,97.6807352,-0.0077200000000001556,0.03720665412408637,0.016003405887442045,97.524639366,9.8821
208010,0.0,256.64,52.40243,-1.569718,False,-0.005430000000000118,0.13674153274611128,0.10026771331503595,0.015562079980714712,97.55555416400001,-0.011580000000000156,0.04469983345728929,0.015181479945365926,97.46549611,9.87571
208110,0.0,256.64,52.40243,-1.569718,False,-0.015160000000000118,0.15120090534701092,0.0966017345144679,0.015788536628887375,97.630167736,-0.003470000000000158,0.04676385237431969,0.014332170495403872,97.437062778,9.879320000000002
208210,0.0,256.64,52.40243,-1.569718,False,-0.02814000000000012,0.1446142162981684,0.08227340599140621,0.014950366030210497,97.436683916,-0.013950000000000157,0.04552482228897479,0.014129228963723553,97.45505772850001,9.8697
208310,0.0,256.64,52.40243,-1.569718,False,-0.024330000000000115,0.1500924311511636,0.07911438694900019,0.014589966110445152,97.31868323300002,-0.006230000000000156,0.0439701931868302,0.014612612512574803,97.454753401,9.86368
208410,0.0,256.64,52.40243,-1.569718,False,-0.057680000000000106,0.13467102138165304,0.07823449722244857,0.010699117304896446,97.35344577100001,-0.00024000000000015675,0.05020157589379535,0.015402557507634591,97.591137293,9.86551
208510,0.0,256.64,52.40243,-1.569718,False,-0.05733000000000012,0.134456742734027,0.08503577286506865,0.010136233137366418,97.562626581,-0.010690000000000156,0.0537717904150748,0.014257867223957136,97.5628089075,9.876059999999999
208610,0.0,256.64,52.40243,-1.569718,False,-0.04492000000000011,0.15017004287725141,0.07838756987689172,0.0106883165701589,97.428952534,-0.004610000000000157,0.05466269192865612,0.014167631339641487,97.604574334,9.8692
208710,0.0,256.64,52.40243,-1.569718,False,-0.05613000000000011,0.15622116124968435,0.0682556379444494,0.008000444431650995,97.61821933600001,0.0008199999999998437,0.05829939584209965,0.015005958075910805,97.682133371,9.878710000000002
208809,0.0,256.64,52.40243,-1.569718,False,-0.04510000000000011,0.1555580277580612,0.08214730941751003,0.006885774385043041,97.838821068,-0.005490000000000156,0.060206209535769196,0.015716519970980065,97.78976792350001,9.88984
208910,0.0,256.64,52.40243,-1.569718,False,-0.05235000000000012,0.14972245619434174,0.08689312464863955,0.0077877681864678425,97.562716803,-0.009950000000000157,0.061265274739342956,0.015693484139688664,97.62172600150001,9.875879999999999
209010,0.0,256.64,52.40243,-1.569718,False,-0.054220000000000115,0.15148788583755873,0.09299283664218391,0.012741201757097068,97.495855639,0.008249999999999844,0.05834029006135215,0.015065490367001493,97.5257049015,9.87241
209110,0.0,256.64,52.40243,-1.569718,False,-0.052250000000000116,0.14874051416992362,0.09128775018273533,0.014226813494772996,97.737435627,-0.011800000000000154,0.07650510513102637,0.01496809941168933,97.6838016815,9.884699999999999
209210,0.0,256.64,52.40243,-1.569718,False,-0.030020000000000113,0.16943441077754368,0.09355848794608951,0.014092235844746023,97.792922088,-0.010160000000000155,0.07561821062268045,0.01621891899392643,97.614803002,9.88728
209310,0.0,256.64,52.40243,-1.569718,False,-0.03588000000000011,0.1620830363321359,0.09531546744062924,0.01426595013751857,97.70185529099999,-0.015750000000000156,0.07517294504451026,0.015810576628685864,97.510269262,9.88275
209410,0.0,256.64,52.40243,-1.569718,False,-0.052810000000000114,0.18268599928103693,0.09759236308966995,0.014437147301840996,97.64315150499999,-0.030290000000000157,0.07048802025875257,0.0146768298120387,97.498298638,9.87936
209510,0.0,256.64,52.40243,-1.569718,False,-0.03400000000000012,0.1835482861083458,0.09797345218693657,0.01523656420856487,97.64898317199999,-0.020700000000000156,0.07044946179116607,0.014411049001774584,97.6058048765,9.87972
209610,0.0,256.64,52.40243,-1.569718,False,-0.026760000000000117,0.19376831067592068,0.10024009843084533,0.014501049770181336,97.73463476399999,-0.030760000000000155,0.06959864621926111,0.01625332786431389,97.58179364899999,9.883880000000001
209710,0.0,256.64,52.40243,-1.569718,False,-0.009290000000000121,0.18603824248429324,0.10184302954429025,0.0149190407791724,97.669988489,-0.035270000000000155,0.06437989765618257,0.015864078920574478,97.6441039125,9.880759999999999
209810,0.0,256.64,52.40243,-1.569718,False,-0.02333000000000012,0.19082262881179626,0.08902401735913934,0.014922481175638198,97.417280906,-0.028580000000000154,0.06613128021005288,0.016397659046962703,97.62805098700001,9.86797
209910,0.0,256.64,52.40243,-1.569718,False,-0.013920000000000122,0.1957598971528932,0.08596398729237444,0.014775238294508069,97.698025316,-0.036540000000000156,0.07253989247302702,0.015675391187689836,97.63037105949999,9.88214
210010,0.0,256.64,52.40243,-1.569718,False,0.018349999999999877,0.18990931315288473,0.06587679493723403,0.0125643278103591,97.933676096,-0.03600000000000016,0.07352958588213537,0.01575133151332482,97.7147658675,9.89429
210110,0.0,256.64,52.40243,-1.569718,False,0.024999999999999876,0.18113837558918702,0.06638347267608462,0.01048131141039694,97.764942181,-0.012210000000000155,0.06833282032326501,0.018360997310071053,97.751188904,9.88589
210210,0.0,256.64,52.40243,-1.569718,False,0.0011899999999998774,0.17042951915668272,0.059108827128758215,0.011072894833458236,97.55735537999999,-0.013410000000000154,0.06897352873867595,0.017190827657613525,97.675138734,9.875630000000001
210310,0.0,256.64,52.40243,-1.569718,False,0.007819999999999879,0.17694194151372028,0.0613464487796123,0.012552649122508922,97.805554131,-0.010920000000000155,0.06853551877188659,0.017280563905356313,97.753704711,9.888069999999999
210410,0.0,256.64,52.40243,-1.569718,False,0.02024999999999988,0.15446407888776242,0.07141982373483255,0.012790799644603107,97.689687312,0.0009899999999998452,0.06655975510770956,0.016922860934854882,97.66641940849999,9.882470000000001
210510,0.0,256.64,52.40243,-1.569718,False,0.0036999999999998783,0.15875282674641766,0.0640402824624569,0.01267673284203699,97.445260956,-0.001110000000000155,0.06614620926401052,0.017048167056848532,97.54712206399999,9.870099999999999
210610,0.0,256.64,52.40243,-1.569718,False,0.002819999999999878,0.1572811198670863,0.06641440272246862,0.012605999453238426,97.476307376,0.013129999999999845,0.0648148139788225,0.016163336426699156,97.60547107,9.871680000000001
210710,0.0,256.64,52.40243,-1.569718,False,0.005029999999999878,0.15729399967357766,0.07654164371318595,0.013780537805726262,97.32783685199999,0.010279999999999845,0.06538660753122692,0.015690393380749238,97.4989126705,9.864090000000001
210809,0.0,256.64,52.40243,-1.569718,False,0.012499999999999881,0.15106466606493893,0.0772147970856866,0.013614191941318078,97.16009467800001,0.010689999999999844,0.0654455575268349,0.013979095503977551,97.28868779199999,9.85566
210910,0.0,256.64,52.40243,-1.569718,False,-0.004140000000000119,0.14705581102266446,0.07489921302127417,0.013693047708541142,97.107911461,0.026219999999999844,0.045770558222488766,0.014830658934877365,97.4029683885,9.85309
211010,0.0,256.64,52.40243,-1.569718,False,-0.005060000000000118,0.14613466544397494,0.07559845750987954,0.011800451968441417,97.071121537,0.009759999999999845,0.050840145991555744,0.01629263296361584,97.5023988165,9.851230000000001
211110,0.0,256.64,52.40243,-1.569718,False,0.01586999999999988,0.13521482537051255,0.07666989920783807,0.01127670164510995,97.002540584,0.0037499999999998437,0.044674458275624204,0.014385057833985311,97.3837413825,9.847869999999999
211210,0.0,256.64,52.40243,-1.569718,False,0.01597999999999988,0.13516946400714255,0.0781342292332438,0.010776084631851502,97.060454168,0.008139999999999844,0.040578406956278734,0.014234215429278226,97.308904774,9.8508
211310,0.0,256.64,52.40243,-1.569718,False,0.00822999999999988,0.1259116008245482,0.07129500216304967,0.008841090932781799,96.93742264900001,0.00028999999999984317,0.05088949793423266,0.015552309581909302,97.37148839,9.84472
211410,0.0,256.64,52.40243,-1.569718,False,0.03500999999999989,0.10497732506477826,0.06363807036746631,0.008157076000731955,97.196530025,-0.004810000000000156,0.04846436147656967,0.01671581087867257,97.4431086685,9.85808
211510,0.0,256.64,52.40243,-1.569718,False,0.030349999999999877,0.11274348712394522,0.07559644612521482,0.0075501361278048915,96.960432769,-0.009700000000000156,0.05022555790297357,0.017693529890844713,97.20284686250001,9.845960000000002
211610,0.0,256.64,52.40243,-1.569718,False,0.01689999999999988,0.09139226809005713,0.07802113388966497,0.011857979029307594,96.982204868,-0.02480000000000016,0.04551136610169759,0.01694665158661778,97.22925612200001,9.847280000000001
211709,0.0,256.64,52.40243,-1.569718,False,0.018749999999999878,0.09155462546710934,0.07827403145420152,0.012294370888678602,97.437811073,-0.02835000000000016,0.04598343300700177,0.0168887207593442,97.3828239625,9.87038
211810,0.0,256.64,52.40243,-1.569718,False,0.03678999999999988,0.08997117377854683,0.0775082905965829,0.013092359943177674,97.458188721,-0.03767000000000016,0.04428325617856144,0.017260697166246827,97.30914169949999,9.871379999999998
211910,0.0,256.64,52.40243,-1.569718,False,0.019579999999999882,0.11937203096938581,0.07830057754920149,0.013284949713180047,97.294733352,-0.048550000000000156,0.037991585325620365,0.017197092777507906,97.2013224065,9.862860000000001
212010,0.0,256.64,52.40243,-1.569718,False,-0.01876000000000012,0.14193792226799615,0.07713473133336934,0.013237190873257677,97.453175061,-0.048280000000000156,0.037770352865096356,0.015897242947490873,97.262148299,9.87063
212110,0.0,256.64,52.40243,-1.569718,False,0.0006999999999998813,0.16324004138411996,0.0850229877417617,0.014189389619381465,97.85010563199998,-0.04977000000000016,0.03492948611128339,0.016826553089896442,97.42632310799999,9.89038
212210,0.0,256.64,52.40243,-1.569718,False,0.0006999999999998799,0.16324004138411996,0.08616763764818923,0.017157518597899723,97.742308852,-0.04516000000000016,0.043145392440992136,0.01649674715405681,97.40138151,9.88492
212311,0.0,256.64,52.40243,-1.569718,False,-0.03277000000000012,0.1715955454614136,0.09470940584571719,0.02099841263824865,97.483344119,-0.04140000000000015,0.04044450244194018,0.014962115120767618,97.210383384,9.871559999999999
212410,0.0,256.64,52.40243,-1.569718,False,-0.03982000000000012,0.1681208678962847,0.10108011618998607,0.02136653926102281,97.68006388699999,-0.042630000000000154,0.03943974447740215,0.016487692379414845,97.438296956,9.88149
212510,0.0,256.64,52.40243,-1.569718,False,-0.029980000000000118,0.1635186010485252,0.08692127025252869,0.021390924866856433,97.923988479,-0.03268000000000016,0.04932965752069871,0.01549722555808665,97.44221062400001,9.89405
212610,0.0,256.64,52.40243,-1.569718,False,-0.05763000000000011,0.16205502529141105,0.08262160398186878,0.020095936570846747,97.65046458399999,-0.029370000000000156,0.046904798380436756,0.01593850683088646,97.31633472600001,9.88015
212710,0.0,256.64,52.40243,-1.569718,False,-0.07379000000000012,0.1599124097052987,0.07674988888941402,0.019417028608745168,97.525885152,-0.016060000000000157,0.05802884723229821,0.01595857136457439,97.4818481125,9.87381
212810,0.0,256.64,52.40243,-1.569718,False,-0.08748000000000013,0.14775148655006895,0.07457808435967658,0.018698083680584968,97.64038280599999,-0.007460000000000158,0.05508220523301164,0.016411865626172636,97.5492857635,9.879679999999999
212910,0.0,256.64,52.40243,-1.569718,False,-0.055470000000000116,0.1507835317414409,0.0902905089147992,0.01910508949042813,97.428826687,-0.0034100000000001573,0.0507967945182726,0.016274386829152127,97.3617800195,9.86904
213010,0.0,256.64,52.40243,-1.569718,False,-0.03870000000000011,0.1338178529858986,0.0898955078601092,0.018769372214492278,97.38790452100001,0.008849999999999842,0.046183985921029104,0.015980338614073105,97.420539791,9.86727
213110,0.0,256.64,52.40243,-1.569718,False,-0.058410000000000115,0.09821567480680171,0.07861555119048222,0.018999076000735197,97.218719863,0.004359999999999842,0.04862094199003414,0.01544661415608947,97.5344127475,9.85906
213210,0.0,256.64,52.40243,-1.569718,False,-0.03698000000000011,0.12415922393792053,0.07845862320771302,0.01740411509428294,97.244325702,0.0071199999999998435,0.0514560394900177,0.016477071611396978,97.493317277,9.8602
213310,0.0,256.64,52.40243,-1.569718,False,-0.029010000000000112,0.11309961636628169,0.0701723346886,0.012752729555038022,97.431514304,0.01882999999999984,0.04993538157791105,0.016700116433339764,97.4574292115,9.86989
213410,0.0,256.64,52.40243,-1.569718,False,-0.03209000000000012,0.11252475727580062,0.06003732265187414,0.012026655579888874,97.282011456,0.016389999999999842,0.05250825226146653,0.014192799426250284,97.4810376715,9.862370000000002
213510,0.0,256.64,52.40243,-1.569718,False,-0.0033400000000001094,0.13939801688363138,0.06521620793844893,0.012889103925131052,97.463101608,0.010419999999999843,0.05141743759550009,0.013756194564162832,97.6935450435,9.87126
213610,0.0,256.64,52.40243,-1.569718,False,-0.004750000000000113,0.14137666984957534,0.0865688094978356,0.011188491110340133,97.171208496,0.020969999999999843,0.04928847171948718,0.014046098707011212,97.41083653999999,9.85629
213710,0.0,256.64,52.40243,-1.569718,False,-0.011010000000000113,0.1486070168074928,0.09164085939800745,0.01050312651830363,97.275948435,0.006449999999999845,0.05026406381411448,0.013872258487851532,97.4009167935,9.86146
213810,0.0,256.64,52.40243,-1.569718,False,-0.0025000000000001145,0.1500762398841197,0.09144624711383993,0.01064519192424154,97.254305137,0.008819999999999845,0.05119917100021611,0.014101225321005577,97.4473439715,9.86035
213909,0.0,256.64,52.40243,-1.569718,False,0.0006499999999998868,0.1528028231995596,0.07567271708616957,0.01057163920820143,97.63997518,0.004339999999999844,0.05713392065040831,0.013514144853053972,97.5344009335,9.87997
214010,0.0,256.64,52.40243,-1.569718,False,-0.014990000000000114,0.17041920503400554,0.07858237362498953,0.011767096309131687,97.518910408,-0.004120000000000156,0.0562735540808217,0.013343812548576514,97.4534074645,9.87355
214110,0.0,256.64,52.40243,-1.569718,False,-0.05445000000000012,0.1991483771239143,0.08933360758717615,0.01159301034596762,97.12804149600001,-0.0018500000000001553,0.05515697296502899,0.015302084099102088,97.17338067950001,9.85303
214210,0.0,256.64,52.40243,-1.569718,False,-0.05102000000000012,0.20388557684255684,0.09521869622718643,0.012067720948120841,97.330297825,-0.01722000000000016,0.05562407152781633,0.015363625874064209,97.28731176350001,9.86317
214310,0.0,256.64,52.40243,-1.569718,False,-0.021530000000000122,0.2105933999703909,0.09643765055484797,0.012818168528977584,97.249418083,-0.024860000000000153,0.047661659410642446,0.015020045864643452,97.3404661935,9.85904
214410,0.0,256.64,52.40243,-1.569718,False,-0.035320000000000115,0.21545033353931028,0.0997513709183791,0.013620311629390761,96.955528248,-0.028820000000000158,0.050890488087422456,0.01513929398025011,97.118769852,9.84396
214510,0.0,256.64,52.40243,-1.569718,False,-0.05586000000000012,0.19605124160104423,0.09882486191960732,0.012589011963416713,96.933120148,-0.03532000000000016,0.05205923549187327,0.01566234337505773,97.198110878,9.8431
214610,0.0,256.64,52.40243,-1.569718,False,-0.013740000000000118,0.20921589168443044,0.08365053230942252,0.012753478827953161,97.31597037200001,-0.041210000000000156,0.042645214659228284,0.015821700990109662,97.243589434,9.862559999999998
214710,0.0,256.64,52.40243,-1.569718,False,-0.00148000000000012,0.20118395562265418,0.07810431841871136,0.01233955248574198,96.97323036899999,-0.026500000000000155,0.057498888878138574,0.01606820186297539,97.124589402,9.845369999999999
214810,0.0,256.64,52.40243,-1.569718,False,-0.01602000000000012,0.20158106061824851,0.07972101981344447,0.011714739054026655,97.03333356099999,-0.03370000000000016,0.05291996052739021,0.014681568187447138,97.143819349,9.84839
214910,0.0,256.64,52.40243,-1.569718,False,-0.00934000000000012,0.2080632072765395,0.07847881242791445,0.011961233678176225,97.001698558,-0.026860000000000155,0.05058199503994013,0.015305409355968604,97.32083686899999,9.84668
215010,0.0,256.64,52.40243,-1.569718,False,0.022479999999999882,0.190931021866771,0.07805359697089648,0.011155287734400847,97.12198315399999,-0.02779000000000016,0.05087379701005744,0.016070086081439724,97.320446781,9.85308
215110,0.0,256.64,52.40243,-1.569718,False,0.03591999999999988,0.16444959241184762,0.0636849546167575,0.010902619460659126,97.335075241,-0.02314000000000016,0.05406568433138088,0.014873649331709423,97.2315583685,9.86437
215210,0.0,256.64,52.40243,-1.569718,False,0.018219999999999882,0.15210748977095992,0.0579685441528898,0.010896385740925942,97.245948517,-0.012800000000000155,0.05004211559608187,0.013800921869304948,97.288123171,9.86011
215311,0.0,256.64,52.40243,-1.569718,False,0.00555999999999988,0.14467464801324353,0.05579538909747328,0.010521623237333038,97.329833365,-0.015510000000000157,0.05065184980716084,0.014819735340206646,97.289625724,9.86449
215410,0.0,256.64,52.40243,-1.569718,False,0.01353999999999988,0.13617905043638678,0.041475295191284435,0.010458149400430139,97.522789597,-0.002190000000000157,0.04845668053929367,0.015498946200679169,97.2391589225,9.87443
215510,0.0,256.64,52.40243,-1.569718,False,0.015539999999999882,0.13653855947021135,0.03998916658968546,0.011882709193218688,97.503869053,0.0014799999999998432,0.04365844197350408,0.01498651616169952,97.2184946005,9.873470000000001
215610,0.0,256.64,52.40243,-1.569718,False,-0.002000000000000119,0.11511291075374779,0.04046828113313998,0.01231541040023271,97.518759068,-0.0036700000000001566,0.046729482722943014,0.013777796146876391,97.41736472000001,9.874480000000002
215710,0.0,256.64,52.40243,-1.569718,False,-0.0032500000000001187,0.11596549534706081,0.028999289264914452,0.012383932241844912,97.65473895400001,-0.012710000000000157,0.034864896385881985,0.013233392107274783,97.3139846615,9.88139
215810,0.0,256.64,52.40243,-1.569718,False,0.010459999999999883,0.1131120408168642,0.03279781327539482,0.012321025389938008,97.71771190700001,-0.001590000000000155,0.04374528419026628,0.013245024222887723,97.375522734,9.88459
215910,0.0,256.64,52.40243,-1.569718,False,0.006539999999999881,0.10630323712004432,0.045528740618575016,0.01069841109664579,97.901731658,-0.001630000000000155,0.043756042122437146,0.013083594477155713,97.451715108,9.89392
216010,0.0,256.64,52.40243,-1.569718,False,-0.01107000000000012,0.10934912538379188,0.05889174248929583,0.010857337508367761,97.703903259,0.006419999999999845,0.041994280033759546,0.01205387904361969,97.41294320649999,9.88382
216110,0.0,256.64,52.40243,-1.569718,False,0.002439999999999881,0.08688451083018388,0.05624247208967899,0.01087179837896332,97.81640634700001,-0.00015000000000015487,0.04298814436043762,0.012139650370143437,97.575740794,9.88973
216210,0.0,256.64,52.40243,-1.569718,False,-0.00528000000000012,0.08681339886331073,0.05618058185769743,0.010653371922830869,97.81383958,0.005799999999999845,0.04908088562089722,0.012001185126588813,97.5298940485,9.8896
216310,0.0,256.64,52.40243,-1.569718,False,-0.006430000000000119,0.0864135283903333,0.05794383871074048,0.010643145942266436,97.77006691700001,0.014729999999999846,0.04836507118892063,0.011675049369317052,97.549950141,9.88738
216410,0.0,256.64,52.40243,-1.569718,False,-0.00598000000000012,0.08596890652362016,0.056980546388729146,0.010400475416139216,97.85850371199999,0.007909999999999846,0.04757841363940903,0.012176484623075391,97.6906466545,9.89186
216510,0.0,256.64,52.40243,-1.569718,False,-0.01194000000000012,0.08396115768602769,0.057285487788822316,0.008631106533511795,97.70012905600001,0.003499999999999846,0.05376303976192854,0.012809909358617335,97.6019990545,9.88386
216609,0.0,256.64,52.40243,-1.569718,False,-0.02444000000000012,0.08176713819663008,0.06119076273864731,0.008752275894083835,97.536472273,0.010369999999999848,0.05028790554837913,0.012045935229519095,97.5276156705,9.87555
216710,0.0,256.64,52.40243,-1.569718,False,-0.02817000000000012,0.08534557268983355,0.06215561474667355,0.00859625887578386,97.645777499,0.011089999999999847,0.0500913709579075,0.011824193653428067,97.6502582265,9.88104
216810,0.0,256.64,52.40243,-1.569718,False,-0.03501000000000012,0.08094997700898754,0.06036537270915267,0.007417314577957454,97.596350563,0.003319999999999846,0.044497285809841365,0.01138498523877398,97.657031235,9.87856
216909,0.0,256.64,52.40243,-1.569718,False,-0.06839000000000012,0.05656910130274126,0.05455366878471515,0.006859737603788089,97.19927214399999,0.010089999999999846,0.04692375494113865,0.011713828484999717,97.550501901,9.858450000000001
217010,0.0,256.64,52.40243,-1.569718,False,-0.06794000000000011,0.0562439172017722,0.04889806744742829,0.00707684801098647,97.47764811100001,0.0021899999999998457,0.04901708205647905,0.012360083602665495,97.59077568500001,9.87259
217110,0.0,256.64,52.40243,-1.569718,False,-0.05418000000000012,0.06766022629432975,0.05483060378295866,0.007496488066165415,97.594128454,0.004119999999999846,0.047731280216534895,0.009622710405793693,97.70526740049999,9.87848
217210,0.0,256.64,52.40243,-1.569718,False,-0.06567000000000012,0.07428439420362681,0.07623054578845528,0.007474467650575113,97.18382939199999,0.0007599999999998462,0.043150130680868704,0.009181043271533488,97.498834486,9.85745
217310,0.0,256.64,52.40243,-1.569718,False,-0.06123000000000012,0.08072288743307682,0.09448287381603755,0.00773795838660475,97.584037096,-0.009390000000000153,0.04183234925799323,0.009951794924556901,97.67705200649999,9.87757
217410,0.0,256.64,52.40243,-1.569718,False,-0.04408000000000012,0.09337664233260423,0.09554552667058887,0.007492967072420832,97.43076102100001,-0.007040000000000155,0.0419672676684322,0.00935856114287238,97.6446323665,9.86979
217510,0.0,256.64,52.40243,-1.569718,False,-0.04870000000000012,0.09280923086261982,0.09517951460316068,0.008172453731458367,97.488482404,0.006699999999999845,0.03757998876468454,0.009289833152334552,97.59430573,9.8727
217610,0.0,256.64,52.40243,-1.569718,False,-0.027380000000000116,0.1107408566578353,0.09285244507092028,0.008799374977396449,97.61438484700001,0.0012899999999998447,0.03967233712968775,0.009330237581731115,97.57542856,9.87901
217710,0.0,256.64,52.40243,-1.569718,False,-0.01757000000000012,0.10616026720629192,0.09490572164044543,0.00812582303479665,97.38690374500001,-0.004160000000000155,0.04315461092910837,0.009156545927998598,97.516340622,9.867540000000002
217809,0.0,256.64,52.40243,-1.569718,False,-0.013420000000000121,0.10696274325400616,0.0948417278070526,0.007846612856906205,97.38415524000001,-0.007060000000000155,0.04388685452385804,0.009059194224555242,97.4902529015,9.8674
217910,0.0,256.64,52.40243,-1.569718,False,0.012139999999999878,0.09427247978292834,0.091211052571519,0.009554527722123653,97.47695352299999,-0.006240000000000157,0.04523730515598886,0.01071180034657485,97.33811283349999,9.87225
218010,0.0,256.64,52.40243,-1.569718,False,0.00981999999999988,0.0976354079669208,0.09017002704819221,0.010090171234839669,97.327510324,-0.001100000000000155,0.04324544934310615,0.011147715261602712,97.4025792175,9.864659999999999
218110,0.0,256.64,52.40243,-1.569718,False,0.002339999999999879,0.09673575921596536,0.08693595407658067,0.009864464844049892,97.255142237,-0.006010000000000155,0.04770752211826709,0.011247735574495434,97.4246353455,9.86103
218210,0.0,256.64,52.40243,-1.569718,False,0.03338999999999988,0.09054044461504186,0.06817973387454809,0.010481523425827245,97.515464258,-0.005870000000000155,0.0478639054449459,0.01118584919531981,97.34964682500001,9.87435
218310,0.0,256.64,52.40243,-1.569718,False,0.021299999999999878,0.09458867679461448,0.03902794013531955,0.009883454186644498,97.072371989,-0.001160000000000155,0.04527531090755809,0.011468778875150767,97.3282045425,9.85203
218410,0.0,256.64,52.40243,-1.569718,False,0.00401999999999988,0.09623077354856871,0.037741255058994706,0.01196998097063136,97.122182333,-0.004500000000000155,0.04594010593513699,0.013052049647400778,97.27647167699999,9.854569999999999
218510,0.0,256.64,52.40243,-1.569718,False,0.02648999999999988,0.10560580213427077,0.038855801798804504,0.011832985910089968,97.152833843,-0.013420000000000154,0.041050072404841535,0.01263199201315599,97.32065812350001,9.856
218609,0.0,256.64,52.40243,-1.569718,False,0.010549999999999879,0.09733591606151215,0.03949986779282506,0.01222558337592598,97.04396870699999,-0.010500000000000153,0.0402567868673988,0.012604919674405484,97.32917677700001,9.85058
218710,0.0,256.64,52.40243,-1.569718,False,0.00856999999999988,0.09820134701486391,0.048269111357125846,0.012329837342062465,96.94944566299999,9.999999999984536e-05,0.04189123482966126,0.01264294269536228,97.168174704,9.84574
218810,0.0,256.64,52.40243,-1.569718,False,0.01278999999999988,0.09982190196088887,0.061494881449917584,0.012325655267392759,97.09099107899999,0.0035099999999998453,0.04053474367061804,0.013421297337457243,97.23757315949999,9.852839999999999
218910,0.0,256.64,52.40243,-1.569718,False,0.003959999999999881,0.09686135796407565,0.06329301874865371,0.010850314895253722,97.032989004,-0.002500000000000155,0.03468525142859627,0.01201497214119828,97.2549712635,9.849920000000001
219010,0.0,256.64,52.40243,-1.569718,False,0.00995999999999988,0.08950971641845097,0.06324286169719598,0.011054918462614338,97.058627324,-0.002310000000000155,0.03474578951307858,0.011900401487083146,97.193068824,9.85128
219110,0.0,256.64,52.40243,-1.569718,False,0.01307999999999988,0.08885979968454914,0.05907369126858102,0.011278204151447107,96.92676432699999,0.008679999999999844,0.02960937539208433,0.012899595170150543,97.090953282,9.84461
219210,0.0,256.64,52.40243,-1.569718,False,0.0024499999999998807,0.07511896121027936,0.06237790207086743,0.010151677474604085,96.81765598299998,-0.0006900000000001551,0.03231454608821172,0.013885039911053504,97.16656012050001,9.83916
219310,0.0,256.64,52.40243,-1.569718,False,0.00147999999999988,0.07608572358406962,0.061843789772531826,0.009535454309141001,96.889169497,0.007799999999999844,0.04149034693621093,0.012908722288023934,96.98077074300001,9.84279
219410,0.0,256.64,52.40243,-1.569718,False,0.00496999999999988,0.07255466980897407,0.0663702075071313,0.009233640187051806,97.027287007,0.009689999999999845,0.04010074673727592,0.011823028376782957,97.07473467,9.8498
219510,0.0,256.64,52.40243,-1.569718,False,-0.006650000000000121,0.049690872177451585,0.06493964377349906,0.008728121854324453,96.924573807,0.009359999999999844,0.04049450442822021,0.012986356087935481,97.038703825,9.844719999999999
219610,0.0,256.64,52.40243,-1.569718,False,-0.011700000000000122,0.052957026603130605,0.07753973103503377,0.007833148933541942,96.707957693,0.015539999999999842,0.04234302251320522,0.013405736748720398,96.87596319999999,9.833609999999998
219711,0.0,256.64,52.40243,-1.569718,False,-0.008710000000000122,0.05209398451069241,0.07921462336999734,0.008637489346739993,97.08997178999999,0.007739999999999844,0.041753541433278224,0.01274570080015627,97.0197087265,9.853010000000001
219810,0.0,256.64,52.40243,-1.569718,False,-0.006440000000000124,0.056055175199482894,0.0662354462008772,0.010885204024706798,96.83025307099999,1.9999999999843755e-05,0.04900804469107816,0.011867396981197079,96.96062207499999,9.83989
219910,0.0,256.64,52.40243,-1.569718,False,-0.008210000000000123,0.0563220590294014,0.06536181012118658,0.01079960904608967,96.864251535,0.004409999999999844,0.05125898186874654,0.012511683428717217,96.9486202695,9.84162
220010,0.0,256.64,52.40243,-1.569718,False,-0.0067200000000001234,0.05480591614435889,0.07090124274170012,0.011754696460637095,97.008497932,0.001959999999999844,0.0516259667652114,0.012665631536581031,97.033562628,9.84892
220110,0.0,256.64,52.40243,-1.569718,False,-0.00026000000000012125,0.06055387316707048,0.07224213990375272,0.011204785683583865,96.922768117,-0.007310000000000155,0.05144108712345341,0.010506484769914021,96.924766222,9.84453
220210,0.0,256.64,52.40243,-1.569718,False,-0.016510000000000122,0.06702575707210692,0.06946501597595546,0.011384926681730523,97.00003513300001,-0.009370000000000156,0.05374166705430769,0.009767633626671305,96.908845558,9.84842
220310,0.0,256.64,52.40243,-1.569718,False,-0.02405000000000012,0.07725899084666192,0.07042532372887801,0.012225456137527277,97.06877152499999,-0.022540000000000154,0.044175639340131925,0.010760607169898892,96.97897051099999,9.85182
220410,0.0,256.64,52.40243,-1.569718,False,-0.0012800000000001226,0.09996204613074285,0.06731242992432807,0.011382388930738778,96.994010127,-0.029700000000000153,0.04738696492119699,0.013392970793101894,97.010648567,9.84789
220510,0.0,256.64,52.40243,-1.569718,False,-0.006910000000000122,0.0983695464391532,0.06817626582849219,0.011590724260447036,97.084893162,-0.025110000000000153,0.04897004640025113,0.013061091497624728,97.0047334845,9.852509999999999
220610,0.0,256.64,52.40243,-1.569718,False,-0.019170000000000124,0.11288579331922725,0.05246020820144412,0.011726588970443014,97.246337234,-0.039690000000000156,0.04409609330136592,0.013248832233588342,96.9771474635,9.86063
220710,0.0,256.64,52.40243,-1.569718,False,-0.007580000000000124,0.11979562967348574,0.04988660586308682,0.010613413944079626,97.217657513,-0.045350000000000154,0.045538609991943445,0.013409950699983643,97.1538146515,9.859129999999999
220809,0.0,256.64,52.40243,-1.569718,False,-0.013940000000000122,0.11573561057657904,0.05194300829953095,0.010201002129069109,97.341781553,-0.04283000000000016,0.044518187294613966,0.013203572748750529,97.086017312,9.86545
220911,0.0,256.64,52.40243,-1.569718,False,-0.022930000000000124,0.11999963935121796,0.0562063499782014,0.010346599011459729,97.276556389,-0.056100000000000164,0.03293879846689601,0.013712609768562695,97.070403962,9.86206
221010,0.0,256.64,52.40243,-1.569718,False,-0.027910000000000122,0.12230066275817564,0.055471990931208734,0.008691381426674393,97.26579789299998,-0.061920000000000155,0.0300842446768426,0.013621469980977048,97.1371479125,9.86148
221110,0.0,256.64,52.40243,-1.569718,False,-0.04529000000000012,0.11833631404687231,0.056860633717537315,0.008462341414469875,97.53615166,-0.06057000000000016,0.031060373110703778,0.01415536411864945,97.2294598885,9.87515
221210,0.0,256.64,52.40243,-1.569718,False,-0.03394000000000012,0.11660412800001774,0.05821658412136549,0.008392198757943545,97.511920088,-0.055620000000000155,0.03300820773347325,0.013885087924276238,97.2559776105,9.87398
221310,0.0,256.64,52.40243,-1.569718,False,-0.02241000000000012,0.10978225367608446,0.05916080628332561,0.009523707260979307,97.555998354,-0.05744000000000016,0.0331530859967735,0.012017838592802794,97.31238493949999,9.87631
221410,0.0,256.64,52.40243,-1.569718,False,-0.049030000000000115,0.0843996583720045,0.06223916237728502,0.0099374711736016,97.668201665,-0.05672000000000016,0.03267376793560024,0.011145108543332364,97.33110589600001,9.8821
221510,0.0,256.64,52.40243,-1.569718,False,-0.03341000000000012,0.10498597207870768,0.06663122724771463,0.009106041949872157,97.814077461,-0.061530000000000154,0.024092094138915242,0.011379006010016575,97.44948531150001,9.88934
221610,0.0,256.64,52.40243,-1.569718,False,-0.02890000000000012,0.09842329218443331,0.06616566833909242,0.00910194728820571,97.818275283,-0.05517000000000016,0.02375238233662072,0.01146240715452009,97.53230625850001,9.88963
221711,0.0,256.64,52.40243,-1.569718,False,-0.06467000000000012,0.10807189016771226,0.0645978164412811,0.00954151164319769,97.71131234,-0.055850000000000156,0.0246573067826988,0.01252273044411612,97.46448492649999,9.883970000000001
221810,0.0,256.64,52.40243,-1.569718,False,-0.04845000000000012,0.13246179533057809,0.08192126029902352,0.009873089125583837,97.982309765,-0.04548000000000016,0.04320364696538295,0.012972278134476406,97.66204565900001,9.897380000000002
221910,0.0,256.64,52.40243,-1.569718,False,-0.04356000000000011,0.13067592824311597,0.08161992948404437,0.014276180628100862,97.98535154000001,-0.042590000000000156,0.04115459877095546,0.011696267210733552,97.63095396450001,9.897580000000001
222010,0.0,256.64,52.40243,-1.569718,False,-0.039020000000000124,0.1292510545840494,0.09187215090115101,0.014013124799968654,97.662070071,-0.040100000000000156,0.039759191809337104,0.012782731406879992,97.463933982,9.88119
222110,0.0,256.64,52.40243,-1.569718,False,-0.033220000000000124,0.1275607201818459,0.09628946463706398,0.014036555449315856,97.75293655099999,-0.03476000000000016,0.04394560273791131,0.013585322962602476,97.64454410549999,9.88579
222210,0.0,256.64,52.40243,-1.569718,False,-0.01800000000000012,0.14051910111353452,0.09240341744571619,0.01437725441234437,97.928097202,-0.03161000000000015,0.046040862285564484,0.014988276900386444,97.720008645,9.89456
222310,0.0,256.64,52.40243,-1.569718,False,0.0040999999999998815,0.15492286969822658,0.09597770574509731,0.01375217558519966,97.73720243400001,-0.024770000000000156,0.0451053101086591,0.015172987693719688,97.646600394,9.884699999999999
222409,0.0,256.64,52.40243,-1.569718,False,-0.006280000000000119,0.1647583469474823,0.09421168894264768,0.013938041469045355,97.637571499,-0.013320000000000155,0.04596998537691571,0.014704122626679758,97.65288658200001,9.879529999999999
222510,0.0,256.64,52.40243,-1.569718,False,-0.02031000000000012,0.1557761246147109,0.09060106940798819,0.013661580354066104,97.518801571,-0.012420000000000157,0.045527788827855936,0.014307655293520797,97.666439516,9.873660000000001
222610,0.0,256.64,52.40243,-1.569718,False,0.008279999999999881,0.15723045930515975,0.08742764881815573,0.014227188368814035,97.60289571199999,-0.010060000000000156,0.04525859525485441,0.015423520998728337,97.71058549749999,9.87794
222710,0.0,256.64,52.40243,-1.569718,False,0.01549999999999988,0.14521539557185156,0.08866923555228523,0.01346384458852442,97.51427197999999,0.006649999999999845,0.04416019449431852,0.01574543672865226,97.61279216,9.8736
222810,0.0,256.64,52.40243,-1.569718,False,-0.004810000000000119,0.13213086484399666,0.07367827962827866,0.01215182199386593,97.344765575,-0.004220000000000156,0.04409587534249093,0.015826700364973707,97.66353767000001,9.8653
222910,0.0,256.64,52.40243,-1.569718,False,0.026479999999999882,0.1519141263271987,0.06852783781536344,0.010513504542758545,97.542705265,0.007969999999999844,0.044879840809759694,0.015890979271915132,97.7640284025,9.87507
223010,0.0,256.64,52.40243,-1.569718,False,0.02393999999999988,0.15363599983214457,0.06800278180652979,0.010507399508787645,97.548516305,0.014229999999999845,0.04011716313220602,0.015271924131060923,97.605293188,9.875350000000001
223110,0.0,256.64,52.40243,-1.569718,False,0.014179999999999878,0.16112335371102887,0.06105912344317619,0.010507034680184745,97.463759549,0.005049999999999846,0.04856833101699133,0.014286827654964501,97.60834805,9.87101
223210,0.0,256.64,52.40243,-1.569718,False,0.009469999999999878,0.15724980162496002,0.061456272621579176,0.00951487723944531,97.47758655,-0.0019700000000001535,0.052747196871265604,0.012973374443168546,97.70284187600001,9.871770000000001
223310,0.0,256.64,52.40243,-1.569718,False,-0.011870000000000122,0.14391260503815118,0.06647250058051846,0.009870883107714366,97.402154995,-0.007310000000000154,0.055129835640749546,0.013928551811073909,97.5696787145,9.8681
223410,0.0,256.64,52.40243,-1.569718,False,-0.016990000000000123,0.15163027731946535,0.06641212740727687,0.012107408200195421,97.400006435,-0.016510000000000153,0.05377633618360056,0.013574260773750077,97.518788967,9.867880000000001
223510,0.0,256.64,52.40243,-1.569718,False,-0.02301000000000012,0.1516832038602536,0.06563306162195737,0.013313239024601076,97.35497945200001,-0.014610000000000154,0.053637185484185855,0.013488039969559587,97.4368905115,9.865590000000001
223610,0.0,256.64,52.40243,-1.569718,False,-0.025700000000000122,0.1485974726866739,0.06494740094093421,0.012671003643206766,97.43017584,-0.022660000000000152,0.05776643008220905,0.012733612562313316,97.516535776,9.86944
223710,0.0,256.64,52.40243,-1.569718,False,-0.03398000000000012,0.15993221341826896,0.07112625784933159,0.014857829959450309,97.31874131700002,-0.03301000000000015,0.04544673194458278,0.01202416086230799,97.4165066485,9.86357
223810,0.0,256.64,52.40243,-1.569718,False,-0.05846000000000012,0.17487717086248436,0.062969542020864,0.015219738645498256,97.068633389,-0.031230000000000153,0.04492675644248935,0.012324866463031079,97.206699482,9.85059
223910,0.0,256.64,52.40243,-1.569718,False,-0.07090000000000012,0.15380143042240396,0.06579212127844083,0.013849271942097285,97.12936007700002,-0.04686000000000015,0.03324305107000227,0.013053632955294396,97.33603267100001,9.85389
224010,0.0,256.64,52.40243,-1.569718,False,-0.05299000000000013,0.16270378299221472,0.05856491175595835,0.014306754426320943,97.253264113,-0.050930000000000156,0.026956180491030383,0.01137885465816083,97.400890209,9.8602
224110,0.0,256.64,52.40243,-1.569718,False,-0.052660000000000116,0.16251454088781625,0.06425119108352603,0.015203000434619881,96.82240523800002,-0.05257000000000015,0.028878444479471153,0.011324118803018703,97.14308239350001,9.8383
224210,0.0,256.64,52.40243,-1.569718,False,-0.05818000000000012,0.1573792362415629,0.07393740295446703,0.01556884709902541,96.948320682,-0.06015000000000015,0.03931251567741808,0.012217296482100622,97.21295361600001,9.84468
224310,0.0,256.64,52.40243,-1.569718,False,-0.030280000000000112,0.18633594392917827,0.06953966414201267,0.01641951751874533,97.097239806,-0.05132000000000016,0.049653416577070696,0.011863370328611105,97.2496974005,9.85194
224410,0.0,256.64,52.40243,-1.569718,False,-0.004130000000000115,0.1712985441333355,0.06899554655584643,0.013929329568039347,96.980530892,-0.05737000000000014,0.053133334378905404,0.012141320631005554,97.1902686635,9.846309999999999
224510,0.0,256.64,52.40243,-1.569718,False,-0.009390000000000117,0.17369868194977514,0.06897685682802097,0.013524545586679216,96.98055722,-0.06050000000000015,0.050880775675412875,0.01211889708945831,97.16776833600001,9.84627
224610,0.0,256.64,52.40243,-1.569718,False,-0.0008000000000001172,0.18255293904928963,0.06889973713936703,0.0144400715600547,96.855142972,-0.054530000000000155,0.05123998113451069,0.011034617246465388,97.142659406,9.83976
224710,0.0,256.64,52.40243,-1.569718,False,0.014739999999999882,0.163537635491652,0.07048367502151935,0.013411375768087059,97.16988876399999,-0.050000000000000155,0.05599160651381901,0.011569000725040655,97.2443150405,9.85602
224810,0.0,256.64,52.40243,-1.569718,False,0.05299999999999988,0.13406272992720258,0.07429813890359714,0.013262880531499599,97.379076323,-0.05421000000000016,0.056328529380950176,0.011484849923964665,97.22385485599999,9.866869999999999
224910,0.0,256.64,52.40243,-1.569718,False,0.05623999999999988,0.13633353056212577,0.07276772865376421,0.013879901536376157,97.20422923499999,-0.044150000000000154,0.05800615388807656,0.012001092542782739,97.166794656,9.85797
225010,0.0,256.64,52.40243,-1.569718,False,0.029869999999999876,0.15188819755179755,0.07312805815132434,0.013490576957991704,97.19322576299999,-0.03340000000000015,0.0701461173392804,0.014793452004871492,97.223244938,9.85732
225110,0.0,256.64,52.40243,-1.569718,False,0.035399999999999876,0.14611138065028995,0.05669560927624251,0.012816499781902134,97.503635499,-0.02977000000000015,0.06782708488828601,0.014426657424457623,97.1630203685,9.87321
225210,0.0,256.64,52.40243,-1.569718,False,0.04974999999999988,0.15460284063791263,0.04684519304266955,0.012415742694639612,97.35622259399999,-0.014670000000000152,0.057438915379717,0.013644469779136534,97.152271638,9.86561
225310,0.0,256.64,52.40243,-1.569718,False,0.012279999999999874,0.14416986740177318,0.05369533913235713,0.011085430878888261,97.22626268699999,-0.01689000000000015,0.055695550390777414,0.014301732606707845,97.1617512465,9.85925
225410,0.0,256.64,52.40243,-1.569718,False,-0.004740000000000126,0.15281343163762456,0.05533599290882634,0.011075719188765374,97.189961227,-0.010110000000000152,0.046268142387589806,0.015224964878572628,97.0852460595,9.85729
225510,0.0,256.64,52.40243,-1.569718,False,0.011889999999999875,0.14984325476970323,0.05753337292471454,0.010941033873224813,97.25614100199998,-0.003570000000000152,0.04605405157708648,0.01627733256875249,97.118349111,9.860669999999999
225610,0.0,256.64,52.40243,-1.569718,False,-0.025320000000000127,0.14313594781023203,0.05502749312928878,0.008563754368366542,97.33509799699999,0.004299999999999847,0.048654975764714246,0.0174363732212099,97.09512048449999,9.864749999999999
225710,0.0,256.64,52.40243,-1.569718,False,-0.02424000000000013,0.14249972475599199,0.05704584511196465,0.008563754368366542,97.36132650399999,-0.0035200000000001523,0.05185192164014804,0.016480951968135604,97.265607634,9.86608
225810,0.0,256.64,52.40243,-1.569718,False,-0.025760000000000127,0.14083788316114113,0.05108370038024767,0.008496953702065864,97.21482963599999,0.008039999999999848,0.04617575602459264,0.016237614083027284,97.29695297949999,9.8587
225910,0.0,256.64,52.40243,-1.569718,False,-0.05040000000000013,0.12628840010063366,0.050078209944100005,0.007431531918756444,97.263599876,0.006989999999999848,0.04625313082494385,0.015592719098576228,97.2339145555,9.86126
226010,0.0,256.64,52.40243,-1.569718,False,-0.051370000000000124,0.12730216939750497,0.048134396341958756,0.007006734854849359,97.39811488800001,-0.008120000000000151,0.04435765748747401,0.014676451281574745,97.2956703255,9.86807
226110,0.0,256.64,52.40243,-1.569718,False,-0.038460000000000126,0.13060206055878307,0.052069611526664075,0.006871268683886628,97.49145034,-0.0019800000000001518,0.04160373380677435,0.014831887569932005,97.49754291949999,9.872800000000002
226210,0.0,256.64,52.40243,-1.569718,False,-0.046950000000000124,0.1156909988815032,0.05315814978893317,0.00946222900645545,97.368562369,-0.004510000000000152,0.04125803490767248,0.015056117250635418,97.3623924815,9.8667
226310,0.0,256.64,52.40243,-1.569718,False,-0.04554000000000012,0.11479915020968862,0.04435838891077759,0.011287362648040635,97.51948111200001,-0.01783000000000015,0.05436169096379121,0.013901242949958464,97.3728718995,9.8744
226410,0.0,256.64,52.40243,-1.569718,False,-0.04080000000000013,0.11095780979964119,0.043750474284194034,0.011485623864134866,97.805206572,-0.016480000000000154,0.05382107806838077,0.013367327498144831,97.4975838995,9.88892
226510,0.0,256.64,52.40243,-1.569718,False,-0.03166000000000013,0.12346310470014954,0.05499771813532829,0.011640809440810968,97.55143681900002,-0.027640000000000154,0.055909394956865276,0.012245856442005768,97.4037889105,9.87593
226610,0.0,256.64,52.40243,-1.569718,False,-0.023110000000000123,0.115605809638617,0.05605632584070974,0.011706142736640779,97.51620344800001,-0.04063000000000015,0.04962217358308115,0.010889388310460432,97.4256507225,9.87425
226711,0.0,256.64,52.40243,-1.569718,False,-0.019940000000000124,0.11383348657861894,0.049944864045646555,0.01110445856369543,97.38876852300001,-0.03639000000000015,0.04985990261610233,0.011756799451021843,97.3750475135,9.86785
226810,0.0,256.64,52.40243,-1.569718,False,-0.021490000000000127,0.11200686933289279,0.05232099748543616,0.011105674225044996,97.49291254,-0.050610000000000155,0.046311228540033667,0.012002522882867996,97.353871088,9.87313
226910,0.0,256.64,52.40243,-1.569718,False,-0.019660000000000125,0.11090176033058448,0.052801495139647416,0.010676771255265973,97.47291573100001,-0.05186000000000015,0.04496658512469141,0.012013714385299313,97.36825780350001,9.87213
227010,0.0,256.64,52.40243,-1.569718,False,-0.013560000000000128,0.10278900935616825,0.0565901247773418,0.01050589781416698,97.57165493400001,-0.04820000000000015,0.044724465092118366,0.012438242998394237,97.48488491100001,9.8772
227110,0.0,256.64,52.40243,-1.569718,False,0.0025599999999998736,0.12416082044393655,0.05464116173406857,0.0103337042940697,97.532390463,-0.06493000000000015,0.05194865092889029,0.012258896995805544,97.5119204015,9.87501
227211,0.0,256.64,52.40243,-1.569718,False,-0.0056900000000001255,0.11889477560702456,0.07497684383331471,0.011534470078544167,97.295794083,-0.06799000000000016,0.04923631112635976,0.011639129406083065,97.33217822600001,9.862960000000001
227309,0.0,256.64,52.40243,-1.569718,False,-0.010370000000000126,0.12403925050823504,0.0750639312710957,0.009048198101374747,97.33014816300002,-0.06013000000000015,0.04617166158296329,0.013092406620225545,97.4248146375,9.86464
227410,0.0,256.64,52.40243,-1.569718,False,0.017139999999999874,0.13177373031062842,0.0695793463934446,0.012172080986765777,97.21799085300002,-0.06302000000000016,0.04495775300828451,0.013561612490096736,97.5115987125,9.858889999999999
227510,0.0,256.64,52.40243,-1.569718,False,0.027039999999999877,0.1461195948529091,0.06390221783739818,0.013989615195785928,97.362170109,-0.051390000000000144,0.05245411645744952,0.01546122030538173,97.456803464,9.86603
227610,0.0,256.64,52.40243,-1.569718,False,0.032069999999999876,0.14271774046846028,0.07057844808032966,0.014254215750419122,97.231217173,-0.04934000000000015,0.05177732665514796,0.016599159951917016,97.3737103105,9.85938
227710,0.0,256.64,52.40243,-1.569718,False,0.02891999999999988,0.14538180231522363,0.07475790853804584,0.014269921746789531,97.340351338,-0.050410000000000156,0.05109023498780812,0.016468974197239087,97.36455993050001,9.864860000000002
227810,0.0,256.64,52.40243,-1.569718,False,0.04176999999999988,0.1567430668322475,0.07289713910012599,0.016144692970259257,97.280187901,-0.039840000000000146,0.04973318141172612,0.016428109379231472,97.3865502205,9.86162
227910,0.0,256.64,52.40243,-1.569718,False,0.06603999999999988,0.15595743863838382,0.07774152043852288,0.01685094458260911,97.49241882999999,-0.04436000000000015,0.04910309336259897,0.015561719413655006,97.48266728050001,9.87222
228010,0.0,256.64,52.40243,-1.569718,False,0.06621999999999988,0.15572742425997183,0.08612755398622887,0.017517296214299035,97.080998866,-0.03766000000000015,0.05484803652920891,0.015408183251419587,97.3263269,9.8513
228110,0.0,256.64,52.40243,-1.569718,False,0.04448999999999988,0.1483436509519575,0.09366691814963318,0.018811686674734582,97.212605017,-0.023690000000000152,0.034539589201675915,0.016241154857624094,97.37249774,9.85814
228210,0.0,256.64,52.40243,-1.569718,False,0.056309999999999874,0.15147131338229128,0.08237929891047285,0.017079864688299116,97.703616733,-0.019240000000000153,0.0348694135310346,0.01655073009461766,97.499705408,9.883
228310,0.0,256.64,52.40243,-1.569718,False,0.06514999999999989,0.14014541852415982,0.08879529517118294,0.01758813046705537,97.511070221,-0.012070000000000154,0.03708488910591872,0.016694047508631252,97.420609192,9.8733
228410,0.0,256.64,52.40243,-1.569718,False,0.03271999999999988,0.14954523507391226,0.08846965644335032,0.016121348854290105,97.45639431500001,-0.008230000000000154,0.03352584575117557,0.015387570741723627,97.33719258400001,9.87057
228511,0.0,256.64,52.40243,-1.569718,False,-0.004970000000000123,0.13467076767674835,0.08894940447045335,0.015181454329160418,97.568522812,-0.006020000000000154,0.03683267872719147,0.013755661460665458,97.4653464605,9.87649
228610,0.0,256.64,52.40243,-1.569718,False,0.009279999999999877,0.13882683698278525,0.08199962127339402,0.015952415351550567,97.90344042899999,0.004779999999999846,0.03651200107116136,0.012051537476760825,97.567328801,9.89343
228709,0.0,256.64,52.40243,-1.569718,False,0.007709999999999874,0.1402177310866542,0.08107660301003938,0.017103505163612438,97.736895429,0.005419999999999847,0.03597439830395497,0.010807733856332954,97.5386233835,9.885
228810,0.0,256.64,52.40243,-1.569718,False,0.0035799999999998723,0.13373505980931236,0.08192655247288037,0.015572611284400961,97.80853783,-0.002710000000000154,0.044930179167217615,0.013005024669906646,97.5443628655,9.8887
228910,0.0,256.64,52.40243,-1.569718,False,0.010929999999999874,0.14544730278993515,0.09107068317205183,0.015084462204295747,97.960210273,0.006719999999999846,0.04169963495708108,0.01480528809425098,97.7263145515,9.89614
229010,0.0,256.64,52.40243,-1.569718,False,-0.00676000000000013,0.1706594738066951,0.13097302521292623,0.014527846823468409,97.650168518,-0.004760000000000154,0.048954427787466566,0.014415577993514582,97.365583692,9.8797
229110,0.0,256.64,52.40243,-1.569718,False,-0.016020000000000128,0.17315586940987332,0.12743967461807054,0.012284176813805048,97.53931393,-0.011330000000000154,0.05514044794883596,0.01644445195189594,97.37595947349999,9.874080000000001
229210,0.0,256.64,52.40243,-1.569718,False,-0.036440000000000125,0.16381976003448306,0.13077281232938717,0.014886940585386263,97.613385766,-0.018750000000000155,0.057905943851487576,0.015496268367950611,97.6585012495,9.877880000000001
229310,0.0,256.64,52.40243,-1.569718,False,-0.0050500000000001264,0.18661076097344756,0.12672221764369399,0.015855251495729212,97.91805983100001,-0.024920000000000154,0.05534101954646979,0.015847470881233623,97.714565026,9.893040000000001
229409,0.0,256.64,52.40243,-1.569718,False,-0.014990000000000132,0.19757399992008676,0.13073532209979238,0.014620442309525198,97.769895279,-0.021260000000000154,0.05686252818077484,0.016249338448017337,97.613144797,9.885299999999999
229510,0.0,256.64,52.40243,-1.569718,False,-0.02855000000000013,0.21014773242750523,0.13054473732991637,0.01654858503496572,97.691640667,-0.03028000000000015,0.05091685597344495,0.016190261132970344,97.63008173950001,9.88108
229610,0.0,256.64,52.40243,-1.569718,False,-0.017600000000000133,0.22071575486227168,0.1345494721079809,0.01497233003441647,97.81005205000001,-0.035700000000000155,0.04347936930952285,0.017903025814971867,97.8567462395,9.886840000000001
229710,0.0,256.64,52.40243,-1.569718,False,-0.013120000000000132,0.21906684317293612,0.1371773746330039,0.014431096824163409,97.698610321,-0.02746000000000015,0.05360406700986699,0.019493417692430143,97.717752875,9.88121
229810,0.0,256.64,52.40243,-1.569718,False,-0.04650000000000013,0.21194003869013933,0.13699437498624148,0.01511968915000655,97.529487521,-0.02645000000000015,0.05260247670551135,0.017618692724817853,97.6690126755,9.87269
229910,0.0,256.64,52.40243,-1.569718,False,-0.06301000000000012,0.19229904055917085,0.1306970814945952,0.014983802365426454,97.40320973300001,-0.026070000000000156,0.053113380820849,0.017036369592348725,97.681710003,9.86664
230010,0.0,256.64,52.40243,-1.569718,False,-0.03283000000000012,0.17585261537239413,0.07914698281665726,0.015863378510601267,97.904809201,-0.012840000000000152,0.054047555191891083,0.016641544399430462,97.7774888595,9.89294
230110,0.0,256.64,52.40243,-1.569718,False,-0.015620000000000125,0.17703121382017534,0.08113872619767394,0.017442986492301235,97.712412742,-0.002720000000000152,0.04819215703823888,0.015099977924869563,97.62586333600001,9.88322
230210,0.0,256.64,52.40243,-1.569718,False,-0.005940000000000124,0.17704214940698362,0.0743336741403503,0.013912140980434856,97.606521286,0.005669999999999847,0.04185090069385789,0.015186968097622867,97.609953526,9.87792
230310,0.0,256.64,52.40243,-1.569718,False,-0.03434000000000012,0.1523571039075269,0.07236985637131312,0.013281315195648352,97.440723333,0.010609999999999847,0.03984331674054192,0.015045578900217137,97.67939158200001,9.86985
230410,0.0,256.64,52.40243,-1.569718,False,0.007879999999999882,0.1441067027509683,0.0692656440418882,0.013351670723319201,97.49623724099999,0.011629999999999849,0.04013183967317987,0.01494578721759982,97.63306625999999,9.87285
230510,0.0,256.64,52.40243,-1.569718,False,0.03749999999999988,0.1092129825411518,0.07463917723200095,0.011420357067464283,97.67641523699999,0.020619999999999847,0.03754049073257688,0.015322768099153516,97.684027952,9.88227
230610,0.0,256.64,52.40243,-1.569718,False,0.01799999999999988,0.08873354620548224,0.06624130970327442,0.011479397002821254,97.29604628799999,0.022019999999999845,0.03686647980661535,0.01248002848992441,97.55304916899999,9.863299999999999
230710,0.0,256.64,52.40243,-1.569718,False,0.02194999999999988,0.08540544153871404,0.06530001616541853,0.011644879656529218,97.56028459000001,0.01775999999999985,0.03390913347951527,0.01105670234133491,97.62944745550001,9.87671
230810,0.0,256.64,52.40243,-1.569718,False,0.05277999999999988,0.06823037446752354,0.07300715718401456,0.01069216223811429,97.870361137,0.02295999999999985,0.020351969601611276,0.010105031749820501,97.69992432900001,9.892349999999999
230910,0.0,256.64,52.40243,-1.569718,False,0.04166999999999988,0.07238710827504335,0.07601466305978748,0.010948794961270238,97.504171568,0.025019999999999848,0.023082740064540187,0.009995582357465756,97.4536906505,9.87383
231010,0.0,256.64,52.40243,-1.569718,False,0.02313999999999988,0.09932986794839171,0.07417480030369217,0.009997688621406578,97.59932677100001,0.021019999999999848,0.021676705366678786,0.00830141219568448,97.752067986,9.87851
231110,0.0,256.64,52.40243,-1.569718,False,0.013409999999999877,0.09869931272968181,0.07307456541918532,0.007383532728198843,97.804294118,0.02726999999999985,0.02817019898952345,0.01130520529070047,97.75835343,9.88891
231210,0.0,256.64,52.40243,-1.569718,False,0.009019999999999879,0.09846998188946465,0.07205030958437145,0.00682825014134869,97.58954955,0.029329999999999846,0.027744470920615893,0.011661470271243845,97.598035418,9.878060000000001
231310,0.0,256.64,52.40243,-1.569718,False,-0.009020000000000122,0.1210260926870282,0.07559181393131403,0.007119269624956605,97.50105194300001,0.018329999999999846,0.04753057612384806,0.01162708045892068,97.470887638,9.87333
231410,0.0,256.64,52.40243,-1.569718,False,-0.033110000000000125,0.10378197713358339,0.07349128141852486,0.00696735243782233,97.650207013,0.02939999999999985,0.060688768867599385,0.012255270974763513,97.573222127,9.881020000000001
231510,0.0,256.64,52.40243,-1.569718,False,-0.032970000000000124,0.1038872043237283,0.06933018903193522,0.008518509258833408,97.562748949,0.02778999999999985,0.0602641490993186,0.012274549097778293,97.61958209299999,9.876619999999999
231610,0.0,256.64,52.40243,-1.569718,False,-0.04662000000000012,0.10456458716442502,0.06492701885863825,0.00957592467212239,97.687520178,0.029559999999999847,0.06001479817510206,0.012737996528252396,97.491783233,9.882900000000001
231710,0.0,256.64,52.40243,-1.569718,False,-0.02904000000000012,0.12172983017951447,0.06338817713180422,0.010281531446322448,97.513869393,0.01579999999999985,0.07593465026659017,0.01230418176422568,97.5370769915,9.87401
231809,0.0,256.64,52.40243,-1.569718,False,-0.04513000000000013,0.1043939233011193,0.049270659514395534,0.010002694081182244,97.16718479400001,0.021549999999999847,0.0753243099315547,0.01241092708500563,97.5187729655,9.85663
231910,0.0,256.64,52.40243,-1.569718,False,-0.04857000000000013,0.10447992949195743,0.042767855271662984,0.009934390323715913,97.40802999799999,0.01742999999999985,0.0740920606032974,0.012797465026688945,97.456100783,9.86885
232010,0.0,256.64,52.40243,-1.569718,False,-0.018310000000000125,0.10831621864799462,0.04485273310246091,0.009770363350092414,97.312976538,0.003379999999999847,0.08770699706027793,0.014540155126728398,97.4561516545,9.864090000000001
232110,0.0,256.64,52.40243,-1.569718,False,-0.024040000000000124,0.11018541141578954,0.04053612380862698,0.010456768142826438,97.09616901000001,-0.0028200000000001522,0.08389979208025124,0.012288820574380825,97.45023156399999,9.85308
232210,0.0,256.64,52.40243,-1.569718,False,-0.025380000000000125,0.11002435891898421,0.045147340269693886,0.012256648988906911,97.265119679,-0.005830000000000153,0.08299099080956822,0.012378475942735478,97.4273346145,9.86163
232309,0.0,256.64,52.40243,-1.569718,False,0.002479999999999877,0.09059831737449223,0.04346379847495916,0.012290014012899688,97.28549548599999,-0.0040100000000001515,0.08106611088075961,0.011796214081851875,97.3932737145,9.86288
232409,0.0,256.64,52.40243,-1.569718,False,0.002979999999999876,0.09017217851286444,0.041944439441889435,0.01237048907654127,97.235215118,-0.018810000000000153,0.06419628667002884,0.011132215512665779,97.44271106549999,9.860339999999999
232510,0.0,256.64,52.40243,-1.569718,False,0.004409999999999876,0.09089795805052994,0.04697761760295647,0.010934293656684146,97.292353354,-0.020060000000000154,0.06314739723675142,0.010468025389430917,97.4275511515,9.86321
232610,0.0,256.64,52.40243,-1.569718,False,0.009299999999999874,0.08502331706315983,0.049290049706757086,0.010450603384682509,97.18559142500001,-0.019600000000000152,0.06356712987069892,0.010422353114467878,97.4365558015,9.85783
232710,0.0,256.64,52.40243,-1.569718,False,-0.008090000000000125,0.06953513020992601,0.06028514189604827,0.010208623805040019,97.43347114000001,-0.01740000000000015,0.06011232079290742,0.01131734656761679,97.4736702665,9.87045
232810,0.0,256.64,52.40243,-1.569718,False,0.006849999999999874,0.08410397335032083,0.05764086513426068,0.011567814544077078,97.563742117,-0.01609000000000015,0.061630610179596694,0.011095344368917995,97.3654634555,9.87696
232909,0.0,256.64,52.40243,-1.569718,False,0.005259999999999874,0.08577631374673389,0.06271789484211938,0.011883363721024427,97.346369795,-0.013590000000000152,0.06368497904179485,0.010025993993304026,97.3771998965,9.86591
233010,0.0,256.64,52.40243,-1.569718,False,-0.010180000000000126,0.0739022597758554,0.0669768782664189,0.011965505978693907,97.60567314400001,-0.0036200000000001535,0.04961648023700785,0.01021210610546742,97.459324841,9.8791
233110,0.0,256.64,52.40243,-1.569718,False,0.017939999999999873,0.09427186690029594,0.06377638451898808,0.01078610216866244,97.777603517,-0.006010000000000153,0.04910187708562287,0.00987774715646753,97.4368862635,9.88765
233210,0.0,256.64,52.40243,-1.569718,False,0.007269999999999874,0.10446730535850456,0.07922499886107928,0.010486864799651118,97.405579319,0.0018299999999998456,0.05646105934376802,0.009341924617217246,97.335349499,9.868640000000001
233310,0.0,256.64,52.40243,-1.569718,False,-0.012140000000000126,0.11043153937560996,0.07888020523471109,0.011191782699500013,97.63369168700001,0.001899999999999845,0.05635707586451121,0.009711253494923244,97.4595935865,9.88013
233410,0.0,256.64,52.40243,-1.569718,False,0.004559999999999875,0.11426168017114785,0.08451132468546013,0.011627381476189235,97.843749762,0.005449999999999846,0.05657885843864729,0.01082751638693403,97.53948244,9.89068
233510,0.0,256.64,52.40243,-1.569718,False,0.006309999999999874,0.11520253131854508,0.08673159170736326,0.011752446553498082,97.549587502,0.0015699999999998445,0.05661770531868832,0.011317052030669506,97.420970428,9.87577
233609,0.0,256.64,52.40243,-1.569718,False,-0.013250000000000128,0.14193310826653596,0.08562049079827237,0.0120396751522044,97.58753951499999,-0.007920000000000156,0.058409831744687724,0.011118158320632902,97.38656547000001,9.877379999999999
233709,0.0,256.64,52.40243,-1.569718,False,-0.018880000000000126,0.1435321396450602,0.07917120969480025,0.012051210174065382,97.389332424,0.004359999999999844,0.050458942605718135,0.010679788803487746,97.411401782,9.867360000000001
233810,0.0,256.64,52.40243,-1.569718,False,-0.033990000000000124,0.13228526792915737,0.08117242621649379,0.012234850041924736,97.23158914199999,0.005469999999999844,0.05176045358721098,0.010605889349182492,97.3976656295,9.859449999999999
233910,0.0,256.64,52.40243,-1.569718,False,-0.03664000000000013,0.13361927006727417,0.08137611511496455,0.01192608718517461,97.535243589,-0.009080000000000157,0.05958494962841295,0.01153217720594531,97.440806692,9.87481
234010,0.0,256.64,52.40243,-1.569718,False,-0.032430000000000125,0.1347065786563937,0.07610058840540855,0.011832647867167595,97.33450665299999,-0.009750000000000158,0.059891944366486274,0.012466595365143352,97.47008989849999,9.86468
234110,0.0,256.64,52.40243,-1.569718,False,-0.05583000000000012,0.10757091769298525,0.07775396810228069,0.011775440543471441,97.112799557,-0.0018200000000001576,0.06527503861864,0.012484817446197624,97.445201537,9.85362
234210,0.0,256.64,52.40243,-1.569718,False,-0.04892000000000013,0.10473019091392231,0.07278113003369382,0.011013809513189763,97.588360074,-0.015920000000000156,0.06026583332755768,0.01237878561618817,97.4969696965,9.87782
234310,0.0,256.64,52.40243,-1.569718,False,-0.030090000000000127,0.10561642812018761,0.07321124761859688,0.009315816895864582,97.349186346,-0.013530000000000156,0.05817964611632245,0.011793995647427837,97.4914390165,9.865770000000001
234410,0.0,256.64,52.40243,-1.569718,False,-0.050100000000000124,0.09615200928148411,0.06438044561723148,0.011196547086468,96.991362438,-0.010730000000000158,0.060831936970261305,0.01113131718263548,97.4175561,9.84768
234510,0.0,256.64,52.40243,-1.569718,False,-0.06543000000000013,0.08668397327187898,0.07587554210008983,0.01100636684396531,97.377268982,-0.010070000000000157,0.06079937956553375,0.011794485528716491,97.463428242,9.867169999999998
234610,0.0,256.64,52.40243,-1.569718,False,-0.035150000000000126,0.06025669626209418,0.07589144586611309,0.010411686809304675,97.370138645,-0.007740000000000155,0.05907838860360262,0.011680092275053745,97.47883908,9.867140000000001
234710,0.0,256.64,52.40243,-1.569718,False,-0.03203000000000013,0.0584157522513317,0.08144410557816889,0.008812718082000858,97.17978171,-0.008960000000000157,0.0583824973771959,0.012525658110826971,97.28455706700001,9.85747
234810,0.0,256.64,52.40243,-1.569718,False,-0.039430000000000125,0.0599262148162223,0.08395612346195964,0.007688953114230011,97.465145263,-0.023860000000000152,0.05656487327739005,0.012528279122688484,97.3483672025,9.87188
234910,0.0,256.64,52.40243,-1.569718,False,-0.029530000000000122,0.055182526420961324,0.08393039179439968,0.008361392759685176,97.144380763,-0.015230000000000155,0.04955190432486441,0.011400467826579807,97.339812176,9.85568
235010,0.0,256.64,52.40243,-1.569718,False,-0.035420000000000125,0.05266729535468694,0.08476589264350792,0.008361392759685062,97.069954339,-0.008360000000000154,0.050881216791862464,0.010179587417877684,97.202230496,9.851890000000001
235110,0.0,256.64,52.40243,-1.569718,False,-0.039860000000000124,0.05444149152969448,0.08697112930982864,0.008083426115862151,97.37506787,-0.022750000000000152,0.04568027169600161,0.011845111509178831,97.2439337135,9.867320000000001
235209,0.0,256.64,52.40243,-1.569718,False,-0.04203000000000012,0.0556246358288204,0.0822585821262979,0.008211110358907503,96.993941998,-0.017510000000000154,0.04399612230385849,0.011842526944983429,97.291151036,9.848009999999999
235309,0.0,256.64,52.40243,-1.569718,False,-0.05884000000000013,0.04628275896870704,0.08146653368842009,0.008263682256553023,97.032878149,-0.005460000000000154,0.05036286550843292,0.012421705912473999,97.19103224749999,9.84995
235410,0.0,256.64,52.40243,-1.569718,False,-0.05563000000000014,0.04440157779954209,0.08270897103085592,0.006398098675348328,97.296698966,-0.014760000000000153,0.04691920241813418,0.012765060821476415,97.144030702,9.86335
235510,0.0,256.64,52.40243,-1.569718,False,-0.04968000000000013,0.04422329200244231,0.07356091126925264,0.006676625893829902,96.85811893500001,-0.014110000000000154,0.04704041879063463,0.01226105396948639,97.1176939585,9.841190000000001
235611,0.0,256.64,52.40243,-1.569718,False,-0.05860000000000013,0.030105001429808417,0.07413587300870647,0.007978867922591407,96.819249579,-0.009310000000000155,0.04688255894606883,0.011388888346805001,97.094694112,9.83921
235710,0.0,256.64,52.40243,-1.569718,False,-0.061660000000000124,0.030627881269992285,0.08079699458166897,0.008483454484632173,96.718274235,-0.005050000000000154,0.05114891657371587,0.010576751233950831,96.94902797249999,9.834010000000001
235810,0.0,256.64,52.40243,-1.569718,False,-0.06740000000000013,0.03933700547801765,0.07051797328095448,0.008071761476044596,96.526691959,0.0011699999999998437,0.04362955293017749,0.011044475743223744,96.99591861100001,9.82427
235910,0.0,256.64,52.40243,-1.569718,False,-0.04897000000000013,0.08545811254630965,0.07575152730463797,0.00999253054333558,96.815136868,-0.006000000000000156,0.05175379749886801,0.010802242565442512,96.97975881549999,9.838750000000001
236010,0.0,256.64,52.40243,-1.569718,False,-0.04293000000000013,0.0881600570930194,0.0767849095423644,0.010152640597595228,96.95057438799999,-0.008620000000000159,0.05029841614469536,0.010296520447779782,97.0102643635,9.84563
236110,0.0,256.64,52.40243,-1.569718,False,-0.04725000000000013,0.0911375425751891,0.068130068415636,0.010181360965211817,96.690368601,-0.008860000000000156,0.05063795677814175,0.008041116561384282,97.0327182355,9.832419999999999
236210,0.0,256.64,52.40243,-1.569718,False,-0.03614000000000013,0.09360255457090925,0.07423786769631381,0.010679658754096023,97.022665033,-0.011360000000000156,0.05114502691148051,0.008987522214368592,97.00830351549999,9.84929
236309,0.0,256.64,52.40243,-1.569718,False,-0.028450000000000124,0.09004278304092815,0.07759561055802237,0.012395523385191542,97.215180934,-0.017380000000000156,0.04328681605804175,0.008555732321301846,97.1240295415,9.859089999999998
236410,0.0,256.64,52.40243,-1.569718,False,-0.023440000000000127,0.08916651339538308,0.07345279965987037,0.013228928737746958,97.04569910800001,-0.014480000000000156,0.04253818676591218,0.007453828248206984,97.171199037,9.85054
236510,0.0,256.64,52.40243,-1.569718,False,-0.026740000000000125,0.08980204402511673,0.07069911912137461,0.013862343075699241,97.344705327,-0.021480000000000155,0.046104080320732176,0.00798871426161739,97.10141213099999,9.86571
236610,0.0,256.64,52.40243,-1.569718,False,-0.029090000000000126,0.09065962533920235,0.06855789443223834,0.013120399722635004,97.51743393699999,-0.02649000000000016,0.04490088962244732,0.009561316738608279,97.168341758,9.87446
236710,0.0,256.64,52.40243,-1.569718,False,-0.022870000000000123,0.08888745755779627,0.04977764000569584,0.01350443959895121,97.688889844,-0.04040000000000016,0.036469408793893356,0.010419852845964122,97.20358203949999,9.88327
236810,0.0,256.64,52.40243,-1.569718,False,-0.01127000000000013,0.07874929347111777,0.0536570757483949,0.01297510436667725,97.89795245900001,-0.03643000000000015,0.04057618485979307,0.01125378454853659,97.212322209,9.89392
236910,0.0,256.64,52.40243,-1.569718,False,-0.03390000000000013,0.04450228458530161,0.052789709646254006,0.012022058429475417,97.86442391300001,-0.031850000000000156,0.03664039210122689,0.011939500268641084,97.3397803905,9.89237
237010,0.0,256.64,52.40243,-1.569718,False,-0.03967000000000013,0.04040448407430951,0.06002910035125492,0.010715103566334705,97.698160689,-0.032120000000000155,0.036346627537250965,0.013028775844192519,97.32436753850001,9.88392
237110,0.0,256.64,52.40243,-1.569718,False,-0.018880000000000126,0.0462304805654374,0.05741269797683973,0.012621604053436361,97.949323671,-0.031140000000000157,0.03520000631310682,0.01337239694289002,97.319846136,9.89667
237210,0.0,256.64,52.40243,-1.569718,False,-0.03004000000000013,0.04597226700208727,0.05639159216370573,0.012444365078823972,97.92757631900001,-0.03445000000000016,0.03679934329121902,0.013042324264502709,97.475120676,9.89555
237310,0.0,256.64,52.40243,-1.569718,False,-0.028310000000000123,0.04621102441794231,0.061845474100849576,0.011238841379269648,97.686970635,-0.038010000000000155,0.03348682825627102,0.012859479858082763,97.4510757845,9.88336
237410,0.0,256.64,52.40243,-1.569718,False,-0.029510000000000126,0.045982229659101106,0.06123708843577953,0.010403290077531815,97.83585374399999,-0.040620000000000156,0.03217375742223769,0.012717337247430406,97.440776426,9.890889999999999
237510,0.0,256.64,52.40243,-1.569718,False,-0.04244000000000013,0.0676680656668187,0.06107378870479688,0.009490585978486836,97.83304977899999,-0.04061000000000015,0.03216248504768829,0.014324586478359238,97.588877553,9.89059
237610,0.0,256.64,52.40243,-1.569718,False,-0.01515000000000013,0.10196812410411066,0.06222512532983319,0.009699032024643015,97.895997257,-0.04083000000000016,0.03215929276444741,0.012613224981845831,97.706715597,9.89358
237710,0.0,256.64,52.40243,-1.569718,False,-0.025310000000000128,0.10720001502891745,0.06291399861965145,0.008552452539317103,97.888566806,-0.03145000000000016,0.03287722109097699,0.012368099647363118,97.78872832500001,9.89313
237810,0.0,256.64,52.40243,-1.569718,False,-0.038460000000000126,0.1149435049635739,0.05870359065378717,0.010125814095861118,97.774381788,-0.03578000000000016,0.028272200716103705,0.011467950509446009,97.8361671235,9.887260000000001
237910,0.0,256.64,52.40243,-1.569718,False,-0.023210000000000126,0.12282327367210774,0.061782122549797036,0.010441312177730783,97.852992825,-0.03255000000000015,0.029418710977095388,0.012802885959310216,97.858708369,9.89118
238009,0.0,256.64,52.40243,-1.569718,False,-0.02534000000000013,0.12330165539115898,0.05878926205885403,0.01026339774763509,97.893237612,-0.025900000000000156,0.04271029019905152,0.012575500873541217,97.7956991505,9.89322
238110,0.0,256.64,52.40243,-1.569718,False,-0.04745000000000013,0.12099986455446947,0.058409208749639875,0.01055169812523846,97.68289804599999,-0.02787000000000015,0.045072412109090014,0.013371179620461986,97.81611085850001,9.88253
238210,0.0,256.64,52.40243,-1.569718,False,-0.031960000000000134,0.12626963389676193,0.061506191197696916,0.011145582084073876,97.733186974,-0.01466000000000015,0.05183234082649411,0.0159419119165102,97.8303816465,9.88506
238310,0.0,256.64,52.40243,-1.569718,False,-0.025270000000000133,0.12902206572684513,0.05530462006099934,0.010744797190244956,97.855991202,-0.009510000000000152,0.05327343407155262,0.01629927060393922,97.7714809185,9.891290000000001
238410,0.0,256.64,52.40243,-1.569718,False,-0.01675000000000013,0.13168083679015616,0.06251863722197372,0.01071470951509322,97.60021503300001,-0.006000000000000152,0.05237306347518788,0.01660832789758711,97.7180343885,9.8783
238510,0.0,256.64,52.40243,-1.569718,False,-0.0017300000000001286,0.11803942891151184,0.06246812609539793,0.010910489346065394,97.595482942,0.005119999999999849,0.04815490744575652,0.01637548642189814,97.7142663605,9.87823
238610,0.0,256.64,52.40243,-1.569718,False,-0.018600000000000127,0.09529786053317343,0.061541676033259274,0.011158534351863482,97.39389144700002,0.009439999999999848,0.04537540204901077,0.017087240203613685,97.64494435200001,9.86823
238710,0.0,256.64,52.40243,-1.569718,False,0.010949999999999871,0.10577306157776528,0.05780712086166422,0.012140272740554568,97.578005246,0.017459999999999847,0.05258876517109402,0.01733748668183076,97.733286026,9.87749
238809,0.0,256.64,52.40243,-1.569718,False,0.026099999999999866,0.08857585575200787,0.06735678139648742,0.01100125750355363,97.30558690400001,0.027959999999999846,0.0534229497084707,0.0175216722945675,97.53998434600001,9.86376
238910,0.0,256.64,52.40243,-1.569718,False,0.010309999999999871,0.08787088318145708,0.060407777277851384,0.01118481112906376,97.16053763900001,0.03071999999999985,0.05200698243717331,0.015969502183794428,97.506765232,9.856480000000001
239010,0.0,256.64,52.40243,-1.569718,False,0.02304999999999987,0.08578738899797203,0.05923733807588584,0.01114548239290729,97.23385702700001,0.02993999999999985,0.051425981328058167,0.015736020250735196,97.5635473195,9.8602
239110,0.0,256.64,52.40243,-1.569718,False,0.03091999999999987,0.0721524897543813,0.061464733339853785,0.009384887378330193,97.17008197300001,0.03553999999999985,0.039230945835008045,0.014524802542103768,97.4264900095,9.85703
239210,0.0,256.64,52.40243,-1.569718,False,0.025009999999999873,0.07048734244119804,0.04915564961410919,0.009087818464145997,96.916136062,0.03424999999999985,0.03827840267186363,0.012160244880501788,97.324661518,9.84423
239309,0.0,256.64,52.40243,-1.569718,False,0.029839999999999874,0.07411154056166121,0.05397471527469664,0.009102020532310783,97.014999293,0.030999999999999844,0.04029819405932076,0.012514529333644912,97.4354952475,9.84919
239410,0.0,256.64,52.40243,-1.569718,False,0.02207999999999987,0.07487084879963798,0.06336257570598175,0.008616708574594787,96.90088203,0.03120999999999985,0.04010983392855183,0.0130855348465562,97.2505485315,9.84336
239510,0.0,256.64,52.40243,-1.569718,False,0.01690999999999987,0.08088575550999483,0.05855544001758532,0.009355592504162527,96.67119169100002,0.03240999999999984,0.040513028082860864,0.012298166078204631,97.1333373165,9.83168
239610,0.0,256.64,52.40243,-1.569718,False,0.006359999999999873,0.08505154254254901,0.06127994143534299,0.011445717296756648,96.791649119,0.032239999999999845,0.040659048466736784,0.011873916324747416,97.09277028300001,9.83777
239710,0.0,256.64,52.40243,-1.569718,False,-0.020980000000000127,0.06634718113395909,0.06065302044405577,0.010774063506276153,96.540302834,0.029719999999999847,0.037084851654286745,0.011798893545036437,97.05915404,9.8251
239810,0.0,256.64,52.40243,-1.569718,False,-0.024930000000000126,0.0664658149392111,0.06333259736490668,0.011041562892269326,96.85407881600001,0.010659999999999847,0.05404480034603425,0.011628609355970697,97.07983286,9.84103
239910,0.0,256.64,52.40243,-1.569718,False,-0.013670000000000126,0.06984349249874629,0.062490889114485124,0.010335725529204445,96.823261652,0.017229999999999846,0.05891802308668116,0.012291532767559593,96.99189964550001,9.83947
240010,0.0,256.64,52.40243,-1.569718,False,-0.018310000000000125,0.06523362203973036,0.06276034133544574,0.010444461583566909,96.720379861,0.011209999999999847,0.05698117525403975,0.011880347918511476,96.977118444,9.83426
