lat,lon, GPS ALTITUDE (m),gps_speed, GPS ACCURACY (m),gps_heading,GPS SATELLITES IN RANGE,time_ms, DATE (YYYY-MO-DD HH-MI-SS_SSS),accel_x,accel_y,accel_z, GRAVITY X (m/s²), GRAVITY Y (m/s²), GRAVITY Z (m/s²),gyro_z,gyro_x,gyro_y, MAGNETIC FIELD X (Î¼T), MAGNETIC FIELD Y (Î¼T), MAGNETIC FIELD Z (Î¼T),yaw,pitch,roll,blackout
52.406345,-1.49406,132.7,7.35,3,71.72,17 / 17,91421,2019-09-04 19:22:51:594,2.1639,-0.3928,9.3034,0.0286,-0.0046,9.8066,0.0932,0.0159,-0.032,-22.75,-29.12,3.56,347.58,-85.59,-111.07,False
52.406345,-1.49406,132.7,7.35,3,71.72,17 / 17,91520,2019-09-04 19:22:51:693,2.4059,-0.0773,9.7491,0.0183,0.0115,9.8066,0.021,0.0579,-0.0314,-22.31,-29.31,4.06,343.16,-85.56,-115.43,False
52.406345,-1.49406,132.7,7.35,3,71.72,17 / 17,91620,2019-09-04 19:22:51:793,1.8212,0.7918,9.8783,-0.0025,0.0092,9.8066,-0.0149,0.0494,-0.0335,-23.5,-29.06,3.69,340.19,-85.64,-117.79,False
52.406345,-1.49406,132.7,7.35,3,71.72,17 / 17,91720,2019-09-04 19:22:51:893,1.6968,0.4596,9.5865,-0.0079,-0.0009,9.8066,-0.0078,0.0353,-0.0241,-23.06,-29.5,2.69,338.64,-85.74,-116.8,False
52.406345,-1.49406,132.7,7.35,3,71.72,17 / 17,91820,2019-09-04 19:22:51:993,1.6265,0.6187,9.5487,-0.0032,0.0053,9.8065,-0.0041,0.053,-0.0217,-23.5,-29.94,3.56,342.46,-85.81,-115.74,False
52.406345,-1.49406,132.7,7.35,3,71.72,17 / 17,91921,2019-09-04 19:22:52:094,1.7607,0.6514,9.3811,-0.0166,0.001,9.8065,-0.0429,0.0751,-0.0066,-23.56,-30.31,2.81,340.56,-85.85,-114.8,False
52.406345,-1.49406,132.7,7.35,3,71.72,17 / 17,92021,2019-09-04 19:22:52:194,1.2975,0.2105,9.5463,-0.0226,0.002,9.8066,-0.0564,0.082,-0.006,-24.25,-30.12,3.75,348.3,-85.97,-110.13,False
52.406345,-1.49406,132.7,7.35,3,71.72,17 / 17,92121,2019-09-04 19:22:52:294,0.9838,0.8317,10.2099,-0.0245,0.0071,9.8065,-0.0256,0.0937,-0.0094,-23.44,-29.94,3.63,352.85,-86.11,-106.38,False
52.406345,-1.49406,132.7,7.35,3,71.72,17 / 17,92221,2019-09-04 19:22:52:394,1.1443,0.3999,10.1922,0.0009,0.0062,9.8066,0.0286,0.0672,-0.0364,-23.0,-29.62,4.31,355.44,-86.18,-104.03,False
52.406345,-1.49406,132.7,7.35,3,71.72,16 / 17,92320,2019-09-04 19:22:52:493,1.3262,0.3833,9.0849,0.0181,-0.0025,9.8065,0.0364,0.1309,0.0325,-23.06,-29.87,3.94,352.13,-86.27,-107.06,False
52.406345,-1.49406,132.7,7.35,3,71.72,16 / 17,92421,2019-09-04 19:22:52:594,1.4894,0.0389,9.5033,0.0007,0.0018,9.8066,-0.009,0.0723,-0.0439,-22.31,-28.75,3.94,349.93,-86.21,-109.5,False
52.406345,-1.49406,132.7,7.35,3,71.72,16 / 17,92520,2019-09-04 19:22:52:693,0.8419,1.0954,9.7726,-0.0228,0.014,9.8066,-0.0598,0.0698,-0.0507,-22.69,-29.25,3.25,348.84,-86.38,-107.69,False
52.406345,-1.49406,132.7,7.35,3,71.72,16 / 17,92620,2019-09-04 19:22:52:793,0.3588,0.8458,10.1376,-0.0166,0.0086,9.8066,-0.0183,0.0775,-0.0235,-22.0,-28.44,2.31,352.43,-86.63,-102.19,False
52.406345,-1.49406,132.7,7.35,3,71.72,16 / 17,92721,2019-09-04 19:22:52:894,0.9128,0.7282,10.1977,0.0141,0.003,9.8066,0.0429,0.1092,0.0078,-22.06,-28.37,2.69,354.59,-86.73,-102.78,False
52.406345,-1.49406,132.7,7.35,3,71.72,16 / 17,92821,2019-09-04 19:22:52:994,1.1159,0.5553,9.9702,0.0148,-0.0024,9.8066,0.0271,0.1051,0.0169,-21.37,-28.31,1.56,348.37,-86.73,-106.18,False
52.406345,-1.49406,132.7,7.35,3,71.72,16 / 17,92921,2019-09-04 19:22:53:094,1.1877,1.204,9.6854,-0.0044,0.0037,9.8066,-0.0033,0.0297,-0.0439,-21.5,-29.44,1.44,342.18,-86.71,-109.13,False
52.406345,-1.49406,132.7,7.35,3,71.72,16 / 17,93020,2019-09-04 19:22:53:193,0.772,0.9425,9.781,-0.0069,0.0029,9.8066,-0.011,0.0752,-0.0028,-21.37,-29.37,1.31,343.69,-86.81,-107.78,False
52.406345,-1.49406,132.7,7.35,3,71.72,16 / 17,93120,2019-09-04 19:22:53:293,0.7629,0.9684,10.0081,0.0061,0.0079,9.8066,0.0142,0.0799,-0.011,-21.87,-29.31,1.19,343.29,-86.84,-108.09,False
52.406345,-1.49406,132.7,7.35,3,71.72,16 / 17,93221,2019-09-04 19:22:53:394,1.358,0.7454,9.8794,0.0073,0.0005,9.8066,0.0068,0.0705,0.0032,-20.81,-29.44,1.25,341.78,-86.88,-109.58,False
52.406345,-1.49406,132.7,7.35,3,71.72,16 / 17,93321,2019-09-04 19:22:53:494,1.1354,0.8249,10.4038,0.0039,0.0013,9.8066,0.016,0.0286,-0.0204,-21.81,-29.25,1.31,340.37,-86.9,-110.83,False
52.406345,-1.49406,132.7,7.35,3,71.72,16 / 17,93420,2019-09-04 19:22:53:593,0.9901,0.159,10.3678,0.0092,-0.0049,9.8066,0.0267,0.0125,-0.01,-21.06,-29.0,1.19,338.82,-86.84,-112.3,False
52.406345,-1.49406,132.7,7.35,3,71.72,16 / 17,93521,2019-09-04 19:22:53:694,1.0224,0.4176,9.2301,0.0124,-0.0102,9.8066,0.022,0.0463,0.0668,-21.06,-29.56,1.0,336.98,-86.71,-113.88,False
52.406345,-1.49406,132.7,7.35,3,71.72,16 / 17,93621,2019-09-04 19:22:53:794,1.4098,-0.2146,8.7647,-0.0002,-0.0167,9.8066,-0.0282,0.0098,0.0258,-21.44,-28.37,1.0,336.47,-86.47,-114.34,False
52.406345,-1.49406,132.7,7.35,3,71.72,16 / 17,93721,2019-09-04 19:22:53:894,0.5828,0.3263,10.021,-0.0193,-0.0123,9.8066,-0.054,0.0183,0.0583,-21.81,-29.19,1.19,340.35,-86.34,-110.59,False
52.406345,-1.49406,132.7,7.35,3,71.72,16 / 17,93821,2019-09-04 19:22:53:994,0.2984,-0.6485,10.0077,-0.0128,-0.0188,9.8066,-0.0214,-0.0104,0.0315,-21.94,-28.56,0.94,346.35,-86.15,-105.03,False
52.406345,-1.49406,132.7,7.35,3,71.72,16 / 17,93920,2019-09-04 19:22:54:093,0.7604,-0.1537,9.7595,0.0057,0.007,9.8066,0.0131,-0.025,-0.0292,-21.87,-28.62,0.44,343.33,-86.13,-105.17,False
52.406345,-1.49406,132.7,7.35,3,71.72,16 / 17,94020,2019-09-04 19:22:54:193,0.9117,-0.3489,10.3491,0.003,-0.0001,9.8066,0.001,-0.0364,-0.0131,-21.81,-29.12,1.19,344.52,-86.16,-106.71,False
52.406345,-1.49406,132.7,7.35,3,71.72,16 / 17,94120,2019-09-04 19:22:54:293,0.5468,-0.4777,10.0375,0.0066,0.0057,9.8066,0.0243,-0.0043,-0.015,-21.5,-29.12,1.0,343.88,-86.21,-107.37,False
52.406345,-1.49406,132.7,7.35,3,71.72,16 / 17,94221,2019-09-04 19:22:54:394,0.5223,-0.1667,9.9179,0.0129,0.0095,9.8065,0.0222,0.0044,0.0009,-21.75,-29.44,1.13,340.26,-86.27,-110.65,False
52.406494,-1.49329,132.73,9.29,3,69.73,16 / 18,94320,2019-09-04 19:22:54:493,1.0364,0.1735,10.2168,0.0121,0.0022,9.8066,0.0136,-0.0265,0.0054,-21.06,-29.19,1.88,341.43,-86.29,-112.35,False
52.406494,-1.49329,132.73,9.29,3,69.73,16 / 18,94421,2019-09-04 19:22:54:594,0.8075,0.287,10.2528,0.0038,-0.0021,9.8066,-0.0067,-0.027,-0.0019,-20.94,-29.44,1.69,339.59,-86.21,-114.0,False
52.406494,-1.49329,132.73,9.29,3,69.73,16 / 18,94521,2019-09-04 19:22:54:694,0.4482,-0.3389,9.999,0.0025,-0.0105,9.8066,0.0009,-0.0527,-0.0284,-20.62,-29.44,1.38,336.74,-86.13,-113.83,False
52.406494,-1.49329,132.73,9.29,3,69.73,16 / 18,94621,2019-09-04 19:22:54:794,1.2359,0.8093,9.2904,-0.0052,0.0368,9.8065,-0.0199,-0.0668,-0.1645,-20.56,-29.0,0.81,335.5,-86.32,-115.07,False
52.406494,-1.49329,132.73,9.29,3,69.73,16 / 18,94720,2019-09-04 19:22:54:893,-0.2124,-1.1495,7.782,-0.0182,0.0123,9.8066,-0.1061,0.1033,0.1316,-20.25,-29.25,0.88,336.22,-86.66,-114.66,False
52.406494,-1.49329,132.73,9.29,3,69.73,16 / 18,94820,2019-09-04 19:22:54:993,-0.0304,-1.1546,10.7017,-0.0289,0.0024,9.8066,-0.04,-0.0853,-0.1285,-20.37,-28.87,0.25,339.4,-86.6,-108.83,False
52.406494,-1.49329,132.73,9.29,3,69.73,16 / 18,94920,2019-09-04 19:22:55:093,1.2363,0.0422,11.2963,0.0175,0.0347,9.8065,0.0316,0.0802,0.0724,-21.12,-28.31,0.31,343.0,-86.95,-105.78,False
52.406494,-1.49329,132.73,9.29,3,69.73,16 / 18,95020,2019-09-04 19:22:55:193,0.6525,0.9639,9.6545,0.0227,0.0032,9.8066,0.0682,0.041,0.0471,-20.69,-29.25,0.5,337.62,-87.03,-113.52,False
52.406494,-1.49329,132.73,9.29,3,69.73,16 / 18,95120,2019-09-04 19:22:55:293,0.8395,-0.1398,9.9032,0.0041,-0.0026,9.8066,-0.0205,-0.0101,-0.0009,-21.37,-28.62,0.5,333.38,-86.84,-117.36,False
52.406494,-1.49329,132.73,9.29,3,69.73,16 / 18,95220,2019-09-04 19:22:55:393,0.0911,0.6078,9.1189,-0.0131,-0.0051,9.8065,-0.0426,-0.007,0.0054,-21.06,-28.75,0.69,333.55,-86.84,-117.2,False
52.406494,-1.49329,132.73,9.29,3,69.73,18 / 18,95321,2019-09-04 19:22:55:494,-0.0963,-0.1908,9.2651,-0.0071,0.0055,9.8066,-0.0152,-0.003,-0.0316,-21.12,-29.19,0.88,337.75,-86.91,-113.33,False
52.406494,-1.49329,132.73,9.29,3,69.73,18 / 18,95420,2019-09-04 19:22:55:593,0.4646,0.6555,10.0162,0.004,0.0077,9.8066,-0.0027,0.0334,0.0148,-20.81,-29.0,0.94,337.04,-87.04,-114.06,False
52.406494,-1.49329,132.73,9.29,3,69.73,18 / 18,95520,2019-09-04 19:22:55:693,0.5572,0.1942,9.8851,0.0149,0.0045,9.8066,0.038,0.0366,0.0216,-21.0,-29.37,0.88,335.02,-86.99,-115.92,False
52.406494,-1.49329,132.73,9.29,3,69.73,18 / 18,95620,2019-09-04 19:22:55:793,0.3641,0.1626,9.9933,0.0126,-0.0037,9.8066,0.0254,0.0105,-0.0049,-21.25,-29.56,1.06,330.08,-86.89,-120.39,False
52.406494,-1.49329,132.73,9.29,3,69.73,18 / 18,95721,2019-09-04 19:22:55:894,0.432,0.3913,9.7059,-0.0014,-0.0026,9.8066,-0.0161,0.0035,0.0104,-20.87,-29.69,1.5,331.27,-86.84,-121.98,False
52.406494,-1.49329,132.73,9.29,3,69.73,18 / 18,95820,2019-09-04 19:22:55:993,0.4931,-0.3036,10.0254,-0.0093,-0.0015,9.8066,-0.028,0.0198,0.005,-21.87,-29.44,1.56,332.23,-86.83,-120.99,False
52.406494,-1.49329,132.73,9.29,3,69.73,18 / 18,95920,2019-09-04 19:22:56:093,0.4259,-0.0813,10.2556,-0.0038,0.001,9.8066,-0.0051,-0.0046,-0.0279,-21.5,-29.75,1.13,331.8,-86.92,-118.82,False
52.406494,-1.49329,132.73,9.29,3,69.73,18 / 18,96020,2019-09-04 19:22:56:193,0.3489,0.1011,10.0881,0.0059,0.013,9.8066,-0.0054,0.0145,-0.0495,-21.62,-29.44,0.56,330.49,-87.01,-120.13,False
52.406494,-1.49329,132.73,9.29,3,69.73,18 / 18,96121,2019-09-04 19:22:56:294,0.2164,0.3115,9.4488,0.0025,0.0058,9.8066,-0.012,-0.0024,-0.0444,-21.12,-29.0,0.75,328.77,-87.1,-121.85,False
52.406494,-1.49329,132.73,9.29,3,69.73,18 / 18,96221,2019-09-04 19:22:56:394,-0.0772,0.4279,9.6202,-0.0001,0.0175,9.8065,-0.0096,0.0418,-0.0343,-20.87,-29.44,0.38,323.14,-87.29,-124.59,False
52.406494,-1.49329,132.73,9.29,3,69.73,18 / 18,96320,2019-09-04 19:22:56:493,0.4414,0.0144,9.1295,0.0,0.0084,9.8066,-0.0156,0.076,0.023,-21.06,-29.31,0.5,323.99,-87.38,-126.58,False
52.406494,-1.49329,132.73,9.29,3,69.73,18 / 18,96421,2019-09-04 19:22:56:594,0.2817,0.9715,10.4399,-0.0027,0.0083,9.8066,-0.0245,0.0497,-0.0097,-20.75,-29.31,1.19,323.1,-87.43,-127.46,False
52.406494,-1.49329,132.73,9.29,3,69.73,18 / 18,96521,2019-09-04 19:22:56:694,-0.0157,0.6301,9.4713,-0.0033,0.0016,9.8066,-0.0099,0.0573,-0.0255,-20.94,-29.75,0.56,323.66,-87.54,-126.96,False
52.406494,-1.49329,132.73,9.29,3,69.73,18 / 18,96620,2019-09-04 19:22:56:793,0.5496,1.1636,10.2736,0.0046,0.003,9.8066,0.0035,0.0741,-0.0001,-20.12,-29.06,0.38,320.18,-87.58,-127.55,False
52.406494,-1.49329,132.73,9.29,3,69.73,18 / 18,96720,2019-09-04 19:22:56:893,0.4766,1.6863,9.7309,0.0024,-0.0002,9.8066,0.0018,0.0655,-0.0105,-20.56,-29.25,0.19,319.74,-87.56,-128.05,False
52.406494,-1.49329,132.73,9.29,3,69.73,18 / 18,96820,2019-09-04 19:22:56:993,0.2865,1.1038,9.8681,-0.0032,-0.0013,9.8066,-0.0201,0.0663,-0.0282,-20.87,-29.37,0.0,320.32,-87.52,-127.47,False
52.406494,-1.49329,132.73,9.29,3,69.73,18 / 18,96920,2019-09-04 19:22:57:093,-0.0733,1.2538,9.7566,-0.0019,-0.0062,9.8066,0.0055,0.0715,-0.0007,-20.25,-29.19,-0.5,322.71,-87.54,-125.1,False
52.406494,-1.49329,132.73,9.29,3,69.73,18 / 18,97020,2019-09-04 19:22:57:193,-0.0302,0.7314,9.9358,0.0086,-0.0017,9.8066,0.0321,0.0887,-0.0023,-20.69,-29.56,0.06,323.41,-87.49,-124.43,False
52.406494,-1.49329,132.73,9.29,3,69.73,18 / 18,97120,2019-09-04 19:22:57:293,0.6809,1.1666,9.806,0.0142,0.0015,9.8066,0.0156,0.1172,0.0168,-20.31,-29.31,-0.06,319.24,-87.39,-128.26,False
52.406494,-1.49329,132.73,9.29,3,69.73,18 / 18,97220,2019-09-04 19:22:57:393,-0.0976,1.2677,9.9755,0.0007,0.003,9.8066,-0.0222,0.0969,-0.0305,-20.94,-29.19,-0.94,313.71,-87.32,-130.86,False
52.406494,-1.49329,132.73,9.29,3,69.73,18 / 18,97321,2019-09-04 19:22:57:494,-0.2734,1.1046,10.787,-0.0015,0.0128,9.8066,0.0081,0.1123,-0.0356,-20.44,-29.69,-0.31,316.42,-87.47,-130.93,False
52.406494,-1.49329,132.73,9.29,3,69.73,18 / 18,97420,2019-09-04 19:22:57:593,0.0452,1.5213,9.5416,0.0183,-0.0019,9.8066,0.051,0.0963,0.0289,-20.06,-29.62,-1.31,309.27,-87.46,-134.89,False
52.406494,-1.49329,132.73,9.29,3,69.73,18 / 18,97521,2019-09-04 19:22:57:694,-0.1225,0.7064,9.7424,0.0301,-0.0072,9.8066,0.0647,0.0656,-0.0145,-20.37,-29.75,-0.69,304.86,-87.23,-138.84,False
52.406494,-1.49329,132.73,9.29,3,69.73,18 / 18,97620,2019-09-04 19:22:57:793,0.4789,0.7216,9.2138,0.0137,-0.0128,9.8066,0.0278,0.0289,-0.0161,-20.0,-29.0,-0.31,306.13,-86.92,-140.21,False
52.406494,-1.49329,132.73,9.29,3,69.73,18 / 18,97720,2019-09-04 19:22:57:893,0.733,1.7667,9.5377,-0.0196,0.0061,9.8065,-0.0552,0.0657,-0.0304,-20.06,-29.69,-0.81,302.43,-86.78,-140.59,False
52.406494,-1.49329,132.73,9.29,3,69.73,18 / 18,97820,2019-09-04 19:22:57:993,-0.5207,0.6321,9.5198,-0.0207,-0.004,9.8065,-0.058,0.069,-0.0252,-20.5,-29.0,-0.69,306.76,-87.09,-136.96,False
52.406494,-1.49329,132.73,9.29,3,69.73,18 / 18,97920,2019-09-04 19:22:58:093,0.2218,1.5228,9.5706,0.0018,0.0007,9.8066,0.0213,0.0555,-0.0475,-19.12,-29.62,-1.87,304.3,-87.28,-136.13,False
52.406494,-1.49329,132.73,9.29,3,69.73,18 / 18,98021,2019-09-04 19:22:58:194,-0.1074,0.78,10.5246,0.0068,0.0044,9.8066,0.0118,0.0569,-0.024,-20.06,-29.0,-1.62,302.96,-87.23,-137.95,False
52.406494,-1.49329,132.73,9.29,3,69.73,18 / 18,98121,2019-09-04 19:22:58:294,0.0799,0.8104,10.2679,0.0099,-0.0033,9.8066,0.0019,0.0413,-0.0064,-19.94,-29.44,-1.75,301.72,-87.15,-139.03,False
52.406494,-1.49329,132.73,9.29,3,69.73,18 / 18,98220,2019-09-04 19:22:58:393,0.5077,0.9094,10.1235,0.0061,0.0,9.8066,0.0099,0.0951,0.0401,-19.81,-29.19,-2.19,301.7,-87.1,-138.99,False
52.406494,-1.49329,132.73,9.29,3,69.73,18 / 18,98320,2019-09-04 19:22:58:493,0.0873,-0.0048,9.9738,-0.0004,-0.003,9.8066,-0.0017,0.0867,0.0305,-19.87,-29.56,-1.44,305.56,-86.99,-137.87,False
52.406494,-1.49329,132.73,9.29,3,69.73,18 / 18,98421,2019-09-04 19:22:58:594,-0.3535,0.1399,9.4961,0.0029,0.0011,9.8066,-0.0054,0.0507,-0.0082,-19.5,-29.0,-2.19,302.22,-86.96,-137.83,False
52.406494,-1.49329,132.73,9.29,3,69.73,18 / 18,98520,2019-09-04 19:22:58:693,0.2238,0.5394,10.3925,0.0058,0.0042,9.8066,0.0092,0.0785,0.0112,-19.69,-29.12,-2.0,301.6,-86.95,-138.89,False
52.406494,-1.49329,132.73,9.29,3,69.73,18 / 18,98621,2019-09-04 19:22:58:794,0.6301,0.7413,9.5459,0.0017,-0.0009,9.8066,-0.0135,0.0526,0.0086,-19.62,-29.56,-2.12,300.08,-86.9,-140.16,False
52.406494,-1.49329,132.73,9.29,3,69.73,18 / 18,98721,2019-09-04 19:22:58:894,0.1128,0.2346,9.7948,-0.0082,-0.0048,9.8066,-0.0323,0.0512,0.0162,-19.31,-29.81,-2.44,299.23,-86.95,-140.54,False
52.406494,-1.49329,132.73,9.29,3,69.73,18 / 18,98820,2019-09-04 19:22:58:993,-0.1535,0.199,9.8322,-0.0071,-0.0017,9.8066,-0.0288,0.0284,0.0093,-20.12,-29.94,-2.56,298.99,-87.01,-138.56,False
52.406494,-1.49329,132.73,9.29,3,69.73,18 / 18,98920,2019-09-04 19:22:59:093,-0.0863,0.3701,9.6253,0.0026,-0.0057,9.8066,-0.0066,0.0277,0.0304,-19.75,-29.44,-2.25,304.06,-87.09,-136.72,False
52.406494,-1.49329,132.73,9.29,3,69.73,18 / 18,99020,2019-09-04 19:22:59:193,-0.3998,0.3138,9.6284,-0.0061,-0.0052,9.8066,-0.0254,0.0334,0.0296,-19.5,-29.81,-2.37,305.23,-87.04,-134.93,False
52.406494,-1.49329,132.73,9.29,3,69.73,18 / 18,99120,2019-09-04 19:22:59:293,0.0592,-0.3605,10.0865,-0.0016,-0.0002,9.8066,0.0038,0.0151,-0.0079,-19.62,-29.25,-2.19,308.4,-87.02,-132.48,False
52.406494,-1.49329,132.73,9.29,3,69.73,18 / 18,99220,2019-09-04 19:22:59:393,-0.5959,0.4739,9.7056,0.0081,0.0019,9.8066,0.0322,0.004,0.0097,-19.69,-29.37,-2.87,305.04,-87.04,-132.92,False
52.406494,-1.49329,132.73,9.29,3,69.73,18 / 18,99321,2019-09-04 19:22:59:494,-0.0789,0.1962,9.8692,0.0075,-0.0024,9.8066,-0.0025,0.0116,0.0077,-19.56,-29.87,-2.37,305.9,-86.84,-134.51,False
52.406494,-1.49329,132.73,9.29,3,69.73,18 / 18,99420,2019-09-04 19:22:59:593,-0.6433,0.1946,9.6953,-0.0001,-0.0085,9.8066,-0.019,-0.0455,-0.0191,-19.75,-29.69,-1.75,306.85,-86.78,-133.54,False
52.406494,-1.49329,132.73,9.29,3,69.73,18 / 18,99520,2019-09-04 19:22:59:693,-0.6687,-0.3297,10.1577,-0.0046,0.0007,9.8066,-0.0004,-0.0224,-0.0288,-19.75,-29.56,-2.44,309.5,-86.78,-131.03,False
52.406494,-1.49329,132.73,9.29,3,69.73,18 / 18,99620,2019-09-04 19:22:59:793,-0.5191,-0.0886,10.3651,0.014,0.0094,9.8065,0.0397,0.0014,0.0081,-20.12,-29.44,-2.81,305.96,-86.83,-131.79,False
52.406494,-1.49329,132.73,9.29,3,69.73,18 / 18,99721,2019-09-04 19:22:59:894,-0.3622,-0.4386,9.266,0.0102,0.0012,9.8066,0.0162,-0.0031,-0.0009,-19.56,-29.31,-2.94,302.24,-86.67,-135.15,False
52.406494,-1.49329,132.73,9.29,3,69.73,18 / 18,99821,2019-09-04 19:22:59:994,-0.3338,0.1868,9.9079,-0.0072,0.0017,9.8066,-0.0101,-0.0504,-0.0447,-20.69,-29.37,-2.69,302.28,-86.69,-135.71,False
52.406494,-1.49329,132.73,9.29,3,69.73,18 / 18,99921,2019-09-04 19:23:00:094,-0.9635,-0.3326,9.7987,-0.0085,0.0017,9.8066,-0.0155,-0.0192,-0.0181,-19.81,-29.37,-3.25,302.22,-86.82,-135.34,False
52.406494,-1.49329,132.73,9.29,3,69.73,18 / 18,100020,2019-09-04 19:23:00:193,-0.7468,0.0076,10.1969,-0.0049,0.0033,9.8066,-0.0093,-0.0208,0.0002,-19.94,-29.62,-3.19,301.84,-86.92,-135.7,False
52.406494,-1.49329,132.73,9.29,3,69.73,18 / 18,100120,2019-09-04 19:23:00:293,-1.0109,-0.6029,9.9707,0.0009,-0.0016,9.8066,0.0039,-0.0044,0.012,-19.75,-30.06,-3.5,301.93,-86.96,-135.67,False
52.406494,-1.49329,132.73,9.29,3,69.73,18 / 18,100221,2019-09-04 19:23:00:394,-0.4583,-0.0326,9.5117,0.0042,-0.0007,9.8066,-0.0008,0.0079,0.0289,-19.44,-29.5,-2.31,303.56,-86.91,-136.48,False
52.406494,-1.49329,132.73,9.29,3,69.73,17 / 18,100320,2019-09-04 19:23:00:493,-0.5314,0.2013,9.1642,-0.0048,-0.0035,9.8065,-0.0293,0.0009,0.0267,-20.12,-29.56,-2.56,301.45,-86.89,-136.04,False
52.406494,-1.49329,132.73,9.29,3,69.73,17 / 18,100420,2019-09-04 19:23:00:593,-0.6475,-0.0015,9.9555,-0.0115,-0.0084,9.8066,-0.0312,-0.0284,-0.0045,-19.69,-29.44,-2.69,304.42,-86.93,-133.38,False
52.406494,-1.49329,132.73,9.29,3,69.73,17 / 18,100520,2019-09-04 19:23:00:693,-0.706,0.0659,9.6738,-0.0082,-0.0035,9.8066,-0.0267,-0.0259,-0.0111,-19.87,-29.31,-3.44,307.78,-87.04,-130.3,False
52.406494,-1.49329,132.73,9.29,3,69.73,17 / 18,100620,2019-09-04 19:23:00:793,-1.1415,-0.3416,9.7297,-0.0003,0.0051,9.8066,0.0028,0.0179,0.0,-20.31,-30.19,-2.62,309.39,-87.07,-128.68,False
52.406494,-1.49329,132.73,9.29,3,69.73,17 / 18,100721,2019-09-04 19:23:00:894,-0.2743,0.0422,9.8864,0.0092,0.0019,9.8065,0.0203,-0.0016,-0.0039,-19.75,-29.87,-3.25,308.66,-87.08,-129.39,False
52.406494,-1.49329,132.73,9.29,3,69.73,17 / 18,100821,2019-09-04 19:23:00:994,-0.6877,0.1412,9.8128,0.0113,0.0032,9.8066,0.0125,0.0236,0.0187,-19.5,-30.19,-2.69,305.39,-86.96,-131.73,False
52.406494,-1.49329,132.73,9.29,3,69.73,17 / 18,100920,2019-09-04 19:23:01:093,-0.56,0.2006,10.256,0.0042,-0.006,9.8066,0.0042,-0.005,0.0102,-19.75,-29.94,-2.25,308.31,-86.84,-132.24,False
52.406494,-1.49329,132.73,9.29,3,69.73,17 / 18,101020,2019-09-04 19:23:01:193,-1.0737,0.2242,10.4334,0.0038,-0.0042,9.8066,0.0109,0.0294,0.0378,-19.75,-30.12,-2.69,305.41,-86.79,-132.12,False
52.406494,-1.49329,132.73,9.29,3,69.73,17 / 18,101120,2019-09-04 19:23:01:293,-0.8775,-0.3583,10.2314,0.0078,0.0024,9.8065,0.0142,0.0484,0.0289,-20.37,-30.0,-2.12,307.45,-86.68,-132.86,False
52.406494,-1.49329,132.73,9.29,3,69.73,17 / 18,101221,2019-09-04 19:23:01:394,-0.8116,0.0842,9.7634,0.0094,-0.0064,9.8066,0.0077,0.0187,0.0395,-19.75,-29.56,-2.5,305.97,-86.63,-134.19,False
52.406494,-1.49329,132.73,9.29,3,69.73,17 / 18,101321,2019-09-04 19:23:01:494,-0.9332,-0.7899,9.8978,0.0016,0.0025,9.8066,0.0106,-0.0121,-0.0501,-20.75,-29.5,-2.06,306.98,-86.51,-133.68,False
52.406494,-1.49329,132.73,9.29,3,69.73,17 / 18,101420,2019-09-04 19:23:01:593,-0.9111,0.3461,9.3616,0.001,0.0104,9.8066,0.0002,0.0066,0.013,-19.87,-29.44,-2.12,304.18,-86.59,-135.98,False
52.406494,-1.49329,132.73,9.29,3,69.73,17 / 18,101520,2019-09-04 19:23:01:693,-0.3858,-0.0234,9.8939,-0.0029,0.0012,9.8066,-0.0161,0.0054,-0.0031,-20.37,-29.94,-1.75,304.04,-86.6,-135.98,False
52.406494,-1.49329,132.73,9.29,3,69.73,17 / 18,101621,2019-09-04 19:23:01:794,-0.4284,0.0761,9.8554,-0.0095,-0.0055,9.8066,-0.0304,-0.002,0.0072,-19.81,-29.12,-2.31,305.53,-86.66,-134.79,False
52.406494,-1.49329,132.73,9.29,3,69.73,17 / 18,101720,2019-09-04 19:23:01:893,-1.2039,0.3016,9.6881,-0.0103,-0.0026,9.8066,-0.0088,0.0036,-0.0096,-19.75,-29.62,-2.31,309.03,-86.75,-131.44,False
52.406494,-1.49329,132.73,9.29,3,69.73,17 / 18,101821,2019-09-04 19:23:01:994,-0.7836,-0.2344,10.0989,0.0041,-0.0009,9.8066,0.0082,0.0066,0.0112,-20.81,-28.87,-2.25,309.94,-86.72,-131.11,False
52.406494,-1.49329,132.73,9.29,3,69.73,17 / 18,101920,2019-09-04 19:23:02:093,-0.7344,-0.3271,9.7363,0.001,-0.003,9.8066,0.0034,0.0034,0.0015,-20.19,-29.19,-2.87,306.32,-86.69,-131.28,False
52.406494,-1.49329,132.73,9.29,3,69.73,17 / 18,102021,2019-09-04 19:23:02:194,-0.5503,-0.4133,9.9699,0.0013,-0.0004,9.8066,0.0101,-0.0388,-0.0266,-20.31,-29.06,-2.19,309.76,-86.66,-130.78,False
52.406494,-1.49329,132.73,9.29,3,69.73,17 / 18,102120,2019-09-04 19:23:02:293,-0.9867,0.2883,10.0733,-0.0009,0.0019,9.8066,0.0038,0.005,0.006,-19.69,-29.5,-2.5,309.11,-86.68,-131.41,False
52.406494,-1.49329,132.73,9.29,3,69.73,17 / 18,102220,2019-09-04 19:23:02:393,-0.6196,-0.8666,9.6295,0.0043,-0.0037,9.8066,-0.0062,-0.0039,-0.0124,-20.0,-29.5,-2.87,306.2,-86.64,-131.33,False
52.406494,-1.49329,132.73,9.29,3,69.73,17 / 18,102321,2019-09-04 19:23:02:494,-1.04,-0.6433,9.7877,-0.0023,0.0004,9.8066,-0.0056,0.0289,0.0362,-20.37,-28.94,-2.19,308.3,-86.7,-132.2,False
52.406494,-1.49329,132.73,9.29,3,69.73,17 / 18,102424,2019-09-04 19:23:02:597,-0.5267,-0.2408,9.9957,-0.0044,0.0117,9.8066,-0.0136,0.0282,0.0171,-20.37,-29.44,-2.31,307.63,-86.75,-132.9,False
52.406494,-1.49329,132.73,9.29,3,69.73,17 / 18,102520,2019-09-04 19:23:02:693,-0.6852,-0.045,9.7924,-0.0017,0.0035,9.8066,-0.0142,0.0206,0.0272,-19.94,-29.62,-2.62,303.82,-86.84,-133.7,False
52.406494,-1.49329,132.73,9.29,3,69.73,17 / 18,102621,2019-09-04 19:23:02:794,-0.9811,-0.3332,10.2033,-0.0077,0.0011,9.8066,-0.0218,0.0079,0.0078,-20.31,-29.75,-2.87,304.34,-86.92,-133.31,False
52.406494,-1.49329,132.73,9.29,3,69.73,17 / 18,102721,2019-09-04 19:23:02:894,-0.9651,-0.0152,10.3732,-0.0025,-0.0009,9.8066,-0.0041,-0.0116,0.0126,-20.0,-29.37,-2.56,305.84,-86.99,-132.1,False
52.406494,-1.49329,132.73,9.29,3,69.73,17 / 18,102821,2019-09-04 19:23:02:994,-1.3707,-0.3879,10.3564,0.0056,0.0014,9.8066,0.0298,-0.016,-0.016,-20.25,-29.44,-2.69,306.04,-86.99,-131.9,False
52.406494,-1.49329,132.73,9.29,3,69.73,17 / 18,102921,2019-09-04 19:23:03:094,-0.9343,0.016,10.1443,0.0403,-0.0117,9.8065,0.0231,0.0134,0.0227,-20.0,-29.56,-2.87,305.37,-86.97,-132.39,False
52.406494,-1.49329,132.73,9.29,3,69.73,17 / 18,103020,2019-09-04 19:23:03:193,-0.6767,-0.2562,9.8853,0.0031,-0.0069,9.8066,-0.0105,0.005,0.0252,-20.0,-29.62,-2.0,307.56,-86.63,-132.68,False
52.406494,-1.49329,132.73,9.29,3,69.73,17 / 18,103120,2019-09-04 19:23:03:293,-0.6854,0.131,9.5375,-0.0158,-0.0098,9.8066,-0.0483,-0.0143,0.0184,-20.5,-29.19,-2.12,309.56,-86.62,-130.92,False
52.406494,-1.49329,132.73,9.29,3,69.73,17 / 18,103221,2019-09-04 19:23:03:394,-1.9971,-0.4216,10.5113,-0.0051,-0.0175,9.8066,0.0217,-0.0041,0.0199,-20.69,-29.5,-2.19,315.84,-86.61,-125.43,False
52.40687,-1.492017,134.23,8.96,3,61.14,17 / 18,103321,2019-09-04 19:23:03:494,-1.5006,-0.5593,9.2293,0.008,-0.0037,9.8066,0.034,0.0157,-0.0039,-20.12,-29.12,-1.19,318.0,-86.5,-125.7,False
52.40687,-1.492017,134.23,8.96,3,61.14,17 / 18,103421,2019-09-04 19:23:03:594,-1.2466,-0.3879,9.4981,0.0135,0.0102,9.8066,0.0309,0.0308,0.0097,-20.87,-30.19,-1.62,309.89,-86.44,-130.72,False
52.40687,-1.492017,134.23,8.96,3,61.14,17 / 18,103521,2019-09-04 19:23:03:694,-1.213,-0.714,9.9068,-0.0172,0.0077,9.8066,-0.0448,-0.0027,-0.0315,-20.37,-29.37,-2.12,308.9,-86.48,-131.37,False
52.40687,-1.492017,134.23,8.96,3,61.14,17 / 18,103621,2019-09-04 19:23:03:794,-1.414,-0.4195,9.9147,-0.014,0.0023,9.8066,-0.021,-0.0112,-0.0142,-20.5,-29.5,-2.12,311.06,-86.77,-129.67,False
52.40687,-1.492017,134.23,8.96,3,61.14,17 / 18,103721,2019-09-04 19:23:03:894,-1.551,-0.2897,9.2509,-0.0067,-0.0011,9.8066,-0.0003,-0.0181,-0.0199,-20.12,-29.25,-2.06,312.37,-86.84,-128.5,False
52.40687,-1.492017,134.23,8.96,3,61.14,17 / 18,103820,2019-09-04 19:23:03:993,-0.9142,-0.0948,9.5502,-0.0094,0.0003,9.8066,-0.0258,-0.0258,-0.0304,-20.69,-29.19,-1.37,316.74,-86.88,-127.54,False
52.40687,-1.492017,134.23,8.96,3,61.14,17 / 18,103921,2019-09-04 19:23:04:094,-1.259,-0.6083,10.6984,-0.0156,-0.0078,9.8066,-0.0289,-0.0365,-0.0272,-20.94,-29.44,-2.25,317.13,-87.03,-124.62,False
52.40687,-1.492017,134.23,8.96,3,61.14,17 / 18,104020,2019-09-04 19:23:04:193,-0.9329,0.0776,10.2867,-0.0009,0.0142,9.8065,0.0164,0.0023,-0.0342,-20.62,-28.81,-2.31,319.31,-87.17,-122.68,False
52.40687,-1.492017,134.23,8.96,3,61.14,17 / 18,104120,2019-09-04 19:23:04:293,-0.8322,0.3236,9.8642,0.0134,0.0213,9.8066,0.0524,0.0229,-0.0379,-20.12,-29.81,-2.87,310.99,-87.24,-127.35,False
52.40687,-1.492017,134.23,8.96,3,61.14,17 / 18,104220,2019-09-04 19:23:04:393,0.6812,0.0819,9.5602,0.0196,0.0098,9.8066,0.0574,0.0422,0.0062,-20.0,-29.06,-1.69,305.75,-87.15,-135.17,False
52.40687,-1.492017,134.23,8.96,3,61.14,17 / 18,104321,2019-09-04 19:23:04:494,-0.4087,-0.0422,9.2479,-0.007,0.0123,9.8066,-0.0262,0.081,-0.0287,-20.56,-29.75,-1.62,301.32,-87.13,-139.72,False
52.40687,-1.492017,134.23,8.96,3,61.14,17 / 18,104420,2019-09-04 19:23:04:593,-1.1039,0.4275,9.7967,-0.0174,0.0165,9.8066,-0.0301,0.0962,-0.0507,-19.94,-29.0,-2.75,296.06,-87.33,-141.95,False
52.40687,-1.492017,134.23,8.96,3,61.14,17 / 18,104520,2019-09-04 19:23:04:693,-1.1332,1.2176,10.0565,-0.0142,0.0115,9.8066,-0.0192,0.1058,-0.0063,-19.62,-29.69,-1.87,296.41,-87.69,-144.77,False
52.40687,-1.492017,134.23,8.96,3,61.14,17 / 18,104620,2019-09-04 19:23:04:793,-1.0135,1.2853,9.822,0.0011,0.0034,9.8066,0.0192,0.1113,0.0081,-19.25,-29.62,-2.69,292.15,-87.81,-145.7,False
52.40687,-1.492017,134.23,8.96,3,61.14,17 / 18,104720,2019-09-04 19:23:04:893,-0.4215,0.7693,9.6621,0.0084,0.0024,9.8066,0.0014,0.1514,0.0239,-19.12,-29.25,-3.06,291.98,-87.71,-145.83,False
52.40687,-1.492017,134.23,8.96,3,61.14,17 / 18,104821,2019-09-04 19:23:04:994,-0.7589,1.1046,9.8918,0.0026,0.0014,9.8066,0.009,0.1477,0.0102,-19.94,-29.87,-3.31,291.98,-87.64,-146.22,False
52.40687,-1.492017,134.23,8.96,3,61.14,17 / 18,104921,2019-09-04 19:23:05:094,-0.746,1.8069,9.746,0.0025,-0.0004,9.8066,0.0172,0.1486,-0.0222,-19.06,-29.56,-3.31,291.37,-87.61,-146.17,False
52.40687,-1.492017,134.23,8.96,3,61.14,17 / 18,105021,2019-09-04 19:23:05:194,-0.7698,1.9128,9.7963,-0.0051,0.0027,9.8066,-0.0099,0.2046,-0.0187,-19.19,-29.25,-3.19,291.53,-87.6,-146.1,False
52.40687,-1.492017,134.23,8.96,3,61.14,17 / 18,105121,2019-09-04 19:23:05:294,-1.0919,2.2449,9.7141,-0.0081,-0.0007,9.8065,-0.0136,0.2346,-0.005,-19.25,-29.94,-4.12,288.49,-87.74,-146.29,False
52.40687,-1.492017,134.23,8.96,3,61.14,17 / 18,105221,2019-09-04 19:23:05:394,-0.6349,2.0583,9.322,-0.0091,-0.0013,9.8066,-0.0209,0.2638,0.0132,-18.5,-29.56,-4.5,290.5,-87.86,-143.69,False
52.40687,-1.492017,134.23,8.96,3,61.14,17 / 18,105321,2019-09-04 19:23:05:494,-0.9318,1.1195,9.2475,-0.0224,0.0096,9.8066,-0.061,0.3204,0.0053,-18.56,-29.87,-4.69,290.64,-88.02,-141.78,False
52.40687,-1.492017,134.23,8.96,3,61.14,17 / 18,105420,2019-09-04 19:23:05:593,-2.1678,1.7906,10.0842,-0.0207,-0.0141,9.8065,-0.0546,0.3035,0.0493,-17.69,-30.62,-6.37,292.0,-88.41,-137.15,False
52.40687,-1.492017,134.23,8.96,3,61.14,17 / 18,105520,2019-09-04 19:23:05:693,-1.2839,1.7192,10.5712,0.0079,-0.0124,9.8066,0.0427,0.2586,0.0176,-18.12,-29.62,-6.56,297.28,-88.42,-129.28,False
52.40687,-1.492017,134.23,8.96,3,61.14,17 / 18,105620,2019-09-04 19:23:05:793,-0.9405,1.1473,9.9059,0.0188,-0.0009,9.8065,0.0631,0.2798,0.0033,-17.75,-30.31,-6.31,300.22,-88.26,-128.95,False
52.40687,-1.492017,134.23,8.96,3,61.14,17 / 18,105720,2019-09-04 19:23:05:893,-0.8424,1.5921,8.665,0.0129,0.0118,9.8066,0.0412,0.2586,-0.0512,-17.56,-30.69,-6.37,293.5,-87.99,-135.04,False
52.40687,-1.492017,134.23,8.96,3,61.14,17 / 18,105821,2019-09-04 19:23:05:994,0.2074,1.7496,10.2944,-0.0029,0.0084,9.8066,-0.0014,0.295,-0.0105,-16.69,-31.0,-6.0,286.65,-87.96,-140.53,False
52.40687,-1.492017,134.23,8.96,3,61.14,17 / 18,105921,2019-09-04 19:23:06:094,-0.6495,1.7427,10.7732,-0.0161,0.0013,9.8066,-0.0139,0.2888,-0.0006,-16.44,-30.62,-6.44,285.78,-88.12,-140.37,False
52.40687,-1.492017,134.23,8.96,3,61.14,17 / 18,106021,2019-09-04 19:23:06:194,-1.0831,1.7185,9.5253,-0.0037,0.0006,9.8066,0.002,0.2938,0.0133,-16.12,-29.5,-7.25,285.1,-88.25,-138.45,False
52.40687,-1.492017,134.23,8.96,3,61.14,17 / 18,106120,2019-09-04 19:23:06:293,-0.7717,1.102,9.6998,0.0122,0.0054,9.8066,0.0392,0.2518,-0.0145,-15.56,-30.31,-7.56,281.04,-88.2,-139.42,False
52.40687,-1.492017,134.23,8.96,3,61.14,17 / 18,106220,2019-09-04 19:23:06:393,-0.0158,1.583,10.191,0.0093,0.013,9.8066,0.0339,0.2428,-0.0285,-15.44,-30.37,-7.81,275.97,-88.07,-142.56,False
52.40687,-1.492017,134.23,8.96,3,61.14,18 / 18,106320,2019-09-04 19:23:06:493,-0.063,1.4375,9.2856,-0.0045,-0.0004,9.8066,-0.0057,0.2079,-0.0363,-14.62,-30.25,-7.87,271.03,-88.0,-147.36,False
52.40687,-1.492017,134.23,8.96,3,61.14,18 / 18,106421,2019-09-04 19:23:06:594,0.2392,1.1334,10.2718,-0.0061,0.005,9.8066,0.0034,0.2001,-0.0328,-14.12,-31.0,-8.12,267.76,-88.12,-148.89,False
52.40687,-1.492017,134.23,8.96,3,61.14,18 / 18,106520,2019-09-04 19:23:06:693,-0.1241,1.1496,8.8611,0.002,0.0015,9.8066,0.0002,0.1741,0.0166,-14.37,-30.0,-7.87,266.29,-88.15,-150.53,False
52.40687,-1.492017,134.23,8.96,3,61.14,18 / 18,106621,2019-09-04 19:23:06:794,0.1451,0.9433,10.4684,0.0009,-0.0042,9.8066,-0.0137,0.2044,0.063,-13.62,-30.0,-8.5,267.73,-88.13,-149.04,False
52.40687,-1.492017,134.23,8.96,3,61.14,18 / 18,106721,2019-09-04 19:23:06:894,1.147,0.4988,10.3726,0.0109,0.0076,9.8066,0.0524,0.1235,0.0042,-14.19,-29.62,-8.87,267.48,-88.05,-146.28,False
52.40687,-1.492017,134.23,8.96,3,61.14,18 / 18,106821,2019-09-04 19:23:06:994,0.9755,0.8781,9.3007,0.0187,0.0068,9.8066,0.0463,0.0654,0.0196,-13.06,-29.75,-8.25,265.3,-87.88,-148.95,False
52.40687,-1.492017,134.23,8.96,3,61.14,18 / 18,106921,2019-09-04 19:23:07:094,1.1898,0.9514,9.6572,0.0139,-0.0008,9.8066,0.0226,0.0507,0.0242,-13.87,-30.06,-8.69,263.99,-87.57,-148.93,False
52.40687,-1.492017,134.23,8.96,3,61.14,18 / 18,107020,2019-09-04 19:23:07:193,0.9377,-0.0025,9.7107,-0.0056,-0.012,9.8066,-0.0395,0.0527,0.0107,-14.31,-29.56,-8.69,266.25,-87.49,-146.51,False
52.40687,-1.492017,134.23,8.96,3,61.14,18 / 18,107120,2019-09-04 19:23:07:293,0.3911,0.1381,10.1265,-0.015,-0.0064,9.8066,-0.0378,0.0324,-0.0088,-13.37,-29.94,-8.87,266.41,-87.65,-144.45,False
52.40687,-1.492017,134.23,8.96,3,61.14,18 / 18,107220,2019-09-04 19:23:07:393,0.2716,-0.0864,10.2283,-0.0137,0.007,9.8066,0.0114,0.0291,-0.0377,-13.75,-30.12,-9.25,269.05,-87.92,-144.46,False
52.40687,-1.492017,134.23,8.96,3,61.14,18 / 18,107320,2019-09-04 19:23:07:493,0.6177,0.7611,9.6604,0.006,0.0121,9.8066,0.0174,0.0321,-0.0079,-13.0,-30.19,-8.12,264.81,-87.95,-149.58,False
52.40687,-1.492017,134.23,8.96,3,61.14,18 / 18,107421,2019-09-04 19:23:07:594,0.6362,0.175,9.5897,-0.0062,0.001,9.8066,-0.0103,0.0012,-0.04,-13.19,-30.56,-9.19,259.02,-87.92,-152.28,False
52.40687,-1.492017,134.23,8.96,3,61.14,18 / 18,107521,2019-09-04 19:23:07:694,0.3017,-0.111,10.1262,-0.0122,0.0037,9.8066,-0.0238,0.0247,-0.0254,-12.75,-29.56,-8.5,260.74,-88.1,-153.97,False
52.40687,-1.492017,134.23,8.96,3,61.14,18 / 18,107621,2019-09-04 19:23:07:794,0.3249,-0.1638,10.594,-0.0133,0.0008,9.8065,-0.0228,0.0313,0.0079,-12.94,-29.62,-9.31,256.36,-88.33,-155.87,False
52.40687,-1.492017,134.23,8.96,3,61.14,18 / 18,107720,2019-09-04 19:23:07:893,-0.0283,0.6791,10.0149,0.0081,0.0145,9.8066,0.0491,0.0045,-0.0187,-12.87,-30.19,-9.62,250.38,-88.37,-159.25,False
52.40687,-1.492017,134.23,8.96,3,61.14,18 / 18,107820,2019-09-04 19:23:07:993,0.5807,0.2064,9.277,0.0117,0.01,9.8066,0.0184,-0.0042,-0.0255,-12.62,-30.12,-9.0,248.1,-88.13,-163.91,False
52.40687,-1.492017,134.23,8.96,3,61.14,18 / 18,107920,2019-09-04 19:23:08:093,0.8004,0.0759,10.4029,-0.0041,0.0006,9.8066,-0.0276,0.0251,0.009,-13.75,-29.56,-9.44,249.66,-88.11,-164.43,False
52.40687,-1.492017,134.23,8.96,3,61.14,18 / 18,108020,2019-09-04 19:23:08:193,0.5697,0.3261,10.1142,-0.0123,-0.004,9.8066,-0.0588,0.0263,0.0065,-12.81,-30.06,-9.25,248.16,-88.19,-163.97,False
52.40687,-1.492017,134.23,8.96,3,61.14,18 / 18,108120,2019-09-04 19:23:08:293,0.0569,-0.5821,9.9174,-0.0147,-0.0013,9.8066,-0.012,0.0082,-0.0258,-13.12,-30.0,-10.06,247.85,-88.5,-162.04,False
52.40687,-1.492017,134.23,8.96,3,61.14,18 / 18,108220,2019-09-04 19:23:08:393,0.0974,0.1299,9.8733,0.0005,-0.0018,9.8066,-0.0053,0.0064,0.0122,-12.75,-30.5,-9.37,248.74,-88.61,-164.12,False
52.40687,-1.492017,134.23,8.96,3,61.14,18 / 18,108320,2019-09-04 19:23:08:493,0.3571,-0.1409,9.9037,0.0035,0.002,9.8066,0.0179,-0.0035,-0.0174,-13.19,-29.94,-9.75,247.06,-88.59,-163.01,False
52.40687,-1.492017,134.23,8.96,3,61.14,18 / 18,108421,2019-09-04 19:23:08:594,0.1907,0.4035,9.6276,0.0028,0.0056,9.8066,0.0126,0.0119,0.008,-13.0,-29.94,-9.0,246.71,-88.52,-166.02,False
52.40687,-1.492017,134.23,8.96,3,61.14,18 / 18,108520,2019-09-04 19:23:08:693,0.1905,-0.3156,10.2432,0.0035,0.004,9.8066,0.0013,0.0303,0.0211,-13.19,-30.31,-9.56,243.61,-88.47,-166.32,False
52.40687,-1.492017,134.23,8.96,3,61.14,18 / 18,108621,2019-09-04 19:23:08:794,-0.2775,0.2203,9.6887,-0.0007,0.0047,9.8066,-0.0076,0.0393,0.0216,-12.94,-29.69,-9.25,245.42,-88.43,-167.18,False
52.40687,-1.492017,134.23,8.96,3,61.14,18 / 18,108720,2019-09-04 19:23:08:893,-0.8839,-0.6449,9.1989,-0.001,-0.0146,9.8066,-0.0293,0.0148,0.0241,-13.06,-30.0,-9.5,247.18,-88.47,-165.45,False
52.40687,-1.492017,134.23,8.96,3,61.14,18 / 18,108820,2019-09-04 19:23:08:993,0.115,-0.3693,10.2347,-0.0068,0.0002,9.8066,-0.0069,-0.0001,-0.0168,-13.69,-30.06,-9.75,250.33,-88.59,-161.83,False
52.40687,-1.492017,134.23,8.96,3,61.14,18 / 18,108921,2019-09-04 19:23:09:094,-0.2474,0.0406,9.9494,-0.001,0.0019,9.8066,0.0162,-0.0173,-0.0291,-13.12,-30.37,-9.69,245.71,-88.62,-164.44,False
52.40687,-1.492017,134.23,8.96,3,61.14,18 / 18,109020,2019-09-04 19:23:09:193,-0.1154,-0.0036,10.0778,0.0033,0.006,9.8066,0.015,0.0055,-0.0026,-13.37,-30.37,-9.44,245.67,-88.56,-167.16,False
52.40687,-1.492017,134.23,8.96,3,61.14,18 / 18,109121,2019-09-04 19:23:09:294,-0.0828,-0.5804,9.483,-0.0002,-0.0035,9.8066,-0.0282,0.0213,0.0252,-13.56,-29.75,-9.69,245.09,-88.53,-167.05,False
52.40687,-1.492017,134.23,8.96,3,61.14,18 / 18,109221,2019-09-04 19:23:09:394,-0.1643,-0.2016,9.6519,-0.0083,-0.0026,9.8066,-0.028,0.0333,0.0118,-13.37,-30.25,-9.75,245.17,-88.59,-164.93,False
52.40687,-1.492017,134.23,8.96,3,61.14,18 / 18,109321,2019-09-04 19:23:09:494,-0.4315,-0.455,9.5311,-0.0091,-0.0055,9.8066,-0.0256,0.0002,-0.0098,-13.0,-30.0,-9.25,247.45,-88.74,-165.65,False
52.40687,-1.492017,134.23,8.96,3,61.14,18 / 18,109420,2019-09-04 19:23:09:593,-0.2406,-0.6051,10.4236,-0.0057,-0.0115,9.8066,-0.0295,0.0035,0.0179,-13.12,-30.37,-10.0,247.9,-88.92,-162.7,False
52.40687,-1.492017,134.23,8.96,3,61.14,18 / 18,109520,2019-09-04 19:23:09:693,-0.5277,-0.3288,10.2315,-0.0044,-0.0055,9.8066,0.0051,0.0134,0.013,-13.56,-29.56,-9.31,256.09,-89.0,-159.42,False
52.40687,-1.492017,134.23,8.96,3,61.14,18 / 18,109620,2019-09-04 19:23:09:793,0.0311,-0.2749,10.2088,0.007,0.0015,9.8066,0.0075,0.0221,0.0261,-13.25,-30.5,-9.56,250.78,-88.94,-159.83,False
52.40687,-1.492017,134.23,8.96,3,61.14,18 / 18,109720,2019-09-04 19:23:09:893,-0.2253,-0.0593,9.9409,0.0023,0.0056,9.8066,0.0112,0.0041,-0.0055,-13.25,-29.62,-9.5,252.43,-88.9,-160.88,False
52.40687,-1.492017,134.23,8.96,3,61.14,18 / 18,109820,2019-09-04 19:23:09:993,-0.0682,-0.5093,9.9829,0.0033,-0.0037,9.8066,0.0069,-0.0035,0.0142,-12.62,-29.87,-9.44,249.39,-88.85,-163.88,False
52.40687,-1.492017,134.23,8.96,3,61.14,18 / 18,109920,2019-09-04 19:23:10:093,0.1527,-0.6802,10.109,0.0018,0.0034,9.8066,0.0126,0.0062,-0.0024,-13.44,-29.5,-9.31,253.39,-88.82,-159.84,False
52.40687,-1.492017,134.23,8.96,3,61.14,18 / 18,110020,2019-09-04 19:23:10:193,-0.3921,-0.2968,9.8976,0.0019,0.0052,9.8066,0.0151,0.0142,0.0166,-13.75,-29.19,-9.37,252.48,-88.76,-162.74,False
52.40687,-1.492017,134.23,8.96,3,61.14,18 / 18,110120,2019-09-04 19:23:10:293,-0.2601,-0.2541,10.007,0.0073,0.0023,9.8066,0.0106,0.0072,0.0134,-13.06,-30.06,-9.37,250.38,-88.67,-162.55,False
52.40687,-1.492017,134.23,8.96,3,61.14,18 / 18,110221,2019-09-04 19:23:10:394,-0.0351,-0.4682,9.5995,0.0031,-0.0009,9.8066,0.0085,-0.0188,-0.0141,-14.0,-29.62,-9.81,249.74,-88.61,-162.46,False
52.40687,-1.492017,134.23,8.96,3,61.14,18 / 18,110320,2019-09-04 19:23:10:493,-0.0356,-0.3063,9.4012,-0.0019,-0.0067,9.8066,-0.0267,-0.0113,0.016,-13.12,-30.06,-9.62,249.1,-88.6,-160.94,False
52.40687,-1.492017,134.23,8.96,3,61.14,18 / 18,110421,2019-09-04 19:23:10:594,-0.0009,-0.4959,9.9031,-0.0112,-0.0063,9.8066,-0.0344,0.0095,-0.0009,-13.81,-30.37,-9.75,253.68,-88.68,-158.57,False
52.40687,-1.492017,134.23,8.96,3,61.14,18 / 18,110521,2019-09-04 19:23:10:694,-0.5821,-0.3416,9.9237,-0.0087,-0.0052,9.8066,-0.0229,0.0243,0.0211,-13.87,-30.0,-9.25,256.86,-88.91,-158.5,False
52.40687,-1.492017,134.23,8.96,3,61.14,18 / 18,110620,2019-09-04 19:23:10:793,-0.4582,-0.6391,10.1399,0.0015,-0.006,9.8066,-0.0072,-0.0065,0.0215,-13.5,-30.44,-10.0,256.88,-89.0,-153.76,False
52.40687,-1.492017,134.23,8.96,3,61.14,18 / 18,110720,2019-09-04 19:23:10:893,-0.1453,-0.6058,9.6988,0.0083,0.0065,9.8066,0.0324,0.0015,0.0049,-14.0,-30.31,-9.5,262.95,-88.96,-152.45,False
52.40687,-1.492017,134.23,8.96,3,61.14,18 / 18,110821,2019-09-04 19:23:10:994,0.1645,-0.6921,9.4377,0.0131,0.0094,9.8065,0.0286,0.0364,0.035,-14.0,-30.19,-8.81,258.11,-88.74,-156.94,False
52.40687,-1.492017,134.23,8.96,3,61.14,18 / 18,110921,2019-09-04 19:23:11:094,-0.0858,-0.4139,9.4707,0.0026,0.0045,9.8066,0.0088,-0.0138,-0.0142,-14.06,-29.81,-9.69,254.38,-88.61,-157.75,False
52.40687,-1.492017,134.23,8.96,3,61.14,18 / 18,111021,2019-09-04 19:23:11:194,0.3167,-0.0828,9.6881,0.001,-0.002,9.8066,-0.0156,-0.0149,0.0143,-14.06,-29.62,-8.87,255.81,-88.58,-158.97,False
52.40687,-1.492017,134.23,8.96,3,61.14,18 / 18,111121,2019-09-04 19:23:11:294,-0.3536,-0.4049,9.1834,-0.0144,-0.0121,9.8066,-0.0705,0.0095,0.034,-13.62,-30.25,-9.25,259.89,-88.68,-155.04,False
52.40687,-1.492017,134.23,8.96,3,61.14,18 / 18,111220,2019-09-04 19:23:11:393,-0.6383,-1.0816,9.7594,-0.013,-0.0186,9.8066,-0.0403,-0.0061,0.0041,-14.06,-29.75,-9.56,270.86,-88.96,-141.79,False
52.40687,-1.492017,134.23,8.96,3,61.14,18 / 18,111320,2019-09-04 19:23:11:493,-0.5655,-0.7575,10.0115,0.0017,0.0024,9.8066,0.0153,0.0256,0.0275,-13.75,-29.62,-9.31,278.24,-89.03,-137.3,False
52.40687,-1.492017,134.23,8.96,3,61.14,18 / 18,111421,2019-09-04 19:23:11:594,0.0621,-0.8223,10.1559,0.0091,0.0123,9.8066,0.0315,0.0203,0.001,-13.62,-29.81,-9.62,269.93,-88.92,-142.65,False
52.40687,-1.492017,134.23,8.96,3,61.14,18 / 18,111520,2019-09-04 19:23:11:693,-0.3853,-0.7154,9.5235,0.0124,0.0114,9.8066,0.0375,-0.0224,-0.0276,-13.75,-28.81,-9.19,264.15,-88.78,-151.01,False
52.40687,-1.492017,134.23,8.96,3,61.14,18 / 18,111621,2019-09-04 19:23:11:794,-0.4274,0.2525,9.2314,-0.0011,0.0097,9.8066,-0.0112,0.0127,0.0143,-13.87,-30.0,-9.19,259.15,-88.65,-155.73,False
52.40687,-1.492017,134.23,8.96,3,61.14,18 / 18,111720,2019-09-04 19:23:11:893,-0.2073,-0.5794,9.9878,-0.0131,-0.0121,9.8066,-0.0546,-0.007,-0.0136,-14.0,-29.87,-9.25,262.14,-88.73,-152.86,False
52.40687,-1.492017,134.23,8.96,3,61.14,18 / 18,111821,2019-09-04 19:23:11:994,-0.9494,-0.8274,10.0009,-0.012,-0.0087,9.8066,-0.0336,0.0039,0.0162,-14.0,-30.31,-9.81,267.44,-88.99,-145.26,False
52.40687,-1.492017,134.23,8.96,3,61.14,18 / 18,111920,2019-09-04 19:23:12:093,-0.4167,-1.1117,10.5925,-0.0045,0.0124,9.8066,0.0214,0.0235,-0.0333,-13.56,-30.44,-9.31,273.95,-89.05,-141.6,False
52.40687,-1.492017,134.23,8.96,3,61.14,18 / 18,112020,2019-09-04 19:23:12:193,-0.63,-0.3193,9.6814,0.0083,0.0129,9.8066,0.0491,-0.0022,-0.0127,-14.37,-29.87,-9.25,259.04,-89.01,-156.47,False
52.40687,-1.492017,134.23,8.96,3,61.14,18 / 18,112121,2019-09-04 19:23:12:294,-0.2618,-0.4148,9.0835,0.0127,0.0128,9.8066,0.0336,0.0097,-0.0015,-13.87,-30.12,-9.06,253.18,-88.8,-162.02,False
52.40687,-1.492017,134.23,8.96,3,61.14,18 / 18,112221,2019-09-04 19:23:12:394,-0.5314,-0.6388,10.0194,0.0124,0.001,9.8066,0.0174,-0.0029,0.014,-13.81,-30.12,-8.75,250.15,-88.64,-164.81,False
52.407333,-1.491409,135.87,6.23,3,30.02,17 / 18,112321,2019-09-04 19:23:12:494,-0.0918,-0.5901,9.6794,-0.0056,0.0013,9.8066,-0.016,0.0238,-0.0097,-14.12,-30.12,-8.94,252.0,-88.5,-162.69,False
52.407333,-1.491409,135.87,6.23,3,30.02,17 / 18,112421,2019-09-04 19:23:12:594,-0.3635,-0.8629,9.4928,-0.0048,-0.0029,9.8066,-0.0172,0.0022,-0.0092,-13.81,-30.37,-8.81,251.43,-88.59,-163.43,False
52.407333,-1.491409,135.87,6.23,3,30.02,17 / 18,112520,2019-09-04 19:23:12:693,-0.5345,-0.8912,10.0861,-0.0098,-0.0028,9.8066,-0.0197,0.029,-0.0143,-13.75,-30.06,-9.44,250.45,-88.7,-164.61,False
52.407333,-1.491409,135.87,6.23,3,30.02,17 / 18,112620,2019-09-04 19:23:12:793,-0.6157,-0.5708,9.9419,-0.0064,0.0063,9.8066,-0.006,0.0267,-0.0051,-14.25,-30.06,-9.37,248.33,-88.8,-166.93,False
52.407333,-1.491409,135.87,6.23,3,30.02,17 / 18,112720,2019-09-04 19:23:12:893,-0.7705,-0.7958,9.5233,-0.0028,0.0016,9.8066,-0.0068,0.0171,0.0001,-13.94,-30.0,-8.87,244.46,-88.83,-170.91,False
52.407333,-1.491409,135.87,6.23,3,30.02,17 / 18,112820,2019-09-04 19:23:12:993,-0.7561,-0.9005,10.239,-0.0032,-0.001,9.8066,0.0004,0.0143,-0.0062,-13.31,-30.56,-9.5,241.48,-88.87,-171.89,False
52.407333,-1.491409,135.87,6.23,3,30.02,17 / 18,112920,2019-09-04 19:23:13:093,-0.9337,-0.8355,10.0142,0.0011,0.0053,9.8066,0.0266,0.013,-0.0142,-14.25,-29.94,-9.12,241.22,-88.84,-174.21,False
52.407333,-1.491409,135.87,6.23,3,30.02,17 / 18,113020,2019-09-04 19:23:13:193,-0.4621,-0.8842,9.42,0.0031,-0.0011,9.8066,0.0041,0.0078,-0.0035,-13.81,-30.31,-9.31,239.7,-88.73,-175.59,False
52.407333,-1.491409,135.87,6.23,3,30.02,17 / 18,113120,2019-09-04 19:23:13:293,-1.0403,-0.8894,9.8043,-0.002,-0.0011,9.8066,-0.0037,0.015,-0.0082,-13.56,-30.56,-9.31,240.3,-88.74,-174.93,False
52.407333,-1.491409,135.87,6.23,3,30.02,17 / 18,113220,2019-09-04 19:23:13:393,-0.9129,-0.987,9.9295,0.0004,0.0045,9.8066,0.0194,-0.0004,-0.0334,-13.87,-30.12,-9.19,239.58,-88.76,-175.76,False
52.407333,-1.491409,135.87,6.23,3,30.02,17 / 17,113320,2019-09-04 19:23:13:493,-0.8175,-0.6196,9.681,0.0051,0.0014,9.8066,0.0047,0.0064,-0.0037,-13.56,-29.69,-8.81,236.32,-88.69,-178.98,False
52.407333,-1.491409,135.87,6.23,3,30.02,17 / 17,113421,2019-09-04 19:23:13:594,-0.8749,-0.6696,9.8258,-0.001,-0.0006,9.8066,-0.0081,0.0167,0.0054,-13.75,-30.25,-9.44,237.55,-88.67,-177.69,False
52.407333,-1.491409,135.87,6.23,3,30.02,17 / 17,113520,2019-09-04 19:23:13:693,-0.7282,-0.9304,10.095,-0.0002,-0.0052,9.8066,-0.0026,0.0227,0.0003,-13.56,-30.25,-9.31,239.13,-88.71,-176.14,False
52.407333,-1.491409,135.87,6.23,3,30.02,17 / 17,113621,2019-09-04 19:23:13:794,-0.8352,-0.7091,9.7088,0.002,0.0024,9.8066,0.0006,0.033,0.0161,-14.37,-29.94,-9.69,236.4,-88.7,-176.17,False
52.407333,-1.491409,135.87,6.23,3,30.02,17 / 17,113720,2019-09-04 19:23:13:893,-0.549,-0.9265,9.7654,-0.0035,-0.0052,9.8066,-0.0172,0.0236,-0.0037,-13.44,-30.0,-9.37,239.5,-88.69,-173.68,False
52.407333,-1.491409,135.87,6.23,3,30.02,17 / 17,113820,2019-09-04 19:23:13:993,-0.5475,-0.804,10.1889,-0.0068,-0.0028,9.8066,-0.0194,0.0218,0.0005,-13.75,-30.25,-9.81,239.68,-88.77,-172.94,False
52.407333,-1.491409,135.87,6.23,3,30.02,17 / 17,113920,2019-09-04 19:23:14:093,-0.5759,-0.6967,9.6684,-0.0015,0.0009,9.8066,0.0008,0.0061,-0.0142,-14.81,-29.75,-10.0,242.49,-88.87,-172.15,False
52.407333,-1.491409,135.87,6.23,3,30.02,17 / 17,114020,2019-09-04 19:23:14:193,-0.63,-0.7096,9.5739,-0.0028,-0.0008,9.8066,0.0017,0.0028,-0.0178,-14.25,-30.0,-9.37,243.0,-88.89,-172.5,False
52.407333,-1.491409,135.87,6.23,3,30.02,17 / 17,114121,2019-09-04 19:23:14:294,-0.8655,-0.6049,9.6156,-0.0026,-0.0054,9.8066,-0.004,-0.0016,-0.013,-13.87,-30.44,-9.37,242.64,-88.94,-172.93,False
52.407333,-1.491409,135.87,6.23,3,30.02,17 / 17,114221,2019-09-04 19:23:14:394,-0.5563,-0.5064,10.2032,-0.0019,-0.0067,9.8066,-0.0102,0.015,0.0046,-13.75,-30.37,-9.81,242.68,-89.02,-170.28,False
52.407333,-1.491409,135.87,6.23,3,30.02,18 / 18,114320,2019-09-04 19:23:14:493,-0.3471,-0.911,9.8359,0.0,-0.0035,9.8066,0.0021,0.0158,-0.0039,-13.75,-30.12,-10.19,245.77,-89.07,-167.21,False
52.407333,-1.491409,135.87,6.23,3,30.02,18 / 18,114421,2019-09-04 19:23:14:594,-0.2287,-0.5091,9.637,0.0009,0.0057,9.8066,0.0019,0.0169,-0.0027,-14.31,-29.87,-10.37,246.37,-89.07,-166.61,False
52.407333,-1.491409,135.87,6.23,3,30.02,18 / 18,114521,2019-09-04 19:23:14:694,-0.2944,-0.5016,9.6332,-0.0011,0.0015,9.8066,-0.0073,0.0177,-0.0058,-13.62,-30.12,-10.25,246.03,-89.07,-166.95,False
52.407333,-1.491409,135.87,6.23,3,30.02,18 / 18,114621,2019-09-04 19:23:14:794,-0.5596,-0.3552,9.7933,-0.0042,0.0016,9.8066,-0.0049,0.0151,-0.0145,-13.62,-30.12,-9.81,244.19,-89.11,-168.88,False
52.407333,-1.491409,135.87,6.23,3,30.02,18 / 18,114720,2019-09-04 19:23:14:893,-0.3751,-0.5069,10.1932,-0.0026,-0.0015,9.8066,0.0057,0.0057,-0.0082,-14.06,-30.62,-10.56,240.84,-89.16,-169.72,False
52.407333,-1.491409,135.87,6.23,3,30.02,18 / 18,114820,2019-09-04 19:23:14:993,-0.2542,-0.2302,9.749,0.0018,-0.0002,9.8066,0.0183,-0.0043,-0.0131,-13.44,-30.62,-10.19,240.44,-89.16,-170.61,False
52.407333,-1.491409,135.87,6.23,3,30.02,18 / 18,114921,2019-09-04 19:23:15:094,-0.0053,-0.2287,9.5076,0.0045,-0.0019,9.8066,0.0082,0.0093,0.0073,-14.37,-30.19,-10.31,242.64,-89.09,-170.42,False
52.407333,-1.491409,135.87,6.23,3,30.02,18 / 18,115021,2019-09-04 19:23:15:194,0.2463,-0.1395,9.8446,0.0002,-0.0009,9.8066,0.0052,0.0134,-0.0031,-13.69,-30.44,-9.87,245.23,-89.06,-167.75,False
52.407333,-1.491409,135.87,6.23,3,30.02,18 / 18,115120,2019-09-04 19:23:15:293,-0.0354,-0.492,10.1814,0.001,0.0004,9.8066,0.0087,0.0044,-0.0042,-13.25,-30.62,-9.94,245.07,-89.07,-165.76,False
52.407333,-1.491409,135.87,6.23,3,30.02,18 / 18,115220,2019-09-04 19:23:15:393,-0.0621,-0.2298,10.2663,0.0009,0.0035,9.8066,0.0189,0.0025,-0.021,-13.37,-30.87,-10.44,244.68,-89.03,-166.1,False
52.407333,-1.491409,135.87,6.23,3,30.02,17 / 17,115321,2019-09-04 19:23:15:494,-0.017,-0.0796,9.7584,0.0009,0.0021,9.8066,0.0079,-0.0004,-0.0165,-13.81,-30.5,-9.81,243.98,-88.99,-168.91,False
52.407333,-1.491409,135.87,6.23,3,30.02,17 / 17,115420,2019-09-04 19:23:15:593,0.0238,-0.1537,10.0519,-0.0018,-0.0022,9.8066,-0.0028,0.0128,-0.0095,-13.87,-30.56,-9.75,243.36,-89.0,-169.49,False
52.407333,-1.491409,135.87,6.23,3,30.02,17 / 17,115520,2019-09-04 19:23:15:693,0.0331,-0.2402,9.4234,-0.0031,-0.0005,9.8066,-0.0038,0.0184,0.0083,-13.56,-30.25,-10.25,243.38,-89.03,-169.57,False
52.407333,-1.491409,135.87,6.23,3,30.02,17 / 17,115621,2019-09-04 19:23:15:794,0.0087,-0.1407,10.1374,-0.0004,-0.0035,9.8066,-0.0064,0.0128,0.0,-13.25,-30.0,-9.44,246.16,-89.07,-167.53,False
52.407333,-1.491409,135.87,6.23,3,30.02,17 / 17,115720,2019-09-04 19:23:15:893,0.4794,-0.0314,10.2741,-0.0004,0.0057,9.8066,0.0109,0.0067,-0.0195,-13.37,-30.5,-10.12,246.92,-89.12,-164.02,False
52.407333,-1.491409,135.87,6.23,3,30.02,17 / 17,115821,2019-09-04 19:23:15:994,0.566,0.2484,9.5675,0.0001,0.0029,9.8066,0.0055,0.015,-0.0057,-13.87,-30.44,-10.31,244.46,-89.09,-168.57,False
52.407333,-1.491409,135.87,6.23,3,30.02,17 / 17,115920,2019-09-04 19:23:16:093,0.3749,0.2571,9.5632,-0.0004,-0.0014,9.8066,-0.0034,0.0168,0.013,-13.94,-30.25,-9.87,244.18,-89.08,-168.84,False
52.407333,-1.491409,135.87,6.23,3,30.02,17 / 17,116020,2019-09-04 19:23:16:193,0.4188,-0.0227,9.8626,0.0012,-0.0045,9.8066,-0.0016,0.0275,0.0147,-13.62,-30.56,-9.75,246.48,-89.1,-166.49,False
52.407333,-1.491409,135.87,6.23,3,30.02,17 / 17,116121,2019-09-04 19:23:16:294,0.3625,-0.0584,10.3046,-0.0011,-0.0012,9.8066,-0.0097,0.0235,0.0149,-13.12,-30.5,-10.19,247.44,-89.11,-163.5,False
52.407333,-1.491409,135.87,6.23,3,30.02,17 / 17,116221,2019-09-04 19:23:16:394,0.3492,-0.0013,10.0319,-0.0001,-0.0013,9.8066,0.013,0.0143,-0.0027,-14.0,-30.56,-10.75,249.83,-89.15,-160.63,False
52.407333,-1.491409,135.87,6.23,3,30.02,17 / 17,116321,2019-09-04 19:23:16:494,0.3964,0.0543,9.7137,-0.0002,0.0024,9.8066,0.0069,0.0129,0.0055,-14.25,-29.62,-10.37,250.04,-89.12,-162.98,False
52.407333,-1.491409,135.87,6.23,3,30.02,17 / 17,116420,2019-09-04 19:23:16:593,0.3018,0.1407,9.8433,-0.0007,-0.0043,9.8066,-0.0025,0.0068,0.002,-13.62,-30.5,-10.37,251.31,-89.12,-161.7,False
52.407333,-1.491409,135.87,6.23,3,30.02,17 / 17,116521,2019-09-04 19:23:16:694,0.4039,-0.0354,9.8658,0.0,-0.0026,9.8066,0.0009,0.0236,0.0105,-13.5,-30.19,-10.12,250.95,-89.12,-159.97,False
52.407333,-1.491409,135.87,6.23,3,30.02,17 / 17,116621,2019-09-04 19:23:16:794,0.5293,0.09,10.1532,-0.0002,-0.0044,9.8066,-0.0035,0.015,0.0108,-13.87,-30.06,-9.94,255.21,-89.13,-157.79,False
52.407333,-1.491409,135.87,6.23,3,30.02,17 / 17,116720,2019-09-04 19:23:16:893,0.5821,0.1601,10.0345,-0.0005,-0.0015,9.8066,0.0112,0.0192,-0.0139,-13.87,-30.62,-10.56,256.86,-89.14,-153.52,False
52.407333,-1.491409,135.87,6.23,3,30.02,17 / 17,116821,2019-09-04 19:23:16:994,0.4275,0.4883,9.6636,0.0014,0.0022,9.8066,0.0098,0.0201,-0.003,-14.06,-30.06,-10.75,254.45,-89.14,-156.01,False
52.407333,-1.491409,135.87,6.23,3,30.02,17 / 17,116921,2019-09-04 19:23:17:094,0.7524,0.8077,10.1688,0.0016,0.0027,9.8066,0.014,0.0128,-0.0003,-13.81,-30.31,-9.87,255.22,-89.11,-157.74,False
52.407333,-1.491409,135.87,6.23,3,30.02,17 / 17,117021,2019-09-04 19:23:17:194,1.1762,0.5928,9.2909,0.0023,0.0008,9.8066,0.0051,0.0198,0.0146,-13.5,-30.75,-10.06,251.48,-89.05,-159.25,False
52.407333,-1.491409,135.87,6.23,3,30.02,17 / 17,117121,2019-09-04 19:23:17:294,1.0741,0.782,10.6024,0.0011,-0.0037,9.8066,-0.0123,0.0233,0.0075,-13.19,-30.75,-10.0,254.04,-89.04,-156.65,False
52.407333,-1.491409,135.87,6.23,3,30.02,17 / 17,117220,2019-09-04 19:23:17:393,1.1745,0.5487,10.2424,-0.002,-0.0012,9.8066,0.0006,0.0171,-0.0048,-14.31,-29.81,-10.75,256.58,-89.06,-153.72,False
52.407333,-1.491409,135.87,6.23,3,30.02,17 / 17,117320,2019-09-04 19:23:17:493,1.0178,0.7011,9.5756,-0.0022,-0.0002,9.8066,-0.0081,0.0194,0.0029,-14.25,-30.12,-10.19,257.05,-89.1,-155.88,False
52.407333,-1.491409,135.87,6.23,3,30.02,17 / 17,117421,2019-09-04 19:23:17:594,0.7962,0.5936,10.1967,-0.0019,0.0008,9.8066,-0.0049,0.0282,0.0128,-13.44,-30.25,-9.69,254.27,-89.14,-156.65,False
52.407333,-1.491409,135.87,6.23,3,30.02,17 / 17,117521,2019-09-04 19:23:17:694,0.6722,0.4211,10.3684,-0.0027,-0.0033,9.8066,-0.0105,0.0256,0.0117,-13.87,-30.75,-9.94,257.11,-89.17,-155.9,False
52.407333,-1.491409,135.87,6.23,3,30.02,17 / 17,117620,2019-09-04 19:23:17:793,1.0675,0.5346,9.7863,-0.0016,0.0017,9.8066,-0.0021,0.0358,0.0075,-14.44,-30.19,-10.12,258.11,-89.22,-155.02,False
52.407333,-1.491409,135.87,6.23,3,30.02,17 / 17,117720,2019-09-04 19:23:17:893,1.0644,0.6754,9.4639,0.0004,0.0012,9.8066,-0.001,0.0411,0.0314,-14.0,-30.19,-9.69,255.78,-89.21,-157.35,False
52.407333,-1.491409,135.87,6.23,3,30.02,17 / 17,117820,2019-09-04 19:23:17:993,1.4754,0.6458,9.6117,0.0043,-0.0007,9.8066,0.0068,0.0371,0.0264,-13.12,-30.0,-9.75,255.27,-89.19,-155.73,False
52.407333,-1.491409,135.87,6.23,3,30.02,17 / 17,117920,2019-09-04 19:23:18:093,0.8508,0.225,9.8237,0.0,-0.0033,9.8066,-0.0046,0.0235,-0.0009,-13.44,-30.56,-9.75,257.45,-89.14,-153.4,False
52.407333,-1.491409,135.87,6.23,3,30.02,17 / 17,118020,2019-09-04 19:23:18:193,1.1137,0.515,10.0274,0.001,0.0022,9.8066,0.006,0.0115,-0.0095,-13.75,-30.25,-9.75,260.8,-89.15,-152.19,False
52.407333,-1.491409,135.87,6.23,3,30.02,17 / 17,118120,2019-09-04 19:23:18:293,0.7018,0.4091,9.8148,-0.005,-0.0021,9.8066,-0.0198,0.0145,0.0006,-13.31,-30.31,-9.62,257.05,-89.13,-153.83,False
52.407333,-1.491409,135.87,6.23,3,30.02,17 / 17,118221,2019-09-04 19:23:18:394,0.7344,0.29,9.5378,-0.0084,-0.0064,9.8066,-0.0283,0.0254,-0.0019,-12.87,-30.25,-9.56,260.62,-89.26,-150.49,False
52.407333,-1.491409,135.87,6.23,3,30.02,17 / 18,118321,2019-09-04 19:23:18:494,0.2058,0.0551,10.0516,-0.0021,-0.0069,9.8066,-0.0113,0.0079,-0.0021,-12.44,-30.75,-10.31,266.3,-89.38,-142.67,False
52.407333,-1.491409,135.87,6.23,3,30.02,17 / 18,118420,2019-09-04 19:23:18:593,0.234,0.3547,10.2049,-0.0004,-0.0002,9.8066,0.0026,0.0059,-0.0036,-12.87,-30.12,-9.69,273.17,-89.41,-138.19,False
52.407333,-1.491409,135.87,6.23,3,30.02,17 / 18,118521,2019-09-04 19:23:18:694,0.0858,-0.0636,9.68,0.004,-0.0054,9.8066,0.0016,0.02,0.0124,-12.19,-30.56,-9.56,275.21,-89.39,-133.77,False
52.407333,-1.491409,135.87,6.23,3,30.02,17 / 18,118620,2019-09-04 19:23:18:793,0.0838,-0.0492,9.7592,0.0044,-0.0023,9.8066,0.002,-0.0026,-0.0103,-12.12,-31.06,-9.94,280.58,-89.3,-128.24,False
52.407333,-1.491409,135.87,6.23,3,30.02,17 / 18,118723,2019-09-04 19:23:18:896,0.3888,0.0698,9.8259,-0.0036,0.0035,9.8066,-0.0088,0.0454,0.0021,-11.75,-30.62,-10.06,279.79,-89.3,-129.04,False
52.407333,-1.491409,135.87,6.23,3,30.02,17 / 18,118820,2019-09-04 19:23:18:993,-0.0561,0.0355,10.038,-0.0048,0.0,9.8066,-0.0166,0.0404,0.0147,-11.94,-30.12,-9.06,280.11,-89.39,-131.82,False
52.407333,-1.491409,135.87,6.23,3,30.02,17 / 18,118921,2019-09-04 19:23:19:094,-0.4585,0.1133,9.4919,-0.0044,-0.0057,9.8066,-0.0103,0.0065,0.0075,-11.31,-30.5,-9.62,280.85,-89.42,-125.73,False
52.407333,-1.491409,135.87,6.23,3,30.02,17 / 18,119020,2019-09-04 19:23:19:193,-0.2124,-0.4325,10.171,0.0024,-0.0121,9.8066,-0.0043,0.0062,0.012,-11.62,-30.5,-9.81,293.96,-89.38,-115.14,False
52.407333,-1.491409,135.87,6.23,3,30.02,17 / 18,119121,2019-09-04 19:23:19:294,0.0683,-0.4134,9.9714,0.0067,0.0014,9.8066,0.0231,-0.0036,-0.0145,-12.37,-30.12,-10.31,301.59,-89.26,-107.38,False
52.407333,-1.491409,135.87,6.23,3,30.02,17 / 19,119220,2019-09-04 19:23:19:393,0.0523,-0.0832,10.0725,0.0065,0.0041,9.8066,0.0242,-0.0011,-0.0132,-11.81,-29.75,-9.75,293.67,-89.18,-115.08,False
52.407333,-1.491409,135.87,6.23,3,30.02,17 / 19,119320,2019-09-04 19:23:19:493,0.0071,0.1743,10.1615,0.0083,0.0057,9.8066,0.0265,-0.0039,-0.0062,-11.56,-30.0,-9.87,287.11,-89.11,-121.46,False
52.407333,-1.491409,135.87,6.23,3,30.02,17 / 19,119421,2019-09-04 19:23:19:594,0.0357,0.2241,10.367,0.011,0.0021,9.8066,0.0318,-0.0078,-0.001,-11.62,-30.5,-9.62,284.15,-89.08,-124.32,False
52.407333,-1.491409,135.87,6.23,3,30.02,17 / 19,119521,2019-09-04 19:23:19:694,0.1052,-0.1726,9.9884,0.0385,0.0009,9.8065,0.0204,0.0066,0.0236,-12.25,-29.31,-9.87,280.79,-88.99,-127.57,False
52.407333,-1.491409,135.87,6.23,3,30.02,17 / 19,119620,2019-09-04 19:23:19:793,0.135,-0.3309,9.7037,0.0095,-0.0121,9.8065,-0.0013,0.0036,0.0343,-11.75,-29.81,-9.0,282.62,-88.64,-127.86,False
52.407333,-1.491409,135.87,6.23,3,30.02,17 / 19,119721,2019-09-04 19:23:19:894,0.5349,-0.414,9.6626,0.0035,-0.0076,9.8066,-0.0129,-0.0112,0.0092,-11.5,-30.25,-9.5,285.16,-88.48,-122.45,False
52.407333,-1.491409,135.87,6.23,3,30.02,17 / 19,119821,2019-09-04 19:23:19:994,0.177,-0.2821,9.653,-0.0047,-0.0029,9.8066,-0.0257,0.0095,-0.0097,-12.5,-29.75,-10.06,287.29,-88.5,-120.15,False
52.407333,-1.491409,135.87,6.23,3,30.02,17 / 19,119920,2019-09-04 19:23:20:093,-0.2108,0.0438,10.2035,-0.009,-0.0045,9.8066,-0.0188,-0.005,0.0035,-12.5,-29.75,-10.12,292.01,-88.63,-115.74,False
52.407333,-1.491409,135.87,6.23,3,30.02,17 / 19,120021,2019-09-04 19:23:20:194,0.1033,0.1096,9.8791,-0.0008,-0.0091,9.8066,-0.0238,-0.008,0.0139,-12.12,-29.81,-9.81,295.72,-88.64,-112.11,False
52.407333,-1.491409,135.87,6.23,3,30.02,17 / 19,120121,2019-09-04 19:23:20:294,0.3433,-0.2488,10.2604,0.0004,-0.0097,9.8066,-0.0177,-0.0061,0.0229,-11.94,-29.69,-10.12,300.24,-88.6,-107.62,False
52.407333,-1.491409,135.87,6.23,3,30.02,17 / 19,120221,2019-09-04 19:23:20:394,0.4058,-0.146,9.9063,0.0016,-0.0008,9.8066,0.0092,-0.0184,-0.0222,-12.87,-29.75,-10.0,307.27,-88.5,-102.97,False
52.407333,-1.491409,135.87,6.23,3,30.02,18 / 19,120320,2019-09-04 19:23:20:493,0.1511,-0.1595,9.8809,0.0028,0.0061,9.8066,0.0197,-0.009,-0.01,-13.12,-29.44,-9.94,304.67,-88.51,-105.59,False
52.407333,-1.491409,135.87,6.23,3,30.02,18 / 19,120420,2019-09-04 19:23:20:593,0.4063,-0.1294,10.2346,0.0037,0.0124,9.8066,0.0236,-0.0106,-0.025,-12.44,-29.37,-9.5,300.79,-88.53,-109.88,False
52.407333,-1.491409,135.87,6.23,3,30.02,18 / 19,120521,2019-09-04 19:23:20:694,0.201,0.2224,9.6442,0.003,0.0109,9.8066,0.0151,-0.022,0.0072,-12.87,-30.25,-9.75,291.48,-88.58,-118.53,False
52.407333,-1.491409,135.87,6.23,3,30.02,18 / 19,120621,2019-09-04 19:23:20:794,0.5913,-0.0831,10.0686,0.0027,-0.0021,9.8066,-0.0054,-0.0346,-0.002,-13.0,-29.94,-10.0,290.99,-88.51,-118.89,False
52.407333,-1.491409,135.87,6.23,3,30.02,18 / 19,120720,2019-09-04 19:23:20:893,0.7105,-0.3588,9.846,0.0009,0.0052,9.8066,0.0187,-0.031,-0.0108,-13.31,-29.31,-9.5,293.78,-88.51,-119.02,False
52.407333,-1.491409,135.87,6.23,3,30.02,18 / 19,120820,2019-09-04 19:23:20:993,1.2141,0.0097,9.4589,0.0054,0.006,9.8066,0.009,-0.046,0.0027,-12.81,-29.81,-9.25,288.18,-88.52,-124.45,False
52.407333,-1.491409,135.87,6.23,3,30.02,18 / 19,120920,2019-09-04 19:23:21:093,0.6233,0.1994,9.9695,-0.0028,0.0027,9.8066,-0.0142,-0.0435,-0.0007,-12.62,-30.62,-8.81,285.64,-88.5,-126.83,False
52.407333,-1.491409,135.87,6.23,3,30.02,18 / 19,121020,2019-09-04 19:23:21:193,0.6639,-0.2932,9.5846,-0.0082,-0.0028,9.8066,-0.0175,-0.0567,0.0025,-13.12,-30.12,-9.69,284.48,-88.58,-125.43,False
52.407333,-1.491409,135.87,6.23,3,30.02,18 / 19,121120,2019-09-04 19:23:21:293,0.8158,-0.305,9.9573,-0.0012,-0.0023,9.8066,-0.0006,-0.0752,0.0028,-13.19,-29.75,-9.37,290.89,-88.64,-121.99,False
52.407333,-1.491409,135.87,6.23,3,30.02,18 / 19,121220,2019-09-04 19:23:21:393,1.1191,-0.3587,9.5272,-0.0016,0.0013,9.8066,-0.0091,-0.0674,0.0073,-12.69,-29.56,-8.94,290.53,-88.64,-122.35,False
52.40768,-1.491134,137.14,4.79,3,27.95,17 / 18,121320,2019-09-04 19:23:21:493,0.928,-0.1564,10.1308,-0.0066,-0.0034,9.8066,-0.0144,-0.0868,-0.0063,-12.81,-30.06,-9.31,290.66,-88.68,-122.29,False
52.40768,-1.491134,137.14,4.79,3,27.95,17 / 18,121421,2019-09-04 19:23:21:594,1.0056,0.313,9.8117,-0.0063,0.0032,9.8066,-0.0083,-0.0969,-0.0085,-13.37,-29.75,-8.94,292.42,-88.78,-120.73,False
52.40768,-1.491134,137.14,4.79,3,27.95,17 / 18,121521,2019-09-04 19:23:21:694,1.3739,0.2099,9.4511,0.0109,-0.0018,9.8066,0.0131,-0.109,0.0306,-13.44,-30.25,-9.19,292.62,-88.74,-120.47,False
52.40768,-1.491134,137.14,4.79,3,27.95,17 / 18,121621,2019-09-04 19:23:21:794,1.407,-0.1172,10.1339,0.0065,-0.0013,9.8066,0.005,-0.1184,0.003,-13.19,-29.44,-8.94,290.95,-88.56,-121.89,False
52.40768,-1.491134,137.14,4.79,3,27.95,17 / 18,121721,2019-09-04 19:23:21:894,1.3702,-0.4545,10.012,-0.0004,0.0046,9.8066,0.0014,-0.136,-0.0277,-13.75,-30.12,-9.19,292.59,-88.55,-122.25,False
52.40768,-1.491134,137.14,4.79,3,27.95,17 / 18,121820,2019-09-04 19:23:21:993,1.2897,-0.1385,9.8277,-0.0007,0.0056,9.8066,-0.0114,-0.1368,-0.0005,-14.0,-29.25,-8.94,289.94,-88.59,-125.02,False
52.40768,-1.491134,137.14,4.79,3,27.95,17 / 18,121921,2019-09-04 19:23:22:094,1.4908,-0.1503,9.634,-0.0056,-0.0054,9.8066,-0.0244,-0.1538,0.0049,-13.56,-29.12,-8.62,290.86,-88.67,-124.24,False
52.40768,-1.491134,137.14,4.79,3,27.95,17 / 18,122021,2019-09-04 19:23:22:194,1.0387,-0.3595,10.3815,-0.0091,-0.0084,9.8066,-0.0317,-0.1601,-0.0069,-14.25,-30.0,-9.44,297.81,-88.75,-117.45,False
52.40768,-1.491134,137.14,4.79,3,27.95,17 / 18,122120,2019-09-04 19:23:22:293,1.2695,-0.2294,10.1234,-0.0054,0.001,9.8066,-0.0132,-0.1608,-0.0102,-14.56,-29.37,-8.87,301.92,-88.8,-115.42,False
52.40768,-1.491134,137.14,4.79,3,27.95,17 / 18,122220,2019-09-04 19:23:22:393,0.9699,-0.4543,9.6019,-0.0076,-0.0025,9.8066,-0.0355,-0.1545,0.0021,-14.5,-29.19,-8.44,306.76,-88.88,-111.87,False
52.40768,-1.491134,137.14,4.79,3,27.95,17 / 18,122321,2019-09-04 19:23:22:494,0.7926,-0.6932,9.779,-0.0089,-0.0008,9.8066,-0.025,-0.1582,-0.0128,-15.0,-29.06,-8.69,312.12,-88.91,-105.58,False
52.40768,-1.491134,137.14,4.79,3,27.95,17 / 18,122420,2019-09-04 19:23:22:593,0.8642,-0.6026,9.9287,-0.001,-0.0001,9.8066,-0.0133,-0.1545,0.012,-15.19,-29.37,-9.12,315.43,-88.99,-102.42,False
52.40768,-1.491134,137.14,4.79,3,27.95,17 / 18,122520,2019-09-04 19:23:22:693,1.1488,-0.3588,9.3253,0.0002,-0.0024,9.8066,-0.0116,-0.1572,0.0153,-15.44,-29.5,-7.87,319.27,-88.97,-101.51,False
52.40768,-1.491134,137.14,4.79,3,27.95,17 / 18,122620,2019-09-04 19:23:22:793,0.9867,-0.9406,9.4834,0.0012,-0.0092,9.8066,-0.0169,-0.1842,0.0095,-15.62,-30.37,-7.37,325.73,-88.89,-99.56,False
52.40768,-1.491134,137.14,4.79,3,27.95,17 / 18,122721,2019-09-04 19:23:22:894,1.5099,-0.4596,9.7168,-0.0013,-0.0112,9.8066,-0.022,-0.1828,0.0189,-15.94,-29.94,-7.81,325.22,-88.8,-97.07,False
52.40768,-1.491134,137.14,4.79,3,27.95,17 / 18,122821,2019-09-04 19:23:22:994,1.8136,-1.3949,9.7278,-0.0068,-0.0086,9.8066,-0.0253,-0.1982,-0.0145,-16.25,-29.31,-7.37,334.53,-88.68,-90.89,False
52.40768,-1.491134,137.14,4.79,3,27.95,17 / 18,122921,2019-09-04 19:23:23:094,2.1215,-1.141,9.7214,-0.0153,0.0127,9.8066,-0.0407,-0.1871,-0.0435,-15.75,-29.5,-7.25,339.45,-88.77,-86.2,False
52.40768,-1.491134,137.14,4.79,3,27.95,17 / 18,123021,2019-09-04 19:23:23:194,1.3687,-0.2717,9.3287,-0.0123,-0.0004,9.8066,-0.0386,-0.2147,-0.0052,-16.37,-29.31,-7.44,347.49,-88.95,-78.5,False
52.40768,-1.491134,137.14,4.79,3,27.95,17 / 18,123120,2019-09-04 19:23:23:293,1.0635,-0.282,9.664,-0.0186,-0.0192,9.8066,-0.0989,-0.2408,-0.0165,-16.31,-28.62,-7.75,358.26,-88.78,-65.11,False
52.40768,-1.491134,137.14,4.79,3,27.95,17 / 18,123220,2019-09-04 19:23:23:393,1.4924,-1.4978,10.5284,-0.0206,-0.0209,9.8066,-0.0529,-0.2007,0.0267,-16.5,-29.75,-7.62,15.71,-88.42,-48.44,False
52.40768,-1.491134,137.14,4.79,3,27.95,17 / 18,123321,2019-09-04 19:23:23:494,0.8909,-1.317,10.4722,-0.0048,0.0188,9.8066,0.0156,-0.1659,-0.0112,-16.56,-29.25,-7.81,22.45,-88.4,-43.3,False
52.40768,-1.491134,137.14,4.79,3,27.95,17 / 18,123421,2019-09-04 19:23:23:594,0.705,-0.1085,9.2742,0.0114,0.0063,9.8066,0.0214,-0.184,0.0504,-17.0,-28.81,-7.31,26.13,-88.62,-42.45,False
52.40768,-1.491134,137.14,4.79,3,27.95,17 / 18,123520,2019-09-04 19:23:23:693,1.2506,-1.2624,9.4959,0.0327,-0.0001,9.8065,0.0632,-0.2237,0.0059,-16.81,-30.56,-6.44,16.07,-88.65,-55.14,False
52.40768,-1.491134,137.14,4.79,3,27.95,17 / 18,123621,2019-09-04 19:23:23:794,0.9112,-1.3569,10.2389,0.026,-0.0131,9.8065,0.0241,-0.2809,-0.0088,-17.19,-30.37,-6.37,359.8,-88.69,-70.75,False
52.40768,-1.491134,137.14,4.79,3,27.95,17 / 18,123720,2019-09-04 19:23:23:893,1.5565,-0.948,8.9093,-0.0062,-0.0091,9.8066,-0.0426,-0.2692,0.0095,-17.56,-29.87,-4.94,352.94,-88.57,-81.25,False
52.40768,-1.491134,137.14,4.79,3,27.95,17 / 18,123821,2019-09-04 19:23:23:994,0.7546,-1.8877,9.9436,-0.018,-0.0202,9.8065,-0.0642,-0.2865,-0.0049,-18.06,-31.31,-4.62,1.72,-88.37,-72.84,False
52.40768,-1.491134,137.14,4.79,3,27.95,17 / 18,123921,2019-09-04 19:23:24:094,1.5217,-2.2421,8.9726,-0.0151,0.0157,9.8065,-0.0717,-0.1977,0.017,-18.0,-30.37,-4.87,8.34,-88.28,-66.54,False
52.40768,-1.491134,137.14,4.79,3,27.95,17 / 18,124020,2019-09-04 19:23:24:193,1.5466,-1.9382,9.0575,-0.0233,0.0071,9.8065,-0.082,-0.224,-0.0074,-17.81,-30.5,-3.62,24.37,-88.31,-54.25,False
52.40768,-1.491134,137.14,4.79,3,27.95,17 / 18,124120,2019-09-04 19:23:24:293,-0.7351,0.782,10.3121,-0.0213,-0.0046,9.8066,-0.0681,-0.1862,0.1765,-18.31,-29.31,-3.94,37.39,-88.19,-41.82,False
52.40768,-1.491134,137.14,4.79,3,27.95,17 / 18,124221,2019-09-04 19:23:24:394,0.9339,-2.4198,9.4677,0.0016,-0.061,9.8064,-0.0391,-0.2898,0.0634,-18.87,-28.56,-4.56,34.58,-87.92,-42.44,False
52.40768,-1.491134,137.14,4.79,3,27.95,17 / 18,124321,2019-09-04 19:23:24:494,-0.0532,-3.0593,10.1059,0.0116,-0.009,9.8066,0.0237,-0.2746,0.0303,-19.81,-28.5,-3.44,33.39,-87.35,-50.13,False
52.40768,-1.491134,137.14,4.79,3,27.95,17 / 18,124420,2019-09-04 19:23:24:593,0.7266,-1.7586,9.361,0.0284,0.0019,9.8066,0.079,-0.3162,-0.0319,-19.37,-29.12,-3.56,21.38,-87.38,-58.17,False
52.40768,-1.491134,137.14,4.79,3,27.95,17 / 18,124520,2019-09-04 19:23:24:693,0.9615,-1.2028,9.1224,0.0131,-0.0309,9.8065,0.0117,-0.3452,0.0806,-20.25,-28.81,-2.37,20.28,-87.44,-65.31,False
52.40768,-1.491134,137.14,4.79,3,27.95,17 / 18,124621,2019-09-04 19:23:24:794,0.8054,-2.1608,8.9182,0.0072,-0.0227,9.8065,-0.0071,-0.319,0.0484,-21.12,-29.44,-2.19,13.38,-86.99,-72.16,False
52.40768,-1.491134,137.14,4.79,3,27.95,17 / 18,124720,2019-09-04 19:23:24:893,0.7843,-3.2494,10.2118,-0.0211,-0.0273,9.8065,-0.0993,-0.2682,0.0955,-20.87,-28.37,-1.94,13.59,-86.71,-72.02,False
52.40768,-1.491134,137.14,4.79,3,27.95,17 / 18,124821,2019-09-04 19:23:24:994,0.0936,-2.5708,11.0924,-0.0113,0.0093,9.8066,-0.0241,-0.2782,-0.0139,-21.62,-29.0,-1.06,19.93,-86.36,-69.14,False
52.40768,-1.491134,137.14,4.79,3,27.95,17 / 18,124921,2019-09-04 19:23:25:094,0.5613,-2.0109,10.745,0.0291,0.0127,9.8065,0.0821,-0.3176,-0.0513,-20.87,-29.0,-0.62,19.92,-86.59,-68.99,False
52.40768,-1.491134,137.14,4.79,3,27.95,17 / 18,125020,2019-09-04 19:23:25:193,0.5412,-1.0491,9.5973,0.0478,-0.0025,9.8065,0.1001,-0.3232,0.0261,-21.56,-29.31,0.0,10.71,-86.87,-80.07,False
52.40768,-1.491134,137.14,4.79,3,27.95,17 / 18,125120,2019-09-04 19:23:25:293,0.5765,-1.9951,9.3607,0.0342,-0.0225,9.8065,0.0321,-0.3487,-0.0026,-22.12,-28.75,0.94,3.98,-86.7,-88.93,False
52.40768,-1.491134,137.14,4.79,3,27.95,17 / 18,125220,2019-09-04 19:23:25:393,-0.3021,-2.0677,9.8794,-0.003,-0.0098,9.8066,-0.0659,-0.3314,0.013,-21.5,-29.31,1.31,359.99,-86.49,-92.73,False
52.40768,-1.491134,137.14,4.79,3,27.95,17 / 17,125321,2019-09-04 19:23:25:494,-0.1221,-2.0672,10.1416,-0.0284,0.0042,9.8066,-0.0713,-0.2922,-0.0296,-22.5,-29.5,2.19,7.91,-86.42,-87.95,False
52.40768,-1.491134,137.14,4.79,3,27.95,17 / 17,125420,2019-09-04 19:23:25:593,0.3293,-1.6332,9.635,-0.0187,-0.0066,9.8066,-0.0618,-0.2657,0.0627,-22.12,-29.56,2.13,12.13,-86.62,-84.05,False
52.40768,-1.491134,137.14,4.79,3,27.95,17 / 17,125521,2019-09-04 19:23:25:694,-0.1505,-2.0102,9.9687,-0.002,-0.0167,9.8066,-0.0188,-0.3296,0.0117,-22.44,-28.75,2.56,17.88,-86.25,-81.42,False
52.40768,-1.491134,137.14,4.79,3,27.95,17 / 17,125621,2019-09-04 19:23:25:794,-0.5009,-1.5849,9.8362,-0.0031,-0.0003,9.8066,-0.0125,-0.317,-0.0305,-22.62,-29.31,3.94,19.47,-86.06,-82.07,False
52.40768,-1.491134,137.14,4.79,3,27.95,17 / 17,125721,2019-09-04 19:23:25:894,-0.6137,-1.8648,9.5212,0.0065,0.0026,9.8066,-0.0086,-0.2159,0.0669,-22.69,-28.87,3.13,16.21,-86.1,-82.61,False
52.40768,-1.491134,137.14,4.79,3,27.95,17 / 17,125821,2019-09-04 19:23:25:994,-0.1233,-1.901,9.7685,0.0112,-0.0095,9.8066,0.0157,-0.2775,0.0197,-23.19,-28.69,5.25,18.16,-86.06,-85.65,False
52.40768,-1.491134,137.14,4.79,3,27.95,17 / 17,125920,2019-09-04 19:23:26:093,-0.0187,-2.5159,9.6717,0.0087,-0.016,9.8066,0.0026,-0.2501,0.0736,-22.62,-29.25,5.13,15.39,-85.98,-88.23,False
52.40768,-1.491134,137.14,4.79,3,27.95,17 / 17,126020,2019-09-04 19:23:26:193,0.3542,-2.9821,9.9575,-0.0007,-0.0003,9.8066,-0.0118,-0.3441,-0.0924,-23.0,-28.94,5.5,16.05,-85.81,-90.02,False
52.40768,-1.491134,137.14,4.79,3,27.95,17 / 17,126121,2019-09-04 19:23:26:294,0.7445,-2.4479,9.5862,0.0048,0.0082,9.8066,-0.0426,-0.2259,0.0646,-22.19,-28.75,6.69,18.59,-85.95,-90.73,False
52.40768,-1.491134,137.14,4.79,3,27.95,17 / 17,126221,2019-09-04 19:23:26:394,-0.1043,-2.0122,10.0162,-0.0052,-0.0159,9.8065,-0.0174,-0.3198,0.0262,-22.56,-29.06,6.63,17.89,-85.85,-90.61,False
52.40768,-1.491134,137.14,4.79,3,27.95,19 / 19,126321,2019-09-04 19:23:26:494,-0.557,-3.2234,10.1613,0.0133,0.0056,9.8065,-0.0185,-0.2928,-0.023,-23.31,-28.62,7.81,19.43,-85.67,-91.52,False
52.40768,-1.491134,137.14,4.79,3,27.95,19 / 19,126420,2019-09-04 19:23:26:593,-0.5186,-1.3302,10.4492,0.0204,-0.0028,9.8066,0.005,-0.2179,0.0739,-22.62,-28.5,7.94,15.92,-85.82,-94.62,False
52.40768,-1.491134,137.14,4.79,3,27.95,19 / 19,126520,2019-09-04 19:23:26:693,-0.3042,-3.2485,9.8725,0.0127,-0.0226,9.8065,0.0038,-0.2949,0.0429,-22.62,-28.44,8.63,15.7,-85.67,-97.04,False
52.40768,-1.491134,137.14,4.79,3,27.95,19 / 19,126620,2019-09-04 19:23:26:793,-0.1785,-2.2431,9.5746,0.0106,-0.0192,9.8065,0.0072,-0.3041,0.0463,-22.75,-28.81,9.25,13.54,-85.47,-99.12,False
52.40768,-1.491134,137.14,4.79,3,27.95,19 / 19,126720,2019-09-04 19:23:26:893,-0.4889,-2.4258,10.2402,0.0083,-0.0101,9.8066,-0.0006,-0.2715,0.0317,-22.44,-28.25,9.69,14.76,-85.14,-101.17,False
52.40768,-1.491134,137.14,4.79,3,27.95,19 / 19,126820,2019-09-04 19:23:26:993,-0.3145,-2.5642,10.9018,0.0101,-0.007,9.8066,-0.0237,-0.2563,0.0431,-22.12,-28.5,10.56,14.53,-85.03,-103.51,False
52.40768,-1.491134,137.14,4.79,3,27.95,19 / 19,126920,2019-09-04 19:23:27:093,-1.0382,-1.6997,8.813,0.0064,-0.008,9.8066,-0.003,-0.2651,0.0553,-22.25,-28.62,10.88,13.09,-84.97,-104.86,False
52.40768,-1.491134,137.14,4.79,3,27.95,19 / 19,127020,2019-09-04 19:23:27:193,-0.2047,-2.5189,10.4307,0.0059,-0.0014,9.8066,0.0019,-0.2907,-0.043,-21.81,-29.31,11.94,13.9,-84.86,-106.19,False
52.40768,-1.491134,137.14,4.79,3,27.95,19 / 19,127121,2019-09-04 19:23:27:294,-0.0471,-1.9189,10.029,0.0022,0.0082,9.8066,-0.0136,-0.3262,-0.1149,-22.19,-28.44,11.81,12.46,-84.93,-107.42,False
52.40768,-1.491134,137.14,4.79,3,27.95,19 / 19,127221,2019-09-04 19:23:27:394,-0.1649,-1.9,11.0536,-0.0013,0.0038,9.8066,-0.0178,-0.2978,-0.0445,-21.81,-29.0,12.5,13.92,-85.1,-108.05,False
52.40768,-1.491134,137.14,4.79,3,27.95,18 / 18,127321,2019-09-04 19:23:27:494,-0.3684,-1.6466,10.1956,0.0051,-0.0018,9.8066,-0.0028,-0.2635,-0.0275,-21.5,-28.69,13.06,15.38,-85.16,-107.94,False
52.40768,-1.491134,137.14,4.79,3,27.95,18 / 18,127420,2019-09-04 19:23:27:593,-0.7465,-2.123,10.3513,0.0152,-0.0038,9.8066,0.0133,-0.192,0.0034,-21.12,-29.0,13.88,15.02,-85.16,-110.16,False
52.40768,-1.491134,137.14,4.79,3,27.95,18 / 18,127521,2019-09-04 19:23:27:694,0.2907,-0.5998,9.5676,0.0051,-0.0139,9.8066,0.037,-0.2923,-0.0516,-21.12,-29.06,13.81,12.53,-85.2,-112.4,False
52.40768,-1.491134,137.14,4.79,3,27.95,18 / 18,127621,2019-09-04 19:23:27:794,0.02,-1.8227,10.8668,0.0136,-0.0022,9.8065,0.0032,-0.1875,0.0072,-21.12,-28.94,14.0,10.03,-85.04,-114.69,False
52.40768,-1.491134,137.14,4.79,3,27.95,18 / 18,127721,2019-09-04 19:23:27:894,-0.2322,-1.1973,10.1196,0.0042,-0.0031,9.8066,0.0131,-0.2565,-0.0688,-20.44,-28.75,14.06,10.25,-85.06,-115.82,False
52.40768,-1.491134,137.14,4.79,3,27.95,18 / 18,127821,2019-09-04 19:23:27:994,-0.1623,-1.3324,10.0125,0.0043,-0.0014,9.8066,-0.0006,-0.2283,-0.0408,-20.56,-29.37,15.25,10.08,-85.03,-116.47,False
52.40768,-1.491134,137.14,4.79,3,27.95,18 / 18,127920,2019-09-04 19:23:28:093,0.1575,-0.4515,9.9681,0.0127,0.0047,9.8065,-0.0132,-0.1176,0.0068,-20.25,-28.62,15.88,11.5,-85.1,-118.3,False
52.40768,-1.491134,137.14,4.79,3,27.95,18 / 18,128021,2019-09-04 19:23:28:194,-0.0342,-1.1875,10.0765,0.0059,-0.0022,9.8066,0.0001,-0.1527,-0.0372,-19.75,-29.0,15.56,10.32,-85.14,-119.36,False
52.40768,-1.491134,137.14,4.79,3,27.95,18 / 18,128121,2019-09-04 19:23:28:294,-0.1229,-0.8927,9.516,0.0071,-0.0055,9.8066,0.0141,-0.125,0.0121,-20.06,-28.44,15.31,6.71,-85.14,-120.82,False
52.40768,-1.491134,137.14,4.79,3,27.95,18 / 18,128221,2019-09-04 19:23:28:394,0.5444,-0.6696,10.8453,0.0054,-0.0093,9.8066,0.0159,-0.1106,0.0013,-19.69,-29.25,16.5,8.63,-85.05,-122.58,False
52.40768,-1.491134,137.14,4.79,3,27.95,18 / 18,128320,2019-09-04 19:23:28:493,-0.3605,-1.3352,9.7685,0.0055,-0.007,9.8066,-0.0015,-0.1021,0.0053,-19.44,-28.75,16.75,9.5,-84.93,-123.31,False
52.40768,-1.491134,137.14,4.79,3,27.95,18 / 18,128421,2019-09-04 19:23:28:594,0.0102,-0.4256,10.5582,0.007,-0.0022,9.8066,0.0149,-0.0939,-0.0019,-19.5,-29.12,16.25,7.06,-84.88,-123.81,False
52.40768,-1.491134,137.14,4.79,3,27.95,18 / 18,128520,2019-09-04 19:23:28:693,0.0808,-0.7556,9.7941,0.0096,-0.0033,9.8066,0.0215,-0.112,-0.0524,-19.37,-29.31,16.38,5.52,-84.8,-125.19,False
52.40768,-1.491134,137.14,4.79,3,27.95,18 / 18,128621,2019-09-04 19:23:28:794,0.496,-0.3711,10.0727,0.0187,-0.0037,9.8066,0.0202,-0.0721,-0.0147,-19.19,-28.62,17.0,4.02,-84.79,-128.23,False
52.40768,-1.491134,137.14,4.79,3,27.95,18 / 18,128721,2019-09-04 19:23:28:894,-0.2224,-0.0838,9.8843,0.0123,0.011,9.8066,-0.0052,-0.0049,-0.0172,-19.69,-29.25,16.94,1.35,-84.79,-129.15,False
52.40768,-1.491134,137.14,4.79,3,27.95,18 / 18,128820,2019-09-04 19:23:28:993,0.5352,0.31,9.7676,0.0091,0.0079,9.8066,0.0107,-0.0051,-0.0045,-19.19,-28.94,17.06,0.89,-84.93,-131.02,False
52.40768,-1.491134,137.14,4.79,3,27.95,18 / 18,128921,2019-09-04 19:23:29:094,0.9131,0.2138,10.2419,0.0171,-0.001,9.8066,0.0305,-0.0208,-0.0352,-19.37,-29.12,16.75,359.31,-84.91,-132.44,False
52.40768,-1.491134,137.14,4.79,3,27.95,18 / 18,129020,2019-09-04 19:23:29:193,0.2784,-0.809,9.529,0.0041,-0.0076,9.8066,0.0184,-0.0244,-0.0087,-19.19,-29.06,17.56,358.84,-84.88,-134.49,False
52.40768,-1.491134,137.14,4.79,3,27.95,18 / 18,129121,2019-09-04 19:23:29:294,0.7778,-0.3601,10.0654,-0.0005,-0.0025,9.8066,0.005,-0.017,-0.0043,-18.81,-28.87,16.94,356.0,-84.85,-135.4,False
52.40768,-1.491134,137.14,4.79,3,27.95,18 / 18,129220,2019-09-04 19:23:29:393,0.0108,-0.2511,10.5904,0.0014,0.0033,9.8066,-0.0037,-0.0197,-0.029,-19.31,-29.31,17.06,356.24,-84.82,-135.18,False
52.40768,-1.491134,137.14,4.79,3,27.95,18 / 18,129321,2019-09-04 19:23:29:494,0.8003,0.0928,9.7006,0.0009,-0.0032,9.8066,0.018,-0.0176,-0.0168,-19.25,-29.0,17.25,355.3,-84.86,-136.02,False
52.40768,-1.491134,137.14,4.79,3,27.95,18 / 18,129420,2019-09-04 19:23:29:593,0.8461,-0.2509,9.7797,0.0091,-0.0065,9.8066,0.0216,-0.0354,-0.0522,-19.44,-29.56,17.44,354.56,-84.82,-136.66,False
52.40768,-1.491134,137.14,4.79,3,27.95,18 / 18,129521,2019-09-04 19:23:29:694,0.4067,-0.3887,9.4872,0.0116,-0.0001,9.8066,0.0114,0.0292,0.0029,-19.31,-29.56,17.38,352.04,-84.74,-138.89,False
52.40768,-1.491134,137.14,4.79,3,27.95,18 / 18,129620,2019-09-04 19:23:29:793,1.1401,0.0576,9.8583,0.0068,-0.0016,9.8066,-0.0027,0.0,-0.0208,-19.31,-29.12,17.5,352.13,-84.68,-140.48,False
52.40768,-1.491134,137.14,4.79,3,27.95,18 / 18,129721,2019-09-04 19:23:29:894,0.8498,0.2345,9.862,0.0,0.0016,9.8066,-0.0276,0.0044,-0.0219,-19.0,-29.19,16.69,350.26,-84.68,-140.5,False
52.40768,-1.491134,137.14,4.79,3,27.95,18 / 18,129821,2019-09-04 19:23:29:994,0.2592,0.2469,9.9898,-0.0098,-0.0008,9.8066,0.0077,-0.0128,-0.0365,-19.19,-29.0,16.5,351.72,-84.74,-139.21,False
52.40768,-1.491134,137.14,4.79,3,27.95,18 / 18,129921,2019-09-04 19:23:30:094,0.4045,-0.0284,9.9496,0.0118,-0.0105,9.8065,0.0213,0.0566,0.0214,-18.37,-29.44,16.63,352.91,-84.71,-139.66,False
52.40768,-1.491134,137.14,4.79,3,27.95,18 / 18,130021,2019-09-04 19:23:30:194,0.9175,0.0774,10.6412,0.0136,-0.0116,9.8066,0.0498,0.0217,-0.0076,-19.12,-29.31,17.25,350.65,-84.54,-140.12,False
52.40768,-1.491134,137.14,4.79,3,27.95,18 / 18,130121,2019-09-04 19:23:30:294,0.3439,-0.6904,9.8993,-0.0069,-0.0134,9.8066,0.0113,0.0184,-0.011,-19.25,-29.44,17.5,351.4,-84.29,-141.06,False
52.40768,-1.491134,137.14,4.79,3,27.95,18 / 18,130220,2019-09-04 19:23:30:393,0.6425,0.8708,9.6571,-0.0033,-0.0033,9.8066,0.0039,0.0111,-0.0242,-19.25,-29.12,17.31,350.72,-84.16,-139.98,False
52.40768,-1.490284,138.59,11.77,3,123.03,18 / 18,130320,2019-09-04 19:23:30:493,0.3527,0.2605,9.8875,-0.0228,-0.0171,9.8066,-0.0114,0.0028,-0.0334,-20.0,-29.19,17.44,349.22,-84.15,-139.88,False
52.40768,-1.490284,138.59,11.77,3,123.03,18 / 18,130421,2019-09-04 19:23:30:594,0.193,0.6133,9.1069,-0.0102,-0.0068,9.8066,0.0035,-0.0135,-0.0412,-19.44,-29.31,17.0,354.01,-84.04,-137.07,False
52.40768,-1.490284,138.59,11.77,3,123.03,18 / 18,130521,2019-09-04 19:23:30:694,0.6276,0.9925,9.2261,0.0017,0.0079,9.8066,-0.0211,0.0345,-0.0131,-19.5,-29.5,16.44,352.11,-84.09,-137.01,False
52.40768,-1.490284,138.59,11.77,3,123.03,18 / 18,130621,2019-09-04 19:23:30:794,0.1769,0.9354,9.2976,-0.0038,0.0061,9.8066,-0.0358,0.0853,0.0154,-19.31,-29.25,16.44,351.93,-84.19,-137.18,False
52.40768,-1.490284,138.59,11.77,3,123.03,18 / 18,130721,2019-09-04 19:23:30:894,0.8841,1.4187,9.796,-0.0015,0.0011,9.8066,0.0061,0.0139,-0.0601,-19.19,-29.31,16.38,352.05,-84.34,-137.1,False
52.40768,-1.490284,138.59,11.77,3,123.03,18 / 18,130821,2019-09-04 19:23:30:994,1.1137,0.987,9.5604,0.0069,0.0071,9.8066,0.006,0.0667,-0.0133,-19.12,-29.5,15.88,351.01,-84.41,-138.03,False
52.40768,-1.490284,138.59,11.77,3,123.03,18 / 18,130920,2019-09-04 19:23:31:093,0.3671,0.5463,10.5734,-0.0016,0.0036,9.8066,0.0138,-0.0062,-0.0749,-19.62,-30.0,15.5,349.02,-84.45,-138.35,False
52.40768,-1.490284,138.59,11.77,3,123.03,18 / 18,131020,2019-09-04 19:23:31:193,0.2689,1.4836,9.9164,0.0032,-0.0037,9.8066,0.0103,0.0078,-0.0191,-19.56,-30.81,16.38,348.49,-84.41,-138.77,False
52.40768,-1.490284,138.59,11.77,3,123.03,18 / 18,131121,2019-09-04 19:23:31:294,0.6665,0.7669,9.5202,-0.0017,-0.014,9.8066,0.02,0.0173,0.0077,-19.69,-30.62,16.44,348.38,-84.32,-138.84,False
52.40768,-1.490284,138.59,11.77,3,123.03,18 / 18,131220,2019-09-04 19:23:31:393,0.6678,0.7856,10.2689,0.0019,-0.0054,9.8066,0.01,-0.0268,-0.0648,-19.75,-29.87,16.88,351.0,-84.17,-138.28,False
52.40768,-1.490284,138.59,11.77,3,123.03,18 / 18,131320,2019-09-04 19:23:31:493,-0.2299,0.6064,9.9578,-0.0175,-0.0102,9.8065,-0.0004,-0.0023,-0.0344,-19.37,-29.81,17.0,352.76,-84.11,-138.15,False
52.40768,-1.490284,138.59,11.77,3,123.03,18 / 18,131421,2019-09-04 19:23:31:594,0.0002,0.6365,9.9427,0.0118,0.0056,9.8066,0.019,0.015,-0.0451,-19.75,-29.25,16.13,349.59,-84.09,-137.81,False
52.40768,-1.490284,138.59,11.77,3,123.03,18 / 18,131520,2019-09-04 19:23:31:693,0.6996,0.1214,10.2181,-0.004,-0.0093,9.8066,0.0073,-0.0297,-0.0596,-19.62,-29.37,16.31,349.31,-84.04,-138.04,False
52.40768,-1.490284,138.59,11.77,3,123.03,18 / 18,131621,2019-09-04 19:23:31:794,-0.4232,0.878,10.0725,-0.0015,0.0002,9.8066,-0.0109,0.0374,-0.0005,-19.56,-29.19,16.25,349.25,-84.02,-138.1,False
52.40768,-1.490284,138.59,11.77,3,123.03,18 / 18,131721,2019-09-04 19:23:31:894,-0.3203,1.4379,10.0407,-0.0091,0.0026,9.8066,-0.0166,0.0184,-0.0013,-20.06,-28.94,15.69,349.67,-84.04,-137.73,False
52.40768,-1.490284,138.59,11.77,3,123.03,18 / 18,131820,2019-09-04 19:23:31:993,0.4576,0.442,9.6474,-0.0043,0.0005,9.8066,0.0059,0.0174,-0.0228,-19.81,-28.94,15.75,350.35,-84.09,-137.14,False
52.40768,-1.490284,138.59,11.77,3,123.03,18 / 18,131920,2019-09-04 19:23:32:093,-0.874,1.2032,10.0734,-0.0152,-0.0069,9.8066,-0.0215,0.0326,-0.0082,-19.5,-29.44,16.0,353.01,-84.1,-136.21,False
52.40768,-1.490284,138.59,11.77,3,123.03,18 / 18,132020,2019-09-04 19:23:32:193,0.3915,1.4505,9.7836,0.0002,0.0031,9.8066,-0.0032,0.0278,0.0,-19.94,-29.0,15.81,352.16,-84.15,-135.56,False
52.40768,-1.490284,138.59,11.77,3,123.03,18 / 18,132121,2019-09-04 19:23:32:294,-0.1491,1.2234,9.7756,0.0085,-0.0029,9.8066,0.0092,0.0165,-0.0143,-19.31,-29.62,15.69,354.0,-84.1,-135.32,False
52.40768,-1.490284,138.59,11.77,3,123.03,18 / 18,132221,2019-09-04 19:23:32:394,-0.2033,1.7008,10.1227,0.0001,-0.0027,9.8066,0.0058,0.0596,0.0453,-20.56,-29.37,15.75,350.39,-84.05,-135.77,False
52.40768,-1.490284,138.59,11.77,3,123.03,18 / 18,132322,2019-09-04 19:23:32:495,-0.1756,0.8662,9.3945,0.0025,-0.0008,9.8066,-0.0008,0.0301,-0.0239,-20.06,-28.87,15.69,352.22,-83.96,-135.47,False
52.40768,-1.490284,138.59,11.77,3,123.03,18 / 18,132421,2019-09-04 19:23:32:594,0.1603,0.9298,10.2251,-0.0003,0.0007,9.8066,-0.0022,0.0081,-0.0144,-20.06,-29.37,15.38,349.78,-83.98,-135.8,False
52.40768,-1.490284,138.59,11.77,3,123.03,18 / 18,132520,2019-09-04 19:23:32:693,-0.278,0.4379,9.5652,-0.0026,-0.0061,9.8066,0.0106,0.0588,0.0102,-19.69,-28.87,15.38,350.02,-83.95,-135.58,False
52.40768,-1.490284,138.59,11.77,3,123.03,18 / 18,132620,2019-09-04 19:23:32:793,0.2353,1.4115,9.5744,0.0042,-0.0024,9.8066,-0.0118,0.0642,0.0338,-20.0,-29.0,15.31,348.83,-83.95,-136.62,False
52.40768,-1.490284,138.59,11.77,3,123.03,18 / 18,132721,2019-09-04 19:23:32:894,-0.5265,0.6393,9.5493,0.0041,0.003,9.8066,0.0047,0.0532,0.0152,-20.31,-29.56,15.38,349.83,-83.97,-135.71,False
52.40768,-1.490284,138.59,11.77,3,123.03,18 / 18,132821,2019-09-04 19:23:32:994,-0.5209,1.0886,9.9794,0.0055,-0.0042,9.8066,0.0185,0.0279,-0.0065,-19.75,-29.31,15.0,349.62,-83.9,-135.92,False
52.40768,-1.490284,138.59,11.77,3,123.03,18 / 18,132921,2019-09-04 19:23:33:094,0.1901,1.1406,10.4644,0.0067,-0.0017,9.8066,0.0231,-0.023,-0.0493,-19.94,-28.75,15.44,348.77,-83.85,-136.65,False
52.40768,-1.490284,138.59,11.77,3,123.03,18 / 18,133021,2019-09-04 19:23:33:194,0.0494,0.9534,9.9816,0.0114,-0.0011,9.8066,0.0144,0.0046,-0.0275,-20.06,-28.81,14.75,347.94,-83.8,-137.36,False
52.40768,-1.490284,138.59,11.77,3,123.03,18 / 18,133120,2019-09-04 19:23:33:293,-0.1462,0.7556,10.3001,-0.0022,0.0016,9.8066,0.0001,-0.0064,-0.0431,-19.81,-29.12,15.25,347.3,-83.74,-137.9,False
52.40768,-1.490284,138.59,11.77,3,123.03,18 / 18,133221,2019-09-04 19:23:33:394,0.1143,1.213,10.0738,0.0029,-0.0027,9.8066,0.0189,-0.0088,-0.02,-20.12,-29.25,15.25,347.44,-83.76,-137.79,False
52.40768,-1.490284,138.59,11.77,3,123.03,18 / 18,133320,2019-09-04 19:23:33:493,-0.4556,0.8719,9.8942,0.0031,-0.0049,9.8066,0.0174,0.0404,0.0009,-19.81,-28.87,14.88,347.69,-83.67,-137.54,False
52.40768,-1.490284,138.59,11.77,3,123.03,18 / 18,133421,2019-09-04 19:23:33:594,-0.2059,1.3783,10.0592,0.0021,-0.0078,9.8066,0.0138,0.0295,0.0184,-19.62,-29.31,15.31,347.43,-83.55,-137.74,False
52.40768,-1.490284,138.59,11.77,3,123.03,18 / 18,133521,2019-09-04 19:23:33:694,0.0899,1.5616,9.4396,-0.0005,-0.0089,9.8066,0.0132,-0.0231,-0.045,-20.94,-28.62,14.63,345.87,-83.41,-137.77,False
52.40768,-1.490284,138.59,11.77,3,123.03,18 / 18,133621,2019-09-04 19:23:33:794,-0.1738,1.012,8.7268,-0.0007,0.0078,9.8066,-0.0225,-0.0052,-0.0466,-20.37,-29.06,15.0,347.58,-83.36,-137.56,False
52.40768,-1.490284,138.59,11.77,3,123.03,18 / 18,133721,2019-09-04 19:23:33:894,-0.93,0.9905,10.3007,-0.0131,0.0076,9.8066,-0.0303,0.0104,-0.0421,-19.87,-29.0,15.13,348.37,-83.54,-136.92,False
52.40768,-1.490284,138.59,11.77,3,123.03,18 / 18,133820,2019-09-04 19:23:33:993,-0.5544,1.7293,10.0959,0.001,0.0111,9.8066,-0.0073,-0.0112,-0.045,-20.44,-29.0,14.75,349.54,-83.72,-135.94,False
52.40768,-1.490284,138.59,11.77,3,123.03,18 / 18,133920,2019-09-04 19:23:34:093,-0.6732,1.4655,10.2571,0.0093,-0.006,9.8066,0.0506,-0.0103,-0.043,-19.87,-29.31,14.81,349.42,-83.72,-136.05,False
52.40768,-1.490284,138.59,11.77,3,123.03,18 / 18,134021,2019-09-04 19:23:34:194,-0.5689,1.2932,9.929,0.0101,-0.0121,9.8066,0.0448,-0.0012,-0.0008,-20.06,-28.81,15.44,348.1,-83.62,-137.18,False
52.40768,-1.490284,138.59,11.77,3,123.03,18 / 18,134120,2019-09-04 19:23:34:293,-0.0514,1.4816,10.1817,0.0053,-0.0065,9.8065,0.0139,-0.0121,-0.025,-21.06,-28.12,15.25,345.5,-83.39,-138.15,False
52.40768,-1.490284,138.59,11.77,3,123.03,18 / 18,134221,2019-09-04 19:23:34:394,-0.5149,1.2034,10.0449,-0.0047,0.0002,9.8066,0.0033,-0.0039,-0.0197,-20.5,-28.94,15.13,346.55,-83.36,-138.44,False
52.40768,-1.490284,138.59,11.77,3,123.03,18 / 18,134321,2019-09-04 19:23:34:494,-0.6212,1.2917,8.8055,-0.0058,-0.0029,9.8066,-0.003,-0.0165,-0.0146,-20.69,-28.37,15.5,347.34,-83.34,-138.33,False
52.40768,-1.490284,138.59,11.77,3,123.03,18 / 18,134420,2019-09-04 19:23:34:593,-0.8736,1.0076,9.8064,-0.0044,0.0009,9.8066,-0.0044,-0.0036,-0.0166,-20.5,-29.25,15.44,347.41,-83.36,-137.7,False
52.40768,-1.490284,138.59,11.77,3,123.03,18 / 18,134520,2019-09-04 19:23:34:693,-0.8661,0.9744,9.7814,-0.0091,-0.0025,9.8066,-0.0051,0.0161,0.0297,-20.37,-29.25,15.69,350.15,-83.4,-137.17,False
52.40768,-1.490284,138.59,11.77,3,123.03,18 / 18,134621,2019-09-04 19:23:34:794,-0.8151,0.9333,8.9287,-0.0033,-0.0104,9.8066,0.0122,-0.0096,0.009,-21.25,-28.81,14.81,347.44,-83.36,-136.39,False
52.40768,-1.490284,138.59,11.77,3,123.03,18 / 18,134720,2019-09-04 19:23:34:893,-0.707,0.6335,9.9308,-0.0024,-0.0056,9.8065,0.0027,0.0232,0.0143,-20.87,-29.06,14.44,345.78,-83.25,-135.91,False
52.40768,-1.490284,138.59,11.77,3,123.03,18 / 18,134820,2019-09-04 19:23:34:993,-0.657,1.1062,9.3595,-0.0104,-0.0038,9.8066,-0.0193,0.007,0.0236,-20.75,-28.81,15.25,348.16,-83.26,-135.75,False
52.40768,-1.490284,138.59,11.77,3,123.03,18 / 18,134920,2019-09-04 19:23:35:093,-0.7467,0.7104,9.7268,-0.0065,0.006,9.8066,-0.0155,0.0095,-0.0001,-21.37,-29.12,14.81,349.08,-83.29,-134.96,False
52.40768,-1.490284,138.59,11.77,3,123.03,18 / 18,135021,2019-09-04 19:23:35:194,-0.8055,1.3498,10.1309,-0.0001,0.0032,9.8066,0.0115,0.0091,0.0004,-20.87,-29.31,15.56,351.88,-83.38,-134.35,False
52.40768,-1.490284,138.59,11.77,3,123.03,18 / 18,135121,2019-09-04 19:23:35:294,-0.4266,0.7261,9.2885,0.0041,-0.0001,9.8066,-0.0036,0.0354,0.0313,-20.94,-28.75,14.94,349.15,-83.38,-134.92,False
52.40768,-1.490284,138.59,11.77,3,123.03,18 / 18,135221,2019-09-04 19:23:35:394,-0.6739,0.9228,9.8571,-0.0033,0.0014,9.8066,-0.0071,0.0351,0.0255,-21.12,-29.19,14.69,348.94,-83.41,-135.11,False
52.40768,-1.490284,138.59,11.77,3,123.03,18 / 19,135321,2019-09-04 19:23:35:494,-0.8469,0.6522,10.0343,0.0007,0.0039,9.8066,-0.001,0.0268,0.0143,-20.56,-29.06,15.94,351.16,-83.46,-134.99,False
52.40768,-1.490284,138.59,11.77,3,123.03,18 / 19,135420,2019-09-04 19:23:35:593,-0.8433,0.6496,9.2516,0.0065,0.0074,9.8066,0.0044,0.0157,-0.0143,-20.81,-28.5,15.25,348.34,-83.54,-135.71,False
52.40768,-1.490284,138.59,11.77,3,123.03,18 / 19,135522,2019-09-04 19:23:35:695,-0.6767,1.1756,9.9055,-0.0013,0.0079,9.8066,-0.0116,0.0107,-0.0205,-20.94,-29.12,15.56,350.08,-83.63,-135.96,False
52.40768,-1.490284,138.59,11.77,3,123.03,18 / 19,135621,2019-09-04 19:23:35:794,0.1911,0.9744,9.8112,0.0012,0.0139,9.8065,-0.0225,0.009,-0.0041,-20.94,-29.12,15.13,347.34,-83.83,-136.61,False
52.40768,-1.490284,138.59,11.77,3,123.03,18 / 19,135720,2019-09-04 19:23:35:893,-0.8623,1.0859,9.9938,-0.0032,0.012,9.8066,-0.0135,-0.0097,-0.0371,-20.25,-29.37,15.31,349.18,-83.97,-136.32,False
52.40768,-1.490284,138.59,11.77,3,123.03,18 / 19,135821,2019-09-04 19:23:35:994,-0.9698,1.0882,9.5114,-0.0023,0.0061,9.8066,0.0019,-0.0069,-0.0086,-20.31,-29.0,15.13,349.14,-84.16,-136.4,False
52.40768,-1.490284,138.59,11.77,3,123.03,18 / 19,135920,2019-09-04 19:23:36:093,-0.8328,0.9318,10.0379,0.0117,0.0016,9.8066,0.0195,0.0288,0.0168,-20.44,-29.62,14.5,348.69,-84.18,-136.75,False
52.40768,-1.490284,138.59,11.77,3,123.03,18 / 19,136023,2019-09-04 19:23:36:196,-0.1029,1.078,9.7659,0.0067,-0.0017,9.8066,0.0129,0.043,0.0454,-20.37,-29.12,15.13,347.56,-84.15,-137.79,False
52.40768,-1.490284,138.59,11.77,3,123.03,18 / 19,136120,2019-09-04 19:23:36:293,-0.4668,0.9909,9.8584,-0.0044,-0.0081,9.8066,0.0284,-0.0434,-0.0318,-20.62,-28.81,15.19,346.48,-84.11,-137.45,False
52.40768,-1.490284,138.59,11.77,3,123.03,18 / 18,136221,2019-09-04 19:23:36:394,-0.7414,1.0841,10.0261,-0.0078,0.0074,9.8066,-0.0168,-0.0054,-0.0176,-20.75,-29.06,15.19,346.25,-84.12,-137.65,False
52.40768,-1.490284,138.59,11.77,3,123.03,18 / 18,136321,2019-09-04 19:23:36:494,-0.628,1.234,9.5943,-0.0028,0.0089,9.8066,-0.0136,-0.0172,-0.0349,-20.81,-28.75,15.06,346.7,-84.29,-137.3,False
52.40768,-1.490284,138.59,11.77,3,123.03,18 / 18,136420,2019-09-04 19:23:36:593,-1.5039,1.9776,10.4503,0.0029,0.0119,9.8065,0.0046,-0.0037,-0.0297,-20.06,-29.75,14.63,347.99,-84.41,-137.43,False
52.40768,-1.490284,138.59,11.77,3,123.03,18 / 18,136521,2019-09-04 19:23:36:694,-0.4362,1.0906,9.8913,0.0052,0.0032,9.8066,0.0125,0.0184,0.0054,-20.37,-29.31,15.31,346.61,-84.53,-138.73,False
52.40768,-1.490284,138.59,11.77,3,123.03,18 / 18,136620,2019-09-04 19:23:36:793,-0.3023,0.4234,9.4675,0.0079,0.0001,9.8065,0.0069,0.0171,0.0007,-20.5,-29.5,14.88,345.69,-84.51,-139.55,False
52.40768,-1.490284,138.59,11.77,3,123.03,18 / 18,136720,2019-09-04 19:23:36:893,-0.1674,0.0336,8.8874,-0.0092,0.0082,9.8065,-0.0209,-0.0105,-0.0098,-20.12,-29.31,15.06,345.44,-84.58,-139.79,False
52.40768,-1.490284,138.59,11.77,3,123.03,18 / 18,136820,2019-09-04 19:23:36:993,-0.8395,1.4724,9.6983,-0.012,0.0071,9.8066,-0.0224,0.0225,0.0243,-20.37,-29.12,14.5,346.4,-84.75,-138.98,False
52.40768,-1.490284,138.59,11.77,3,123.03,18 / 18,136920,2019-09-04 19:23:37:093,-0.5996,1.3336,10.4806,-0.0036,0.0013,9.8066,0.0085,0.0281,0.014,-20.31,-28.87,14.56,347.8,-84.84,-137.76,False
52.40768,-1.490284,138.59,11.77,3,123.03,18 / 18,137020,2019-09-04 19:23:37:193,-0.1703,1.0936,9.6891,0.0088,-0.0036,9.8066,0.028,-0.002,0.0035,-20.37,-28.75,14.44,345.59,-84.81,-137.82,False
52.40768,-1.490284,138.59,11.77,3,123.03,18 / 18,137121,2019-09-04 19:23:37:294,-0.844,0.3832,10.0629,-0.0042,-0.002,9.8066,-0.0051,0.0007,-0.0062,-20.56,-29.87,14.63,346.0,-84.74,-138.0,False
52.40768,-1.490284,138.59,11.77,3,123.03,18 / 18,137220,2019-09-04 19:23:37:393,-0.0601,0.7757,9.8887,-0.0017,0.0047,9.8066,0.0109,-0.0247,-0.0183,-20.31,-29.19,14.38,345.73,-84.79,-137.68,False
52.40768,-1.490284,138.59,11.77,3,123.03,19 / 19,137320,2019-09-04 19:23:37:493,-0.8347,1.4167,9.7646,-0.0007,-0.0017,9.8066,0.0046,-0.0007,-0.0001,-20.44,-29.0,14.94,348.18,-84.77,-137.4,False
52.40768,-1.490284,138.59,11.77,3,123.03,19 / 19,137421,2019-09-04 19:23:37:594,-0.7762,1.1153,9.6259,-0.0002,0.0039,9.8066,0.0013,0.0075,0.009,-21.12,-28.81,14.31,344.33,-84.76,-137.67,False
52.40768,-1.490284,138.59,11.77,3,123.03,19 / 19,137521,2019-09-04 19:23:37:694,-0.9221,0.5655,10.4039,-0.0049,0.0043,9.8066,-0.0138,0.0327,0.0392,-20.62,-29.56,14.63,346.2,-84.8,-137.85,False
52.40768,-1.490284,138.59,11.77,3,123.03,19 / 19,137620,2019-09-04 19:23:37:793,0.0336,1.2184,9.8791,0.0003,0.0078,9.8066,-0.0025,0.0008,0.0137,-20.56,-28.69,14.5,346.56,-84.91,-137.59,False
52.40768,-1.490284,138.59,11.77,3,123.03,19 / 19,137720,2019-09-04 19:23:37:893,-1.0286,0.8832,9.7612,-0.002,0.0065,9.8065,-0.0175,0.0406,0.0164,-20.75,-28.87,14.75,346.8,-84.96,-137.4,False
52.40768,-1.490284,138.59,11.77,3,123.03,19 / 19,137821,2019-09-04 19:23:37:994,-0.8067,0.9056,9.2557,-0.0045,-0.0018,9.8066,-0.0105,-0.0028,0.005,-20.37,-28.62,14.19,345.96,-85.02,-137.55,False
52.40768,-1.490284,138.59,11.77,3,123.03,19 / 19,137921,2019-09-04 19:23:38:094,-0.9191,1.4601,9.5114,-0.004,0.0014,9.8066,0.0085,0.0212,0.0162,-20.5,-29.75,14.25,346.82,-85.06,-136.74,False
52.40768,-1.490284,138.59,11.77,3,123.03,19 / 19,138020,2019-09-04 19:23:38:193,-0.4753,1.0992,9.8812,0.0037,-0.0031,9.8066,0.0159,-0.0171,-0.0146,-20.0,-28.5,14.94,348.51,-85.03,-137.21,False
52.40768,-1.490284,138.59,11.77,3,123.03,19 / 19,138120,2019-09-04 19:23:38:293,-1.164,0.7452,9.4934,-0.0007,-0.0054,9.8066,0.015,-0.0438,-0.0335,-20.0,-29.37,14.38,346.25,-84.99,-137.28,False
52.40768,-1.490284,138.59,11.77,3,123.03,19 / 19,138221,2019-09-04 19:23:38:394,-0.4241,1.04,9.7605,0.0007,0.0085,9.8066,-0.0375,0.0026,0.0073,-20.75,-29.12,15.38,346.68,-85.01,-137.52,False
52.40768,-1.490284,138.59,11.77,3,123.03,18 / 18,138321,2019-09-04 19:23:38:494,-1.1806,1.1334,9.6549,-0.0157,0.013,9.8065,-0.0392,0.0107,-0.0042,-20.5,-30.06,15.06,350.81,-85.25,-135.12,False
52.40768,-1.490284,138.59,11.77,3,123.03,18 / 18,138420,2019-09-04 19:23:38:593,-1.1971,1.5482,9.4944,-0.0078,0.0041,9.8066,-0.0113,0.0284,0.0143,-20.69,-28.69,14.56,351.16,-85.4,-133.56,False
52.40768,-1.490284,138.59,11.77,3,123.03,18 / 18,138521,2019-09-04 19:23:38:694,-1.2614,1.1883,9.6086,0.0003,0.0029,9.8066,0.0142,0.0215,-0.0218,-20.5,-29.06,14.44,351.15,-85.47,-132.99,False
52.40768,-1.490284,138.59,11.77,3,123.03,18 / 18,138621,2019-09-04 19:23:38:794,-1.067,1.3803,9.6787,0.0046,-0.0047,9.8066,0.0237,0.0218,0.0162,-20.06,-28.37,14.81,352.27,-85.5,-133.9,False
52.40768,-1.490284,138.59,11.77,3,123.03,18 / 18,138720,2019-09-04 19:23:38:893,-1.5626,1.2962,9.9732,-0.0068,-0.0019,9.8066,-0.001,0.0127,0.0001,-20.81,-28.81,14.75,350.79,-85.43,-133.89,False
52.40768,-1.490284,138.59,11.77,3,123.03,18 / 18,138820,2019-09-04 19:23:38:993,-1.5228,1.2483,9.5387,0.0038,0.0009,9.8066,0.0206,0.0284,0.0098,-20.87,-28.62,14.0,349.26,-85.47,-133.43,False
52.40768,-1.490284,138.59,11.77,3,123.03,18 / 18,138920,2019-09-04 19:23:39:093,-1.4124,1.0022,9.4917,-0.0074,0.0041,9.8066,-0.0137,0.0289,0.0116,-20.19,-29.19,15.06,353.2,-85.48,-133.03,False
52.40768,-1.490284,138.59,11.77,3,123.03,18 / 18,139021,2019-09-04 19:23:39:194,-1.085,1.376,10.1435,-0.0035,0.0037,9.8065,-0.0058,0.0182,0.0118,-20.0,-28.87,14.19,351.79,-85.58,-132.43,False
52.40768,-1.490284,138.59,11.77,3,123.03,18 / 18,139121,2019-09-04 19:23:39:294,-1.5558,1.1663,9.7326,-0.0065,0.0001,9.8066,-0.0015,0.0296,0.0063,-20.19,-28.31,14.75,355.07,-85.61,-131.36,False
52.40768,-1.490284,138.59,11.77,3,123.03,18 / 18,139220,2019-09-04 19:23:39:393,-1.1977,1.3275,10.19,0.0078,0.0017,9.8066,0.036,0.0092,-0.0279,-20.25,-28.81,13.81,353.29,-85.66,-131.09,False
52.407265,-1.488999,139.85,8.21,3,115.32,18 / 18,139321,2019-09-04 19:23:39:494,-0.6761,1.5485,9.77,0.008,-0.0102,9.8065,-0.0019,0.0156,0.0161,-20.44,-28.87,14.13,352.61,-85.66,-131.7,False
52.407265,-1.488999,139.85,8.21,3,115.32,18 / 18,139420,2019-09-04 19:23:39:593,-1.4163,1.3209,10.1098,-0.009,0.002,9.8066,-0.0075,0.0267,0.0026,-20.5,-28.87,15.06,355.3,-85.62,-131.14,False
52.407265,-1.488999,139.85,8.21,3,115.32,18 / 18,139521,2019-09-04 19:23:39:694,-0.9404,0.9485,9.9871,-0.0045,0.0054,9.8066,-0.009,0.0353,0.0099,-20.31,-28.94,14.31,354.05,-85.7,-130.4,False
52.407265,-1.488999,139.85,8.21,3,115.32,18 / 18,139621,2019-09-04 19:23:39:794,-1.3141,0.8419,9.9205,-0.0106,0.0017,9.8066,-0.01,0.0126,-0.0013,-20.75,-28.44,15.31,355.58,-85.78,-129.6,False
52.407265,-1.488999,139.85,8.21,3,115.32,18 / 18,139721,2019-09-04 19:23:39:894,-0.6377,1.5004,10.2444,-0.0009,0.0086,9.8066,0.013,0.01,-0.0315,-20.75,-29.25,14.81,357.11,-85.88,-128.19,False
52.407265,-1.488999,139.85,8.21,3,115.32,18 / 18,139821,2019-09-04 19:23:39:994,-1.2334,1.3698,9.9203,-0.0016,-0.0001,9.8066,0.0227,0.0189,-0.0107,-20.81,-28.69,14.56,357.15,-85.96,-128.16,False
52.407265,-1.488999,139.85,8.21,3,115.32,18 / 18,139920,2019-09-04 19:23:40:093,-1.196,0.8885,9.5743,-0.0005,0.0016,9.8066,0.004,0.0292,-0.0178,-20.69,-29.56,14.69,356.68,-85.95,-128.57,False
52.407265,-1.488999,139.85,8.21,3,115.32,18 / 18,140020,2019-09-04 19:23:40:193,-1.4531,1.7347,9.6894,0.0011,0.0131,9.8066,0.001,0.0524,-0.0223,-20.56,-29.25,14.5,356.99,-86.06,-128.31,False
52.407265,-1.488999,139.85,8.21,3,115.32,18 / 18,140121,2019-09-04 19:23:40:294,-0.9229,1.8017,10.1186,-0.0057,0.0024,9.8066,0.0024,0.0432,-0.0092,-21.12,-28.75,14.38,354.91,-86.17,-128.38,False
52.407265,-1.488999,139.85,8.21,3,115.32,18 / 18,140221,2019-09-04 19:23:40:394,-0.6465,1.0091,10.1038,-0.0028,0.0071,9.8066,-0.012,0.0576,-0.0129,-20.81,-29.19,14.88,357.77,-86.21,-127.6,False
52.407265,-1.488999,139.85,8.21,3,115.32,18 / 18,140321,2019-09-04 19:23:40:494,-0.957,1.5268,9.8667,0.0031,0.0059,9.8066,0.0194,0.0587,-0.0139,-20.81,-29.62,13.81,356.18,-86.39,-127.22,False
52.407265,-1.488999,139.85,8.21,3,115.32,18 / 18,140420,2019-09-04 19:23:40:593,-0.8599,1.2797,9.5301,0.0065,0.0051,9.8066,0.0255,0.0668,-0.0055,-21.06,-28.75,14.44,355.08,-86.47,-128.25,False
52.407265,-1.488999,139.85,8.21,3,115.32,18 / 18,140521,2019-09-04 19:23:40:694,-0.5176,0.5987,9.5374,-0.0043,0.0048,9.8066,-0.0021,0.0617,-0.0044,-20.62,-29.06,14.0,354.48,-86.47,-128.81,False
52.407265,-1.488999,139.85,8.21,3,115.32,18 / 18,140621,2019-09-04 19:23:40:794,-1.7534,0.7218,9.3971,-0.0053,0.0061,9.8066,0.014,0.1104,0.0,-20.75,-29.56,13.38,353.33,-86.62,-127.94,False
52.407265,-1.488999,139.85,8.21,3,115.32,18 / 18,140720,2019-09-04 19:23:40:893,-0.7466,0.7599,9.9165,-0.0047,0.0075,9.8065,-0.0119,0.0778,0.001,-21.12,-28.94,13.69,353.48,-86.71,-129.77,False
52.407265,-1.488999,139.85,8.21,3,115.32,18 / 18,140821,2019-09-04 19:23:40:994,-0.7484,1.7144,9.6016,-0.003,0.0075,9.8066,-0.0144,0.0752,-0.0153,-20.62,-29.12,13.5,354.62,-86.77,-128.71,False
52.407265,-1.488999,139.85,8.21,3,115.32,18 / 18,140920,2019-09-04 19:23:41:093,-0.873,1.2752,9.892,-0.0032,0.0,9.8066,0.0107,0.077,-0.0021,-20.75,-29.5,13.56,356.35,-86.88,-127.1,False
52.407265,-1.488999,139.85,8.21,3,115.32,18 / 18,141021,2019-09-04 19:23:41:194,-1.7471,1.1968,9.9137,0.001,-0.0011,9.8066,0.0173,0.0769,-0.0096,-21.25,-29.31,12.75,354.76,-86.85,-126.65,False
52.407265,-1.488999,139.85,8.21,3,115.32,18 / 18,141120,2019-09-04 19:23:41:293,-1.5212,1.2993,9.8138,-0.0079,0.0037,9.8065,0.0013,0.0978,-0.0163,-21.37,-28.44,13.25,353.9,-86.87,-127.48,False
52.407265,-1.488999,139.85,8.21,3,115.32,18 / 18,141220,2019-09-04 19:23:41:393,-0.7614,1.1569,9.5276,0.0091,0.004,9.8065,0.0139,0.0973,0.0089,-20.81,-29.37,13.63,355.25,-86.91,-128.14,False
52.407265,-1.488999,139.85,8.21,3,115.32,18 / 18,141321,2019-09-04 19:23:41:494,-0.6803,1.1509,9.9809,0.0089,0.0039,9.8066,0.0245,0.0934,-0.0154,-21.62,-30.19,13.63,353.02,-86.96,-129.02,False
52.407265,-1.488999,139.85,8.21,3,115.32,18 / 18,141420,2019-09-04 19:23:41:593,-0.5499,1.1786,9.7037,0.0039,-0.0024,9.8066,0.0108,0.0916,0.0042,-21.44,-29.75,13.25,350.64,-86.96,-130.5,False
52.407265,-1.488999,139.85,8.21,3,115.32,18 / 18,141521,2019-09-04 19:23:41:694,-0.599,1.0993,9.4814,-0.0004,0.0009,9.8066,0.0081,0.0832,-0.0035,-21.62,-28.94,13.63,351.63,-86.92,-130.33,False
52.407265,-1.488999,139.85,8.21,3,115.32,18 / 18,141621,2019-09-04 19:23:41:794,-0.51,0.9582,9.7238,-0.0096,-0.0006,9.8066,-0.006,0.0855,0.0073,-21.25,-29.25,13.19,352.57,-86.93,-128.71,False
52.407265,-1.488999,139.85,8.21,3,115.32,18 / 18,141720,2019-09-04 19:23:41:893,-0.9135,0.7411,9.9179,-0.0029,0.0078,9.8065,0.0046,0.0886,-0.0196,-21.62,-29.31,13.0,352.99,-86.97,-127.16,False
52.407265,-1.488999,139.85,8.21,3,115.32,18 / 18,141820,2019-09-04 19:23:41:993,-0.517,0.6706,9.9618,0.0046,0.005,9.8065,0.016,0.0949,-0.0084,-21.81,-29.31,11.75,350.42,-87.09,-127.62,False
52.407265,-1.488999,139.85,8.21,3,115.32,18 / 18,141921,2019-09-04 19:23:42:094,-0.1233,0.6966,9.7258,0.0041,0.0084,9.8066,0.0109,0.0996,-0.0201,-22.19,-29.56,12.19,349.45,-87.14,-128.52,False
52.407265,-1.488999,139.85,8.21,3,115.32,18 / 18,142021,2019-09-04 19:23:42:194,0.0245,0.79,9.692,-0.0028,0.0041,9.8066,0.0086,0.0817,-0.0078,-21.12,-28.94,12.5,351.77,-87.23,-129.51,False
52.407265,-1.488999,139.85,8.21,3,115.32,18 / 18,142120,2019-09-04 19:23:42:293,-0.372,0.7265,9.8894,-0.0041,0.0043,9.8066,0.0,0.0781,-0.0089,-21.31,-29.94,12.5,353.22,-87.31,-128.15,False
52.407265,-1.488999,139.85,8.21,3,115.32,18 / 18,142220,2019-09-04 19:23:42:393,0.0469,0.5448,10.3042,0.0035,0.0047,9.8066,0.0215,0.0839,-0.0158,-21.56,-30.12,11.69,350.27,-87.38,-127.8,False
52.407265,-1.488999,139.85,8.21,3,115.32,18 / 18,142321,2019-09-04 19:23:42:494,0.0483,0.3967,9.7349,0.0051,0.0033,9.8066,0.0238,0.087,-0.0153,-21.69,-29.5,11.44,347.24,-87.41,-128.64,False
52.407265,-1.488999,139.85,8.21,3,115.32,18 / 18,142421,2019-09-04 19:23:42:594,0.327,0.5088,9.7029,0.0024,0.0032,9.8066,0.0061,0.0736,-0.0099,-21.69,-28.75,10.94,345.48,-87.45,-130.31,False
52.407265,-1.488999,139.85,8.21,3,115.32,18 / 18,142520,2019-09-04 19:23:42:693,0.0685,0.336,9.5704,-0.0056,0.0031,9.8066,-0.0025,0.0822,-0.0082,-21.69,-29.5,11.25,346.25,-87.49,-129.6,False
52.407265,-1.488999,139.85,8.21,3,115.32,18 / 18,142621,2019-09-04 19:23:42:794,-0.2814,0.474,10.1978,-0.0093,0.0076,9.8066,-0.001,0.082,-0.0206,-21.69,-29.62,11.75,349.88,-87.56,-128.21,False
52.407265,-1.488999,139.85,8.21,3,115.32,18 / 18,142721,2019-09-04 19:23:42:894,-0.0602,0.4003,10.0816,0.002,0.0057,9.8066,0.0129,0.0787,-0.0236,-21.81,-29.5,11.13,349.26,-87.69,-126.79,False
52.407265,-1.488999,139.85,8.21,3,115.32,18 / 18,142821,2019-09-04 19:23:42:994,0.0317,0.2859,9.5419,0.0009,0.0076,9.8065,-0.0039,0.0896,-0.0214,-22.06,-29.69,10.69,347.74,-87.8,-128.25,False
52.407265,-1.488999,139.85,8.21,3,115.32,18 / 18,142920,2019-09-04 19:23:43:093,-0.0715,0.3969,9.8546,-0.0023,0.0168,9.8066,-0.0125,0.095,-0.033,-21.94,-29.44,10.44,345.47,-87.93,-128.34,False
52.407265,-1.488999,139.85,8.21,3,115.32,18 / 18,143020,2019-09-04 19:23:43:193,0.5753,0.3034,10.0153,-0.0045,0.0094,9.8066,0.0063,0.084,-0.0101,-21.31,-29.81,10.56,349.34,-88.17,-127.87,False
52.407265,-1.488999,139.85,8.21,3,115.32,18 / 18,143121,2019-09-04 19:23:43:294,0.8491,0.0032,9.5503,0.0019,0.0018,9.8066,0.0149,0.0815,0.0064,-21.06,-29.37,10.63,348.8,-88.23,-128.42,False
52.407265,-1.488999,139.85,8.21,3,115.32,18 / 18,143222,2019-09-04 19:23:43:395,1.375,-0.5339,9.725,0.008,-0.0027,9.8066,0.0346,0.0953,-0.015,-21.69,-30.44,10.13,344.22,-88.22,-129.61,False
52.407265,-1.488999,139.85,8.21,3,115.32,18 / 18,143321,2019-09-04 19:23:43:494,2.1287,-0.4252,10.4248,0.0116,0.0036,9.8066,0.0274,0.0943,-0.0212,-22.25,-29.44,10.38,338.66,-88.16,-134.97,False
52.407265,-1.488999,139.85,8.21,3,115.32,18 / 18,143420,2019-09-04 19:23:43:593,2.0008,-0.3336,10.2804,0.0055,0.0036,9.8066,-0.0033,0.1036,-0.023,-21.81,-29.31,9.94,333.42,-88.15,-140.02,False
52.407265,-1.488999,139.85,8.21,3,115.32,18 / 18,143521,2019-09-04 19:23:43:694,1.8773,-0.4265,9.1569,0.0042,0.0118,9.8066,0.0015,0.0879,-0.0457,-21.19,-29.81,10.13,331.18,-88.25,-143.18,False
52.407265,-1.488999,139.85,8.21,3,115.32,18 / 18,143621,2019-09-04 19:23:43:794,2.0148,-0.7666,9.0773,-0.0017,0.0159,9.8066,-0.0091,0.1184,-0.0213,-21.12,-29.56,9.63,327.04,-88.45,-147.32,False
52.407265,-1.488999,139.85,8.21,3,115.32,18 / 18,143720,2019-09-04 19:23:43:893,1.852,-0.1582,9.8582,-0.0018,0.0123,9.8066,-0.0116,0.1219,-0.0249,-21.37,-29.44,9.19,322.81,-88.56,-149.28,False
52.407265,-1.488999,139.85,8.21,3,115.32,18 / 18,143821,2019-09-04 19:23:43:994,2.588,-0.3579,9.9655,-0.0027,0.0117,9.8066,-0.0066,0.1111,-0.0286,-21.56,-29.56,9.5,320.66,-88.7,-152.75,False
52.407265,-1.488999,139.85,8.21,3,115.32,18 / 18,143921,2019-09-04 19:23:44:094,1.9424,0.1617,9.0533,-0.004,0.0085,9.8066,-0.0157,0.142,-0.0052,-21.06,-29.87,9.44,316.19,-88.87,-155.97,False
52.407265,-1.488999,139.85,8.21,3,115.32,18 / 18,144021,2019-09-04 19:23:44:194,1.6474,0.1263,9.621,0.0056,0.0077,9.8066,0.0156,0.1514,-0.0009,-20.81,-29.75,8.63,310.11,-88.95,-162.03,False
52.407265,-1.488999,139.85,8.21,3,115.32,18 / 18,144120,2019-09-04 19:23:44:293,2.5374,-0.1359,9.789,0.0052,0.0006,9.8066,-0.002,0.1775,0.0272,-21.19,-29.62,8.56,304.81,-88.88,-167.18,False
52.407265,-1.488999,139.85,8.21,3,115.32,18 / 18,144221,2019-09-04 19:23:44:394,1.9039,0.1639,9.7911,-0.0002,0.0011,9.8066,0.0041,0.1377,-0.0184,-21.56,-29.69,8.31,300.24,-88.87,-168.49,False
52.407265,-1.488999,139.85,8.21,3,115.32,17 / 18,144320,2019-09-04 19:23:44:493,1.7772,0.1074,10.1364,0.0007,-0.0002,9.8066,0.0117,0.1262,-0.019,-20.87,-29.81,8.31,299.79,-88.9,-169.79,False
52.407265,-1.488999,139.85,8.21,3,115.32,17 / 18,144421,2019-09-04 19:23:44:594,2.1351,-0.105,10.019,0.0039,-0.0013,9.8066,0.0067,0.1284,-0.0174,-21.0,-29.56,7.19,296.65,-88.9,-170.45,False
52.407265,-1.488999,139.85,8.21,3,115.32,17 / 18,144520,2019-09-04 19:23:44:693,2.3219,0.6413,9.3961,-0.0009,-0.0036,9.8066,-0.0149,0.1628,0.0302,-21.37,-29.5,7.5,297.25,-88.85,-172.28,False
52.407265,-1.488999,139.85,8.21,3,115.32,17 / 18,144621,2019-09-04 19:23:44:794,1.7198,0.5838,9.4777,-0.0023,-0.0012,9.8066,-0.0119,0.1434,0.0151,-21.19,-29.37,7.31,298.01,-88.85,-169.1,False
52.407265,-1.488999,139.85,8.21,3,115.32,17 / 18,144720,2019-09-04 19:23:44:893,1.1491,0.1174,9.6889,-0.0042,0.0047,9.8066,-0.0112,0.1541,0.0008,-21.44,-29.56,7.25,298.11,-88.86,-168.96,False
52.407265,-1.488999,139.85,8.21,3,115.32,17 / 18,144820,2019-09-04 19:23:44:993,1.2653,0.5952,10.3192,-0.0006,0.0027,9.8066,-0.0088,0.1785,0.012,-21.25,-29.25,6.88,295.9,-88.93,-171.27,False
52.407265,-1.488999,139.85,8.21,3,115.32,17 / 18,144920,2019-09-04 19:23:45:093,1.2388,1.0825,9.7355,-0.0008,0.0043,9.8066,-0.0035,0.1719,0.0021,-20.5,-29.25,6.19,289.61,-88.94,-175.7,False
52.407265,-1.488999,139.85,8.21,3,115.32,17 / 18,145021,2019-09-04 19:23:45:194,1.0982,0.4584,10.2627,-0.0006,-0.0003,9.8066,0.0135,0.1456,-0.0112,-21.44,-29.87,5.81,286.78,-88.97,-177.81,False
52.407265,-1.488999,139.85,8.21,3,115.32,17 / 18,145121,2019-09-04 19:23:45:294,1.3295,0.7331,9.5961,0.006,0.0016,9.8066,0.0221,0.1412,-0.0259,-21.81,-29.44,5.5,283.41,-88.95,179.46,False
52.407265,-1.488999,139.85,8.21,3,115.32,17 / 18,145220,2019-09-04 19:23:45:393,1.4991,0.2135,9.2743,0.0007,-0.0002,9.8066,-0.0014,0.1663,-0.0065,-20.75,-30.25,5.63,283.4,-88.89,178.95,False
52.407265,-1.488999,139.85,8.21,3,115.32,18 / 18,145321,2019-09-04 19:23:45:494,1.4651,0.6155,10.4274,0.0014,0.0095,9.8065,-0.0007,0.156,-0.0288,-21.56,-29.5,5.56,276.78,-88.89,172.92,False
52.407265,-1.488999,139.85,8.21,3,115.32,18 / 18,145420,2019-09-04 19:23:45:593,1.4227,0.6319,9.5607,-0.0037,-0.0005,9.8066,-0.0043,0.1259,-0.0317,-22.0,-29.87,4.75,271.44,-88.9,170.1,False
52.407265,-1.488999,139.85,8.21,3,115.32,18 / 18,145521,2019-09-04 19:23:45:694,1.329,0.3874,9.5134,-0.004,0.0009,9.8066,-0.0171,0.1822,0.0147,-21.06,-30.44,4.75,272.38,-88.98,170.41,False
52.407265,-1.488999,139.85,8.21,3,115.32,18 / 18,145620,2019-09-04 19:23:45:793,1.2884,0.8374,10.1499,0.0083,0.0187,9.8066,0.0137,0.1445,-0.0502,-21.62,-29.62,4.63,261.88,-88.92,160.5,False
52.407265,-1.488999,139.85,8.21,3,115.32,18 / 18,145720,2019-09-04 19:23:45:893,1.2858,0.7529,9.372,-0.0026,0.0015,9.8066,-0.0054,0.1587,0.002,-21.19,-29.94,3.75,255.43,-88.86,156.19,False
52.407265,-1.488999,139.85,8.21,3,115.32,18 / 18,145820,2019-09-04 19:23:45:993,0.8931,0.4309,9.873,-0.0069,0.0007,9.8066,-0.0106,0.1278,-0.0052,-21.0,-29.81,3.63,253.87,-88.95,154.5,False
52.407265,-1.488999,139.85,8.21,3,115.32,18 / 18,145921,2019-09-04 19:23:46:094,1.1357,0.5072,9.847,-0.0001,-0.001,9.8066,-0.0099,0.1541,0.0215,-21.0,-29.69,3.81,253.42,-88.96,154.03,False
52.407265,-1.488999,139.85,8.21,3,115.32,18 / 18,146020,2019-09-04 19:23:46:193,0.7686,0.0576,9.7381,-0.0022,-0.0062,9.8066,-0.0072,0.1093,0.0049,-20.25,-30.06,3.56,254.44,-88.94,154.63,False
52.407265,-1.488999,139.85,8.21,3,115.32,18 / 18,146120,2019-09-04 19:23:46:293,0.7579,-0.0973,9.6403,0.0025,0.0067,9.8066,0.0056,0.0976,-0.0311,-21.12,-29.87,3.5,253.65,-88.95,154.28,False
52.407265,-1.488999,139.85,8.21,3,115.32,18 / 18,146221,2019-09-04 19:23:46:394,1.4971,-0.3943,10.025,0.0079,0.003,9.8066,0.0192,0.1155,-0.0058,-20.62,-29.94,3.19,248.19,-88.84,151.58,False
52.407265,-1.488999,139.85,8.21,3,115.32,18 / 18,146321,2019-09-04 19:23:46:494,1.6527,0.2074,9.5502,0.012,0.0027,9.8066,0.0241,0.0858,0.0022,-20.56,-29.81,3.0,247.36,-88.69,150.93,False
52.407265,-1.488999,139.85,8.21,3,115.32,18 / 18,146420,2019-09-04 19:23:46:593,1.4641,-0.311,9.5536,0.0089,-0.0001,9.8066,0.0172,0.072,-0.0245,-20.75,-30.25,3.31,249.53,-88.52,153.35,False
52.407265,-1.488999,139.85,8.21,3,115.32,18 / 18,146520,2019-09-04 19:23:46:693,1.9167,-0.2306,10.0184,-0.0008,0.005,9.8066,-0.0136,0.0429,-0.0232,-20.25,-30.0,2.81,247.9,-88.42,151.53,False
52.407265,-1.488999,139.85,8.21,3,115.32,18 / 18,146621,2019-09-04 19:23:46:794,1.1474,-0.3691,10.7112,-0.0036,0.0118,9.8066,0.0011,0.0462,-0.0418,-21.19,-29.94,2.63,244.25,-88.42,148.12,False
52.407265,-1.488999,139.85,8.21,3,115.32,18 / 18,146721,2019-09-04 19:23:46:894,1.2124,-0.6672,9.8207,0.0087,0.0183,9.8065,0.015,0.0353,-0.0549,-19.94,-30.12,2.44,234.73,-88.28,141.1,False
52.407265,-1.488999,139.85,8.21,3,115.32,18 / 18,146820,2019-09-04 19:23:46:993,0.9064,-0.7175,9.2718,0.0127,0.0333,9.8065,0.0277,0.0622,-0.0645,-20.12,-30.0,2.25,227.7,-87.87,134.32,False
52.407265,-1.488999,139.85,8.21,3,115.32,18 / 18,146920,2019-09-04 19:23:47:093,1.416,-0.0564,9.422,0.0104,0.033,9.8065,-0.0021,0.0443,-0.0686,-19.25,-30.5,2.56,226.08,-87.43,129.96,False
52.407265,-1.488999,139.85,8.21,3,115.32,18 / 18,147021,2019-09-04 19:23:47:194,1.2545,-0.5217,9.4273,-0.0066,0.025,9.8065,-0.0282,0.0108,-0.0878,-19.19,-30.62,2.44,216.45,-87.03,123.27,False
52.407265,-1.488999,139.85,8.21,3,115.32,18 / 18,147121,2019-09-04 19:23:47:294,0.9818,-0.367,9.1658,-0.0139,0.0188,9.8066,-0.0437,0.0034,-0.0661,-19.25,-30.81,2.19,211.64,-86.83,118.3,False
52.407265,-1.488999,139.85,8.21,3,115.32,18 / 18,147221,2019-09-04 19:23:47:394,1.0987,-0.1634,9.6856,-0.0149,0.0141,9.8066,-0.0413,0.0133,-0.0162,-18.0,-30.87,1.38,204.94,-86.75,114.08,False
52.407265,-1.488999,139.85,8.21,3,115.32,18 / 18,147320,2019-09-04 19:23:47:493,0.8717,-0.2236,9.4499,-0.0048,0.0103,9.8066,-0.0127,-0.0105,-0.0337,-18.75,-30.87,1.81,202.9,-86.6,109.0,False
52.407265,-1.488999,139.85,8.21,3,115.32,18 / 18,147421,2019-09-04 19:23:47:594,1.1198,-0.2623,9.7397,0.0007,-0.0065,9.8066,0.0075,0.0082,0.0322,-18.5,-30.81,1.13,199.42,-86.58,108.16,False
52.407265,-1.488999,139.85,8.21,3,115.32,18 / 18,147520,2019-09-04 19:23:47:693,1.1028,-0.5606,9.9857,0.0089,-0.0024,9.8066,0.0254,0.0128,0.0078,-18.94,-30.87,1.88,203.65,-86.59,109.82,False
52.407265,-1.488999,139.85,8.21,3,115.32,18 / 18,147621,2019-09-04 19:23:47:794,0.5686,-0.2899,10.0671,0.0069,-0.0038,9.8066,0.0082,-0.0409,-0.0005,-18.12,-30.94,1.5,205.94,-86.51,112.17,False
52.407265,-1.488999,139.85,8.21,3,115.32,18 / 18,147720,2019-09-04 19:23:47:893,0.4129,-0.4935,10.1815,0.0002,-0.005,9.8066,-0.0076,-0.0109,0.0021,-18.94,-31.44,2.06,206.7,-86.58,113.15,False
52.407265,-1.488999,139.85,8.21,3,115.32,18 / 18,147820,2019-09-04 19:23:47:993,0.4925,-0.5454,10.2783,0.0028,-0.0036,9.8065,0.0053,0.0115,0.0321,-19.12,-30.62,2.13,206.9,-86.58,113.37,False
52.407265,-1.488999,139.85,8.21,3,115.32,18 / 18,147921,2019-09-04 19:23:48:094,0.7742,-0.3213,10.1278,0.0064,0.002,9.8066,0.0152,-0.0104,-0.0087,-19.12,-31.19,2.38,208.18,-86.58,114.75,False
52.407265,-1.488999,139.85,8.21,3,115.32,18 / 18,148021,2019-09-04 19:23:48:194,0.4907,0.0171,9.8225,0.0006,0.0029,9.8066,0.0036,-0.0651,-0.0224,-18.56,-30.87,2.94,211.48,-86.51,115.39,False
52.407265,-1.488999,139.85,8.21,3,115.32,18 / 18,148121,2019-09-04 19:23:48:294,0.4944,-0.6858,10.2124,-0.0011,-0.0022,9.8066,0.0001,-0.0784,-0.0364,-18.75,-31.12,2.25,209.13,-86.57,115.78,False
52.407265,-1.488999,139.85,8.21,3,115.32,18 / 18,148220,2019-09-04 19:23:48:393,0.4396,-0.8815,10.2215,0.0002,-0.0066,9.8066,-0.0014,-0.0455,0.0301,-18.94,-30.81,2.38,209.43,-86.66,116.04,False
52.407234,-1.488254,141.03,8.37,3,75.06,18 / 18,148321,2019-09-04 19:23:48:494,-0.4491,-0.7208,10.5345,0.0075,-0.0167,9.8066,0.0024,-0.0617,0.0227,-19.31,-30.81,2.44,210.46,-86.72,117.11,False
52.407234,-1.488254,141.03,8.37,3,75.06,18 / 18,148420,2019-09-04 19:23:48:593,0.1638,-0.8463,9.7852,0.0084,-0.0043,9.8066,0.0186,-0.1172,-0.0072,-19.19,-30.87,2.38,213.88,-86.79,120.73,False
52.407234,-1.488254,141.03,8.37,3,75.06,18 / 18,148521,2019-09-04 19:23:48:694,0.0663,-1.7219,9.6542,0.0058,-0.008,9.8066,0.0287,-0.1167,-0.02,-19.69,-30.5,2.88,218.23,-86.85,122.56,False
52.407234,-1.488254,141.03,8.37,3,75.06,18 / 18,148621,2019-09-04 19:23:48:794,0.1309,-1.278,9.7853,0.0027,0.0018,9.8066,-0.0048,-0.1234,-0.0131,-19.12,-30.44,3.31,219.66,-86.8,123.83,False
52.407234,-1.488254,141.03,8.37,3,75.06,18 / 18,148720,2019-09-04 19:23:48:893,0.0735,-1.8253,9.827,-0.0068,-0.0081,9.8066,-0.0271,-0.1026,0.0412,-19.31,-31.06,3.63,222.78,-86.84,124.28,False
52.407234,-1.488254,141.03,8.37,3,75.06,18 / 18,148820,2019-09-04 19:23:48:993,0.0566,-1.7861,9.8172,-0.0094,0.0003,9.8066,-0.0191,-0.1128,0.0246,-19.56,-30.75,3.44,219.01,-86.98,123.35,False
52.407234,-1.488254,141.03,8.37,3,75.06,18 / 18,148920,2019-09-04 19:23:49:093,-0.6486,-2.1325,10.1872,-0.0007,-0.0052,9.8066,0.0041,-0.1159,0.0531,-19.56,-30.87,4.25,220.99,-87.07,122.57,False
52.407234,-1.488254,141.03,8.37,3,75.06,18 / 18,149020,2019-09-04 19:23:49:193,-0.1399,-1.994,9.4694,0.0082,-0.0108,9.8066,0.0309,-0.1597,0.0236,-19.56,-30.31,3.56,223.88,-87.11,125.49,False
52.407234,-1.488254,141.03,8.37,3,75.06,18 / 18,149121,2019-09-04 19:23:49:294,-0.248,-1.796,9.693,0.0044,-0.0015,9.8066,0.0093,-0.1539,0.0181,-19.81,-30.56,4.13,226.53,-87.1,128.39,False
52.407234,-1.488254,141.03,8.37,3,75.06,18 / 18,149220,2019-09-04 19:23:49:393,-0.2034,-2.2822,9.8389,-0.0013,-0.0068,9.8066,-0.0275,-0.1438,0.0489,-20.0,-30.62,5.13,229.75,-87.09,129.02,False
52.407234,-1.488254,141.03,8.37,3,75.06,19 / 19,149320,2019-09-04 19:23:49:493,-0.5838,-2.5675,9.7997,-0.0088,-0.0058,9.8066,-0.0164,-0.18,0.0261,-20.0,-30.37,5.19,230.7,-87.29,129.68,False
52.407234,-1.488254,141.03,8.37,3,75.06,19 / 19,149421,2019-09-04 19:23:49:594,0.0352,-1.8324,9.8,0.0041,0.0049,9.8066,0.0117,-0.1967,-0.0207,-19.69,-30.56,5.0,230.77,-87.28,129.88,False
52.407234,-1.488254,141.03,8.37,3,75.06,19 / 19,149521,2019-09-04 19:23:49:694,-0.0717,-1.1151,10.0211,-0.0009,-0.0078,9.8066,0.0086,-0.1653,0.0269,-19.5,-30.69,5.0,231.08,-87.25,129.68,False
52.407234,-1.488254,141.03,8.37,3,75.06,19 / 19,149620,2019-09-04 19:23:49:793,-0.6006,-1.3907,9.5607,-0.0027,-0.0018,9.8066,-0.0165,-0.1759,0.0318,-20.0,-30.44,5.88,235.01,-87.33,131.42,False
52.407234,-1.488254,141.03,8.37,3,75.06,19 / 19,149720,2019-09-04 19:23:49:893,-0.166,-1.6991,10.1452,0.0015,-0.0013,9.8066,0.0007,-0.1598,0.0087,-20.37,-30.62,6.44,234.77,-87.38,131.22,False
52.407234,-1.488254,141.03,8.37,3,75.06,19 / 19,149820,2019-09-04 19:23:49:993,0.1866,-1.7514,9.3296,0.0076,0.0012,9.8066,-0.0051,-0.2061,-0.0171,-20.06,-30.75,6.88,237.48,-87.33,131.46,False
52.407234,-1.488254,141.03,8.37,3,75.06,19 / 19,149921,2019-09-04 19:23:50:094,-0.5758,-2.7297,9.6611,-0.0096,-0.0051,9.8066,-0.0185,-0.2093,-0.006,-20.5,-30.69,6.81,237.75,-87.31,131.76,False
52.407234,-1.488254,141.03,8.37,3,75.06,19 / 19,150020,2019-09-04 19:23:50:193,0.2101,-1.2175,9.7788,-0.0141,0.0068,9.8066,-0.0317,-0.1667,0.0266,-20.5,-30.12,7.06,235.38,-87.47,129.02,False
52.407234,-1.488254,141.03,8.37,3,75.06,19 / 19,150121,2019-09-04 19:23:50:294,-0.2903,-2.0757,9.4311,-0.008,0.0019,9.8066,-0.0206,-0.1585,0.0148,-20.37,-30.56,6.69,233.18,-87.6,126.68,False
52.407234,-1.488254,141.03,8.37,3,75.06,19 / 19,150220,2019-09-04 19:23:50:393,0.0877,-1.93,9.5656,-0.0074,0.0003,9.8066,-0.0324,-0.1669,0.0247,-20.19,-30.06,7.88,233.27,-87.69,124.02,False
52.407234,-1.488254,141.03,8.37,3,75.06,18 / 19,150321,2019-09-04 19:23:50:494,-0.5623,-1.9866,9.8924,-0.0144,-0.0075,9.8066,-0.0376,-0.1741,0.0576,-20.25,-30.81,8.31,231.89,-87.82,122.53,False
52.407234,-1.488254,141.03,8.37,3,75.06,18 / 19,150420,2019-09-04 19:23:50:593,-0.2304,-1.8443,9.4364,-0.002,-0.0013,9.8066,-0.0002,-0.209,-0.0032,-20.5,-29.75,8.13,231.37,-88.0,121.73,False
52.407234,-1.488254,141.03,8.37,3,75.06,18 / 19,150521,2019-09-04 19:23:50:694,-0.5343,-1.9572,10.009,-0.0081,-0.0041,9.8066,-0.0148,-0.1981,0.017,-20.5,-29.81,7.94,231.17,-88.1,121.42,False
52.407234,-1.488254,141.03,8.37,3,75.06,18 / 19,150620,2019-09-04 19:23:50:793,-0.0277,-2.2143,9.3142,0.0062,-0.0026,9.8066,-0.0015,-0.2035,0.0125,-20.56,-29.62,9.0,233.97,-88.14,122.74,False
52.407234,-1.488254,141.03,8.37,3,75.06,18 / 19,150721,2019-09-04 19:23:50:894,-0.4031,-2.3053,9.5024,-0.0026,-0.0059,9.8066,-0.0069,-0.1881,0.0311,-20.56,-30.37,8.69,235.49,-88.15,124.28,False
52.407234,-1.488254,141.03,8.37,3,75.06,18 / 19,150821,2019-09-04 19:23:50:994,-0.2458,-1.9109,9.3307,-0.0003,-0.0019,9.8066,-0.0032,-0.2187,0.0394,-20.06,-29.56,9.31,237.5,-88.17,125.37,False
52.407234,-1.488254,141.03,8.37,3,75.06,18 / 19,150921,2019-09-04 19:23:51:094,-0.0606,-2.018,9.5169,-0.0074,-0.0115,9.8066,-0.0171,-0.1959,0.0439,-20.06,-29.75,9.38,239.23,-88.27,127.03,False
52.407234,-1.488254,141.03,8.37,3,75.06,18 / 19,151021,2019-09-04 19:23:51:194,-0.1,-2.1785,9.4185,-0.0029,-0.0032,9.8066,-0.0321,-0.2353,0.0247,-20.31,-30.0,9.94,242.0,-88.35,127.39,False
52.407234,-1.488254,141.03,8.37,3,75.06,18 / 19,151121,2019-09-04 19:23:51:294,-0.6198,-2.5794,9.4552,-0.0143,-0.0076,9.8066,-0.0193,-0.252,-0.0105,-19.69,-30.0,10.19,239.98,-88.54,125.1,False
52.407234,-1.488254,141.03,8.37,3,75.06,18 / 19,151221,2019-09-04 19:23:51:394,-0.0794,-1.9306,9.859,-0.0086,0.0072,9.8066,-0.0197,-0.2944,-0.0639,-20.69,-29.69,10.19,233.56,-88.68,119.46,False
52.407234,-1.488254,141.03,8.37,3,75.06,18 / 18,151320,2019-09-04 19:23:51:493,-0.9578,-1.8678,10.0482,-0.0029,-0.0094,9.8066,0.0112,-0.2722,-0.0248,-19.87,-30.12,11.06,235.13,-88.79,117.62,False
52.407234,-1.488254,141.03,8.37,3,75.06,18 / 18,151421,2019-09-04 19:23:51:594,-0.6912,-2.4799,9.4353,0.0048,-0.0114,9.8066,0.0241,-0.2591,0.0041,-19.5,-29.62,12.25,245.81,-88.86,124.91,True
52.407234,-1.488254,141.03,8.37,3,75.06,18 / 18,151520,2019-09-04 19:23:51:693,-1.1653,-2.9585,10.1967,0.0102,0.0004,9.8066,0.02,-0.2642,-0.0377,-19.75,-29.44,11.63,253.36,-88.91,133.7,True
52.407234,-1.488254,141.03,8.37,3,75.06,18 / 18,151620,2019-09-04 19:23:51:793,-0.425,-1.8371,9.8886,0.0043,-0.0041,9.8066,0.0093,-0.278,-0.0283,-19.62,-29.62,12.88,256.6,-88.79,135.06,True
52.407234,-1.488254,141.03,8.37,3,75.06,18 / 18,151721,2019-09-04 19:23:51:894,-0.7842,-2.3761,10.6437,-0.0019,-0.0018,9.8066,0.0031,-0.2551,-0.0094,-19.5,-30.44,12.75,262.49,-88.83,139.62,True
52.407234,-1.488254,141.03,8.37,3,75.06,18 / 18,151821,2019-09-04 19:23:51:994,-1.1726,-2.0276,9.4874,-0.0048,-0.0051,9.8066,-0.0194,-0.2087,0.0335,-19.25,-29.94,13.31,265.47,-88.88,142.54,True
52.407234,-1.488254,141.03,8.37,3,75.06,18 / 18,151920,2019-09-04 19:23:52:093,-1.0713,-1.987,10.0721,-0.0028,-0.0065,9.8066,-0.0107,-0.1782,0.0541,-19.37,-29.75,13.5,268.84,-88.97,143.76,True
52.407234,-1.488254,141.03,8.37,3,75.06,18 / 18,152020,2019-09-04 19:23:52:193,-1.4584,-1.8918,9.7179,-0.0008,-0.0031,9.8066,-0.0158,-0.2032,0.0264,-19.12,-30.25,14.25,275.26,-88.99,150.15,True
52.407234,-1.488254,141.03,8.37,3,75.06,18 / 18,152121,2019-09-04 19:23:52:294,-0.5625,-2.6941,9.9519,0.0028,-0.003,9.8066,0.0039,-0.222,0.0369,-19.06,-29.44,14.44,277.67,-88.99,152.51,True
52.407234,-1.488254,141.03,8.37,3,75.06,18 / 18,152220,2019-09-04 19:23:52:393,-0.828,-2.0488,10.2666,-0.0093,-0.0086,9.8066,-0.0172,-0.221,0.0266,-19.12,-30.25,15.31,285.59,-89.0,158.49,True
52.407234,-1.488254,141.03,8.37,3,75.06,18 / 18,152320,2019-09-04 19:23:52:493,-0.5138,-1.7461,9.7659,-0.0001,-0.0097,9.8066,0.0111,-0.2102,0.0313,-19.06,-30.06,15.56,296.91,-89.02,167.87,True
52.407234,-1.488254,141.03,8.37,3,75.06,18 / 18,152420,2019-09-04 19:23:52:593,-1.3878,-2.5752,9.8934,-0.0068,-0.0089,9.8066,-0.0012,-0.2353,0.0059,-18.75,-30.0,14.75,303.16,-88.98,175.94,True
52.407234,-1.488254,141.03,8.37,3,75.06,18 / 18,152520,2019-09-04 19:23:52:693,-1.3569,-2.1243,9.8586,-0.0023,-0.0033,9.8066,0.0008,-0.2418,0.003,-18.25,-29.62,15.94,308.59,-88.96,177.97,True
52.407234,-1.488254,141.03,8.37,3,75.06,18 / 18,152621,2019-09-04 19:23:52:794,-0.8456,-1.5541,10.4049,0.0082,-0.0018,9.8066,0.0207,-0.2147,0.0071,-18.06,-29.94,15.81,309.88,-88.91,179.29,True
52.407234,-1.488254,141.03,8.37,3,75.06,18 / 18,152720,2019-09-04 19:23:52:893,-0.8456,-1.5541,10.4049,0.0082,-0.0018,9.8066,0.0207,-0.2147,0.0071,-18.06,-29.94,15.81,309.88,-88.91,179.29,True
52.407234,-1.488254,141.03,8.37,3,75.06,18 / 18,152821,2019-09-04 19:23:52:994,-1.2097,-1.8416,9.7925,-0.0116,0.0011,9.8066,-0.0332,-0.244,-0.0272,-17.56,-29.75,17.31,320.5,-88.72,-171.87,True
52.407234,-1.488254,141.03,8.37,3,75.06,18 / 18,152920,2019-09-04 19:23:53:093,-0.7539,-1.7428,10.4693,-0.0125,0.0063,9.8066,-0.0366,-0.248,-0.0332,-17.75,-29.75,17.31,325.64,-88.9,-166.96,True
52.407234,-1.488254,141.03,8.37,3,75.06,18 / 18,153021,2019-09-04 19:23:53:194,-1.2859,-2.7951,11.1096,0.0142,-0.0088,9.8066,0.048,-0.2064,-0.0222,-17.56,-29.87,17.19,332.88,-88.94,-159.89,True
52.407234,-1.488254,141.03,8.37,3,75.06,18 / 18,153121,2019-09-04 19:23:53:294,-0.5144,-1.2688,10.8597,0.0128,-0.0282,9.8065,0.0913,-0.2388,-0.0042,-17.19,-30.31,17.69,333.1,-88.75,-162.84,True
52.407234,-1.488254,141.03,8.37,3,75.06,18 / 18,153220,2019-09-04 19:23:53:393,-0.6365,-2.5016,9.3538,0.0102,-0.0262,9.8065,-0.0142,-0.1499,0.0572,-17.25,-29.62,18.81,335.4,-88.19,-161.88,True
52.407234,-1.488254,141.03,8.37,3,75.06,18 / 18,153320,2019-09-04 19:23:53:493,-0.3721,-1.7943,9.6687,-0.0177,0.0041,9.8066,-0.0644,-0.1316,0.0943,-17.0,-29.62,18.31,338.34,-88.18,-157.48,True
52.407234,-1.488254,141.03,8.37,3,75.06,18 / 18,153420,2019-09-04 19:23:53:593,-0.9919,-1.496,9.8218,-0.0277,-0.0038,9.8065,-0.0239,-0.214,-0.0039,-17.25,-29.94,18.81,352.7,-88.28,-145.22,True
52.407234,-1.488254,141.03,8.37,3,75.06,18 / 18,153521,2019-09-04 19:23:53:694,-1.1698,-1.3401,9.7945,-0.0183,-0.0122,9.8066,-0.0114,-0.1652,0.0417,-17.25,-29.31,18.88,4.81,-88.17,-133.55,True
52.407234,-1.488254,141.03,8.37,3,75.06,18 / 18,153620,2019-09-04 19:23:53:793,-0.7496,-1.5694,8.9439,-0.0069,-0.0073,9.8065,-0.008,-0.1246,0.0543,-17.0,-30.06,18.56,9.01,-88.02,-129.54,True
52.407234,-1.488254,141.03,8.37,3,75.06,18 / 18,153720,2019-09-04 19:23:53:893,-0.4451,-1.6407,10.4052,-0.0087,-0.0133,9.8066,0.0008,-0.1006,0.0689,-17.25,-30.12,18.81,11.81,-87.87,-126.89,True
52.407234,-1.488254,141.03,8.37,3,75.06,18 / 18,153820,2019-09-04 19:23:53:993,-0.5757,-0.9405,9.8186,-0.0028,-0.0104,9.8066,0.0023,-0.1049,0.0126,-16.69,-28.94,19.19,13.59,-87.62,-125.24,True
52.407234,-1.488254,141.03,8.37,3,75.06,18 / 18,153920,2019-09-04 19:23:54:093,0.099,-1.5328,10.0657,-0.0047,-0.0134,9.8066,-0.0004,-0.141,-0.0134,-17.25,-29.44,18.56,13.77,-87.41,-125.12,True
52.407234,-1.488254,141.03,8.37,3,75.06,18 / 18,154020,2019-09-04 19:23:54:193,-0.2031,-1.8038,10.3051,-0.0114,0.0009,9.8066,-0.0389,-0.0883,0.0009,-17.44,-28.62,19.31,15.3,-87.28,-123.71,True
52.407234,-1.488254,141.03,8.37,3,75.06,18 / 18,154121,2019-09-04 19:23:54:294,-0.6708,-0.0894,9.4033,-0.0038,0.0036,9.8066,0.0005,-0.0782,-0.0127,-16.69,-29.62,19.5,20.04,-87.33,-120.66,True
52.407234,-1.488254,141.03,8.37,3,75.06,18 / 18,154221,2019-09-04 19:23:54:394,-1.26,-0.1545,9.7468,0.0059,-0.008,9.8066,0.0276,-0.0608,-0.0039,-16.87,-29.69,19.63,18.72,-87.28,-121.93,True
52.407234,-1.488254,141.03,8.37,3,75.06,18 / 18,154320,2019-09-04 19:23:54:493,0.416,-0.7273,9.5947,0.0179,-0.0146,9.8066,0.037,-0.0873,-0.0401,-16.44,-29.12,19.94,15.53,-87.17,-126.69,True
52.407234,-1.488254,141.03,8.37,3,75.06,18 / 18,154420,2019-09-04 19:23:54:593,-0.1799,-0.3169,9.6397,-0.0136,-0.0015,9.8066,-0.0294,-0.072,-0.0053,-16.81,-29.37,20.19,10.28,-87.05,-129.95,True
52.407234,-1.488254,141.03,8.37,3,75.06,18 / 18,154521,2019-09-04 19:23:54:694,-1.2703,-0.149,8.8071,-0.0192,0.0063,9.8066,-0.035,-0.0782,-0.011,-16.44,-29.44,20.19,18.31,-87.0,-124.12,True
52.407234,-1.488254,141.03,8.37,3,75.06,18 / 18,154621,2019-09-04 19:23:54:794,0.0205,0.2231,10.0768,-0.0071,-0.0021,9.8066,0.0111,-0.0537,-0.0108,-16.44,-29.37,20.06,20.51,-87.04,-122.02,True
52.407234,-1.488254,141.03,8.37,3,75.06,18 / 18,154720,2019-09-04 19:23:54:893,0.0476,-0.2013,9.9487,0.0054,-0.0122,9.8065,0.0268,-0.0462,0.0063,-16.31,-29.62,20.0,20.13,-86.9,-122.49,True
52.407234,-1.488254,141.03,8.37,3,75.06,18 / 18,154820,2019-09-04 19:23:54:993,-0.1817,-0.0551,10.0064,0.0006,-0.0075,9.8066,0.0062,-0.0362,-0.0145,-16.69,-29.31,19.63,16.67,-86.76,-124.02,True
52.407234,-1.488254,141.03,8.37,3,75.06,18 / 18,154920,2019-09-04 19:23:55:093,0.25,-0.1631,9.3131,-0.0021,0.0009,9.8066,-0.019,-0.021,0.0259,-16.62,-29.31,20.13,15.7,-86.71,-124.94,True
52.407234,-1.488254,141.03,8.37,3,75.06,18 / 18,155021,2019-09-04 19:23:55:194,0.1898,0.2035,9.3529,-0.0024,-0.0018,9.8066,-0.0216,-0.0882,-0.0432,-16.5,-29.56,20.5,20.57,-86.65,-123.49,True
52.407234,-1.488254,141.03,8.37,3,75.06,18 / 18,155120,2019-09-04 19:23:55:293,-0.2602,-0.382,10.0813,-0.006,0.0005,9.8066,-0.0181,-0.0071,0.0248,-16.25,-29.19,19.94,21.64,-86.64,-121.14,True
52.407234,-1.488254,141.03,8.37,3,75.06,18 / 18,155221,2019-09-04 19:23:55:394,0.5638,0.2414,9.2445,-0.0021,-0.0093,9.8066,0.0299,-0.0382,-0.0141,-16.5,-29.5,19.88,21.12,-86.63,-121.63,True
52.407234,-1.488254,141.03,8.37,3,75.06,17 / 18,155321,2019-09-04 19:23:55:494,-0.4079,-0.0366,9.7527,-0.0003,-0.0024,9.8066,0.0016,-0.0467,-0.045,-16.62,-29.31,20.31,18.62,-86.5,-122.28,True
52.407234,-1.488254,141.03,8.37,3,75.06,17 / 18,155420,2019-09-04 19:23:55:593,0.1394,-0.2239,10.0667,0.0048,-0.0012,9.8066,0.006,-0.0308,0.0011,-16.25,-29.44,20.38,19.04,-86.51,-123.62,True
52.407234,-1.488254,141.03,8.37,3,75.06,17 / 18,155521,2019-09-04 19:23:55:694,0.6981,0.0063,10.2731,0.0061,-0.0015,9.8066,-0.0089,-0.0015,-0.0079,-16.25,-29.5,20.25,18.94,-86.5,-123.72,True
52.407234,-1.488254,141.03,8.37,3,75.06,17 / 18,155620,2019-09-04 19:23:55:793,0.0033,0.0325,10.5034,-0.0014,-0.0051,9.8066,-0.0138,0.0164,0.0494,-16.62,-29.69,20.44,17.54,-86.48,-123.34,True
52.407234,-1.488254,141.03,8.37,3,75.06,17 / 18,155721,2019-09-04 19:23:55:894,0.2477,0.1544,9.1934,-0.01,0.0013,9.8066,-0.0264,-0.0162,0.0094,-16.25,-29.37,20.38,21.06,-86.42,-121.78,True
52.407234,-1.488254,141.03,8.37,3,75.06,17 / 18,155820,2019-09-04 19:23:55:993,-0.0371,0.0358,9.1559,-0.0143,0.0044,9.8066,-0.0506,-0.0388,-0.0163,-16.69,-29.62,19.88,21.87,-86.41,-119.33,True
52.407234,-1.488254,141.03,8.37,3,75.06,17 / 18,155921,2019-09-04 19:23:56:094,-0.0432,0.766,9.8348,-0.0027,0.0182,9.8065,-0.0388,0.0243,0.0097,-16.5,-29.19,20.0,28.14,-86.57,-115.08,True
52.407234,-1.488254,141.03,8.37,3,75.06,17 / 18,156021,2019-09-04 19:23:56:194,0.1555,0.6332,9.1804,-0.004,-0.0005,9.8066,-0.0059,-0.0051,0.0109,-16.12,-29.56,20.0,29.46,-86.61,-113.87,True
52.407234,-1.488254,141.03,8.37,3,75.06,17 / 18,156121,2019-09-04 19:23:56:294,-0.007,0.7498,10.4823,0.006,-0.0032,9.8066,0.0106,0.0349,0.0208,-16.12,-29.56,19.56,29.47,-86.59,-113.88,True
52.407234,-1.488254,141.03,8.37,3,75.06,17 / 18,156221,2019-09-04 19:23:56:394,-0.3808,-0.019,9.7085,-0.0006,-0.0086,9.8066,0.0245,-0.0345,-0.0466,-16.37,-29.12,19.75,27.58,-86.54,-115.62,True
52.407234,-1.488254,141.03,8.37,3,75.06,18 / 18,156321,2019-09-04 19:23:56:494,0.4461,0.162,9.521,0.0016,0.0004,9.8066,-0.0239,0.0135,0.015,-15.87,-29.37,19.63,25.52,-86.56,-117.54,True
52.407234,-1.488254,141.03,8.37,3,75.06,18 / 18,156420,2019-09-04 19:23:56:593,-0.5859,0.2103,9.6687,0.0035,0.0042,9.8066,-0.006,-0.025,-0.0433,-16.12,-29.5,20.0,26.91,-86.55,-116.24,True
52.407234,-1.488254,141.03,8.37,3,75.06,18 / 18,156521,2019-09-04 19:23:56:694,0.0787,0.3219,10.3225,0.003,0.0008,9.8065,0.0024,0.0009,-0.0291,-15.94,-29.56,20.63,27.12,-86.65,-117.35,True
52.407234,-1.488254,141.03,8.37,3,75.06,18 / 18,156620,2019-09-04 19:23:56:793,0.1267,0.2829,9.4386,0.0075,-0.0042,9.8066,0.0213,-0.0648,-0.0872,-15.69,-29.37,19.81,24.21,-86.68,-118.71,True
52.407234,-1.488254,141.03,8.37,3,75.06,18 / 18,156720,2019-09-04 19:23:56:893,0.2522,0.5456,9.5672,0.0083,0.0051,9.8066,0.0104,0.0087,-0.0234,-16.19,-29.12,20.06,22.66,-86.75,-120.12,True
52.407234,-1.488254,141.03,8.37,3,75.06,18 / 18,156820,2019-09-04 19:23:56:993,0.1585,0.0447,9.9139,0.0008,-0.0053,9.8066,0.013,-0.0278,-0.022,-15.69,-29.81,20.0,21.06,-86.79,-121.66,True
52.407234,-1.488254,141.03,8.37,3,75.06,18 / 18,156920,2019-09-04 19:23:57:093,0.5193,0.2011,9.1547,0.0035,-0.001,9.8066,-0.0095,0.0177,0.0067,-15.62,-29.75,19.75,19.83,-86.72,-122.84,True
52.407234,-1.488254,141.03,8.37,3,75.06,18 / 18,157020,2019-09-04 19:23:57:193,0.1937,0.1914,9.5158,-0.0072,-0.0032,9.8066,-0.0214,-0.0143,-0.0028,-16.06,-29.75,20.06,20.89,-86.67,-121.87,True
52.407234,-1.488254,141.03,8.37,3,75.06,18 / 18,157120,2019-09-04 19:23:57:293,-0.0028,0.7563,9.5941,-0.0039,0.0014,9.8066,-0.0065,0.0076,-0.0113,-15.69,-29.37,20.44,23.29,-86.62,-119.6,True
52.407234,-1.488254,141.03,8.37,3,75.06,18 / 18,157220,2019-09-04 19:23:57:393,0.3895,0.3783,9.6848,0.0024,-0.0027,9.8066,0.0056,0.05,0.0251,-15.06,-29.37,19.88,25.23,-86.61,-119.62,True
52.40689,-1.487123,142.56,11.95,3,139.22,18 / 18,157320,2019-09-04 19:23:57:493,0.4814,0.6421,9.8819,0.0138,-0.0022,9.8066,0.0208,0.0243,-0.0275,-16.19,-30.37,20.38,22.04,-86.58,-120.83,True
52.40689,-1.487123,142.56,11.95,3,139.22,18 / 18,157421,2019-09-04 19:23:57:594,1.016,0.1867,9.7898,0.0034,-0.0002,9.8066,-0.0208,0.0688,0.0265,-15.62,-29.69,20.31,18.83,-86.63,-123.81,True
52.40689,-1.487123,142.56,11.95,3,139.22,18 / 18,157520,2019-09-04 19:23:57:693,1.0106,0.5846,10.372,-0.0059,0.0011,9.8066,-0.0084,0.0246,-0.0152,-15.31,-29.94,19.88,21.11,-86.64,-123.5,True
52.40689,-1.487123,142.56,11.95,3,139.22,18 / 18,157620,2019-09-04 19:23:57:793,0.3738,1.1171,9.8773,0.0014,-0.0033,9.8066,0.009,0.0798,0.0461,-16.37,-29.94,19.75,20.07,-86.62,-122.66,True
52.40689,-1.487123,142.56,11.95,3,139.22,18 / 18,157721,2019-09-04 19:23:57:894,0.8089,0.1384,9.3898,-0.008,-0.0093,9.8066,-0.0049,0.0342,0.0026,-16.19,-29.0,19.5,20.17,-86.45,-122.59,True
52.40689,-1.487123,142.56,11.95,3,139.22,18 / 18,157821,2019-09-04 19:23:57:994,1.0653,0.1778,10.0446,-0.0091,0.0075,9.8066,-0.0378,0.0369,-0.0202,-16.25,-29.44,19.63,20.74,-86.39,-122.08,True
52.40689,-1.487123,142.56,11.95,3,139.22,18 / 18,157920,2019-09-04 19:23:58:093,-0.1557,0.9964,10.4438,-0.0043,0.016,9.8065,-0.029,0.0968,-0.0149,-16.0,-29.06,19.44,23.78,-86.48,-117.82,True
52.40689,-1.487123,142.56,11.95,3,139.22,18 / 18,158021,2019-09-04 19:23:58:194,1.0181,0.9627,9.4007,0.0069,-0.0015,9.8065,0.0249,0.0616,-0.0094,-15.94,-30.12,19.06,24.18,-86.63,-117.42,True
52.40689,-1.487123,142.56,11.95,3,139.22,18 / 18,158121,2019-09-04 19:23:58:294,0.4131,0.5383,9.7907,0.012,-0.0062,9.8066,0.0058,0.1131,0.0218,-16.31,-30.06,18.94,22.62,-86.56,-118.91,True
52.40689,-1.487123,142.56,11.95,3,139.22,18 / 18,158221,2019-09-04 19:23:58:394,0.9407,1.4505,9.3704,-0.0068,0.001,9.8066,-0.0235,0.0915,0.0276,-16.19,-29.56,19.31,21.75,-86.54,-119.73,True
52.40689,-1.487123,142.56,11.95,3,139.22,18 / 18,158320,2019-09-04 19:23:58:493,0.6002,0.8447,9.4303,-0.0146,0.0027,9.8066,-0.0367,0.1245,0.0738,-16.25,-29.87,18.81,24.56,-86.51,-117.13,True
52.40689,-1.487123,142.56,11.95,3,139.22,18 / 18,158421,2019-09-04 19:23:58:594,0.4692,0.6025,10.5212,-0.0072,0.001,9.8066,-0.0004,0.128,0.0305,-16.62,-29.56,18.5,25.48,-86.47,-114.53,True
52.40689,-1.487123,142.56,11.95,3,139.22,18 / 18,158520,2019-09-04 19:23:58:693,0.9723,1.0235,9.102,-0.0024,-0.0109,9.8066,0.0207,0.0719,0.0015,-16.31,-29.37,18.88,27.86,-86.35,-114.08,True
52.40689,-1.487123,142.56,11.95,3,139.22,18 / 18,158621,2019-09-04 19:23:58:794,0.9133,0.9005,9.7472,-0.0016,-0.0032,9.8066,-0.0132,0.1017,0.0197,-16.37,-29.69,18.75,26.96,-86.25,-115.04,True
52.40689,-1.487123,142.56,11.95,3,139.22,18 / 18,158720,2019-09-04 19:23:58:893,1.0193,1.1561,9.7509,-0.0051,0.0071,9.8066,-0.0181,0.0624,-0.0174,-17.06,-29.56,19.13,25.97,-86.24,-114.2,True
52.40689,-1.487123,142.56,11.95,3,139.22,18 / 18,158821,2019-09-04 19:23:58:994,0.4658,0.9901,10.3767,0.0009,0.0028,9.8066,-0.0076,0.1063,0.0237,-17.06,-29.69,18.81,26.97,-86.32,-113.22,True
52.40689,-1.487123,142.56,11.95,3,139.22,18 / 18,158920,2019-09-04 19:23:59:093,1.4597,0.8423,9.5074,-0.0035,-0.0037,9.8066,-0.0017,0.0844,0.0021,-16.62,-29.94,18.81,27.0,-86.35,-113.18,True
52.40689,-1.487123,142.56,11.95,3,139.22,18 / 18,159020,2019-09-04 19:23:59:193,1.1868,1.2057,9.5466,0.0029,0.0,9.8066,0.0076,0.1319,0.0347,-17.12,-29.62,18.63,27.18,-86.33,-113.02,True
52.40689,-1.487123,142.56,11.95,3,139.22,18 / 18,159121,2019-09-04 19:23:59:294,1.0155,0.6018,9.8147,-0.0005,-0.0087,9.8066,0.0218,0.0793,0.0052,-17.12,-29.06,18.19,24.75,-86.26,-113.76,True
52.40689,-1.487123,142.56,11.95,3,139.22,18 / 18,159220,2019-09-04 19:23:59:393,0.7834,1.2438,9.3669,-0.0098,-0.0037,9.8066,-0.011,0.1153,0.0642,-17.12,-29.56,18.31,24.3,-86.16,-114.3,True
52.40689,-1.487123,142.56,11.95,3,139.22,18 / 18,159321,2019-09-04 19:23:59:494,0.8942,0.8095,10.5035,-0.0149,0.0027,9.8066,-0.0272,0.0879,0.0044,-17.37,-30.0,18.38,27.23,-86.03,-111.67,True
52.40689,-1.487123,142.56,11.95,3,139.22,18 / 18,159421,2019-09-04 19:23:59:594,0.8267,1.177,10.7307,-0.008,0.0038,9.8066,-0.0111,0.1213,0.0326,-17.31,-29.69,18.25,30.43,-86.02,-108.71,True
52.40689,-1.487123,142.56,11.95,3,139.22,18 / 18,159520,2019-09-04 19:23:59:693,1.7058,1.1459,9.2863,-0.0117,-0.0005,9.8066,-0.0085,0.0533,-0.0377,-17.44,-28.69,17.63,30.52,-86.01,-108.55,True
52.40689,-1.487123,142.56,11.95,3,139.22,18 / 18,159621,2019-09-04 19:23:59:794,1.2569,1.1148,10.3195,-0.0097,0.0108,9.8065,-0.0359,0.0893,0.0014,-17.81,-28.75,17.31,28.54,-86.0,-107.12,True
52.40689,-1.487123,142.56,11.95,3,139.22,18 / 18,159721,2019-09-04 19:23:59:894,1.0922,1.3104,11.018,0.0018,0.0025,9.8066,0.0202,0.0797,-0.0407,-17.75,-28.94,17.5,32.92,-86.09,-104.56,True
52.40689,-1.487123,142.56,11.95,3,139.22,18 / 18,159821,2019-09-04 19:23:59:994,0.2121,1.231,9.8275,0.0108,0.0002,9.8066,0.0183,0.0916,-0.0098,-17.75,-28.81,17.13,29.72,-86.19,-105.92,True
52.40689,-1.487123,142.56,11.95,3,139.22,18 / 18,159921,2019-09-04 19:24:00:094,1.1547,1.3046,10.0806,0.0057,0.0095,9.8066,-0.0225,0.1677,0.0331,-18.5,-29.19,17.44,28.11,-86.32,-107.33,True
52.40689,-1.487123,142.56,11.95,3,139.22,18 / 18,160020,2019-09-04 19:24:00:193,1.3992,1.0944,9.9404,-0.001,0.0016,9.8066,-0.0028,0.1077,0.0028,-17.69,-29.06,17.0,28.45,-86.44,-106.94,True
52.40689,-1.487123,142.56,11.95,3,139.22,18 / 18,160120,2019-09-04 19:24:00:293,1.2681,1.4002,9.1561,-0.005,0.0012,9.8066,-0.0035,0.108,0.0117,-17.31,-29.31,16.44,28.81,-86.51,-106.59,True
52.40689,-1.487123,142.56,11.95,3,139.22,18 / 18,160220,2019-09-04 19:24:00:393,1.8063,1.6542,9.0269,0.0008,0.005,9.8066,-0.0212,0.1542,0.0487,-17.69,-29.44,16.81,29.37,-86.52,-106.04,True
52.40689,-1.487123,142.56,11.95,3,139.22,18 / 18,160320,2019-09-04 19:24:00:493,1.0183,0.6352,9.8711,-0.0126,-0.0028,9.8066,-0.0162,0.0745,0.0068,-18.06,-29.44,16.75,31.7,-86.44,-103.9,True
52.40689,-1.487123,142.56,11.95,3,139.22,18 / 18,160421,2019-09-04 19:24:00:594,0.7868,1.3313,10.064,0.0059,0.0067,9.8066,0.0088,0.1064,0.0061,-18.06,-30.69,15.69,31.89,-86.37,-102.26,True
52.40689,-1.487123,142.56,11.95,3,139.22,18 / 18,160520,2019-09-04 19:24:00:693,1.3691,1.6152,10.3755,0.0061,-0.0071,9.8066,0.0336,0.1246,0.0049,-18.87,-30.25,16.31,29.71,-86.39,-102.6,True
52.40689,-1.487123,142.56,11.95,3,139.22,18 / 18,160621,2019-09-04 19:24:00:794,0.8106,1.3622,10.0535,0.0091,-0.0046,9.8066,0.0191,0.0935,-0.0455,-18.81,-30.0,16.19,26.63,-86.37,-105.48,True
52.40689,-1.487123,142.56,11.95,3,139.22,18 / 18,160720,2019-09-04 19:24:00:893,0.8684,0.7331,9.3074,0.0012,0.003,9.8066,-0.0164,0.1015,-0.0209,-18.62,-29.87,15.63,25.79,-86.45,-106.22,True
52.40689,-1.487123,142.56,11.95,3,139.22,18 / 18,160820,2019-09-04 19:24:00:993,1.552,1.6104,10.0663,0.0043,0.0156,9.8066,-0.0182,0.0956,-0.0409,-18.62,-30.37,15.5,26.95,-86.6,-105.05,True
52.40689,-1.487123,142.56,11.95,3,139.22,18 / 18,160920,2019-09-04 19:24:01:093,1.1318,0.5975,9.6777,-0.0035,0.0142,9.8066,-0.0346,0.1064,-0.0207,-18.81,-29.87,15.25,26.73,-86.7,-103.44,True
52.40689,-1.487123,142.56,11.95,3,139.22,18 / 18,161020,2019-09-04 19:24:01:193,0.6697,1.6003,10.5741,0.008,0.0104,9.8066,0.0472,0.1089,-0.0171,-18.44,-30.25,15.13,30.78,-86.81,-101.15,True
52.40689,-1.487123,142.56,11.95,3,139.22,18 / 18,161120,2019-09-04 19:24:01:293,0.9035,2.3717,10.0007,0.0195,-0.0239,9.8066,0.084,0.1651,0.0367,-18.81,-30.0,15.25,25.45,-86.85,-104.55,True
52.40689,-1.487123,142.56,11.95,3,139.22,18 / 18,161220,2019-09-04 19:24:01:393,1.0067,0.7256,9.0391,0.0056,-0.0312,9.8065,0.0111,0.1919,0.0924,-18.94,-29.0,15.56,19.91,-86.48,-111.62,True
52.40689,-1.487123,142.56,11.95,3,139.22,18 / 18,161321,2019-09-04 19:24:01:494,1.3884,1.0835,9.4071,-0.0168,0.0085,9.8066,-0.0625,0.179,0.0759,-19.19,-29.56,15.56,20.04,-86.41,-111.58,True
52.40689,-1.487123,142.56,11.95,3,139.22,18 / 18,161421,2019-09-04 19:24:01:594,1.045,1.9106,10.0053,-0.0193,0.0144,9.8065,-0.0167,0.119,0.0184,-19.25,-30.12,14.63,25.2,-86.45,-105.01,True
52.40689,-1.487123,142.56,11.95,3,139.22,18 / 18,161520,2019-09-04 19:24:01:693,0.3555,1.1104,9.98,0.0019,-0.0007,9.8066,0.0164,0.0868,-0.0119,-19.81,-29.37,14.81,25.67,-86.43,-103.04,True
52.40689,-1.487123,142.56,11.95,3,139.22,18 / 18,161620,2019-09-04 19:24:01:793,0.7305,1.3175,10.1153,0.0171,0.0068,9.8066,0.0113,0.1358,-0.0153,-19.56,-29.19,14.81,25.16,-86.44,-103.5,True
52.40689,-1.487123,142.56,11.95,3,139.22,18 / 18,161720,2019-09-04 19:24:01:893,1.3745,1.6496,9.1396,0.0007,0.0097,9.8066,-0.0074,0.1035,-0.013,-20.0,-29.81,14.06,21.22,-86.65,-105.3,True
52.40689,-1.487123,142.56,11.95,3,139.22,18 / 18,161821,2019-09-04 19:24:01:994,0.1216,0.2456,10.5768,-0.0137,0.0019,9.8066,-0.0139,0.0889,-0.0506,-19.62,-29.25,14.0,24.36,-86.68,-102.3,True
52.40689,-1.487123,142.56,11.95,3,139.22,18 / 18,161921,2019-09-04 19:24:02:094,1.258,1.697,9.5952,-0.0049,-0.0069,9.8066,0.0091,0.1202,0.0467,-19.56,-29.94,13.81,25.69,-86.82,-101.03,True
52.40689,-1.487123,142.56,11.95,3,139.22,18 / 18,162021,2019-09-04 19:24:02:194,0.2187,0.3885,9.3533,-0.0058,-0.0147,9.8066,0.0121,0.1115,0.033,-19.87,-29.62,13.63,25.7,-86.57,-101.16,True
52.40689,-1.487123,142.56,11.95,3,139.22,18 / 18,162121,2019-09-04 19:24:02:294,0.9344,0.9619,9.3501,-0.0085,0.0033,9.8065,-0.0233,0.0695,0.0009,-19.75,-29.25,13.44,23.24,-86.54,-101.48,True
52.40689,-1.487123,142.56,11.95,3,139.22,18 / 18,162221,2019-09-04 19:24:02:394,0.5578,0.8367,10.1496,-0.0172,0.0084,9.8066,-0.0439,0.0988,0.0089,-19.87,-29.69,13.13,26.05,-86.52,-98.94,True
52.40689,-1.487123,142.56,11.95,3,139.22,18 / 18,162320,2019-09-04 19:24:02:493,0.1272,1.759,9.9736,0.0001,-0.0081,9.8066,0.0395,0.1006,0.0367,-20.5,-29.87,12.44,28.53,-86.47,-94.65,True
52.40689,-1.487123,142.56,11.95,3,139.22,18 / 18,162420,2019-09-04 19:24:02:593,0.4952,0.9076,10.4444,0.0131,-0.0209,9.8065,0.0653,0.0751,0.0095,-20.31,-29.37,13.44,26.7,-86.3,-98.39,True
52.40689,-1.487123,142.56,11.95,3,139.22,18 / 18,162520,2019-09-04 19:24:02:693,1.2772,1.0161,10.3337,0.0192,-0.0114,9.8066,0.053,0.0549,-0.0097,-20.94,-29.37,12.25,18.74,-86.19,-102.51,True
52.40689,-1.487123,142.56,11.95,3,139.22,18 / 18,162620,2019-09-04 19:24:02:793,1.1263,0.8711,9.7456,0.0083,-0.0042,9.8065,0.0062,0.078,0.0049,-20.75,-30.87,12.06,14.44,-86.13,-106.57,True
52.40689,-1.487123,142.56,11.95,3,139.22,18 / 18,162720,2019-09-04 19:24:02:893,0.4277,1.1297,10.0356,-0.0057,0.0068,9.8066,-0.0399,0.0963,0.0084,-20.81,-31.69,12.88,17.36,-86.17,-105.92,True
52.40689,-1.487123,142.56,11.95,3,139.22,18 / 18,162821,2019-09-04 19:24:02:994,0.5247,0.8474,9.7615,-0.0096,0.007,9.8066,-0.0169,0.0817,-0.0032,-21.19,-30.44,12.75,19.71,-86.26,-103.61,True
52.40689,-1.487123,142.56,11.95,3,139.22,18 / 18,162920,2019-09-04 19:24:03:093,0.6942,1.1823,9.8027,0.0034,0.0045,9.8066,0.0162,0.0765,0.0212,-21.56,-29.62,13.44,20.02,-86.32,-102.08,True
52.40689,-1.487123,142.56,11.95,3,139.22,18 / 18,163020,2019-09-04 19:24:03:193,0.9298,0.1199,10.1675,0.0031,0.0009,9.8066,0.0188,0.035,-0.0441,-21.62,-29.37,13.63,20.61,-86.31,-103.34,True
52.40689,-1.487123,142.56,11.95,3,139.22,18 / 18,163120,2019-09-04 19:24:03:293,0.9237,0.881,10.0603,0.0055,0.0066,9.8066,0.003,0.043,-0.0262,-21.5,-28.31,12.94,18.97,-86.44,-104.14,True
52.40689,-1.487123,142.56,11.95,3,139.22,18 / 18,163221,2019-09-04 19:24:03:394,0.5615,0.8997,10.2749,0.0047,0.0058,9.8066,0.0043,0.0788,-0.0175,-21.37,-28.81,12.81,17.92,-86.58,-105.11,True
52.40689,-1.487123,142.56,11.95,3,139.22,18 / 18,163321,2019-09-04 19:24:03:494,0.1655,0.3677,10.1383,0.0051,0.0014,9.8066,0.0103,0.077,-0.0045,-21.31,-28.56,13.19,17.34,-86.63,-105.63,True
52.40689,-1.487123,142.56,11.95,3,139.22,18 / 18,163421,2019-09-04 19:24:03:594,0.6359,-0.3585,9.2792,0.0034,0.0073,9.8066,-0.0119,0.013,-0.0542,-21.62,-28.06,12.56,15.36,-86.66,-106.21,True
52.40689,-1.487123,142.56,11.95,3,139.22,18 / 18,163520,2019-09-04 19:24:03:693,-0.3924,1.3238,10.7269,-0.0065,0.021,9.8066,-0.0148,0.0566,-0.0115,-21.12,-28.94,11.5,16.02,-86.92,-104.76,True
52.40689,-1.487123,142.56,11.95,3,139.22,18 / 18,163620,2019-09-04 19:24:03:793,0.1526,0.1701,10.8614,0.003,0.0019,9.8066,0.0427,0.0029,-0.0305,-20.81,-28.56,11.38,15.68,-87.05,-102.96,True
52.40689,-1.487123,142.56,11.95,3,139.22,18 / 18,163720,2019-09-04 19:24:03:893,0.665,-0.0378,9.3566,0.0229,-0.0004,9.8066,0.0285,0.0857,0.0218,-21.37,-29.06,11.31,10.03,-87.05,-108.26,True
52.40689,-1.487123,142.56,11.95,3,139.22,18 / 18,163820,2019-09-04 19:24:03:993,0.1312,1.1868,9.6377,0.0065,-0.0029,9.8066,0.016,0.0172,-0.0266,-21.44,-29.87,11.63,7.58,-87.04,-112.66,True
52.40689,-1.487123,142.56,11.95,3,139.22,18 / 18,163920,2019-09-04 19:24:04:093,0.0066,0.9314,9.9832,-0.0032,-0.0046,9.8066,0.0023,0.0205,-0.0143,-21.31,-29.37,11.75,7.27,-87.02,-112.94,True
52.40689,-1.487123,142.56,11.95,3,139.22,18 / 18,164020,2019-09-04 19:24:04:193,0.162,1.0523,9.3489,-0.0023,-0.0006,9.8066,-0.0014,0.0386,0.0067,-21.19,-29.19,11.44,5.09,-87.05,-112.89,True
52.40689,-1.487123,142.56,11.95,3,139.22,18 / 18,164120,2019-09-04 19:24:04:293,0.0273,0.9123,9.7927,-0.0047,-0.004,9.8066,0.0111,0.0052,-0.0232,-22.06,-29.69,11.63,7.28,-87.03,-111.79,True
52.40689,-1.487123,142.56,11.95,3,139.22,18 / 18,164220,2019-09-04 19:24:04:393,0.2648,0.8139,9.9134,0.0037,0.0028,9.8066,0.0059,0.0448,-0.0023,-21.75,-29.87,11.88,7.46,-87.02,-111.62,True
52.40689,-1.487123,142.56,11.95,3,139.22,18 / 18,164320,2019-09-04 19:24:04:493,0.0076,0.6462,8.7243,-0.0038,0.0002,9.8066,-0.013,0.0591,0.0241,-21.19,-29.0,11.56,8.39,-87.03,-111.88,True
52.40689,-1.487123,142.56,11.95,3,139.22,18 / 18,164421,2019-09-04 19:24:04:594,-0.1762,0.9945,10.2821,-0.0036,0.006,9.8066,-0.0191,0.0806,0.0279,-22.19,-29.25,10.94,6.31,-87.09,-110.64,True
52.40689,-1.487123,142.56,11.95,3,139.22,18 / 18,164521,2019-09-04 19:24:04:694,0.2463,0.6318,10.2557,0.0017,-0.0006,9.8066,0.014,0.0181,-0.0154,-22.0,-29.62,10.63,6.47,-87.11,-110.5,True
52.40689,-1.487123,142.56,11.95,3,139.22,18 / 18,164620,2019-09-04 19:24:04:793,0.4228,0.8563,9.4531,0.0067,0.0037,9.8066,0.0081,0.0307,-0.0092,-21.75,-29.25,11.5,7.66,-87.13,-111.41,True
52.40689,-1.487123,142.56,11.95,3,139.22,18 / 18,164720,2019-09-04 19:24:04:893,0.0079,0.8358,10.3017,0.0027,-0.0021,9.8065,0.015,0.0381,-0.0032,-21.81,-29.44,11.75,5.87,-87.17,-113.08,True
52.40689,-1.487123,142.56,11.95,3,139.22,18 / 18,164820,2019-09-04 19:24:04:993,0.0421,0.5333,10.2168,0.0077,0.0012,9.8066,0.0087,0.047,0.0123,-21.06,-30.12,11.88,5.02,-87.16,-115.04,True
52.40689,-1.487123,142.56,11.95,3,139.22,18 / 18,164920,2019-09-04 19:24:05:093,0.213,0.4084,9.8169,0.0036,0.0029,9.8066,0.0077,0.0161,-0.0215,-21.31,-29.5,12.06,3.34,-87.17,-116.6,True
52.40689,-1.487123,142.56,11.95,3,139.22,18 / 18,165021,2019-09-04 19:24:05:194,0.3642,0.3544,9.2077,0.0017,0.0044,9.8066,-0.0059,0.0123,0.0038,-21.25,-29.5,11.19,0.02,-87.23,-117.62,True
52.40689,-1.487123,142.56,11.95,3,139.22,18 / 18,165120,2019-09-04 19:24:05:293,-0.424,-0.3953,9.8847,-0.0133,-0.0016,9.8066,-0.0514,0.0484,0.003,-21.37,-30.0,11.13,2.6,-87.2,-115.21,True
52.40689,-1.487123,142.56,11.95,3,139.22,18 / 18,165221,2019-09-04 19:24:05:394,-0.158,0.8701,10.2435,-0.0072,0.0187,9.8066,-0.028,0.02,-0.0151,-21.94,-28.94,10.88,5.37,-87.36,-111.5,True
52.40689,-1.487123,142.56,11.95,3,139.22,18 / 18,165320,2019-09-04 19:24:05:493,-0.8741,0.2967,9.3854,0.0162,0.004,9.8066,0.0286,0.062,0.0371,-21.81,-28.81,11.06,6.51,-87.52,-110.4,True
52.40689,-1.487123,142.56,11.95,3,139.22,18 / 18,165420,2019-09-04 19:24:05:593,0.3915,0.0636,9.5611,0.0118,-0.0015,9.8066,0.0145,0.0642,0.0524,-21.69,-29.62,11.19,0.85,-87.53,-115.76,True
52.40689,-1.487123,142.56,11.95,3,139.22,18 / 18,165520,2019-09-04 19:24:05:693,0.1484,0.2713,9.5178,-0.01,-0.0025,9.8066,-0.0287,0.054,0.0331,-21.62,-29.5,11.56,3.11,-87.49,-115.66,True
52.40689,-1.487123,142.56,11.95,3,139.22,18 / 18,165620,2019-09-04 19:24:05:793,-0.439,0.5941,9.9955,-0.0199,0.0004,9.8065,-0.0274,0.013,0.0146,-22.19,-29.25,11.0,7.33,-87.47,-109.63,True
52.40689,-1.487123,142.56,11.95,3,139.22,18 / 18,165721,2019-09-04 19:24:05:894,-0.3829,0.8059,9.682,-0.009,-0.0021,9.8066,0.0233,0.0414,0.0198,-21.19,-30.06,10.63,11.43,-87.44,-106.87,True
52.40689,-1.487123,142.56,11.95,3,139.22,18 / 18,165821,2019-09-04 19:24:05:994,0.2362,0.1177,9.7645,0.0056,-0.0122,9.8066,0.0265,0.013,0.0204,-21.69,-29.5,10.75,8.74,-87.4,-108.3,True
52.40689,-1.487123,142.56,11.95,3,139.22,18 / 18,165920,2019-09-04 19:24:06:093,-0.048,0.2249,9.8378,0.0026,-0.0114,9.8066,0.0051,0.0211,0.008,-21.87,-29.0,10.5,6.01,-87.23,-110.9,True
52.40689,-1.487123,142.56,11.95,3,139.22,18 / 18,166020,2019-09-04 19:24:06:193,0.0596,0.0347,9.5239,0.0007,0.0007,9.8066,-0.0088,0.0198,-0.0086,-21.87,-29.75,10.94,5.5,-87.18,-111.4,True
52.40689,-1.487123,142.56,11.95,3,139.22,18 / 18,166121,2019-09-04 19:24:06:294,0.1989,-0.1311,9.5473,-0.0119,0.0192,9.8066,-0.0384,-0.0226,-0.0758,-21.87,-29.12,11.31,6.89,-87.27,-110.07,True
52.40689,-1.487123,142.56,11.95,3,139.22,18 / 18,166221,2019-09-04 19:24:06:394,-0.3026,-0.0136,10.0198,-0.0087,0.0186,9.8066,-0.032,0.0057,-0.0133,-22.31,-29.5,10.56,12.13,-87.58,-105.04,True
52.406418,-1.485722,143.13,12.22,3,104.54,17 / 18,166321,2019-09-04 19:24:06:494,-0.445,0.0397,10.7513,0.014,0.0054,9.8066,0.0262,0.0341,-0.0302,-21.62,-29.69,10.88,12.38,-87.7,-104.8,True
52.406418,-1.485722,143.13,12.22,3,104.54,17 / 18,166420,2019-09-04 19:24:06:593,0.3748,0.2741,9.6539,0.0228,-0.0012,9.8066,0.0389,0.0199,0.0128,-21.69,-28.25,10.63,7.61,-87.79,-109.29,True
52.406418,-1.485722,143.13,12.22,3,104.54,17 / 18,166520,2019-09-04 19:24:06:693,0.2757,0.1593,9.6745,0.0073,-0.0036,9.8066,0.0181,-0.0065,-0.008,-22.25,-29.25,10.06,357.02,-87.73,-117.28,True
52.406418,-1.485722,143.13,12.22,3,104.54,17 / 18,166620,2019-09-04 19:24:06:793,0.0597,-0.2377,9.9926,-0.008,0.0035,9.8066,-0.0328,-0.0097,-0.0093,-22.12,-29.5,10.0,357.35,-87.73,-116.97,True
52.406418,-1.485722,143.13,12.22,3,104.54,17 / 18,166721,2019-09-04 19:24:06:894,-0.5507,0.5486,9.3925,-0.0137,0.0053,9.8066,-0.0361,0.0171,0.0065,-22.25,-29.06,10.31,1.71,-87.8,-112.81,True
52.406418,-1.485722,143.13,12.22,3,104.54,17 / 18,166820,2019-09-04 19:24:06:993,0.0582,0.194,10.4278,-0.0046,0.0051,9.8066,0.0048,-0.012,-0.0236,-22.25,-29.31,9.44,4.33,-87.89,-108.12,True
52.406418,-1.485722,143.13,12.22,3,104.54,17 / 18,166920,2019-09-04 19:24:07:093,0.0426,-0.0714,10.0638,0.0011,0.0006,9.8066,0.0023,0.0181,0.0036,-21.06,-29.87,10.38,7.28,-87.93,-108.52,True
52.406418,-1.485722,143.13,12.22,3,104.54,17 / 18,167020,2019-09-04 19:24:07:193,0.1702,0.4014,9.7459,0.0003,-0.001,9.8066,-0.0124,0.0009,0.0043,-22.37,-29.62,10.25,5.95,-87.95,-108.76,True
52.406418,-1.485722,143.13,12.22,3,104.54,17 / 18,167121,2019-09-04 19:24:07:294,-0.0004,0.2108,10.351,-0.0057,0.0021,9.8066,-0.0206,0.0341,0.0306,-22.44,-29.0,10.25,7.7,-87.95,-107.08,True
52.406418,-1.485722,143.13,12.22,3,104.54,17 / 18,167221,2019-09-04 19:24:07:394,-0.1887,0.4642,10.4457,-0.0002,0.0017,9.8066,0.0128,0.0087,-0.0037,-22.19,-29.69,10.25,9.27,-87.99,-105.58,True
52.406418,-1.485722,143.13,12.22,3,104.54,17 / 18,167321,2019-09-04 19:24:07:494,-0.1717,0.1144,9.8436,0.0088,-0.0047,9.8066,0.0226,0.0526,0.0365,-22.44,-29.56,10.63,9.3,-88.0,-107.67,True
52.406418,-1.485722,143.13,12.22,3,104.54,17 / 18,167420,2019-09-04 19:24:07:593,0.5007,-0.1398,9.4036,0.0084,0.0039,9.8065,-0.0074,0.0101,-0.0164,-22.5,-29.25,10.38,1.56,-88.02,-112.95,True
52.406418,-1.485722,143.13,12.22,3,104.54,17 / 18,167520,2019-09-04 19:24:07:693,0.4458,0.4373,9.8222,-0.0118,0.0083,9.8066,-0.0398,0.0413,0.0124,-21.94,-29.69,10.69,4.45,-88.12,-112.3,True
52.406418,-1.485722,143.13,12.22,3,104.54,17 / 18,167620,2019-09-04 19:24:07:793,0.1963,0.4274,10.1419,-0.0082,0.0118,9.8066,-0.006,-0.0067,-0.0117,-21.81,-29.0,10.44,6.87,-88.23,-107.83,True
52.406418,-1.485722,143.13,12.22,3,104.54,17 / 18,167720,2019-09-04 19:24:07:893,0.0248,-0.0597,9.8364,0.0013,0.0018,9.8066,0.015,-0.0037,-0.0021,-22.0,-29.12,10.19,9.31,-88.33,-105.47,True
52.406418,-1.485722,143.13,12.22,3,104.54,17 / 18,167821,2019-09-04 19:24:07:994,0.3597,0.4603,10.2017,0.0006,-0.0053,9.8066,-0.0007,-0.0039,0.0128,-21.81,-29.62,9.81,7.23,-88.24,-107.49,True
52.406418,-1.485722,143.13,12.22,3,104.54,17 / 18,167921,2019-09-04 19:24:08:094,0.0707,-0.1435,9.6277,-0.0078,-0.009,9.8066,-0.0014,-0.0249,-0.0022,-21.87,-28.75,10.06,8.59,-88.14,-106.19,True
52.406418,-1.485722,143.13,12.22,3,104.54,17 / 18,168021,2019-09-04 19:24:08:194,0.1351,-0.0275,10.1557,-0.0075,-0.0095,9.8066,0.008,0.0155,0.0268,-22.44,-29.12,10.38,11.57,-87.98,-103.37,True
52.406418,-1.485722,143.13,12.22,3,104.54,17 / 18,168120,2019-09-04 19:24:08:293,-0.0003,-0.1006,10.1722,0.0005,-0.0104,9.8066,-0.0006,0.0181,0.0145,-21.81,-29.19,9.56,11.37,-87.86,-103.59,True
52.406418,-1.485722,143.13,12.22,3,104.54,17 / 18,168222,2019-09-04 19:24:08:395,0.2072,0.562,9.3608,-0.0066,-0.0025,9.8066,-0.0219,0.033,0.0441,-22.5,-29.06,9.31,9.38,-87.83,-103.31,True
52.406418,-1.485722,143.13,12.22,3,104.54,16 / 18,168321,2019-09-04 19:24:08:494,0.0547,0.2453,10.2045,-0.0025,-0.004,9.8066,-0.0022,0.0412,0.0387,-23.06,-29.25,9.94,14.37,-87.74,-99.79,True
52.406418,-1.485722,143.13,12.22,3,104.54,16 / 18,168420,2019-09-04 19:24:08:593,-0.0798,-0.0148,10.2053,0.0059,-0.0105,9.8066,0.0288,0.0311,0.0375,-22.37,-29.25,9.81,13.77,-87.62,-101.37,True
52.406418,-1.485722,143.13,12.22,3,104.54,16 / 18,168520,2019-09-04 19:24:08:693,0.5158,0.0831,9.3651,0.0001,-0.0043,9.8066,-0.0008,0.0078,0.0158,-22.75,-29.25,9.56,10.38,-87.52,-103.65,True
52.406418,-1.485722,143.13,12.22,3,104.54,16 / 18,168620,2019-09-04 19:24:08:793,-0.2124,-0.1943,10.0571,-0.0083,-0.0002,9.8066,-0.0199,0.0224,-0.0087,-22.87,-28.87,9.63,12.02,-87.48,-102.1,True
52.406418,-1.485722,143.13,12.22,3,104.54,16 / 18,168721,2019-09-04 19:24:08:894,-0.3345,0.0597,10.085,-0.0024,0.0063,9.8066,-0.0164,0.0602,0.0235,-22.75,-28.81,9.75,14.58,-87.52,-99.65,True
52.406418,-1.485722,143.13,12.22,3,104.54,16 / 18,168822,2019-09-04 19:24:08:995,0.1552,0.1415,9.2989,0.0035,0.0085,9.8066,-0.0007,0.0265,-0.0229,-22.81,-28.44,9.81,14.97,-87.6,-99.23,True
52.406418,-1.485722,143.13,12.22,3,104.54,16 / 18,168921,2019-09-04 19:24:09:094,0.3228,0.1619,9.9291,-0.0017,0.0072,9.8066,-0.009,0.0233,-0.0153,-22.69,-29.25,9.56,14.42,-87.76,-99.73,True
52.406418,-1.485722,143.13,12.22,3,104.54,16 / 18,169020,2019-09-04 19:24:09:193,-0.0568,0.2016,9.936,-0.0107,0.0026,9.8066,-0.0198,0.0474,0.0214,-22.31,-29.56,9.88,18.48,-87.81,-96.84,True
52.406418,-1.485722,143.13,12.22,3,104.54,16 / 18,169121,2019-09-04 19:24:09:294,-0.1996,0.5444,9.7456,0.0043,0.0043,9.8066,0.0087,0.0127,-0.0144,-22.5,-28.81,9.13,17.44,-87.84,-95.61,True
52.406418,-1.485722,143.13,12.22,3,104.54,16 / 18,169221,2019-09-04 19:24:09:394,0.3291,1.0815,9.7227,0.0118,0.0028,9.8066,0.0359,-0.0064,-0.0233,-22.75,-28.87,9.69,17.37,-87.9,-96.87,True
52.406418,-1.485722,143.13,12.22,3,104.54,16 / 18,169320,2019-09-04 19:24:09:493,0.3291,1.0815,9.7227,0.0118,0.0028,9.8066,0.0359,-0.0064,-0.0233,-22.75,-28.75,9.63,15.59,-87.93,-98.56,True
52.406418,-1.485722,143.13,12.22,3,104.54,16 / 18,169421,2019-09-04 19:24:09:594,0.2986,0.7286,9.8435,-0.001,-0.0111,9.8066,0.0023,0.0448,0.0535,-23.12,-28.56,9.81,10.57,-87.74,-103.42,True
52.406418,-1.485722,143.13,12.22,3,104.54,16 / 18,169520,2019-09-04 19:24:09:693,0.1814,-0.4398,9.207,-0.0175,-0.0178,9.8065,-0.0238,-0.0006,0.0231,-22.44,-29.12,9.88,13.69,-87.48,-101.48,True
52.406418,-1.485722,143.13,12.22,3,104.54,16 / 18,169620,2019-09-04 19:24:09:793,-0.2915,0.1734,9.5249,-0.0187,0.0075,9.8066,-0.0458,0.0451,0.017,-22.5,-29.0,9.75,17.76,-87.4,-97.65,True
52.406418,-1.485722,143.13,12.22,3,104.54,16 / 18,169720,2019-09-04 19:24:09:893,-0.4229,0.4677,9.1619,-0.0159,0.0007,9.8066,-0.0201,0.0466,0.0184,-23.25,-28.5,9.5,21.99,-87.39,-92.62,True
52.406418,-1.485722,143.13,12.22,3,104.54,16 / 18,169821,2019-09-04 19:24:09:994,0.332,0.2998,10.2427,-0.0018,-0.0006,9.8066,0.0148,0.0295,-0.0256,-23.19,-27.81,9.06,23.48,-87.33,-89.12,True
52.406418,-1.485722,143.13,12.22,3,104.54,16 / 18,169921,2019-09-04 19:24:10:094,0.2727,0.4828,10.2708,0.0036,0.0027,9.8066,0.0152,0.053,-0.0052,-23.0,-29.19,9.13,23.02,-87.36,-89.58,True
52.406418,-1.485722,143.13,12.22,3,104.54,16 / 18,170020,2019-09-04 19:24:10:193,0.63,0.6418,10.0989,0.0057,-0.0038,9.8065,0.0209,0.0375,0.0159,-23.12,-28.31,8.44,19.12,-87.38,-91.06,True
52.406418,-1.485722,143.13,12.22,3,104.54,16 / 18,170120,2019-09-04 19:24:10:293,0.1434,0.1595,9.9671,0.0055,-0.0117,9.8066,0.0209,0.0515,0.021,-23.31,-28.31,8.88,18.36,-87.24,-94.01,True
52.406418,-1.485722,143.13,12.22,3,104.54,16 / 18,170220,2019-09-04 19:24:10:393,0.5726,0.6782,10.3069,0.0054,-0.0095,9.8066,0.0122,0.0081,0.0014,-23.5,-28.69,8.81,16.58,-87.14,-95.77,True
52.406418,-1.485722,143.13,12.22,3,104.54,16 / 18,170320,2019-09-04 19:24:10:493,0.2523,0.0224,9.6455,0.0004,-0.0052,9.8066,-0.0013,0.0534,0.0236,-24.0,-28.75,9.25,15.14,-87.04,-96.31,True
52.406418,-1.485722,143.13,12.22,3,104.54,16 / 18,170421,2019-09-04 19:24:10:594,0.3242,0.2404,9.9759,-0.0009,-0.0064,9.8066,0.011,0.0483,0.0118,-24.5,-28.62,8.88,15.49,-86.95,-96.01,True
52.406418,-1.485722,143.13,12.22,3,104.54,16 / 18,170520,2019-09-04 19:24:10:693,-0.1382,0.3404,9.4718,0.0007,-0.0009,9.8066,0.0,0.0785,0.0298,-23.62,-28.5,8.75,14.88,-86.89,-96.57,True
52.406418,-1.485722,143.13,12.22,3,104.54,16 / 18,170621,2019-09-04 19:24:10:794,0.1244,0.2497,9.2507,-0.006,0.0091,9.8066,-0.0276,0.0457,0.0011,-23.5,-28.25,9.38,16.53,-86.9,-95.87,True
52.406418,-1.485722,143.13,12.22,3,104.54,16 / 18,170720,2019-09-04 19:24:10:893,-0.206,0.2504,9.9506,-0.0088,0.0063,9.8066,-0.0294,0.0765,0.0094,-23.69,-28.5,8.81,18.95,-86.98,-92.71,True
52.406418,-1.485722,143.13,12.22,3,104.54,16 / 18,170821,2019-09-04 19:24:10:994,0.2751,0.0584,10.0974,-0.0015,0.0151,9.8066,-0.0104,0.0568,-0.0211,-23.31,-28.37,8.13,19.77,-87.07,-90.57,True
52.406418,-1.485722,143.13,12.22,3,104.54,16 / 18,170921,2019-09-04 19:24:11:094,0.0741,0.4569,9.8371,0.0006,0.0048,9.8066,0.0095,0.0223,-0.0322,-23.5,-27.94,8.0,20.99,-87.24,-89.35,True
52.406418,-1.485722,143.13,12.22,3,104.54,16 / 18,171021,2019-09-04 19:24:11:194,0.5849,0.7064,10.4777,0.0085,-0.0001,9.8066,0.0308,0.0296,-0.0221,-23.44,-28.5,8.38,20.27,-87.3,-90.0,True
52.406418,-1.485722,143.13,12.22,3,104.54,16 / 18,171120,2019-09-04 19:24:11:293,-0.1665,0.8305,10.66,0.0135,-0.0062,9.8066,0.0419,0.0461,0.0112,-23.12,-28.19,8.69,18.16,-87.32,-94.18,True
52.406418,-1.485722,143.13,12.22,3,104.54,16 / 18,171220,2019-09-04 19:24:11:393,0.1309,-0.2548,9.7659,0.01,-0.0231,9.8066,0.0284,0.0827,0.0997,-23.19,-28.31,8.88,14.26,-87.16,-97.92,True
52.406418,-1.485722,143.13,12.22,3,104.54,17 / 18,171322,2019-09-04 19:24:11:495,0.6453,-0.5616,9.3597,-0.0031,-0.0243,9.8066,0.0065,0.032,0.0625,-23.56,-28.31,9.19,10.47,-86.92,-100.72,True
52.406418,-1.485722,143.13,12.22,3,104.54,17 / 18,171420,2019-09-04 19:24:11:593,-0.4409,-0.5491,9.2363,-0.0144,-0.0025,9.8066,-0.0665,0.0874,0.0458,-23.44,-28.12,8.25,10.65,-86.63,-99.26,True
52.406418,-1.485722,143.13,12.22,3,104.54,17 / 18,171521,2019-09-04 19:24:11:694,-0.0758,0.3525,9.5263,-0.0226,0.009,9.8065,-0.0672,0.0747,0.0505,-23.19,-28.31,8.19,17.84,-86.69,-92.53,True
52.406418,-1.485722,143.13,12.22,3,104.54,17 / 18,171620,2019-09-04 19:24:11:793,0.2437,-0.1187,8.8398,0.0027,0.0201,9.8065,-0.0088,0.0687,-0.0348,-23.44,-27.87,7.63,21.07,-86.8,-89.45,True
52.406418,-1.485722,143.13,12.22,3,104.54,17 / 18,171720,2019-09-04 19:24:11:893,0.0289,0.0995,10.2894,0.0045,0.0223,9.8065,-0.003,0.0782,-0.0115,-23.25,-28.19,8.38,22.54,-87.19,-87.9,True
52.406418,-1.485722,143.13,12.22,3,104.54,17 / 18,171821,2019-09-04 19:24:11:994,-0.163,0.5486,10.5879,0.004,0.0205,9.8066,0.022,0.0377,-0.0586,-23.06,-28.75,8.06,23.39,-87.44,-87.02,True
52.406418,-1.485722,143.13,12.22,3,104.54,17 / 18,171921,2019-09-04 19:24:12:094,0.2904,0.3298,9.8744,0.0201,0.0138,9.8065,0.0403,0.0581,-0.0454,-22.5,-29.06,7.13,20.4,-87.68,-88.28,True
52.406418,-1.485722,143.13,12.22,3,104.54,17 / 18,172020,2019-09-04 19:24:12:193,0.309,0.0989,10.2604,0.012,0.0091,9.8066,0.0259,0.0066,-0.0617,-22.94,-28.75,7.31,12.69,-87.93,-94.79,True
52.406418,-1.485722,143.13,12.22,3,104.54,17 / 18,172120,2019-09-04 19:24:12:293,-0.0932,0.5319,9.3989,0.0082,0.0154,9.8066,0.0059,0.0232,-0.0416,-23.31,-28.75,7.81,10.4,-88.17,-99.17,True
52.406418,-1.485722,143.13,12.22,3,104.54,17 / 18,172221,2019-09-04 19:24:12:394,0.1451,-0.0567,9.4504,0.0061,-0.0012,9.8066,0.0133,0.0206,-0.0175,-23.0,-29.44,7.63,8.5,-88.2,-101.0,True
52.406418,-1.485722,143.13,12.22,3,104.54,18 / 20,172321,2019-09-04 19:24:12:494,-0.0482,0.8388,10.0366,0.0061,0.0112,9.8066,0.0054,0.0321,-0.0242,-23.56,-29.19,7.56,4.2,-88.32,-104.38,True
52.406418,-1.485722,143.13,12.22,3,104.54,18 / 20,172420,2019-09-04 19:24:12:593,-0.209,0.6754,9.0171,-0.0026,-0.0051,9.8066,0.0193,-0.0169,-0.0233,-23.37,-28.62,7.69,3.8,-88.31,-105.51,True
52.406418,-1.485722,143.13,12.22,3,104.54,18 / 20,172520,2019-09-04 19:24:12:693,2.5463,2.5693,8.5936,0.0051,0.0024,9.8066,-0.0037,0.1079,0.0741,-23.62,-29.12,7.25,359.94,-88.28,-106.32,True
52.406418,-1.485722,143.13,12.22,3,104.54,18 / 20,172620,2019-09-04 19:24:12:793,-0.1275,1.8017,10.2562,-0.0056,-0.0051,9.8066,0.0153,-0.0947,-0.1331,-23.37,-29.19,7.94,5.54,-88.09,-103.87,True
52.406418,-1.485722,143.13,12.22,3,104.54,18 / 20,172720,2019-09-04 19:24:12:893,-1.202,0.491,10.0053,0.01,0.0103,9.8066,0.0194,0.0127,-0.0871,-22.94,-28.81,8.31,4.48,-88.18,-104.87,True
52.406418,-1.485722,143.13,12.22,3,104.54,18 / 20,172821,2019-09-04 19:24:12:994,0.1655,0.6024,8.8031,0.0211,0.0065,9.8066,0.0555,-0.0553,-0.132,-22.75,-28.62,8.31,353.0,-88.28,-115.93,True
52.406418,-1.485722,143.13,12.22,3,104.54,18 / 20,172920,2019-09-04 19:24:13:093,0.3472,-0.3922,10.3104,0.0087,0.0317,9.8065,-0.0105,0.0031,-0.1232,-21.94,-29.0,7.94,338.35,-88.61,-131.0,True
52.406418,-1.485722,143.13,12.22,3,104.54,18 / 20,173021,2019-09-04 19:24:13:194,0.0025,0.3662,9.0392,0.0011,0.0467,9.8065,-0.0395,0.05,-0.0656,-20.75,-29.5,8.25,323.91,-89.08,-146.24,True
52.406418,-1.485722,143.13,12.22,3,104.54,18 / 20,173121,2019-09-04 19:24:13:294,0.3887,0.2489,8.758,-0.0065,0.0304,9.8065,-0.035,0.0011,-0.0741,-21.12,-29.19,6.81,298.54,-89.4,-169.21,True
52.406418,-1.485722,143.13,12.22,3,104.54,18 / 20,173221,2019-09-04 19:24:13:394,0.0408,0.6056,9.233,-0.0243,0.0135,9.8065,-0.066,-0.0217,-0.0235,-21.12,-29.75,7.25,241.79,-89.62,133.81,True
52.406418,-1.485722,143.13,12.22,3,104.54,17 / 19,173320,2019-09-04 19:24:13:493,0.283,0.6506,9.2949,-0.0312,-0.0047,9.8066,-0.0737,-0.0111,0.0466,-21.0,-29.5,6.81,148.73,-89.71,40.1,True
52.406418,-1.485722,143.13,12.22,3,104.54,17 / 19,173421,2019-09-04 19:24:13:594,-0.4655,0.2148,10.1842,-0.0207,-0.0222,9.8066,-0.0085,0.004,0.0555,-21.31,-29.06,6.94,96.38,-89.49,-12.72,True
52.406418,-1.485722,143.13,12.22,3,104.54,17 / 19,173520,2019-09-04 19:24:13:693,-0.1902,-0.0179,10.5375,0.0037,-0.0251,9.8066,0.0452,0.0039,0.0575,-21.37,-29.06,6.63,63.37,-89.26,-45.93,True
52.406418,-1.485722,143.13,12.22,3,104.54,17 / 19,173620,2019-09-04 19:24:13:793,-0.6931,-0.2959,10.5878,0.0159,-0.0286,9.8066,0.0612,0.0094,0.0375,-21.31,-28.81,6.44,33.55,-89.15,-73.02,True
52.406418,-1.485722,143.13,12.22,3,104.54,17 / 19,173720,2019-09-04 19:24:13:893,0.5618,0.1429,9.7668,0.0091,-0.0224,9.8066,0.0295,0.0343,0.0799,-22.19,-28.69,6.5,17.53,-88.96,-90.51,True
52.406418,-1.485722,143.13,12.22,3,104.54,17 / 19,173820,2019-09-04 19:24:13:993,1.245,-0.9133,8.8876,-0.0226,-0.0147,9.8065,-0.0496,-0.024,-0.0089,-22.5,-28.94,6.75,13.49,-88.59,-94.58,True
52.406418,-1.485722,143.13,12.22,3,104.54,17 / 19,173921,2019-09-04 19:24:14:094,-0.5569,0.2331,9.7893,-0.0314,-0.0004,9.8066,-0.0497,0.0065,0.0263,-22.0,-29.25,6.81,29.67,-88.33,-79.02,True
52.406418,-1.485722,143.13,12.22,3,104.54,17 / 19,174020,2019-09-04 19:24:14:193,-0.3781,0.2637,10.4766,0.0101,-0.0084,9.8066,0.0759,0.0328,0.0317,-23.56,-28.81,6.63,32.23,-88.2,-75.15,True
52.406418,-1.485722,143.13,12.22,3,104.54,17 / 19,174120,2019-09-04 19:24:14:293,0.1457,-0.4267,10.0992,0.0243,-0.0176,9.8066,0.0712,0.0307,0.0351,-23.5,-28.87,6.56,19.09,-88.13,-88.59,True
52.406418,-1.485722,143.13,12.22,3,104.54,17 / 19,174221,2019-09-04 19:24:14:394,0.6662,0.1339,9.9529,0.0217,-0.009,9.8066,0.0251,-0.0274,-0.0534,-22.94,-28.69,6.88,9.26,-88.06,-98.05,True
52.406418,-1.485722,143.13,12.22,3,104.54,18 / 18,174321,2019-09-04 19:24:14:494,0.441,0.0439,9.7828,-0.0075,0.0015,9.8066,-0.0364,-0.0003,-0.0067,-23.06,-28.75,6.69,6.79,-88.04,-100.42,True
52.406418,-1.485722,143.13,12.22,3,104.54,18 / 18,174420,2019-09-04 19:24:14:593,0.1059,-0.011,10.0255,-0.0074,0.0084,9.8066,-0.0128,0.0209,-0.0119,-22.69,-28.75,6.94,13.62,-88.09,-93.85,True
52.406418,-1.485722,143.13,12.22,3,104.54,18 / 18,174521,2019-09-04 19:24:14:694,0.0111,0.2227,9.9391,0.0024,0.0024,9.8066,0.0068,0.0076,-0.017,-22.37,-28.69,6.69,16.93,-88.16,-91.4,True
52.406418,-1.485722,143.13,12.22,3,104.54,18 / 18,174620,2019-09-04 19:24:14:793,0.3309,0.1861,9.9429,0.0063,0.0015,9.8066,0.0088,0.0298,0.0255,-22.5,-29.31,7.25,15.19,-88.2,-93.05,True
52.406418,-1.485722,143.13,12.22,3,104.54,18 / 18,174721,2019-09-04 19:24:14:894,-0.0268,0.0404,9.2932,0.0015,-0.004,9.8066,0.0002,0.0275,0.0032,-22.81,-28.87,6.81,12.67,-88.15,-94.75,True
52.406418,-1.485722,143.13,12.22,3,104.54,18 / 18,174821,2019-09-04 19:24:14:994,0.1907,-0.007,10.1173,-0.0023,0.0003,9.8066,0.0114,-0.013,-0.0302,-22.62,-29.06,7.0,12.27,-88.17,-95.13,True
52.406418,-1.485722,143.13,12.22,3,104.54,18 / 18,174921,2019-09-04 19:24:15:094,0.2468,-0.0211,9.8442,0.0012,0.0039,9.8066,0.0068,-0.0072,-0.0298,-22.5,-28.56,6.38,10.8,-88.17,-94.89,True
52.406418,-1.485722,143.13,12.22,3,104.54,18 / 18,175020,2019-09-04 19:24:15:193,-0.0429,-0.1289,9.4807,0.0042,0.0068,9.8066,-0.0057,0.0381,-0.011,-22.75,-29.25,6.88,11.54,-88.27,-95.81,True
52.406418,-1.485722,143.13,12.22,3,104.54,18 / 18,175120,2019-09-04 19:24:15:293,-0.0104,-0.0037,10.0233,0.0005,0.0067,9.8066,-0.0094,0.0315,-0.0118,-22.25,-29.12,7.44,12.52,-88.38,-95.58,True
52.406418,-1.485722,143.13,12.22,3,104.54,18 / 18,175220,2019-09-04 19:24:15:393,0.1161,0.3221,10.0363,0.0009,0.0079,9.8066,0.0002,0.0478,0.005,-22.25,-28.44,6.63,12.61,-88.48,-95.45,True
52.406273,-1.484134,143.18,12.35,3,92.82,18 / 18,175320,2019-09-04 19:24:15:493,0.3736,-0.2478,10.0748,0.0028,0.0125,9.8066,-0.0039,0.0162,-0.0214,-22.31,-29.37,6.5,12.4,-88.57,-95.64,True
52.406273,-1.484134,143.18,12.35,3,92.82,18 / 18,175421,2019-09-04 19:24:15:594,0.1794,-0.1599,9.4569,-0.0007,0.0042,9.8066,-0.0081,0.0364,0.0134,-21.62,-28.62,6.94,12.05,-88.68,-95.95,True
52.406273,-1.484134,143.18,12.35,3,92.82,18 / 18,175520,2019-09-04 19:24:15:693,0.1479,0.1065,9.9598,-0.003,0.0,9.8066,-0.0124,0.0255,0.009,-21.0,-28.87,6.44,12.48,-88.71,-93.83,True
52.406273,-1.484134,143.18,12.35,3,92.82,18 / 18,175621,2019-09-04 19:24:15:794,0.0965,0.1664,10.7322,0.0028,0.0005,9.8066,0.0124,0.041,0.0107,-22.06,-28.56,5.88,13.57,-88.7,-92.08,True
52.406273,-1.484134,143.18,12.35,3,92.82,18 / 18,175720,2019-09-04 19:24:15:893,0.1042,-0.0417,10.074,0.0072,-0.0016,9.8066,0.0128,-0.0008,-0.0145,-21.56,-28.87,6.5,14.02,-88.7,-94.03,True
52.406273,-1.484134,143.18,12.35,3,92.82,18 / 18,175820,2019-09-04 19:24:15:993,0.3069,-0.287,9.4566,0.0048,0.0083,9.8066,-0.0104,0.018,-0.0091,-21.5,-29.56,6.94,10.09,-88.75,-98.64,True
52.406273,-1.484134,143.18,12.35,3,92.82,18 / 18,175921,2019-09-04 19:24:16:094,0.097,-0.4705,9.6204,-0.0003,0.0092,9.8066,-0.0142,0.0257,-0.018,-22.12,-29.37,6.38,6.9,-88.91,-98.53,True
52.406273,-1.484134,143.18,12.35,3,92.82,18 / 18,176020,2019-09-04 19:24:16:193,-0.0941,-0.1206,9.5105,-0.0025,0.0088,9.8066,-0.0143,0.0311,0.0015,-21.94,-29.12,6.94,12.03,-89.0,-95.89,True
52.406273,-1.484134,143.18,12.35,3,92.82,18 / 18,176120,2019-09-04 19:24:16:293,-0.2067,-0.2255,9.5801,-0.0032,0.0063,9.8066,-0.0151,0.0224,0.0042,-21.56,-28.81,6.56,17.84,-89.12,-90.15,True
52.406273,-1.484134,143.18,12.35,3,92.82,18 / 18,176220,2019-09-04 19:24:16:393,0.0071,-0.0892,10.1672,0.0033,0.0046,9.8066,0.0088,0.015,0.0217,-21.31,-28.94,6.25,16.94,-89.15,-89.33,True
52.406273,-1.484134,143.18,12.35,3,92.82,18 / 19,176321,2019-09-04 19:24:16:494,-0.2942,-0.5273,9.8027,0.0066,0.0018,9.8066,0.0128,0.0286,0.0038,-21.69,-29.06,7.56,17.06,-89.18,-93.23,True
52.406273,-1.484134,143.18,12.35,3,92.82,18 / 19,176420,2019-09-04 19:24:16:593,0.4109,0.1856,9.7378,0.0063,0.0072,9.8066,-0.0075,0.0142,0.0032,-21.75,-29.19,6.81,6.82,-89.28,-100.94,True
52.406273,-1.484134,143.18,12.35,3,92.82,18 / 19,176520,2019-09-04 19:24:16:693,0.0227,0.1852,9.7344,-0.0016,-0.0008,9.8066,-0.0088,0.0227,0.0132,-22.31,-29.37,6.44,1.21,-89.36,-104.06,True
52.406273,-1.484134,143.18,12.35,3,92.82,18 / 19,176620,2019-09-04 19:24:16:793,-0.0037,-0.0726,10.2872,-0.0022,0.0006,9.8066,0.0057,-0.0082,-0.0148,-21.69,-29.25,6.94,5.79,-89.36,-101.94,True
52.406273,-1.484134,143.18,12.35,3,92.82,18 / 19,176721,2019-09-04 19:24:16:894,-0.1227,-0.0407,10.6166,0.0065,-0.0005,9.8066,0.0141,-0.0045,-0.001,-21.75,-29.06,6.69,2.75,-89.34,-104.94,True
52.406273,-1.484134,143.18,12.35,3,92.82,18 / 19,176821,2019-09-04 19:24:16:994,-0.1424,-0.4274,10.493,0.0164,0.004,9.8066,0.0379,0.0021,-0.0187,-22.25,-29.44,6.5,352.24,-89.33,-115.29,True
52.406273,-1.484134,143.18,12.35,3,92.82,18 / 19,176921,2019-09-04 19:24:17:094,-0.1487,-0.4127,9.7938,0.0186,0.0041,9.8065,0.0376,0.0035,-0.0184,-21.25,-29.75,6.63,335.85,-89.31,-132.2,True
52.406273,-1.484134,143.18,12.35,3,92.82,18 / 19,177020,2019-09-04 19:24:17:193,0.4159,-0.9724,8.689,0.0049,0.0072,9.8066,-0.0391,0.0058,-0.05,-21.44,-30.12,6.69,315.55,-89.26,-152.18,True
52.406273,-1.484134,143.18,12.35,3,92.82,18 / 19,177120,2019-09-04 19:24:17:293,0.2931,-0.4303,9.3069,-0.0231,0.0228,9.8065,-0.0792,-0.0098,-0.0242,-21.94,-29.69,6.0,289.51,-89.64,-175.31,True
52.406273,-1.484134,143.18,12.35,3,92.82,18 / 19,177220,2019-09-04 19:24:17:393,-0.0659,-1.1515,9.4636,-0.0307,0.0148,9.8065,-0.0669,-0.0425,-0.0545,-21.31,-30.31,6.25,171.76,-89.94,65.8,True
52.406273,-1.484134,143.18,12.35,3,92.82,18 / 18,177320,2019-09-04 19:24:17:493,0.0622,0.3946,8.6472,-0.0184,0.0032,9.8066,-0.072,0.0594,0.1013,-21.25,-29.56,6.38,121.65,-89.55,15.18,True
52.406273,-1.484134,143.18,12.35,3,92.82,18 / 18,177421,2019-09-04 19:24:17:594,-0.0834,0.0525,8.9605,-0.0299,-0.0168,9.8066,-0.0553,0.0146,0.0792,-21.69,-29.12,6.56,97.51,-89.26,-11.06,True
52.406273,-1.484134,143.18,12.35,3,92.82,18 / 18,177521,2019-09-04 19:24:17:694,-0.2414,0.3092,10.5068,-0.0158,-0.0275,9.8066,0.001,0.0064,0.0888,-22.5,-29.19,6.19,80.86,-88.93,-25.74,True
52.406273,-1.484134,143.18,12.35,3,92.82,18 / 18,177621,2019-09-04 19:24:17:794,0.199,-0.2016,10.4234,0.008,-0.0305,9.8065,0.0495,-0.0079,0.0618,-22.87,-28.5,6.0,58.23,-88.67,-47.73,True
52.406273,-1.484134,143.18,12.35,3,92.82,18 / 18,177721,2019-09-04 19:24:17:894,-0.0837,-0.6965,10.64,0.0101,-0.022,9.8066,0.0421,-0.0268,0.0117,-22.81,-28.75,6.38,39.14,-88.47,-66.67,True
52.406273,-1.484134,143.18,12.35,3,92.82,18 / 18,177821,2019-09-04 19:24:17:994,0.1625,-0.317,10.8328,0.0144,-0.0071,9.8066,0.0408,0.0153,0.0179,-22.94,-28.94,6.56,33.96,-88.47,-74.02,True
52.406273,-1.484134,143.18,12.35,3,92.82,18 / 18,177921,2019-09-04 19:24:18:094,0.1704,0.071,9.703,0.016,-0.0047,9.8066,0.0398,0.0144,0.0012,-22.69,-28.56,5.69,19.89,-88.51,-85.36,True
52.406273,-1.484134,143.18,12.35,3,92.82,18 / 18,178020,2019-09-04 19:24:18:193,0.2355,0.3182,9.6142,0.0003,-0.0026,9.8066,0.0061,-0.0324,-0.0374,-23.19,-28.69,6.56,17.19,-88.52,-90.27,True
52.406273,-1.484134,143.18,12.35,3,92.82,18 / 18,178121,2019-09-04 19:24:18:294,0.0773,0.0297,9.504,-0.0023,0.0071,9.8066,-0.0124,0.0208,0.0081,-22.62,-28.75,6.25,14.48,-88.54,-90.59,True
52.406273,-1.484134,143.18,12.35,3,92.82,18 / 18,178221,2019-09-04 19:24:18:394,-0.4365,-0.0242,10.328,0.0002,0.0013,9.8066,0.0,0.0197,0.0088,-22.56,-29.0,6.44,16.74,-88.59,-88.39,True
52.406273,-1.484134,143.18,12.35,3,92.82,18 / 18,178321,2019-09-04 19:24:18:494,0.1192,-0.0041,10.1076,0.0058,-0.0027,9.8066,0.0071,0.0139,0.0096,-22.69,-28.81,6.56,17.26,-88.61,-90.17,True
52.406273,-1.484134,143.18,12.35,3,92.82,18 / 18,178420,2019-09-04 19:24:18:593,0.087,0.0408,9.4323,-0.0004,0.0042,9.8066,-0.008,-0.0023,-0.0196,-22.56,-29.31,6.19,12.67,-88.66,-92.32,True
52.406273,-1.484134,143.18,12.35,3,92.82,18 / 18,178521,2019-09-04 19:24:18:694,-0.0257,-0.2417,10.1795,-0.0048,0.008,9.8066,-0.0218,0.0201,-0.0141,-22.81,-29.37,6.5,19.18,-88.73,-88.26,True
52.406273,-1.484134,143.18,12.35,3,92.82,18 / 18,178620,2019-09-04 19:24:18:793,0.382,-0.1377,9.9891,-0.0011,0.0143,9.8066,0.0048,-0.0104,-0.0282,-22.0,-29.25,6.69,24.13,-88.87,-84.11,True
52.406273,-1.484134,143.18,12.35,3,92.82,18 / 18,178720,2019-09-04 19:24:18:893,0.3461,-0.2342,9.8776,-0.0014,0.0083,9.8066,-0.0039,0.0,-0.0162,-22.81,-29.5,6.25,23.57,-88.94,-81.57,True
52.406273,-1.484134,143.18,12.35,3,92.82,18 / 18,178820,2019-09-04 19:24:18:993,0.1488,-0.168,9.5092,0.0028,0.0148,9.8066,0.0017,0.0394,-0.0079,-22.06,-29.37,6.0,28.32,-89.1,-77.48,True
52.406273,-1.484134,143.18,12.35,3,92.82,18 / 18,178920,2019-09-04 19:24:19:093,-0.0303,-0.2856,10.1027,0.0067,0.004,9.8066,0.019,0.0034,-0.0093,-21.62,-29.5,6.56,29.7,-89.28,-78.4,True
52.406273,-1.484134,143.18,12.35,3,92.82,18 / 18,179020,2019-09-04 19:24:19:193,0.1133,-0.4203,9.5155,0.0084,0.0041,9.8066,0.0044,0.035,0.0276,-22.75,-28.56,6.69,22.79,-89.37,-84.43,True
52.406273,-1.484134,143.18,12.35,3,92.82,18 / 18,179121,2019-09-04 19:24:19:294,-0.0973,0.2465,9.2746,0.0012,-0.0014,9.8066,0.0047,-0.0209,-0.0339,-22.62,-28.94,6.06,14.66,-89.36,-90.16,True
52.406273,-1.484134,143.18,12.35,3,92.82,18 / 18,179221,2019-09-04 19:24:19:394,-0.1861,-0.3439,9.5361,-0.0039,-0.0019,9.8066,-0.0169,0.0052,0.0222,-21.87,-29.25,6.38,19.66,-89.32,-85.89,True
52.406273,-1.484134,143.18,12.35,3,92.82,18 / 18,179320,2019-09-04 19:24:19:493,-0.6142,-0.0973,9.6144,0.0008,-0.0018,9.8066,0.0025,0.0193,0.0245,-21.81,-29.19,6.44,23.27,-89.25,-82.36,True
52.406273,-1.484134,143.18,12.35,3,92.82,18 / 18,179421,2019-09-04 19:24:19:594,1.526,1.5752,7.9222,0.0057,-0.003,9.8066,-0.0321,0.0511,0.1359,-22.5,-29.62,6.13,18.05,-89.25,-87.51,True
52.406273,-1.484134,143.18,12.35,3,92.82,18 / 18,179521,2019-09-04 19:24:19:694,-0.6184,1.4146,8.9662,-0.0101,0.0115,9.8066,-0.0427,0.1922,0.1236,-22.31,-29.62,6.19,25.6,-89.07,-80.18,True
52.406273,-1.484134,143.18,12.35,3,92.82,18 / 18,179621,2019-09-04 19:24:19:794,-0.3825,0.8947,9.1049,0.0084,0.0068,9.8066,0.0415,-0.0195,0.0114,-22.0,-29.44,6.75,34.17,-89.19,-74.05,True
52.406273,-1.484134,143.18,12.35,3,92.82,18 / 18,179720,2019-09-04 19:24:19:893,-0.4256,-0.1231,8.5157,0.0046,0.0007,9.8066,0.0205,-0.0305,-0.0483,-21.5,-29.12,7.19,21.79,-89.31,-86.98,True
52.406273,-1.484134,143.18,12.35,3,92.82,18 / 18,179821,2019-09-04 19:24:19:994,0.1177,-0.5773,9.4077,0.0014,0.0106,9.8066,-0.0197,0.0517,0.0175,-21.56,-29.5,6.25,13.97,-89.43,-91.46,True
52.406273,-1.484134,143.18,12.35,3,92.82,18 / 18,179921,2019-09-04 19:24:20:094,-0.0278,0.3339,10.0437,-0.0072,0.002,9.8066,-0.0197,-0.0064,-0.0067,-21.25,-29.06,6.88,21.59,-89.48,-87.1,True
52.406273,-1.484134,143.18,12.35,3,92.82,18 / 18,180021,2019-09-04 19:24:20:194,-0.3701,0.1672,9.5366,-0.0082,-0.0031,9.8066,-0.0179,0.0053,0.0182,-21.5,-29.25,6.75,33.8,-89.41,-75.07,True
52.406273,-1.484134,143.18,12.35,3,92.82,18 / 18,180121,2019-09-04 19:24:20:294,0.2463,-0.2632,9.9021,-0.0069,-0.0049,9.8066,-0.0045,-0.002,-0.0036,-21.87,-30.0,5.94,37.18,-89.27,-68.66,True
52.406273,-1.484134,143.18,12.35,3,92.82,18 / 18,180221,2019-09-04 19:24:20:394,-0.295,-0.4222,9.9909,-0.0002,-0.005,9.8066,-0.0125,0.0287,0.0218,-21.12,-29.75,6.63,40.35,-89.2,-68.79,True
52.406273,-1.484134,143.18,12.35,3,92.82,18 / 18,180321,2019-09-04 19:24:20:494,-0.3607,-0.6746,9.878,0.0028,-0.0016,9.8065,0.0111,-0.003,-0.0154,-21.19,-29.19,6.56,40.06,-89.16,-69.09,True
52.406273,-1.484134,143.18,12.35,3,92.82,18 / 18,180420,2019-09-04 19:24:20:593,0.1807,-0.2594,9.7371,0.0085,0.001,9.8066,0.0144,-0.0034,-0.0184,-21.56,-29.31,6.69,33.88,-89.19,-74.34,True
52.406273,-1.484134,143.18,12.35,3,92.82,18 / 18,180521,2019-09-04 19:24:20:694,0.2912,-0.0656,9.83,0.0045,0.0042,9.8066,-0.0024,0.0355,0.0266,-21.62,-29.56,6.5,29.12,-89.31,-78.97,True
52.406273,-1.484134,143.18,12.35,3,92.82,18 / 18,180620,2019-09-04 19:24:20:793,-0.0308,-0.5189,9.1602,-0.0031,-0.0014,9.8066,-0.0018,-0.0126,-0.0068,-21.5,-29.37,5.94,28.78,-89.28,-77.63,True
52.406273,-1.484134,143.18,12.35,3,92.82,18 / 18,180720,2019-09-04 19:24:20:893,-0.4514,-0.3241,9.799,-0.0035,0.0079,9.8066,-0.0086,0.0046,-0.0204,-21.87,-29.62,6.19,33.99,-89.3,-71.78,True
52.406273,-1.484134,143.18,12.35,3,92.82,18 / 18,180820,2019-09-04 19:24:20:993,-0.6945,-0.401,10.1579,-0.0038,0.0076,9.8066,0.0001,-0.0077,-0.059,-21.87,-29.5,5.94,40.57,-89.38,-65.2,True
52.406273,-1.484134,143.18,12.35,3,92.82,18 / 18,180921,2019-09-04 19:24:21:094,0.3921,1.4437,9.0937,-0.0026,0.0108,9.8066,-0.0234,0.0241,0.0376,-21.5,-30.12,6.19,57.39,-89.52,-49.11,True
52.406273,-1.484134,143.18,12.35,3,92.82,18 / 18,181021,2019-09-04 19:24:21:194,-0.3273,-1.0689,7.9834,-0.0163,-0.0013,9.8066,-0.0253,0.0483,0.0467,-21.31,-29.81,6.69,65.7,-89.42,-43.45,True
52.406273,-1.484134,143.18,12.35,3,92.82,18 / 18,181121,2019-09-04 19:24:21:294,-0.0919,-1.8091,11.8859,-0.0082,-0.0133,9.8066,0.0071,-0.0477,-0.0244,-21.5,-29.75,5.81,65.04,-89.23,-41.87,True
52.406273,-1.484134,143.18,12.35,3,92.82,18 / 18,181220,2019-09-04 19:24:21:393,-0.5917,0.5911,10.709,0.0152,-0.0073,9.8066,0.0893,-0.048,-0.0106,-21.75,-29.31,6.44,52.04,-89.18,-54.04,True
52.406273,-1.484134,143.18,12.35,3,92.82,18 / 18,181320,2019-09-04 19:24:21:493,0.1448,-0.6011,10.4206,0.017,-0.0165,9.8066,0.0597,-0.0432,-0.0347,-21.62,-29.37,6.94,22.14,-89.15,-85.92,True
52.406273,-1.484134,143.18,12.35,3,92.82,18 / 18,181420,2019-09-04 19:24:21:593,0.7295,-0.8504,9.8958,0.0075,0.001,9.8066,-0.0197,0.02,-0.0156,-22.25,-29.37,6.38,10.99,-89.14,-94.48,True
52.406273,-1.484134,143.18,12.35,3,92.82,18 / 18,181520,2019-09-04 19:24:21:693,-0.5178,-0.2004,9.957,-0.0187,0.0087,9.8065,-0.0391,-0.0092,-0.0169,-21.75,-29.06,6.69,18.18,-89.19,-89.79,True
52.406273,-1.484134,143.18,12.35,3,92.82,18 / 18,181620,2019-09-04 19:24:21:793,-0.4386,-0.1609,10.4069,-0.0062,0.0042,9.8066,0.0051,-0.0496,-0.0683,-22.25,-29.12,6.75,40.03,-89.13,-68.32,True
52.406273,-1.484134,143.18,12.35,3,92.82,18 / 18,181720,2019-09-04 19:24:21:893,-0.2316,0.0127,9.7639,0.0055,0.0071,9.8066,0.0201,-0.0151,-0.025,-22.25,-29.06,6.25,41.69,-89.22,-64.22,True
52.406273,-1.484134,143.18,12.35,3,92.82,18 / 18,181821,2019-09-04 19:24:21:994,-0.0372,-0.0904,9.9093,0.0061,0.0016,9.8066,0.0067,0.0124,0.0185,-21.75,-29.44,7.06,40.17,-89.29,-68.06,True
52.406273,-1.484134,143.18,12.35,3,92.82,18 / 18,181920,2019-09-04 19:24:22:093,0.1057,-0.4268,10.1778,-0.0062,-0.0057,9.8066,-0.0236,-0.003,0.0262,-22.31,-29.12,6.63,36.32,-89.23,-71.9,True
52.406273,-1.484134,143.18,12.35,3,92.82,18 / 18,182021,2019-09-04 19:24:22:194,-0.2517,0.1874,10.3473,-0.0043,-0.0068,9.8066,0.0162,-0.0178,0.0099,-22.62,-28.19,6.63,39.1,-89.13,-68.48,True
52.406273,-1.484134,143.18,12.35,3,92.82,18 / 18,182121,2019-09-04 19:24:22:294,-0.1113,-0.4469,9.9752,0.0099,-0.008,9.8066,0.0298,0.0096,0.0099,-22.12,-28.44,6.0,34.33,-89.05,-71.59,True
52.406273,-1.484134,143.18,12.35,3,92.82,18 / 18,182220,2019-09-04 19:24:22:393,0.2171,-0.2759,9.7162,0.0102,-0.0086,9.8066,0.0202,-0.0301,-0.0211,-22.19,-28.69,6.31,21.17,-89.0,-84.54,True
52.406273,-1.484134,143.18,12.35,3,92.82,17 / 18,182321,2019-09-04 19:24:22:494,0.139,-0.3856,9.9599,-0.0015,0.0024,9.8066,-0.0038,0.0101,-0.0073,-22.44,-28.31,6.19,18.85,-89.0,-86.81,True
52.406273,-1.484134,143.18,12.35,3,92.82,17 / 18,182420,2019-09-04 19:24:22:593,-0.2451,0.0601,9.3551,-0.0021,0.0042,9.8066,-0.011,0.0348,0.0213,-22.06,-28.69,5.81,22.08,-89.03,-83.64,True
52.406273,-1.484134,143.18,12.35,3,92.82,17 / 18,182521,2019-09-04 19:24:22:694,-0.1389,-0.4137,9.6122,-0.0068,-0.0006,9.8066,-0.0086,-0.002,0.0003,-21.5,-28.87,5.75,28.08,-89.0,-78.5,True
52.406273,-1.484134,143.18,12.35,3,92.82,17 / 18,182621,2019-09-04 19:24:22:794,-0.0558,-0.0051,10.057,-0.0004,0.0003,9.8066,0.0119,0.0094,0.0103,-22.06,-28.44,6.25,29.18,-89.0,-76.67,True
52.406273,-1.484134,143.18,12.35,3,92.82,17 / 18,182720,2019-09-04 19:24:22:893,0.2601,-0.0091,10.1845,0.0062,-0.0029,9.8066,0.0128,-0.0044,-0.0153,-22.37,-28.75,5.81,25.77,-89.01,-80.04,True
52.406273,-1.484134,143.18,12.35,3,92.82,17 / 18,182820,2019-09-04 19:24:22:993,-0.1449,-0.4478,9.8833,-0.0001,-0.0004,9.8066,-0.0096,0.0162,0.0091,-21.94,-29.0,6.06,22.51,-88.99,-83.24,True
52.406273,-1.484134,143.18,12.35,3,92.82,17 / 18,182921,2019-09-04 19:24:23:094,0.6606,-0.014,10.2262,-0.0013,-0.0025,9.8066,-0.0104,0.0045,0.0105,-22.19,-29.37,6.88,25.54,-88.98,-82.67,True
52.406273,-1.484134,143.18,12.35,3,92.82,17 / 18,183021,2019-09-04 19:24:23:194,-0.3334,-0.1152,9.553,-0.0011,-0.002,9.8066,-0.0105,0.0123,0.0095,-22.25,-29.31,6.5,26.74,-88.91,-81.53,True
52.406273,-1.484134,143.18,12.35,3,92.82,17 / 18,183121,2019-09-04 19:24:23:294,-0.0399,-0.3134,9.6988,-0.0052,-0.0006,9.8066,-0.0073,0.0219,0.0213,-22.12,-29.31,6.56,28.91,-88.86,-79.43,True
52.406273,-1.484134,143.18,12.35,3,92.82,17 / 18,183220,2019-09-04 19:24:23:393,0.2278,-0.0602,10.193,-0.0005,-0.0044,9.8066,-0.0002,0.0067,0.0099,-22.06,-29.31,6.13,26.71,-88.8,-79.24,True
52.406273,-1.484134,143.18,12.35,3,92.82,17 / 18,183320,2019-09-04 19:24:23:493,-0.2703,0.0297,9.73,0.0005,-0.0041,9.8066,0.0099,0.0046,0.0092,-21.56,-29.12,6.44,26.79,-88.74,-79.19,True
52.406273,-1.484134,143.18,12.35,3,92.82,17 / 18,183421,2019-09-04 19:24:23:594,-0.27,-0.2422,10.3896,0.0065,-0.0021,9.8066,0.0124,0.0138,0.0097,-22.06,-29.5,6.31,23.42,-88.7,-82.5,True
52.406273,-1.484134,143.18,12.35,3,92.82,17 / 18,183520,2019-09-04 19:24:23:693,-0.163,-0.3439,9.9745,0.0038,-0.0028,9.8066,-0.0027,0.0063,0.0089,-22.5,-29.0,6.56,21.18,-88.7,-87.06,True
52.406273,-1.484134,143.18,12.35,3,92.82,17 / 18,183620,2019-09-04 19:24:23:793,0.1278,0.3746,9.8362,-0.0034,-0.0032,9.8066,-0.004,-0.0054,0.0086,-22.56,-29.44,6.44,17.5,-88.74,-87.59,True
52.406273,-1.484134,143.18,12.35,3,92.82,17 / 18,183720,2019-09-04 19:24:23:893,-0.0637,0.0731,9.6155,-0.0008,-0.0065,9.8066,0.0134,-0.0036,0.0025,-22.37,-29.25,6.31,18.78,-88.63,-87.04,True
52.406273,-1.484134,143.18,12.35,3,92.82,17 / 18,183821,2019-09-04 19:24:23:994,0.0334,-0.5656,9.4629,0.0016,-0.0122,9.8066,-0.0172,0.003,0.0229,-22.25,-29.56,6.56,18.65,-88.54,-89.61,True
52.406273,-1.484134,143.18,12.35,3,92.82,17 / 18,183921,2019-09-04 19:24:24:094,0.1068,-0.4339,8.7635,-0.0198,-0.0054,9.8065,-0.0444,-0.0276,-0.0066,-22.44,-29.5,6.19,18.39,-88.38,-87.52,True
52.406273,-1.484134,143.18,12.35,3,92.82,17 / 18,184021,2019-09-04 19:24:24:194,-0.3016,-0.9469,9.4173,-0.0266,0.0066,9.8066,-0.0617,-0.01,-0.0661,-23.0,-28.75,6.25,30.47,-88.22,-75.26,True
52.406273,-1.484134,143.18,12.35,3,92.82,17 / 18,184121,2019-09-04 19:24:24:294,-0.6898,0.0485,10.1333,-0.0125,0.023,9.8066,-0.0199,-0.0184,-0.0368,-21.94,-29.06,6.0,47.94,-88.34,-58.9,True
52.406273,-1.484134,143.18,12.35,3,92.82,17 / 18,184220,2019-09-04 19:24:24:393,-0.182,-0.2531,10.1089,0.0144,0.0153,9.8066,0.0681,0.0215,-0.0495,-22.0,-28.87,5.81,50.87,-88.51,-55.87,True
52.406246,-1.482472,142.49,12.47,3,91.51,17 / 18,184321,2019-09-04 19:24:24:494,-0.1262,-0.0562,10.4133,0.0177,0.0057,9.8066,0.0651,0.0224,-0.0167,-21.37,-29.25,6.56,47.37,-88.81,-62.22,True
52.406246,-1.482472,142.49,12.47,3,91.51,17 / 18,184420,2019-09-04 19:24:24:593,0.1302,-0.2696,9.8123,0.0078,-0.0008,9.8066,0.0124,0.0159,0.0134,-21.44,-29.5,6.69,28.92,-89.09,-80.1,True
52.406246,-1.482472,142.49,12.47,3,91.51,17 / 18,184520,2019-09-04 19:24:24:693,-0.1811,-0.3473,9.4247,-0.0065,-0.0029,9.8066,-0.0161,-0.0136,-0.0045,-21.56,-29.5,6.69,26.02,-89.06,-82.15,True
52.406246,-1.482472,142.49,12.47,3,91.51,17 / 18,184621,2019-09-04 19:24:24:794,0.6502,0.2711,9.5319,-0.005,0.0011,9.8066,0.0059,-0.0375,-0.0398,-22.0,-29.25,6.63,31.5,-89.05,-76.78,True
52.406246,-1.482472,142.49,12.47,3,91.51,17 / 18,184721,2019-09-04 19:24:24:894,-0.4562,-0.6728,9.6286,-0.0015,-0.0028,9.8066,-0.0182,-0.002,0.0035,-22.12,-28.75,6.25,31.18,-89.11,-74.67,True
52.406246,-1.482472,142.49,12.47,3,91.51,17 / 18,184821,2019-09-04 19:24:24:994,-1.199,0.8431,9.675,0.0011,-0.0059,9.8066,0.0039,-0.0422,-0.029,-21.62,-29.06,6.13,34.15,-89.1,-71.75,True
52.406246,-1.482472,142.49,12.47,3,91.51,17 / 18,184920,2019-09-04 19:24:25:093,0.7621,-0.2598,9.8879,0.0071,-0.0072,9.8065,0.0428,-0.0235,-0.0039,-21.81,-29.19,6.5,31.3,-89.08,-76.96,True
52.406246,-1.482472,142.49,12.47,3,91.51,17 / 18,185021,2019-09-04 19:24:25:194,0.1454,-0.1961,10.5816,0.0008,-0.008,9.8066,0.023,-0.0508,-0.0445,-21.69,-29.5,5.94,21.01,-88.99,-84.71,True
52.406246,-1.482472,142.49,12.47,3,91.51,17 / 18,185120,2019-09-04 19:24:25:293,0.0796,-0.1833,9.2301,-0.0023,-0.0034,9.8066,-0.0137,-0.0145,0.0008,-21.81,-29.37,6.56,20.57,-88.96,-87.54,True
52.406246,-1.482472,142.49,12.47,3,91.51,17 / 18,185220,2019-09-04 19:24:25:393,0.164,0.0543,10.2307,-0.0059,0.002,9.8066,-0.02,-0.0012,0.0146,-21.94,-28.87,6.25,21.43,-88.95,-84.31,True
52.406246,-1.482472,142.49,12.47,3,91.51,17 / 18,185320,2019-09-04 19:24:25:493,0.1024,-0.5038,10.1669,-0.0089,-0.0017,9.8066,-0.0022,-0.0134,-0.0165,-21.44,-29.62,6.25,26.15,-88.91,-80.46,True
52.406246,-1.482472,142.49,12.47,3,91.51,17 / 18,185421,2019-09-04 19:24:25:594,-0.4108,-0.1543,9.5413,-0.0032,0.0007,9.8066,-0.0012,-0.0268,-0.0224,-21.75,-29.19,6.13,29.53,-88.88,-76.43,True
52.406246,-1.482472,142.49,12.47,3,91.51,17 / 18,185520,2019-09-04 19:24:25:693,0.038,-0.1818,9.2918,0.0021,0.0048,9.8066,0.0077,0.0023,-0.003,-21.44,-29.12,6.56,33.06,-88.92,-76.15,True
52.406246,-1.482472,142.49,12.47,3,91.51,17 / 18,185621,2019-09-04 19:24:25:794,-0.2167,-0.1024,9.6908,-0.009,0.0024,9.8066,-0.0294,0.0093,0.0023,-21.62,-29.87,5.94,30.38,-88.91,-75.61,True
52.406246,-1.482472,142.49,12.47,3,91.51,17 / 18,185720,2019-09-04 19:24:25:893,-0.4808,-0.7507,9.4094,-0.0096,-0.0004,9.8066,-0.0166,-0.0321,-0.0202,-21.62,-29.31,5.94,36.14,-88.86,-69.97,True
52.406246,-1.482472,142.49,12.47,3,91.51,17 / 18,185821,2019-09-04 19:24:25:994,0.0581,0.0013,10.4919,-0.0027,0.0025,9.8066,0.0189,-0.0062,-0.0248,-21.81,-28.69,6.19,41.2,-88.85,-65.02,True
52.406246,-1.482472,142.49,12.47,3,91.51,17 / 18,185921,2019-09-04 19:24:26:094,0.0581,0.0013,10.4919,0.0025,0.007,9.8066,0.0189,-0.0062,-0.0248,-21.81,-28.69,6.19,41.2,-88.85,-65.02,True
52.406246,-1.482472,142.49,12.47,3,91.51,17 / 18,186020,2019-09-04 19:24:26:193,0.1537,0.0758,10.2076,0.0048,0.003,9.8066,0.0141,-0.0044,-0.028,-21.75,-29.56,6.44,37.08,-89.06,-68.92,True
52.406246,-1.482472,142.49,12.47,3,91.51,17 / 18,186121,2019-09-04 19:24:26:294,-0.3511,0.3708,8.6871,0.0004,0.002,9.8066,-0.0029,-0.0017,0.011,-22.25,-29.94,6.38,36.38,-89.16,-69.53,True
52.406246,-1.482472,142.49,12.47,3,91.51,17 / 18,186220,2019-09-04 19:24:26:393,0.5708,0.1038,10.116,-0.0073,-0.0018,9.8066,-0.0191,-0.0065,-0.0042,-21.62,-29.19,6.56,40.68,-89.13,-67.69,True
52.406246,-1.482472,142.49,12.47,3,91.51,17 / 17,186321,2019-09-04 19:24:26:494,-0.5773,-0.0354,9.7837,-0.0102,-0.0039,9.8066,-0.0092,-0.0164,0.0016,-21.44,-30.06,7.13,47.75,-88.99,-61.7,True
52.406246,-1.482472,142.49,12.47,3,91.51,17 / 17,186420,2019-09-04 19:24:26:593,-0.2441,0.3059,9.6215,0.0014,-0.0024,9.8066,0.0118,-0.0043,0.0038,-22.12,-29.75,6.19,46.11,-88.95,-60.14,True
52.406246,-1.482472,142.49,12.47,3,91.51,17 / 17,186520,2019-09-04 19:24:26:693,-0.3531,-0.0561,9.5277,-0.0004,-0.0064,9.8066,0.0023,-0.0003,-0.0153,-22.12,-29.87,6.25,42.41,-88.91,-63.82,True
52.406246,-1.482472,142.49,12.47,3,91.51,17 / 17,186621,2019-09-04 19:24:26:794,-0.4357,-0.0445,9.6769,-0.0062,0.0021,9.8066,-0.0169,0.0327,0.0243,-21.56,-29.62,6.0,43.1,-88.91,-63.15,True
52.406246,-1.482472,142.49,12.47,3,91.51,17 / 17,186720,2019-09-04 19:24:26:893,-0.297,0.3477,9.7414,-0.0001,0.0,9.8066,-0.0055,0.0235,0.0203,-21.75,-29.44,6.0,46.1,-88.88,-60.19,True
52.406246,-1.482472,142.49,12.47,3,91.51,17 / 17,186820,2019-09-04 19:24:26:993,-0.3007,0.237,9.7766,0.0003,0.0036,9.8066,-0.0132,0.0179,0.0131,-21.87,-29.69,5.69,46.22,-88.81,-60.17,True
52.406246,-1.482472,142.49,12.47,3,91.51,17 / 17,186920,2019-09-04 19:24:27:093,-0.8427,0.1741,9.8891,-0.0106,-0.0027,9.8066,-0.015,0.0041,0.0079,-22.12,-29.56,6.25,48.79,-88.72,-57.74,True
52.406246,-1.482472,142.49,12.47,3,91.51,17 / 17,187021,2019-09-04 19:24:27:194,-1.1012,0.5071,9.4125,-0.0008,0.0004,9.8066,0.0132,-0.0025,-0.0185,-21.75,-29.62,6.31,50.89,-88.66,-55.73,True
52.406246,-1.482472,142.49,12.47,3,91.51,17 / 17,187120,2019-09-04 19:24:27:293,-0.1245,0.2532,9.9116,0.0084,0.0,9.8066,0.0276,-0.0067,-0.0328,-22.44,-30.0,6.0,49.54,-88.74,-56.99,True
52.406246,-1.482472,142.49,12.47,3,91.51,17 / 17,187221,2019-09-04 19:24:27:394,-0.6004,0.0713,9.7518,0.0089,0.0009,9.8066,-0.0031,0.0088,0.0028,-21.62,-29.44,6.38,46.49,-88.84,-59.84,True
52.406246,-1.482472,142.49,12.47,3,91.51,18 / 18,187320,2019-09-04 19:24:27:493,-0.6047,0.2276,9.6874,-0.002,0.0057,9.8066,-0.0057,0.0102,-0.0077,-21.94,-29.25,5.94,47.38,-88.84,-58.97,True
52.406246,-1.482472,142.49,12.47,3,91.51,18 / 18,187421,2019-09-04 19:24:27:594,-0.3949,0.1908,10.0795,-0.0002,0.0021,9.8066,-0.0014,0.032,0.0143,-21.87,-29.31,5.5,51.54,-88.83,-54.88,True
52.406246,-1.482472,142.49,12.47,3,91.51,18 / 18,187521,2019-09-04 19:24:27:694,-0.2988,-0.0684,10.5956,-0.0002,-0.0027,9.8066,-0.0005,0.0255,0.0211,-21.81,-29.44,6.38,51.4,-88.82,-55.04,True
52.406246,-1.482472,142.49,12.47,3,91.51,18 / 18,187620,2019-09-04 19:24:27:793,-0.3815,0.0335,9.8099,0.0048,0.0008,9.8066,0.0054,0.0168,0.0034,-21.81,-29.81,5.94,49.61,-88.83,-56.83,True
52.406246,-1.482472,142.49,12.47,3,91.51,18 / 18,187720,2019-09-04 19:24:27:893,-0.4276,-0.1525,10.0358,0.0009,-0.0045,9.8066,0.0013,0.003,-0.0079,-22.0,-30.06,6.13,47.21,-88.86,-59.15,True
52.406246,-1.482472,142.49,12.47,3,91.51,18 / 18,187821,2019-09-04 19:24:27:994,-0.1988,-0.0371,9.3104,0.001,-0.0049,9.8066,-0.0026,0.0079,0.0094,-21.94,-29.81,6.44,45.75,-88.85,-60.59,True
52.406246,-1.482472,142.49,12.47,3,91.51,18 / 18,187920,2019-09-04 19:24:28:093,0.3668,0.0039,9.8334,-0.0005,0.0016,9.8066,-0.0127,0.0271,0.0295,-22.19,-29.56,5.94,43.95,-88.8,-62.41,True
52.406246,-1.482472,142.49,12.47,3,91.51,18 / 18,188020,2019-09-04 19:24:28:193,-0.6789,0.1901,10.1718,-0.0085,-0.0033,9.8066,-0.0175,-0.0108,-0.0009,-22.31,-30.12,6.63,48.26,-88.71,-60.65,True
52.406246,-1.482472,142.49,12.47,3,91.51,18 / 18,188121,2019-09-04 19:24:28:294,-0.3716,0.3714,9.7249,-0.0007,-0.0043,9.8066,0.0047,-0.0058,0.0113,-22.12,-29.44,6.13,47.13,-88.62,-59.42,True
52.406246,-1.482472,142.49,12.47,3,91.51,18 / 18,188220,2019-09-04 19:24:28:393,-0.4608,-0.4659,9.373,0.0,-0.0066,9.8066,-0.0011,0.0123,0.0086,-21.75,-29.94,5.94,45.06,-88.56,-61.54,True
52.406246,-1.482472,142.49,12.47,3,91.51,18 / 19,188320,2019-09-04 19:24:28:493,-0.67,0.1915,9.6557,-0.0057,-0.0004,9.8066,-0.0161,0.0078,0.0024,-22.25,-29.94,6.63,47.96,-88.54,-61.1,True
52.406246,-1.482472,142.49,12.47,3,91.51,18 / 19,188421,2019-09-04 19:24:28:594,-0.4801,0.1853,10.0137,-0.0008,-0.0007,9.8066,-0.0057,0.0089,-0.0031,-22.06,-29.87,5.81,47.87,-88.52,-58.83,True
52.406246,-1.482472,142.49,12.47,3,91.51,18 / 19,188521,2019-09-04 19:24:28:694,-0.1434,0.0874,9.487,0.0026,0.0029,9.8066,0.0069,-0.0128,-0.0326,-21.75,-29.94,6.19,48.2,-88.51,-58.52,True
52.406246,-1.482472,142.49,12.47,3,91.51,18 / 19,188621,2019-09-04 19:24:28:794,-0.3612,-0.0986,9.2169,-0.0019,-0.002,9.8066,-0.0119,-0.0072,0.0058,-21.37,-29.81,6.44,49.16,-88.55,-58.29,True
52.406246,-1.482472,142.49,12.47,3,91.51,18 / 19,188721,2019-09-04 19:24:28:894,0.1269,-0.1145,10.8169,0.0044,0.0046,9.8066,-0.0044,0.0269,0.0,-21.56,-29.37,6.69,50.96,-88.54,-58.13,True
52.406246,-1.482472,142.49,12.47,3,91.51,18 / 19,188821,2019-09-04 19:24:28:994,0.0329,0.017,10.0307,0.0021,-0.0082,9.8066,0.0133,0.0023,0.0103,-21.87,-29.87,7.0,49.35,-88.56,-59.73,True
52.406246,-1.482472,142.49,12.47,3,91.51,18 / 19,188920,2019-09-04 19:24:29:093,-0.3089,0.1048,10.1767,0.0019,-0.0014,9.8066,-0.0011,-0.003,0.0044,-22.37,-28.94,6.56,45.76,-88.52,-63.23,True
52.406246,-1.482472,142.49,12.47,3,91.51,18 / 19,189020,2019-09-04 19:24:29:193,-0.1309,0.1781,9.902,0.002,0.0007,9.8066,0.0167,-0.0031,-0.0212,-22.0,-29.19,5.81,42.72,-88.52,-63.82,True
52.406246,-1.482472,142.49,12.47,3,91.51,18 / 19,189120,2019-09-04 19:24:29:293,-0.1788,-1.2905,10.2161,0.0052,0.0016,9.8066,0.0272,-0.0151,-0.0512,-21.62,-28.62,6.19,41.1,-88.56,-65.37,True
52.406246,-1.482472,142.49,12.47,3,91.51,18 / 19,189220,2019-09-04 19:24:29:393,0.5048,1.5352,8.8742,0.0095,0.0248,9.8066,-0.0492,-0.0222,0.0013,-22.0,-29.37,5.94,42.51,-88.83,-63.75,True
52.406246,-1.482472,142.49,12.47,3,91.51,18 / 18,189320,2019-09-04 19:24:29:493,-0.0187,-0.5759,9.9773,-0.0297,-0.013,9.8065,-0.067,-0.02,0.0361,-21.37,-29.12,6.5,53.5,-88.5,-56.52,True
52.406246,-1.482472,142.49,12.47,3,91.51,18 / 18,189421,2019-09-04 19:24:29:594,-0.3937,-0.0816,10.0553,-0.0123,0.0028,9.8065,0.0058,0.0611,0.0667,-21.25,-28.37,5.19,54.35,-88.3,-50.84,True
52.406246,-1.482472,142.49,12.47,3,91.51,18 / 18,189520,2019-09-04 19:24:29:693,0.1115,0.2336,10.0412,0.0087,-0.0122,9.8066,0.0157,0.0731,0.0897,-21.62,-29.37,4.94,50.91,-88.27,-53.63,True
52.406246,-1.482472,142.49,12.47,3,91.51,18 / 18,189620,2019-09-04 19:24:29:793,-0.0574,-0.1825,9.8726,0.003,-0.0149,9.8066,0.0136,0.0009,0.0415,-22.12,-28.62,5.63,46.91,-88.21,-60.02,True
52.406246,-1.482472,142.49,12.47,3,91.51,18 / 18,189720,2019-09-04 19:24:29:893,-0.2656,-0.2502,10.0037,0.0022,-0.002,9.8066,-0.0019,0.018,0.0056,-21.81,-29.25,5.13,40.28,-88.1,-64.12,True
52.406246,-1.482472,142.49,12.47,3,91.51,18 / 18,189820,2019-09-04 19:24:29:993,-0.5171,-0.0977,10.237,-0.0041,-0.0035,9.8066,-0.0001,0.0125,0.0118,-21.25,-29.56,5.25,41.01,-88.08,-64.15,True
52.406246,-1.482472,142.49,12.47,3,91.51,18 / 18,189920,2019-09-04 19:24:30:093,-0.1036,0.0442,9.524,0.0016,-0.0024,9.8066,0.0076,0.0084,0.0002,-22.31,-29.56,5.81,42.03,-88.05,-64.96,True
52.406246,-1.482472,142.49,12.47,3,91.51,18 / 18,190021,2019-09-04 19:24:30:194,0.025,0.3135,9.7513,-0.003,-0.0025,9.8066,-0.0081,0.001,-0.004,-22.06,-29.56,5.88,41.79,-88.05,-65.19,True
52.406246,-1.482472,142.49,12.47,3,91.51,18 / 18,190121,2019-09-04 19:24:30:294,0.1025,-0.2051,9.9204,-0.005,-0.0016,9.8066,-0.0065,0.0028,0.0101,-22.19,-29.69,5.63,43.33,-88.0,-63.75,True
52.406246,-1.482472,142.49,12.47,3,91.51,18 / 18,190220,2019-09-04 19:24:30:393,-0.0879,-0.1466,9.9737,-0.0052,0.0004,9.8066,0.0035,0.0085,-0.0201,-22.25,-29.44,5.69,44.29,-87.95,-62.8,True
52.406246,-1.482472,142.49,12.47,3,91.51,18 / 18,190320,2019-09-04 19:24:30:493,-0.2662,-0.2115,9.1784,-0.0031,0.0041,9.8066,-0.0111,-0.0011,-0.007,-22.44,-29.87,5.88,44.79,-88.0,-62.34,True
52.406246,-1.482472,142.49,12.47,3,91.51,18 / 18,190421,2019-09-04 19:24:30:594,0.1981,0.3265,10.5949,-0.0042,-0.001,9.8066,-0.0068,-0.0013,-0.0022,-22.31,-28.56,5.44,45.08,-87.97,-59.6,True
52.406246,-1.482472,142.49,12.47,3,91.51,18 / 18,190520,2019-09-04 19:24:30:693,-0.3988,0.2846,9.9029,0.0021,-0.0054,9.8066,0.019,0.0115,0.0122,-21.5,-29.5,6.13,47.89,-87.91,-60.13,True
52.406246,-1.482472,142.49,12.47,3,91.51,18 / 18,190621,2019-09-04 19:24:30:794,0.2643,0.1594,9.8166,0.0031,-0.0045,9.8066,0.0085,-0.0027,0.0022,-22.25,-29.12,5.81,45.19,-87.93,-61.96,True
52.406246,-1.482472,142.49,12.47,3,91.51,18 / 18,190720,2019-09-04 19:24:30:893,-0.1518,-0.4369,9.6864,-0.004,-0.0049,9.8066,0.0097,-0.0288,-0.0287,-22.12,-29.37,5.31,41.33,-87.88,-63.29,True
52.406246,-1.482472,142.49,12.47,3,91.51,18 / 18,190820,2019-09-04 19:24:30:993,0.3302,-0.0936,9.8181,0.0043,-0.006,9.8066,0.0094,0.0166,0.0231,-22.37,-28.75,6.13,43.14,-87.92,-63.94,True
52.406246,-1.482472,142.49,12.47,3,91.51,18 / 18,190920,2019-09-04 19:24:31:093,-0.2047,-0.341,10.0825,0.0042,0.0027,9.8066,0.0046,0.0405,0.011,-22.62,-29.31,5.13,38.14,-87.89,-65.75,True
52.406246,-1.482472,142.49,12.47,3,91.51,18 / 18,191020,2019-09-04 19:24:31:193,0.3067,-0.0456,9.6924,0.0028,0.0041,9.8066,-0.0043,0.0219,0.0116,-21.56,-29.37,5.5,40.58,-87.98,-66.36,True
52.406246,-1.482472,142.49,12.47,3,91.51,18 / 18,191120,2019-09-04 19:24:31:293,0.5987,-0.0076,9.8042,0.0015,0.0017,9.8066,-0.0008,0.0044,-0.0055,-22.0,-29.12,5.56,41.06,-87.97,-65.91,True
52.406246,-1.482472,142.49,12.47,3,91.51,18 / 18,191220,2019-09-04 19:24:31:393,-0.039,0.0793,10.0645,-0.0075,-0.0018,9.8066,-0.0127,-0.0043,-0.0061,-22.0,-29.25,5.69,41.28,-87.93,-65.73,True
52.406246,-1.482472,142.49,12.47,3,91.51,18 / 18,191320,2019-09-04 19:24:31:493,0.4734,-0.2385,9.4816,-0.0003,0.0019,9.8066,0.0135,0.0043,0.0037,-21.81,-29.0,5.5,43.1,-87.87,-64.02,True
52.406246,-1.482472,142.49,12.47,3,91.51,18 / 18,191421,2019-09-04 19:24:31:594,0.3262,-0.2457,9.871,0.0013,-0.0019,9.8066,0.0094,-0.0028,0.0019,-22.19,-29.81,5.88,41.68,-87.86,-65.47,True
52.406246,-1.482472,142.49,12.47,3,91.51,18 / 18,191521,2019-09-04 19:24:31:694,0.3472,-0.3136,9.3876,0.0019,-0.0044,9.8066,0.0073,-0.0045,0.0028,-22.5,-29.12,5.69,41.0,-87.85,-66.07,False
52.406246,-1.482472,142.49,12.47,3,91.51,18 / 18,191620,2019-09-04 19:24:31:793,0.7809,0.0411,9.954,-0.0003,-0.0004,9.8065,0.0053,-0.0167,-0.0042,-22.5,-29.0,5.81,39.44,-87.8,-67.61,False
52.406246,-1.482472,142.49,12.47,3,91.51,18 / 18,191720,2019-09-04 19:24:31:893,0.3479,-0.475,10.1399,-0.0001,-0.0072,9.8066,-0.0011,-0.0227,-0.0059,-21.44,-28.87,6.31,39.07,-87.73,-68.8,False
52.406246,-1.482472,142.49,12.47,3,91.51,18 / 18,191820,2019-09-04 19:24:31:993,0.3667,-0.846,9.5121,-0.0041,-0.0016,9.8066,-0.0006,-0.0209,0.0197,-21.56,-28.31,5.56,38.84,-87.68,-68.23,False
52.406246,-1.482472,142.49,12.47,3,91.51,18 / 18,191920,2019-09-04 19:24:32:093,0.2068,-0.8134,9.9654,-0.0045,-0.0078,9.8066,-0.0123,-0.025,0.0197,-21.75,-28.94,6.13,38.62,-87.55,-68.6,False
52.406246,-1.482472,142.49,12.47,3,91.51,18 / 18,192021,2019-09-04 19:24:32:194,0.1393,-0.6295,9.9621,0.0019,-0.0003,9.8066,0.0031,-0.04,0.0003,-21.56,-28.81,5.94,39.44,-87.48,-67.88,False
52.406246,-1.482472,142.49,12.47,3,91.51,18 / 18,192121,2019-09-04 19:24:32:294,0.4586,-0.6682,9.7852,0.006,0.0037,9.8066,0.0153,-0.0111,0.0123,-21.75,-28.31,6.19,39.08,-87.5,-68.14,False
52.406246,-1.482472,142.49,12.47,3,91.51,18 / 18,192220,2019-09-04 19:24:32:393,0.8335,-0.6032,9.5097,0.0115,-0.0033,9.8066,0.0244,-0.0265,0.0049,-20.37,-27.69,7.06,40.31,-87.63,-71.03,False
52.406246,-1.482472,142.49,12.47,3,91.51,18 / 18,192321,2019-09-04 19:24:32:494,0.6523,-0.2181,9.4579,-0.0052,-0.0006,9.8066,-0.0131,-0.0273,0.0119,-20.75,-27.44,7.19,38.19,-87.62,-72.06,False
52.406246,-1.482472,142.49,12.47,3,91.51,18 / 18,192420,2019-09-04 19:24:32:593,0.2089,-0.6519,10.1996,-0.0053,0.0036,9.8066,0.0018,-0.0182,-0.0009,-21.25,-27.0,8.13,42.24,-87.5,-70.66,False
52.406246,-1.482472,142.49,12.47,3,91.51,18 / 18,192521,2019-09-04 19:24:32:694,0.4748,-0.201,9.6289,0.0026,-0.0043,9.8066,0.0188,-0.0381,-0.0083,-22.56,-27.37,7.38,37.99,-87.52,-70.68,False
52.406246,-1.482472,142.49,12.47,3,91.51,18 / 18,192620,2019-09-04 19:24:32:793,0.8247,-0.5201,9.6539,0.0052,-0.0027,9.8066,0.0083,-0.0291,-0.0122,-23.0,-27.81,6.63,36.16,-87.5,-72.51,False
52.406246,-1.482472,142.49,12.47,3,91.51,18 / 18,192721,2019-09-04 19:24:32:894,0.2252,-0.6905,9.6146,-0.0033,0.003,9.8066,-0.0126,-0.01,-0.0027,-22.5,-28.25,6.0,34.14,-87.5,-72.86,False
52.406246,-1.482472,142.49,12.47,3,91.51,18 / 18,192820,2019-09-04 19:24:32:993,0.7144,0.0811,9.7205,0.0001,0.0059,9.8066,0.0132,-0.0162,-0.0024,-22.12,-28.37,6.0,35.46,-87.54,-71.57,False
52.406246,-1.482472,142.49,12.47,3,91.51,18 / 18,192920,2019-09-04 19:24:33:093,0.5427,-0.8776,9.3287,0.0035,-0.0063,9.8066,0.0074,-0.0168,0.0107,-22.19,-29.37,6.5,36.17,-87.57,-73.31,False
52.406246,-1.482472,142.49,12.47,3,91.51,18 / 18,193021,2019-09-04 19:24:33:194,0.7203,-0.6201,9.8852,-0.0022,-0.0035,9.8066,-0.0284,0.0052,0.0289,-22.12,-29.19,6.63,35.88,-87.54,-73.61,False
52.406246,-1.482472,142.49,12.47,3,91.51,18 / 18,193121,2019-09-04 19:24:33:294,0.2897,-0.1519,10.3494,-0.0075,0.0028,9.8066,-0.0025,-0.0133,-0.0017,-22.44,-28.94,6.38,35.98,-87.44,-71.22,False
52.406246,-1.482472,142.49,12.47,3,91.51,18 / 18,193220,2019-09-04 19:24:33:393,0.0003,-0.0804,9.9618,0.0032,-0.0017,9.8066,0.0172,-0.0131,0.002,-22.06,-29.87,6.5,37.9,-87.44,-71.83,False
52.406242,-1.480952,141.09,11.17,3,92.35,18 / 18,193320,2019-09-04 19:24:33:493,0.9778,-0.2371,9.3581,0.0181,-0.005,9.8065,0.002,-0.0221,-0.0057,-21.87,-28.69,7.19,36.7,-87.45,-72.9,False
52.406242,-1.480952,141.09,11.17,3,92.35,18 / 18,193421,2019-09-04 19:24:33:594,0.2174,-0.2803,9.8461,-0.0008,0.0026,9.8066,-0.0006,-0.0103,-0.0056,-21.75,-29.0,6.81,34.39,-87.48,-75.07,False
52.406242,-1.480952,141.09,11.17,3,92.35,18 / 18,193520,2019-09-04 19:24:33:693,0.7036,-0.7077,9.9942,-0.0015,0.002,9.8065,-0.0017,-0.0066,-0.0027,-21.94,-28.94,6.63,34.92,-87.51,-74.54,False
52.406242,-1.480952,141.09,11.17,3,92.35,18 / 18,193620,2019-09-04 19:24:33:793,0.2485,0.047,9.5055,-0.0002,0.0036,9.8065,-0.0087,-0.0054,-0.0033,-22.44,-28.94,6.5,35.15,-87.5,-74.33,False
52.406242,-1.480952,141.09,11.17,3,92.35,18 / 18,193720,2019-09-04 19:24:33:893,-0.1528,0.0803,9.709,-0.0068,-0.0025,9.8066,-0.0105,-0.0321,-0.0299,-22.56,-29.62,6.69,35.58,-87.44,-73.23,False
52.406242,-1.480952,141.09,11.17,3,92.35,18 / 18,193820,2019-09-04 19:24:33:993,-0.0442,-0.2117,9.5834,0.002,-0.0005,9.8066,0.0262,-0.021,-0.0086,-22.56,-29.69,7.13,36.65,-87.41,-72.24,False
52.406242,-1.480952,141.09,11.17,3,92.35,18 / 18,193920,2019-09-04 19:24:34:093,0.4751,-0.1853,10.0396,0.0131,0.0033,9.8066,0.0207,0.0173,-0.0145,-22.75,-29.62,6.69,34.52,-87.47,-74.23,False
52.406242,-1.480952,141.09,11.17,3,92.35,18 / 18,194020,2019-09-04 19:24:34:193,1.0218,-0.3033,10.135,0.0014,0.0023,9.8066,-0.0096,0.0298,0.0179,-22.56,-29.5,7.5,34.66,-87.54,-76.21,False
52.406242,-1.480952,141.09,11.17,3,92.35,18 / 18,194121,2019-09-04 19:24:34:294,0.4252,-0.1636,9.6423,-0.0012,0.0056,9.8066,-0.0059,0.0336,0.0114,-22.87,-28.94,7.25,33.07,-87.61,-75.46,False
52.406242,-1.480952,141.09,11.17,3,92.35,18 / 18,194221,2019-09-04 19:24:34:394,2.485,0.5827,9.2451,0.0088,0.0067,9.8066,-0.0087,0.0914,0.0617,-22.25,-29.31,6.75,33.92,-87.73,-75.34,False
52.406242,-1.480952,141.09,11.17,3,92.35,18 / 18,194320,2019-09-04 19:24:34:493,-0.0338,0.0712,9.4985,-0.0052,0.0072,9.8066,-0.0249,0.0835,0.0272,-21.56,-29.62,7.0,33.19,-87.68,-76.13,False
52.406242,-1.480952,141.09,11.17,3,92.35,18 / 18,194421,2019-09-04 19:24:34:594,1.1834,1.0277,9.2046,-0.0123,0.011,9.8066,-0.0607,0.0379,0.0182,-21.87,-29.25,6.31,35.65,-87.69,-71.34,False
52.406242,-1.480952,141.09,11.17,3,92.35,18 / 18,194520,2019-09-04 19:24:34:693,-1.0389,0.2735,9.2951,-0.0061,0.003,9.8066,0.0193,-0.0438,-0.0621,-22.25,-29.31,6.44,40.1,-87.55,-67.2,False
52.406242,-1.480952,141.09,11.17,3,92.35,18 / 18,194621,2019-09-04 19:24:34:794,0.6508,-0.1941,9.7018,0.0064,-0.0017,9.8066,0.0351,0.0076,0.0037,-22.25,-29.19,6.75,43.44,-87.59,-66.32,False
52.406242,-1.480952,141.09,11.17,3,92.35,18 / 18,194721,2019-09-04 19:24:34:894,0.5552,-0.1097,10.109,0.0123,-0.0011,9.8066,0.0157,0.0142,-0.0066,-22.12,-29.44,6.88,38.21,-87.64,-71.3,False
52.406242,-1.480952,141.09,11.17,3,92.35,18 / 18,194820,2019-09-04 19:24:34:993,0.5111,-0.054,9.5768,-0.001,0.0032,9.8066,-0.0253,0.0063,-0.0162,-21.87,-29.56,6.75,36.25,-87.71,-73.18,False
52.406242,-1.480952,141.09,11.17,3,92.35,18 / 18,194920,2019-09-04 19:24:35:093,-0.1015,0.8258,8.9258,-0.0147,-0.0048,9.8066,-0.0284,-0.0091,-0.005,-22.37,-28.94,6.94,39.15,-87.71,-70.34,False
52.406242,-1.480952,141.09,11.17,3,92.35,18 / 18,195020,2019-09-04 19:24:35:193,0.1559,0.1208,9.7883,-0.0066,0.0054,9.8066,0.0019,0.0132,-0.0193,-22.37,-28.62,6.75,42.96,-87.59,-66.77,False
52.406242,-1.480952,141.09,11.17,3,92.35,18 / 18,195120,2019-09-04 19:24:35:293,-0.2008,0.2982,9.5868,0.0031,-0.0031,9.8066,0.0157,0.0221,0.0147,-21.81,-29.81,6.75,42.6,-87.6,-67.19,False
52.406242,-1.480952,141.09,11.17,3,92.35,18 / 18,195220,2019-09-04 19:24:35:393,0.3985,0.1276,9.9805,0.0042,-0.0073,9.8066,0.0077,0.0122,0.009,-21.81,-28.62,6.56,40.42,-87.6,-69.21,False
52.406242,-1.480952,141.09,11.17,3,92.35,18 / 18,195320,2019-09-04 19:24:35:493,0.2082,0.0756,10.1892,0.0036,0.0093,9.8066,0.0026,0.0143,-0.0267,-22.19,-29.25,6.38,35.93,-87.57,-71.16,False
52.406242,-1.480952,141.09,11.17,3,92.35,18 / 18,195421,2019-09-04 19:24:35:594,0.0456,-0.031,10.0288,-0.0015,0.0014,9.8066,-0.0043,0.013,0.0117,-21.56,-29.69,6.81,39.35,-87.64,-70.27,False
52.406242,-1.480952,141.09,11.17,3,92.35,18 / 18,195520,2019-09-04 19:24:35:693,0.8138,0.0713,9.7757,-0.0061,0.0006,9.8066,-0.006,-0.0133,-0.0274,-22.12,-29.06,6.25,37.76,-87.62,-69.38,False
52.406242,-1.480952,141.09,11.17,3,92.35,18 / 18,195621,2019-09-04 19:24:35:794,0.2712,-0.0521,9.6205,-0.0074,0.0029,9.8066,-0.0214,-0.0105,-0.0297,-22.06,-29.37,6.13,40.52,-87.59,-66.75,False
52.406242,-1.480952,141.09,11.17,3,92.35,18 / 18,195721,2019-09-04 19:24:35:894,0.3316,-0.2394,10.1612,-0.0042,-0.0034,9.8066,-0.0115,-0.0003,-0.0053,-21.87,-30.19,6.56,44.48,-87.54,-65.44,False
52.406242,-1.480952,141.09,11.17,3,92.35,18 / 18,195821,2019-09-04 19:24:35:994,0.3225,0.1324,9.7319,0.0043,0.0038,9.8066,0.0133,0.0109,-0.0119,-22.25,-29.44,6.31,42.54,-87.49,-64.9,False
52.406242,-1.480952,141.09,11.17,3,92.35,18 / 18,195920,2019-09-04 19:24:36:093,0.2807,-0.168,9.8583,0.0072,0.0025,9.8066,0.0053,0.0245,-0.0002,-22.19,-29.37,6.0,41.74,-87.59,-65.58,False
52.406242,-1.480952,141.09,11.17,3,92.35,18 / 18,196020,2019-09-04 19:24:36:193,0.2121,0.0606,10.1105,0.0028,0.0049,9.8066,-0.003,0.0116,-0.0182,-22.12,-29.37,6.31,41.09,-87.72,-66.09,False
52.406242,-1.480952,141.09,11.17,3,92.35,18 / 18,196121,2019-09-04 19:24:36:294,0.3221,0.1571,10.0343,0.0029,0.0069,9.8065,-0.0036,0.0145,-0.0173,-22.31,-29.37,5.63,42.07,-87.81,-65.07,False
52.406242,-1.480952,141.09,11.17,3,92.35,18 / 18,196221,2019-09-04 19:24:36:394,0.3483,0.1009,9.8771,0.0029,0.0043,9.8066,0.0014,0.0234,0.0007,-22.06,-29.56,6.19,43.02,-87.93,-64.11,False
52.406242,-1.480952,141.09,11.17,3,92.35,19 / 19,196320,2019-09-04 19:24:36:493,0.1141,-0.0976,10.0869,0.004,0.001,9.8066,0.0101,0.003,-0.0118,-21.69,-29.31,6.5,45.83,-87.95,-63.68,False
52.406242,-1.480952,141.09,11.17,3,92.35,19 / 19,196420,2019-09-04 19:24:36:593,0.3778,0.1278,9.8651,0.0042,0.0052,9.8066,0.0111,0.0007,-0.0227,-21.69,-29.81,5.94,42.54,-87.99,-64.52,False
52.406242,-1.480952,141.09,11.17,3,92.35,19 / 19,196521,2019-09-04 19:24:36:694,0.5803,-0.0713,9.6596,-0.0027,-0.0016,9.8066,-0.0138,-0.0065,-0.0138,-21.94,-29.62,6.19,41.56,-88.08,-65.38,False
52.406242,-1.480952,141.09,11.17,3,92.35,19 / 19,196620,2019-09-04 19:24:36:793,-0.1936,0.0323,9.549,-0.0048,0.004,9.8066,0.0011,-0.0097,-0.025,-22.5,-29.0,6.63,46.0,-88.07,-63.41,False
52.406242,-1.480952,141.09,11.17,3,92.35,19 / 19,196721,2019-09-04 19:24:36:894,0.0826,0.0594,10.0031,0.0083,0.0022,9.8066,0.0186,0.0049,-0.0077,-22.0,-29.94,6.44,44.45,-88.12,-62.55,False
52.406242,-1.480952,141.09,11.17,3,92.35,19 / 19,196820,2019-09-04 19:24:36:993,0.2194,0.0257,9.6602,0.0058,-0.0002,9.8066,0.0107,0.0054,-0.0006,-21.94,-29.94,6.19,41.32,-88.2,-65.52,False
52.406242,-1.480952,141.09,11.17,3,92.35,19 / 19,196920,2019-09-04 19:24:37:093,0.2398,0.2846,9.4573,0.0061,0.0026,9.8066,-0.0088,-0.0337,-0.0283,-21.87,-29.12,6.56,42.22,-88.25,-66.92,False
52.406242,-1.480952,141.09,11.17,3,92.35,19 / 19,197020,2019-09-04 19:24:37:193,-0.0054,-0.088,10.0946,-0.0063,0.0035,9.8066,-0.0234,0.008,-0.0072,-21.81,-29.19,6.38,41.01,-88.22,-65.74,False
52.406242,-1.480952,141.09,11.17,3,92.35,19 / 19,197120,2019-09-04 19:24:37:293,-0.2545,0.0074,10.1227,-0.0043,-0.0047,9.8066,-0.0059,-0.0208,-0.0172,-21.12,-29.5,5.94,44.91,-88.19,-62.75,False
52.406242,-1.480952,141.09,11.17,3,92.35,19 / 19,197220,2019-09-04 19:24:37:393,0.2226,0.1569,9.6337,0.0059,-0.0001,9.8066,0.0244,-0.0128,-0.0165,-21.5,-29.31,6.31,44.34,-88.19,-63.3,False
52.406242,-1.480952,141.09,11.17,3,92.35,18 / 18,197321,2019-09-04 19:24:37:494,0.4941,-0.2141,9.8427,0.0061,0.0,9.8066,0.0096,-0.0204,-0.0235,-21.69,-30.12,6.0,42.2,-88.22,-64.64,False
52.406242,-1.480952,141.09,11.17,3,92.35,18 / 18,197420,2019-09-04 19:24:37:593,0.1109,-0.3897,9.9003,-0.0021,0.001,9.8066,-0.0123,-0.005,-0.0151,-21.06,-29.87,6.25,42.12,-88.24,-65.46,False
52.406242,-1.480952,141.09,11.17,3,92.35,18 / 18,197521,2019-09-04 19:24:37:694,0.5013,0.7121,9.8884,-0.0003,0.0004,9.8066,0.007,-0.0117,-0.0021,-21.75,-29.69,6.69,44.96,-88.28,-64.28,False
52.406242,-1.480952,141.09,11.17,3,92.35,18 / 18,197620,2019-09-04 19:24:37:793,-0.308,-0.0184,9.9996,0.0023,0.0,9.8066,0.0069,-0.0256,-0.0308,-21.75,-29.62,5.75,41.09,-88.23,-65.7,False
52.406242,-1.480952,141.09,11.17,3,92.35,18 / 18,197721,2019-09-04 19:24:37:894,0.2798,-0.0417,10.1633,0.0033,-0.0053,9.8066,0.0031,0.0141,0.0125,-21.44,-29.56,6.38,39.67,-88.23,-67.84,False
52.406242,-1.480952,141.09,11.17,3,92.35,18 / 18,197821,2019-09-04 19:24:37:994,0.8824,0.3136,9.5964,0.0078,-0.0022,9.8065,0.0141,0.0063,0.0001,-21.37,-29.19,6.94,40.6,-88.24,-69.35,False
52.406242,-1.480952,141.09,11.17,3,92.35,18 / 18,197920,2019-09-04 19:24:38:093,-0.0859,-0.1019,9.638,-0.0065,0.0013,9.8066,-0.0101,0.0152,-0.002,-21.81,-29.69,6.38,35.93,-88.25,-70.69,False
52.406242,-1.480952,141.09,11.17,3,92.35,18 / 18,198020,2019-09-04 19:24:38:193,0.1957,-0.0088,10.362,-0.005,-0.0021,9.8066,-0.0124,0.0386,0.0349,-21.87,-29.62,6.31,38.28,-88.22,-68.44,False
52.406242,-1.480952,141.09,11.17,3,92.35,18 / 18,198120,2019-09-04 19:24:38:293,0.3097,0.6163,9.4376,0.0025,0.0025,9.8066,-0.0036,-0.0075,0.0113,-21.75,-29.5,6.38,38.79,-88.23,-67.88,False
52.406242,-1.480952,141.09,11.17,3,92.35,18 / 18,198220,2019-09-04 19:24:38:393,0.0325,-0.1612,9.8787,-0.002,-0.0081,9.8066,-0.0132,0.0063,0.0123,-21.25,-30.0,6.56,41.03,-88.14,-69.07,False
52.406242,-1.480952,141.09,11.17,3,92.35,18 / 18,198320,2019-09-04 19:24:38:493,0.3195,-0.2078,10.0444,0.0008,-0.0112,9.8066,-0.0077,-0.0039,0.0167,-21.94,-29.5,6.25,36.11,-88.07,-70.61,False
52.406242,-1.480952,141.09,11.17,3,92.35,18 / 18,198421,2019-09-04 19:24:38:594,0.2766,0.4526,9.5592,0.0,0.0015,9.8066,-0.0036,0.0235,-0.0023,-21.69,-29.62,6.13,36.06,-88.03,-70.74,False
52.406242,-1.480952,141.09,11.17,3,92.35,18 / 18,198520,2019-09-04 19:24:38:693,-0.2643,-0.12,9.9317,-0.0043,-0.0032,9.8066,0.007,-0.0098,-0.0288,-22.25,-29.37,6.25,36.59,-88.03,-70.17,False
52.406242,-1.480952,141.09,11.17,3,92.35,18 / 18,198620,2019-09-04 19:24:38:793,0.0551,-0.117,9.8978,0.0,-0.004,9.8066,-0.0211,-0.0477,-0.0363,-21.94,-29.81,6.44,36.45,-88.03,-70.36,False
52.406242,-1.480952,141.09,11.17,3,92.35,18 / 18,198724,2019-09-04 19:24:38:897,0.3738,0.3282,10.5467,-0.0003,0.0066,9.8066,-0.0042,0.0109,-0.0213,-22.0,-29.56,6.44,39.21,-88.03,-67.71,False
52.406242,-1.480952,141.09,11.17,3,92.35,18 / 18,198820,2019-09-04 19:24:38:993,-0.6982,-0.4573,9.5704,-0.0051,-0.0097,9.8066,0.0445,-0.0239,-0.0239,-22.0,-29.75,6.94,42.18,-88.08,-67.17,False
52.406242,-1.480952,141.09,11.17,3,92.35,18 / 18,198921,2019-09-04 19:24:39:094,-0.2089,0.241,9.2338,0.0048,-0.0016,9.8066,0.017,-0.0596,-0.065,-21.0,-29.37,6.44,36.17,-88.04,-71.33,False
52.406242,-1.480952,141.09,11.17,3,92.35,18 / 18,199020,2019-09-04 19:24:39:193,0.4355,0.6254,10.0191,0.0067,0.0043,9.8066,-0.0044,-0.01,-0.0257,-21.94,-29.37,6.13,33.58,-88.12,-73.01,False
52.406242,-1.480952,141.09,11.17,3,92.35,18 / 18,199121,2019-09-04 19:24:39:294,0.0957,-0.4081,10.4895,-0.0035,-0.0038,9.8066,-0.004,-0.0153,-0.0127,-22.06,-29.87,6.56,36.74,-88.1,-72.4,False
52.406242,-1.480952,141.09,11.17,3,92.35,18 / 18,199221,2019-09-04 19:24:39:394,-0.5317,-0.0043,8.9522,0.0049,-0.0006,9.8066,0.0096,-0.0311,-0.0352,-22.44,-29.31,6.0,33.97,-88.09,-72.66,False
52.406242,-1.480952,141.09,11.17,3,92.35,17 / 18,199321,2019-09-04 19:24:39:494,0.2989,0.1886,9.6316,0.0119,0.0024,9.8066,0.0088,0.0128,0.009,-21.56,-29.87,6.0,32.62,-88.13,-73.98,False
52.406242,-1.480952,141.09,11.17,3,92.35,17 / 18,199420,2019-09-04 19:24:39:593,0.2854,-0.2227,9.8292,0.0007,0.0033,9.8066,-0.0009,0.0047,-0.0192,-21.62,-29.37,6.88,32.73,-88.18,-76.18,False
52.406242,-1.480952,141.09,11.17,3,92.35,17 / 18,199520,2019-09-04 19:24:39:693,0.3257,-0.0059,9.3198,0.0009,0.0078,9.8066,-0.0112,0.0182,0.0035,-21.69,-29.37,5.69,31.88,-88.25,-74.56,False
52.406242,-1.480952,141.09,11.17,3,92.35,17 / 18,199620,2019-09-04 19:24:39:793,-0.0336,-0.0605,9.5484,-0.0051,0.0062,9.8066,-0.0072,0.0154,0.0094,-21.94,-29.44,6.06,34.87,-88.31,-71.63,False
52.406242,-1.480952,141.09,11.17,3,92.35,17 / 18,199721,2019-09-04 19:24:39:894,0.0106,-0.1552,9.9189,-0.0028,0.0088,9.8066,-0.0071,-0.002,-0.0285,-21.25,-29.44,6.38,37.05,-88.32,-70.24,False
52.406242,-1.480952,141.09,11.17,3,92.35,17 / 18,199821,2019-09-04 19:24:39:994,0.1229,0.2404,10.327,-0.0013,0.0049,9.8066,-0.0045,0.0005,-0.0102,-20.94,-29.62,6.13,40.55,-88.42,-66.82,False
52.406242,-1.480952,141.09,11.17,3,92.35,17 / 18,199921,2019-09-04 19:24:40:094,0.4095,0.0734,10.3664,0.0085,-0.0029,9.8066,0.0325,0.0045,0.0076,-21.25,-29.19,5.69,39.46,-88.42,-67.83,False
52.406242,-1.480952,141.09,11.17,3,92.35,17 / 18,200021,2019-09-04 19:24:40:194,0.4837,-0.2121,9.4842,0.0069,-0.0015,9.8066,-0.006,0.0145,0.0042,-21.06,-29.44,6.44,34.41,-88.44,-72.72,False
52.406242,-1.480952,141.09,11.17,3,92.35,17 / 18,200121,2019-09-04 19:24:40:294,0.4197,-0.2099,10.2514,-0.0069,-0.0003,9.8066,-0.027,0.0023,0.0196,-20.56,-28.87,6.13,33.45,-88.46,-73.63,False
52.406242,-1.480952,141.09,11.17,3,92.35,17 / 18,200221,2019-09-04 19:24:40:394,-0.1412,-0.126,10.022,-0.0041,-0.0018,9.8066,0.0009,0.0132,-0.0035,-21.06,-29.0,5.63,36.51,-88.36,-70.74,False
52.406242,-1.480952,141.09,11.17,3,92.35,16 / 18,200321,2019-09-04 19:24:40:494,0.4498,-0.0492,9.9351,0.0096,-0.0038,9.8066,0.0222,0.0343,0.0184,-21.0,-29.37,6.13,34.45,-88.4,-72.71,False
52.406242,-1.480952,141.09,11.17,3,92.35,16 / 18,200420,2019-09-04 19:24:40:593,0.463,-0.1891,9.8796,0.0071,-0.0085,9.8066,0.0081,-0.0013,0.0073,-21.25,-29.0,6.5,29.74,-88.41,-79.74,False
52.406242,-1.480952,141.09,11.17,3,92.35,16 / 18,200520,2019-09-04 19:24:40:693,0.5058,0.2314,9.2146,-0.0002,-0.002,9.8066,-0.0168,0.0206,0.0173,-21.31,-29.62,5.63,26.51,-88.37,-80.45,False
52.406242,-1.480952,141.09,11.17,3,92.35,16 / 18,200620,2019-09-04 19:24:40:793,-0.0689,0.1907,10.0735,-0.0039,-0.0037,9.8066,-0.0176,0.0082,-0.0023,-21.12,-29.75,6.19,27.46,-88.34,-79.55,False
52.406242,-1.480952,141.09,11.17,3,92.35,16 / 18,200721,2019-09-04 19:24:40:894,-0.0416,0.1037,9.9219,-0.0034,0.0014,9.8066,-0.0191,0.0281,0.0263,-21.19,-29.62,6.06,29.38,-88.31,-77.72,False
52.406242,-1.480952,141.09,11.17,3,92.35,16 / 18,200821,2019-09-04 19:24:40:994,0.4438,0.3709,9.5405,0.0037,0.0023,9.8066,0.005,0.0353,0.0109,-21.06,-29.5,6.31,30.34,-88.3,-76.75,False
52.406242,-1.480952,141.09,11.17,3,92.35,16 / 18,200920,2019-09-04 19:24:41:093,0.0218,-0.0088,9.8993,0.0027,-0.004,9.8066,0.0038,0.01,-0.0166,-21.06,-29.0,6.31,28.94,-88.28,-78.13,False
52.406242,-1.480952,141.09,11.17,3,92.35,16 / 18,201020,2019-09-04 19:24:41:193,0.2471,-0.0515,10.3106,0.0029,-0.0056,9.8066,0.0084,-0.0222,-0.0302,-21.56,-29.37,6.75,28.33,-88.29,-80.35,False
52.406242,-1.480952,141.09,11.17,3,92.35,16 / 18,201120,2019-09-04 19:24:41:293,0.1069,0.3151,9.7175,0.0071,0.0024,9.8066,0.0075,0.0212,0.0066,-21.87,-29.44,6.0,23.95,-88.31,-82.18,False
52.406242,-1.480952,141.09,11.17,3,92.35,16 / 18,201221,2019-09-04 19:24:41:394,0.1765,-0.1293,10.0293,-0.0025,-0.007,9.8066,-0.0059,0.0057,-0.0177,-22.0,-29.12,6.13,21.59,-88.35,-84.44,False
52.406242,-1.480952,141.09,11.17,3,92.35,18 / 18,201320,2019-09-04 19:24:41:493,0.1484,-0.0829,9.8085,-0.0047,0.0017,9.8066,-0.0009,-0.0138,-0.0071,-22.12,-29.81,6.13,22.06,-88.29,-84.05,False
52.406242,-1.480952,141.09,11.17,3,92.35,18 / 18,201420,2019-09-04 19:24:41:593,0.0101,0.5509,9.3863,-0.0014,0.0011,9.8066,0.0045,0.004,-0.01,-22.19,-29.5,6.81,26.02,-88.29,-82.59,False
52.406242,-1.480952,141.09,11.17,3,92.35,18 / 18,201520,2019-09-04 19:24:41:693,0.1138,-0.2049,10.3929,0.0015,0.0025,9.8065,0.0091,-0.023,-0.0495,-22.0,-30.0,6.19,24.47,-88.28,-81.74,False
52.406242,-1.480952,141.09,11.17,3,92.35,18 / 18,201621,2019-09-04 19:24:41:794,-0.047,0.1072,9.8555,0.0032,0.0049,9.8066,0.0101,-0.0041,-0.0197,-21.5,-29.56,6.38,24.73,-88.37,-82.16,False
52.406242,-1.480952,141.09,11.17,3,92.35,18 / 18,201721,2019-09-04 19:24:41:894,0.1967,0.4083,9.9116,-0.0033,0.0058,9.8066,-0.0188,0.0068,-0.0202,-21.56,-29.56,6.0,23.22,-88.43,-82.86,False
52.406242,-1.480952,141.09,11.17,3,92.35,18 / 18,201821,2019-09-04 19:24:41:994,0.3306,0.0292,10.2797,-0.0064,0.0101,9.8066,-0.0238,0.0237,-0.0168,-21.5,-29.25,5.56,27.23,-88.5,-79.64,False
52.406242,-1.480952,141.09,11.17,3,92.35,18 / 18,201920,2019-09-04 19:24:42:093,0.0802,0.2707,9.7055,-0.0036,0.0015,9.8066,0.0015,-0.0162,-0.0366,-21.87,-29.94,6.13,31.54,-88.61,-74.68,False
52.406242,-1.480952,141.09,11.17,3,92.35,18 / 18,202021,2019-09-04 19:24:42:194,0.5423,0.2168,9.4373,0.0032,0.0092,9.8066,0.0069,-0.0059,-0.013,-21.0,-30.0,6.0,34.33,-88.67,-72.65,False
52.406242,-1.480952,141.09,11.17,3,92.35,18 / 18,202121,2019-09-04 19:24:42:294,-0.193,0.2185,10.2416,0.0038,0.0029,9.8066,0.0202,0.0072,-0.0248,-21.62,-30.25,6.19,34.52,-88.69,-71.72,False
52.406242,-1.480952,141.09,11.17,3,92.35,18 / 18,202221,2019-09-04 19:24:42:394,0.0525,-0.1313,10.6002,0.0126,0.0032,9.8066,0.0302,0.0179,-0.0002,-21.06,-29.94,6.0,33.03,-88.73,-73.87,False
52.406223,-1.479399,139.17,12.21,3,90.03,19 / 19,202321,2019-09-04 19:24:42:494,0.8267,0.59,10.1167,0.0234,0.008,9.8066,0.0365,0.0155,-0.0151,-21.44,-29.62,6.31,21.48,-88.93,-85.0,False
52.406223,-1.479399,139.17,12.21,3,90.03,19 / 19,202420,2019-09-04 19:24:42:593,0.5025,-0.0701,9.9612,0.0008,-0.0006,9.8066,-0.0114,0.0077,-0.0197,-21.75,-29.56,6.0,15.77,-88.93,-89.88,False
52.406223,-1.479399,139.17,12.21,3,90.03,19 / 19,202521,2019-09-04 19:24:42:694,0.423,0.2908,9.0518,0.0008,-0.0006,9.8066,-0.0114,0.0077,-0.0197,-21.56,-29.56,5.75,15.48,-88.93,-90.16,False
52.406223,-1.479399,139.17,12.21,3,90.03,19 / 19,202620,2019-09-04 19:24:42:793,0.9609,1.0287,10.4341,-0.0319,0.0105,9.8065,0.0056,0.0082,0.0133,-21.19,-29.62,6.0,18.31,-88.93,-88.1,False
52.406223,-1.479399,139.17,12.21,3,90.03,19 / 19,202721,2019-09-04 19:24:42:894,-0.1778,-0.4626,9.6642,0.0149,-0.0077,9.8066,0.036,0.065,0.0642,-21.25,-29.75,6.25,24.68,-88.76,-81.99,False
52.406223,-1.479399,139.17,12.21,3,90.03,19 / 19,202820,2019-09-04 19:24:42:993,-0.0282,0.3679,8.7805,0.0079,-0.0175,9.8066,0.0223,-0.0125,0.0178,-21.12,-29.81,6.13,12.68,-88.58,-93.7,False
52.406223,-1.479399,139.17,12.21,3,90.03,19 / 19,202921,2019-09-04 19:24:43:094,0.1015,-0.6135,8.4728,-0.0256,-0.0112,9.8065,-0.0834,-0.0659,-0.0296,-21.87,-29.75,5.81,15.69,-88.3,-90.18,False
52.406223,-1.479399,139.17,12.21,3,90.03,19 / 19,203020,2019-09-04 19:24:43:193,-0.7062,-0.95,9.1844,-0.0271,0.0035,9.8065,-0.0339,-0.023,-0.0442,-22.06,-29.94,6.25,31.0,-88.05,-75.59,False
52.406223,-1.479399,139.17,12.21,3,90.03,19 / 19,203120,2019-09-04 19:24:43:293,-1.7525,1.2231,8.4611,0.008,0.0076,9.8066,0.0233,0.0063,-0.0146,-21.81,-29.69,5.38,32.57,-88.11,-71.6,False
52.406223,-1.479399,139.17,12.21,3,90.03,19 / 19,203220,2019-09-04 19:24:43:393,0.9191,0.9477,9.3928,0.0016,-0.0015,9.8066,0.015,0.0023,0.0028,-21.75,-29.12,5.56,33.54,-88.21,-72.99,False
52.406223,-1.479399,139.17,12.21,3,90.03,18 / 18,203321,2019-09-04 19:24:43:494,0.6577,0.5922,9.634,0.0063,0.004,9.8066,0.0202,-0.0035,-0.0131,-21.62,-29.44,6.38,30.96,-88.24,-75.46,False
52.406223,-1.479399,139.17,12.21,3,90.03,18 / 18,203420,2019-09-04 19:24:43:593,-0.1233,0.3761,9.7129,0.0017,-0.0087,9.8066,0.0116,0.0284,0.0443,-21.81,-29.25,5.56,27.65,-88.23,-78.66,False
52.406223,-1.479399,139.17,12.21,3,90.03,18 / 18,203521,2019-09-04 19:24:43:694,0.4966,0.1234,9.2215,-0.0014,-0.0101,9.8065,-0.014,-0.0023,0.024,-22.12,-29.44,6.25,25.87,-88.09,-80.46,False
52.406223,-1.479399,139.17,12.21,3,90.03,18 / 18,203620,2019-09-04 19:24:43:793,-0.0329,-0.1871,9.4897,-0.0127,-0.0101,9.8066,-0.0118,-0.0003,0.0055,-21.62,-29.81,5.44,25.97,-87.84,-78.11,False
52.406223,-1.479399,139.17,12.21,3,90.03,18 / 18,203721,2019-09-04 19:24:43:894,-0.2467,-0.3131,9.1742,-0.0005,0.0048,9.8066,-0.006,0.0249,0.0022,-21.62,-29.19,5.0,27.67,-87.78,-76.48,False
52.406223,-1.479399,139.17,12.21,3,90.03,18 / 18,203821,2019-09-04 19:24:43:994,-0.0679,-0.0188,9.7683,0.0053,0.0011,9.8066,0.0121,-0.0342,-0.0511,-21.44,-28.69,4.81,28.46,-87.86,-76.32,False
52.406223,-1.479399,139.17,12.21,3,90.03,18 / 18,203921,2019-09-04 19:24:44:094,-0.0352,0.2736,9.626,0.014,0.0167,9.8066,0.014,0.029,-0.0069,-21.87,-29.31,5.25,27.06,-88.01,-76.92,False
52.406223,-1.479399,139.17,12.21,3,90.03,18 / 18,204021,2019-09-04 19:24:44:194,0.3518,-0.5843,9.9756,0.0087,0.0076,9.8065,0.0146,0.001,-0.0442,-21.37,-29.37,4.94,25.22,-88.27,-79.17,False
52.406223,-1.479399,139.17,12.21,3,90.03,18 / 18,204121,2019-09-04 19:24:44:294,0.7684,0.1484,10.0596,0.0021,0.0009,9.8066,-0.0061,-0.0238,-0.0234,-21.31,-29.62,5.38,23.26,-88.43,-81.0,False
52.406223,-1.479399,139.17,12.21,3,90.03,18 / 18,204221,2019-09-04 19:24:44:394,0.0384,0.5306,9.4143,-0.0068,0.009,9.8066,-0.0287,-0.0269,-0.0228,-21.81,-29.31,5.5,25.63,-88.45,-80.49,False
52.406223,-1.479399,139.17,12.21,3,90.03,18 / 18,204320,2019-09-04 19:24:44:493,0.4404,-0.2571,10.2045,-0.0108,-0.0104,9.8066,-0.0122,0.0002,0.0226,-21.94,-29.37,5.38,28.7,-88.41,-75.09,False
52.406223,-1.479399,139.17,12.21,3,90.03,18 / 18,204421,2019-09-04 19:24:44:594,0.3522,0.2512,10.3803,-0.0085,-0.0095,9.8066,-0.0195,-0.0123,0.0124,-21.94,-29.44,5.75,32.94,-88.23,-73.55,False
52.406223,-1.479399,139.17,12.21,3,90.03,18 / 18,204521,2019-09-04 19:24:44:694,0.104,0.7572,10.1728,0.0027,-0.0068,9.8066,0.0132,0.0013,0.0423,-21.94,-29.37,5.19,30.45,-88.1,-73.61,False
52.406223,-1.479399,139.17,12.21,3,90.03,18 / 18,204621,2019-09-04 19:24:44:794,0.6049,-0.5209,9.926,0.0051,-0.0132,9.8066,0.0088,-0.0056,0.0198,-21.87,-29.37,4.63,25.99,-87.94,-77.98,False
52.406223,-1.479399,139.17,12.21,3,90.03,18 / 18,204721,2019-09-04 19:24:44:894,0.129,-0.4086,10.4339,0.0011,0.0063,9.8066,0.006,-0.0192,-0.0341,-22.19,-29.87,5.13,25.24,-87.93,-78.75,False
52.406223,-1.479399,139.17,12.21,3,90.03,18 / 18,204820,2019-09-04 19:24:44:993,0.2555,0.0085,9.6474,0.0069,0.0145,9.8066,0.0098,0.0027,-0.0181,-22.25,-29.75,5.38,25.73,-88.04,-78.22,False
52.406223,-1.479399,139.17,12.21,3,90.03,18 / 18,204921,2019-09-04 19:24:45:094,0.6834,-0.1629,10.2935,0.0081,0.0114,9.8066,0.0087,-0.0016,-0.038,-21.81,-29.25,5.75,26.82,-88.26,-79.44,False
52.406223,-1.479399,139.17,12.21,3,90.03,18 / 18,205021,2019-09-04 19:24:45:194,-0.3474,0.3853,9.9736,0.003,0.005,9.8066,0.0177,-0.0318,-0.0353,-21.81,-30.12,5.19,23.37,-88.44,-80.26,False
52.406223,-1.479399,139.17,12.21,3,90.03,18 / 18,205120,2019-09-04 19:24:45:293,0.1535,0.2953,9.5521,0.0103,-0.0059,9.8066,-0.0046,-0.0337,-0.0372,-22.19,-29.69,5.88,21.75,-88.42,-84.29,False
52.406223,-1.479399,139.17,12.21,3,90.03,18 / 18,205220,2019-09-04 19:24:45:393,1.1598,0.2173,10.7236,-0.0096,0.0079,9.8066,-0.0433,0.0109,0.0113,-22.12,-29.37,5.75,24.91,-88.49,-81.17,False
52.406223,-1.479399,139.17,12.21,3,90.03,18 / 18,205320,2019-09-04 19:24:45:493,0.3282,-0.1306,10.115,-0.0096,-0.007,9.8066,-0.0122,0.0112,0.0211,-22.31,-29.44,5.63,30.84,-88.38,-75.48,False
52.406223,-1.479399,139.17,12.21,3,90.03,18 / 18,205421,2019-09-04 19:24:45:594,0.8356,0.5603,9.8922,0.0056,-0.0083,9.8066,0.0298,0.0201,0.0377,-21.62,-29.06,6.5,34.28,-88.32,-74.57,False
52.406223,-1.479399,139.17,12.21,3,90.03,18 / 18,205521,2019-09-04 19:24:45:694,0.3319,0.2265,9.8272,0.0093,-0.0079,9.8066,0.0031,0.0339,0.0482,-22.25,-29.19,5.63,24.78,-88.23,-81.43,False
52.406223,-1.479399,139.17,12.21,3,90.03,18 / 18,205621,2019-09-04 19:24:45:794,0.695,-0.3672,9.6065,-0.0002,-0.0103,9.8066,0.0013,-0.0134,0.0019,-22.25,-29.94,5.5,21.04,-88.12,-85.12,False
52.406223,-1.479399,139.17,12.21,3,90.03,18 / 18,205720,2019-09-04 19:24:45:893,0.4286,-0.1218,10.0455,-0.0034,-0.006,9.8066,-0.0068,0.0155,0.0328,-22.37,-29.69,5.94,21.46,-88.06,-84.74,False
52.406223,-1.479399,139.17,12.21,3,90.03,18 / 18,205821,2019-09-04 19:24:45:994,-0.2317,0.0772,9.8253,-0.0041,-0.0019,9.8066,0.0085,-0.0216,-0.0191,-22.37,-29.37,5.63,22.93,-87.94,-83.36,False
52.406223,-1.479399,139.17,12.21,3,90.03,18 / 18,205921,2019-09-04 19:24:46:094,0.2155,-0.1931,9.7741,0.0035,0.0015,9.8066,0.0126,-0.001,-0.0063,-22.12,-29.31,5.13,19.63,-87.94,-84.08,False
52.406223,-1.479399,139.17,12.21,3,90.03,18 / 18,206021,2019-09-04 19:24:46:194,0.2586,0.4172,10.7587,0.0012,-0.0061,9.8066,0.0051,0.0033,0.0305,-22.56,-29.56,6.38,20.16,-87.94,-85.37,False
52.406223,-1.479399,139.17,12.21,3,90.03,18 / 18,206120,2019-09-04 19:24:46:293,0.7527,-0.2913,10.1802,-0.0017,-0.0042,9.8066,-0.0198,-0.0231,-0.0184,-22.69,-29.25,5.94,19.11,-87.85,-86.38,False
52.406223,-1.479399,139.17,12.21,3,90.03,18 / 18,206220,2019-09-04 19:24:46:393,0.7135,-0.7055,8.8878,-0.0131,0.0076,9.8066,-0.0412,0.0131,-0.0064,-22.06,-29.25,5.5,24.03,-87.82,-82.37,False
52.406223,-1.479399,139.17,12.21,3,90.03,19 / 19,206321,2019-09-04 19:24:46:494,-0.1,0.0262,10.1389,-0.0146,0.0063,9.8066,-0.015,-0.0035,-0.0447,-21.69,-29.69,5.5,29.57,-87.85,-77.1,False
52.406223,-1.479399,139.17,12.21,3,90.03,19 / 19,206420,2019-09-04 19:24:46:593,0.3025,0.3317,10.4737,0.0052,0.012,9.8066,0.0079,0.0371,0.0116,-21.0,-28.56,5.69,34.52,-87.92,-73.0,False
52.406223,-1.479399,139.17,12.21,3,90.03,19 / 19,206521,2019-09-04 19:24:46:694,-0.517,0.3144,9.7895,0.0097,0.0165,9.8066,0.0225,-0.0246,-0.0856,-20.5,-29.0,5.75,34.39,-88.14,-73.77,False
52.406223,-1.479399,139.17,12.21,3,90.03,19 / 19,206620,2019-09-04 19:24:46:793,1.3766,0.4305,9.7337,0.0173,-0.0015,9.8066,0.0115,0.0438,0.0917,-20.06,-30.12,5.13,28.35,-88.36,-76.83,False
52.406223,-1.479399,139.17,12.21,3,90.03,19 / 19,206720,2019-09-04 19:24:46:893,1.2486,0.0739,10.1691,-0.0004,-0.0156,9.8066,0.0153,0.0259,0.0323,-20.5,-29.69,5.56,24.26,-88.2,-83.52,False
52.406223,-1.479399,139.17,12.21,3,90.03,19 / 19,206820,2019-09-04 19:24:46:993,0.3383,0.5871,10.3493,-0.0126,-0.0057,9.8066,-0.0102,-0.0192,0.004,-21.0,-29.19,6.56,27.09,-87.93,-82.6,False
52.406223,-1.479399,139.17,12.21,3,90.03,19 / 19,206920,2019-09-04 19:24:47:093,0.3966,-0.2668,10.1988,0.0022,-0.0038,9.8066,0.0286,-0.0413,-0.0387,-21.44,-28.94,5.88,25.59,-87.79,-81.64,False
52.406223,-1.479399,139.17,12.21,3,90.03,19 / 19,207021,2019-09-04 19:24:47:194,-0.0906,-0.4082,10.247,0.0099,-0.0014,9.8066,0.0275,-0.0219,-0.0459,-21.44,-28.69,6.13,23.64,-87.76,-83.52,False
52.406223,-1.479399,139.17,12.21,3,90.03,19 / 19,207120,2019-09-04 19:24:47:293,0.3311,0.0831,10.5642,0.0105,0.0009,9.8066,0.0102,0.0361,0.018,-21.44,-28.5,5.63,19.13,-87.82,-87.74,False
52.406223,-1.479399,139.17,12.21,3,90.03,19 / 19,207220,2019-09-04 19:24:47:393,0.2452,0.3806,9.5847,-0.0002,0.0093,9.8066,-0.0267,0.0494,0.0128,-22.06,-28.56,5.5,16.9,-87.89,-89.14,False
52.406223,-1.479399,139.17,12.21,3,90.03,17 / 18,207320,2019-09-04 19:24:47:493,0.1354,0.3342,10.4377,-0.0067,0.0016,9.8066,0.0124,-0.0307,-0.0546,-22.56,-29.44,5.75,19.53,-87.85,-85.98,False
52.406223,-1.479399,139.17,12.21,3,90.03,17 / 18,207421,2019-09-04 19:24:47:594,0.0286,0.1886,10.3327,0.0112,0.0003,9.8066,0.0548,-0.0066,-0.0197,-21.69,-29.37,5.94,19.01,-87.9,-87.13,False
52.406223,-1.479399,139.17,12.21,3,90.03,17 / 18,207520,2019-09-04 19:24:47:693,0.8416,0.2201,10.1376,0.014,-0.0064,9.8066,0.0062,0.0186,0.0339,-21.75,-29.5,6.44,13.14,-87.94,-92.72,False
52.406223,-1.479399,139.17,12.21,3,90.03,17 / 18,207620,2019-09-04 19:24:47:793,-0.6161,0.3219,9.3644,-0.0035,-0.0066,9.8066,-0.0101,0.025,0.0445,-22.25,-29.06,5.88,10.78,-87.86,-94.99,False
52.406223,-1.479399,139.17,12.21,3,90.03,17 / 18,207720,2019-09-04 19:24:47:893,0.4222,-0.0154,10.4799,-0.0113,-0.0074,9.8066,-0.0171,-0.0065,-0.0028,-22.06,-29.37,5.81,13.79,-87.7,-92.17,False
52.406223,-1.479399,139.17,12.21,3,90.03,17 / 18,207821,2019-09-04 19:24:47:994,-0.4015,0.3956,9.7661,-0.0036,-0.0019,9.8065,-0.0046,-0.0244,-0.0106,-22.19,-29.5,6.13,16.47,-87.61,-89.66,False
52.406223,-1.479399,139.17,12.21,3,90.03,17 / 18,207921,2019-09-04 19:24:48:094,0.1655,0.3075,9.983,0.0089,0.0081,9.8066,0.0105,0.0322,0.0181,-22.37,-29.25,6.44,16.38,-87.66,-89.73,False
52.406223,-1.479399,139.17,12.21,3,90.03,17 / 18,208021,2019-09-04 19:24:48:194,0.1834,0.1431,9.8126,0.0072,0.005,9.8066,0.0027,0.0287,-0.0074,-22.44,-29.44,6.25,14.67,-87.76,-91.31,False
52.406223,-1.479399,139.17,12.21,3,90.03,17 / 18,208121,2019-09-04 19:24:48:294,-0.5238,0.3315,9.616,0.0064,0.0048,9.8066,-0.0028,0.0018,-0.0065,-21.62,-29.37,6.31,12.07,-87.92,-93.74,False
52.406223,-1.479399,139.17,12.21,3,90.03,17 / 17,208221,2019-09-04 19:24:48:394,0.2853,0.4794,10.0362,0.0018,0.0016,9.8066,0.003,0.0323,0.0434,-22.19,-29.37,6.38,11.57,-87.96,-94.22,False
52.406223,-1.479399,139.17,12.21,3,90.03,17 / 17,208321,2019-09-04 19:24:48:494,0.314,-0.0437,9.7927,-0.0008,0.001,9.8066,-0.0056,0.0443,0.0462,-22.12,-29.69,6.5,13.96,-87.92,-94.35,False
52.406223,-1.479399,139.17,12.21,3,90.03,17 / 17,208421,2019-09-04 19:24:48:594,-0.2163,-0.0793,9.8272,-0.0038,-0.0058,9.8066,-0.013,0.0268,0.0315,-21.37,-29.44,6.56,15.12,-87.88,-94.05,False
52.406223,-1.479399,139.17,12.21,3,90.03,17 / 17,208521,2019-09-04 19:24:48:694,-0.0933,0.0777,9.7724,-0.0013,0.0001,9.8066,-0.0033,0.0366,0.0262,-21.94,-29.31,7.13,15.0,-87.84,-93.36,False
52.406223,-1.479399,139.17,12.21,3,90.03,17 / 17,208620,2019-09-04 19:24:48:793,0.2271,0.128,9.4185,-0.0003,0.0004,9.8066,-0.0003,0.0349,0.0238,-22.25,-29.25,6.81,14.94,-87.86,-93.41,False
52.406223,-1.479399,139.17,12.21,3,90.03,17 / 17,208721,2019-09-04 19:24:48:894,-0.3322,0.3596,10.2756,0.0013,-0.0102,9.8066,0.0131,-0.0068,-0.0088,-21.94,-29.0,6.38,11.49,-87.78,-94.34,False
52.406223,-1.479399,139.17,12.21,3,90.03,17 / 17,208820,2019-09-04 19:24:48:993,-0.1661,0.3985,9.8359,0.0014,0.0022,9.8066,0.0002,-0.0272,-0.05,-21.94,-28.94,6.38,9.83,-87.76,-95.91,False
52.406223,-1.479399,139.17,12.21,3,90.03,17 / 17,208920,2019-09-04 19:24:49:093,0.2836,0.6906,9.5994,-0.0066,-0.0015,9.8066,-0.0054,-0.0856,-0.075,-22.69,-28.37,6.44,9.6,-87.8,-95.46,False
52.406223,-1.479399,139.17,12.21,3,90.03,17 / 17,209021,2019-09-04 19:24:49:194,-0.1903,0.439,9.6217,0.0022,0.0152,9.8066,-0.006,0.0057,-0.0333,-22.0,-28.81,6.06,11.86,-87.84,-93.97,False
52.406223,-1.479399,139.17,12.21,3,90.03,17 / 17,209121,2019-09-04 19:24:49:294,-0.018,0.0506,9.2231,0.0038,0.0073,9.8066,-0.0005,0.0172,-0.0088,-21.37,-29.25,6.0,13.05,-88.04,-93.5,False
52.406223,-1.479399,139.17,12.21,3,90.03,17 / 17,209221,2019-09-04 19:24:49:394,0.5611,0.609,10.0253,0.0018,0.0066,9.8066,-0.0143,0.0116,0.0026,-21.62,-28.94,6.19,11.72,-88.16,-94.01,False
52.406223,-1.479399,139.17,12.21,3,90.03,17 / 17,209320,2019-09-04 19:24:49:493,-0.2631,0.1897,9.6934,-0.002,0.0013,9.8066,0.0028,-0.0081,-0.0198,-21.62,-29.0,5.88,12.53,-88.17,-93.23,False
52.406223,-1.479399,139.17,12.21,3,90.03,17 / 17,209421,2019-09-04 19:24:49:594,-0.2791,0.167,9.5378,-0.0001,0.0004,9.8066,-0.0054,-0.0016,-0.0062,-22.06,-28.56,6.06,13.4,-88.16,-92.41,False
52.406223,-1.479399,139.17,12.21,3,90.03,17 / 17,209521,2019-09-04 19:24:49:694,0.1293,-0.1132,10.1096,-0.004,-0.0072,9.8066,-0.0133,0.0367,0.0471,-21.44,-28.81,6.13,14.42,-88.15,-92.14,False
52.406223,-1.479399,139.17,12.21,3,90.03,17 / 17,209620,2019-09-04 19:24:49:793,-0.2723,-0.0472,9.1039,-0.0039,-0.0071,9.8066,0.0069,-0.0013,0.0026,-21.81,-29.06,5.44,12.01,-88.05,-91.32,False
52.406223,-1.479399,139.17,12.21,3,90.03,17 / 17,209720,2019-09-04 19:24:49:893,0.0686,0.1873,9.8791,0.003,-0.0045,9.8066,-0.0013,0.0168,0.0335,-22.19,-29.12,5.94,15.15,-87.88,-90.82,False
52.406223,-1.479399,139.17,12.21,3,90.03,17 / 17,209820,2019-09-04 19:24:49:993,-0.4842,-0.0277,9.6413,-0.003,-0.0161,9.8066,-0.0016,0.0125,0.0444,-22.19,-28.5,6.0,14.2,-87.69,-91.76,False
52.406223,-1.479399,139.17,12.21,3,90.03,17 / 17,209920,2019-09-04 19:24:50:093,0.1547,0.3415,10.2215,0.0036,-0.0081,9.8066,0.0171,-0.0321,-0.013,-22.75,-28.69,5.75,13.86,-87.58,-91.48,False
52.406223,-1.479399,139.17,12.21,3,90.03,17 / 17,210020,2019-09-04 19:24:50:193,0.1107,0.1077,9.3315,0.0082,-0.0087,9.8066,0.0239,-0.0283,-0.0187,-22.31,-28.75,5.88,11.52,-87.44,-94.39,False
52.406223,-1.479399,139.17,12.21,3,90.03,17 / 17,210120,2019-09-04 19:24:50:293,0.1272,-0.1868,9.9757,0.0018,-0.0085,9.8066,-0.0117,0.0035,-0.0036,-23.06,-29.19,5.94,9.45,-87.38,-95.71,False
52.406223,-1.479399,139.17,12.21,3,90.03,17 / 17,210220,2019-09-04 19:24:50:393,-0.3133,0.4235,10.343,-0.0029,0.0053,9.8066,-0.0129,0.024,0.0091,-22.81,-28.87,6.56,12.81,-87.43,-94.82,False
52.406223,-1.479399,139.17,12.21,3,90.03,17 / 17,210320,2019-09-04 19:24:50:493,0.1593,0.6129,9.8032,0.0085,0.0046,9.8066,0.009,0.0518,0.0287,-22.87,-28.5,6.31,10.43,-87.5,-94.73,False
52.406223,-1.479399,139.17,12.21,3,90.03,17 / 17,210421,2019-09-04 19:24:50:594,0.3451,-0.1536,10.4941,0.0009,-0.0024,9.8066,-0.0108,0.0102,-0.0036,-22.37,-28.81,6.44,9.13,-87.52,-96.63,False
52.406223,-1.479399,139.17,12.21,3,90.03,17 / 17,210520,2019-09-04 19:24:50:693,0.1419,0.381,10.6528,-0.0054,0.0031,9.8066,-0.0224,0.0356,0.0419,-22.44,-28.37,6.81,11.89,-87.56,-96.38,False
52.406223,-1.479399,139.17,12.21,3,90.03,17 / 17,210620,2019-09-04 19:24:50:793,0.4572,0.3965,9.746,-0.0018,-0.002,9.8066,-0.0042,0.0495,0.0357,-22.69,-28.06,6.88,12.77,-87.55,-94.8,False
52.406223,-1.479399,139.17,12.21,3,90.03,17 / 17,210721,2019-09-04 19:24:50:894,0.3191,0.3622,9.658,-0.0021,-0.0001,9.8066,-0.0135,0.0343,0.0348,-22.44,-28.0,6.25,11.5,-87.51,-94.38,False
52.406223,-1.479399,139.17,12.21,3,90.03,17 / 17,210821,2019-09-04 19:24:50:994,-0.073,-0.1213,10.0316,-0.006,-0.0058,9.8066,-0.0041,0.0127,0.0093,-22.44,-28.25,6.38,12.21,-87.5,-93.7,False
52.406223,-1.479399,139.17,12.21,3,90.03,17 / 17,210921,2019-09-04 19:24:51:094,0.0183,0.4593,9.3282,0.0003,0.0023,9.8066,-0.0098,-0.0067,-0.0083,-22.44,-27.69,6.25,13.01,-87.48,-92.96,False
52.406223,-1.479399,139.17,12.21,3,90.03,17 / 17,211021,2019-09-04 19:24:51:194,0.2854,-0.1453,9.4963,-0.0015,0.004,9.8066,0.002,-0.0013,-0.0342,-22.87,-27.87,6.0,12.74,-87.54,-92.53,False
52.406223,-1.479399,139.17,12.21,3,90.03,17 / 17,211120,2019-09-04 19:24:51:293,-0.4384,-0.1942,9.7947,-0.0059,0.0008,9.8066,-0.0028,0.0017,-0.0195,-22.69,-27.94,6.5,16.2,-87.6,-91.52,False
52.406223,-1.479399,139.17,12.21,3,90.03,17 / 17,211221,2019-09-04 19:24:51:394,0.5794,0.2963,10.131,0.0091,0.0061,9.8066,0.0091,0.062,0.0374,-22.37,-28.19,6.25,13.57,-87.72,-92.36,False
52.406223,-1.47771,137.65,12.69,3,89.31,18 / 18,211321,2019-09-04 19:24:51:494,0.0511,0.0181,10.1577,0.0097,-0.0022,9.8066,0.0155,-0.0008,-0.0075,-22.56,-27.87,6.5,14.24,-87.67,-93.37,False
52.406223,-1.47771,137.65,12.69,3,89.31,18 / 18,211420,2019-09-04 19:24:51:593,-0.1158,0.0188,9.9071,0.0,-0.0001,9.8066,0.0027,-0.0004,-0.0114,-22.75,-28.12,6.44,10.09,-87.63,-95.03,False
52.406223,-1.47771,137.65,12.69,3,89.31,18 / 18,211521,2019-09-04 19:24:51:694,0.8778,0.4993,9.9095,-0.0006,-0.0044,9.8066,-0.0211,0.0661,0.0745,-22.5,-28.06,7.0,12.1,-87.72,-96.14,False
52.406223,-1.47771,137.65,12.69,3,89.31,18 / 18,211620,2019-09-04 19:24:51:793,-0.2104,0.4024,9.9278,-0.0052,-0.0067,9.8066,0.0017,0.0041,-0.0047,-22.37,-28.37,6.38,10.96,-87.62,-94.86,False
52.406223,-1.47771,137.65,12.69,3,89.31,18 / 18,211720,2019-09-04 19:24:51:893,0.2107,0.376,11.1412,-0.0002,-0.0015,9.8066,0.0341,-0.0497,-0.0571,-22.56,-28.19,5.88,10.7,-87.59,-94.46,False
52.406223,-1.47771,137.65,12.69,3,89.31,18 / 18,211821,2019-09-04 19:24:51:994,0.4819,-0.1102,10.0451,0.0105,-0.0054,9.8066,0.0186,-0.0093,-0.023,-22.0,-28.62,5.94,9.63,-87.62,-96.14,False
52.406223,-1.47771,137.65,12.69,3,89.31,18 / 18,211921,2019-09-04 19:24:52:094,1.292,-0.0845,8.976,0.0004,0.0011,9.8066,-0.0322,0.0133,0.0142,-21.94,-29.56,6.19,6.49,-87.6,-99.13,False
52.406223,-1.47771,137.65,12.69,3,89.31,18 / 18,212021,2019-09-04 19:24:52:194,-0.7253,-0.392,9.7171,-0.0063,0.0059,9.8065,-0.0075,0.0234,0.0052,-21.87,-29.12,6.44,9.35,-87.62,-96.4,False
52.406223,-1.47771,137.65,12.69,3,89.31,18 / 18,212121,2019-09-04 19:24:52:294,-0.2184,0.1723,10.0024,0.0028,0.0082,9.8066,0.0036,0.0225,-0.0088,-21.87,-28.81,6.31,9.58,-87.73,-96.16,False
52.406223,-1.47771,137.65,12.69,3,89.31,18 / 18,212221,2019-09-04 19:24:52:394,-0.6311,0.4963,9.4417,-0.0057,0.0047,9.8066,-0.0178,-0.0323,-0.0555,-21.5,-28.69,6.63,13.11,-87.84,-95.97,False
52.406223,-1.47771,137.65,12.69,3,89.31,18 / 19,212320,2019-09-04 19:24:52:493,0.7566,-0.083,10.3988,-0.0014,0.0116,9.8066,0.004,-0.0242,-0.042,-22.06,-28.69,6.06,11.9,-87.93,-93.91,False
52.406223,-1.47771,137.65,12.69,3,89.31,18 / 19,212421,2019-09-04 19:24:52:594,-0.6635,0.4143,9.4219,-0.0043,-0.0002,9.8066,0.0054,-0.0259,-0.0347,-22.0,-28.56,6.31,12.58,-88.04,-93.23,False
52.406223,-1.47771,137.65,12.69,3,89.31,18 / 19,212521,2019-09-04 19:24:52:694,-0.0326,0.7053,10.096,-0.0014,0.0026,9.8066,0.0082,0.0014,-0.0034,-21.87,-28.94,6.31,13.45,-88.09,-92.38,False
52.406223,-1.47771,137.65,12.69,3,89.31,18 / 19,212621,2019-09-04 19:24:52:794,0.2811,0.119,9.8023,0.0044,-0.0052,9.8066,0.0074,-0.0089,-0.0013,-22.75,-28.37,5.81,11.24,-88.05,-93.84,False
52.406223,-1.47771,137.65,12.69,3,89.31,18 / 19,212720,2019-09-04 19:24:52:893,0.0309,0.221,9.2839,-0.0037,-0.0065,9.8066,-0.0058,0.0221,0.0302,-22.31,-29.0,6.06,11.04,-88.03,-94.71,False
52.406223,-1.47771,137.65,12.69,3,89.31,18 / 19,212821,2019-09-04 19:24:52:994,0.2561,0.4305,10.1462,-0.0049,-0.009,9.8066,-0.0049,-0.0258,-0.0105,-21.81,-28.69,6.31,12.78,-87.85,-93.09,False
52.406223,-1.47771,137.65,12.69,3,89.31,18 / 19,212921,2019-09-04 19:24:53:094,0.1289,-0.0367,9.1735,-0.0055,0.0,9.8066,-0.029,0.0539,0.0582,-22.69,-28.31,6.06,13.76,-87.76,-91.5,False
52.406223,-1.47771,137.65,12.69,3,89.31,18 / 19,213021,2019-09-04 19:24:53:194,-0.0274,-0.159,10.0423,-0.0091,-0.0064,9.8066,-0.0184,0.0391,0.032,-22.12,-28.37,6.69,19.25,-87.7,-89.33,False
52.406223,-1.47771,137.65,12.69,3,89.31,18 / 19,213120,2019-09-04 19:24:53:293,-0.0132,0.2806,9.9771,-0.0044,-0.0035,9.8066,0.0224,-0.0059,-0.001,-22.37,-28.62,5.5,19.13,-87.57,-87.16,False
52.406223,-1.47771,137.65,12.69,3,89.31,17 / 19,213221,2019-09-04 19:24:53:394,0.1513,0.4406,10.0784,0.0075,-0.0053,9.8066,0.0293,0.0232,0.0077,-23.19,-28.25,6.5,18.85,-87.51,-89.03,False
52.406223,-1.47771,137.65,12.69,3,89.31,17 / 19,213321,2019-09-04 19:24:53:494,0.6299,0.2122,9.5174,0.0008,-0.0093,9.8066,0.0012,0.0214,0.0174,-22.81,-28.19,6.31,14.11,-87.45,-91.26,False
52.406223,-1.47771,137.65,12.69,3,89.31,17 / 19,213421,2019-09-04 19:24:53:594,0.2625,0.0243,9.633,-0.009,-0.0047,9.8066,-0.0235,0.0031,-0.0022,-22.75,-27.75,6.69,17.55,-87.3,-90.35,False
52.406223,-1.47771,137.65,12.69,3,89.31,17 / 19,213520,2019-09-04 19:24:53:693,0.1098,0.3381,8.8984,-0.0129,0.0026,9.8066,-0.0318,0.0266,0.0113,-22.69,-28.31,5.0,15.87,-87.25,-87.31,False
52.406223,-1.47771,137.65,12.69,3,89.31,17 / 19,213621,2019-09-04 19:24:53:794,0.013,-0.0058,9.8061,-0.0118,0.0009,9.8066,-0.02,0.0571,0.0295,-22.19,-28.37,5.0,19.55,-87.23,-84.42,False
52.406223,-1.47771,137.65,12.69,3,89.31,17 / 19,213721,2019-09-04 19:24:53:894,-0.4471,0.5832,10.0749,0.0094,-0.0044,9.8066,0.0199,0.0432,0.0298,-21.69,-28.44,5.38,21.71,-87.21,-82.4,False
52.406223,-1.47771,137.65,12.69,3,89.31,17 / 19,213820,2019-09-04 19:24:53:993,0.1905,0.742,9.6089,0.016,-0.0053,9.8066,0.0366,0.0736,0.0501,-21.87,-28.12,5.25,16.58,-87.19,-87.24,False
52.406223,-1.47771,137.65,12.69,3,89.31,17 / 19,213921,2019-09-04 19:24:54:094,0.1193,0.2944,9.6989,0.0041,-0.0038,9.8066,-0.0033,0.0485,0.0343,-22.25,-28.56,5.0,13.44,-87.12,-90.24,False
52.406223,-1.47771,137.65,12.69,3,89.31,17 / 19,214021,2019-09-04 19:24:54:194,-0.2237,-0.3965,9.5617,-0.0015,-0.0021,9.8066,-0.016,0.0369,0.0163,-22.5,-28.44,5.13,13.01,-87.02,-90.64,False
52.406223,-1.47771,137.65,12.69,3,89.31,17 / 19,214121,2019-09-04 19:24:54:294,0.2199,0.2713,9.616,0.0021,0.0106,9.8066,-0.0169,0.1195,0.0801,-22.94,-29.12,5.13,13.1,-87.08,-90.0,False
52.406223,-1.47771,137.65,12.69,3,89.31,17 / 19,214220,2019-09-04 19:24:54:393,0.3666,-0.4813,9.8353,0.0029,-0.008,9.8066,0.016,0.0236,-0.0406,-22.56,-29.12,5.13,13.05,-87.12,-90.03,False
52.406223,-1.47771,137.65,12.69,3,89.31,18 / 18,214320,2019-09-04 19:24:54:493,-0.1001,1.2262,11.0063,0.0055,0.0103,9.8066,0.0087,0.0007,-0.0527,-22.87,-28.94,5.19,12.41,-87.17,-90.62,False
52.406223,-1.47771,137.65,12.69,3,89.31,18 / 18,214421,2019-09-04 19:24:54:594,-0.3772,0.8786,9.4672,0.0036,0.0011,9.8066,0.0395,0.0131,-0.0208,-21.75,-29.25,5.38,12.04,-87.3,-91.5,False
52.406223,-1.47771,137.65,12.69,3,89.31,18 / 18,214520,2019-09-04 19:24:54:693,0.6417,0.8922,10.2862,0.012,-0.014,9.8065,0.048,-0.0035,-0.0279,-20.81,-29.87,5.06,8.59,-87.3,-95.37,False
52.406223,-1.47771,137.65,12.69,3,89.31,18 / 18,214621,2019-09-04 19:24:54:794,0.4784,0.1775,10.0202,0.0042,-0.0084,9.8066,0.0043,0.0278,0.0098,-21.0,-30.37,5.44,4.38,-87.17,-99.32,False
52.406223,-1.47771,137.65,12.69,3,89.31,18 / 18,214721,2019-09-04 19:24:54:894,-0.2001,-0.0017,7.6926,-0.007,-0.0049,9.8066,-0.0146,0.0408,0.0102,-21.25,-29.56,5.81,7.8,-87.15,-98.69,False
52.406223,-1.47771,137.65,12.69,3,89.31,18 / 18,214821,2019-09-04 19:24:54:994,0.6886,-0.055,10.2602,-0.0098,0.001,9.8066,-0.0107,0.0223,-0.0155,-22.75,-29.06,5.44,5.09,-87.08,-97.5,False
52.406223,-1.47771,137.65,12.69,3,89.31,18 / 18,214920,2019-09-04 19:24:55:093,0.2358,0.2601,10.0007,0.0054,0.0053,9.8066,-0.0009,0.0714,0.0075,-22.44,-28.75,4.63,7.15,-87.13,-96.12,False
52.406223,-1.47771,137.65,12.69,3,89.31,18 / 18,215021,2019-09-04 19:24:55:194,0.2593,0.9083,10.3706,0.0102,0.0064,9.8066,-0.0097,0.1058,0.0437,-21.5,-28.94,5.13,5.23,-87.28,-98.5,False
52.406223,-1.47771,137.65,12.69,3,89.31,18 / 18,215121,2019-09-04 19:24:55:294,0.6941,0.8647,10.2625,0.0052,0.0,9.8066,0.0175,0.0376,-0.014,-21.94,-28.94,5.0,3.86,-87.3,-99.18,False
52.406223,-1.47771,137.65,12.69,3,89.31,18 / 18,215220,2019-09-04 19:24:55:393,0.1274,0.3023,10.4158,0.0023,0.0,9.8066,0.0013,0.0126,-0.0301,-22.0,-29.37,4.81,2.45,-87.3,-100.51,False
52.406223,-1.47771,137.65,12.69,3,89.31,17 / 18,215320,2019-09-04 19:24:55:493,0.5339,0.521,10.3798,0.0021,0.0041,9.8066,0.0201,0.0053,-0.0302,-22.44,-29.25,4.56,2.04,-87.35,-100.89,False
52.406223,-1.47771,137.65,12.69,3,89.31,17 / 18,215421,2019-09-04 19:24:55:594,0.3733,0.2256,9.475,0.0075,0.0038,9.8066,0.0143,0.0408,-0.0076,-22.31,-29.06,5.13,0.99,-87.41,-101.88,False
52.406223,-1.47771,137.65,12.69,3,89.31,17 / 18,215522,2019-09-04 19:24:55:695,0.0644,0.2281,9.9373,0.0029,0.0041,9.8066,0.0056,0.061,-0.0166,-22.12,-29.25,4.38,356.06,-87.49,-104.02,False
52.406223,-1.47771,137.65,12.69,3,89.31,17 / 18,215621,2019-09-04 19:24:55:794,-0.1493,0.6667,9.4433,0.0028,0.0092,9.8066,-0.0046,0.0853,0.0333,-21.87,-29.62,4.63,357.25,-87.64,-105.4,False
52.406223,-1.47771,137.65,12.69,3,89.31,17 / 18,215720,2019-09-04 19:24:55:893,0.3806,0.6054,10.0983,0.0047,0.0095,9.8065,0.0001,0.0432,-0.0087,-22.06,-29.75,4.81,356.27,-87.71,-106.33,False
52.406223,-1.47771,137.65,12.69,3,89.31,17 / 18,215821,2019-09-04 19:24:55:994,-0.4809,0.3843,9.0457,0.0002,0.0059,9.8066,-0.0045,0.0563,0.0102,-22.12,-28.94,4.31,351.84,-87.84,-108.06,False
52.406223,-1.47771,137.65,12.69,3,89.31,17 / 18,215921,2019-09-04 19:24:56:094,0.4113,0.8833,10.4175,-0.0023,0.0064,9.8066,-0.0095,0.0329,0.0021,-21.87,-29.25,4.81,353.9,-87.89,-108.61,False
52.406223,-1.47771,137.65,12.69,3,89.31,17 / 18,216021,2019-09-04 19:24:56:194,0.4569,1.1592,10.1536,-0.0031,0.0015,9.8066,-0.0141,0.056,0.0327,-21.87,-29.81,4.31,351.9,-87.94,-108.01,False
52.406223,-1.47771,137.65,12.69,3,89.31,17 / 18,216120,2019-09-04 19:24:56:293,-0.5389,0.3496,9.3482,-0.0062,-0.0147,9.8066,-0.0008,0.0356,0.0036,-22.12,-29.19,4.69,356.98,-87.85,-105.68,False
52.406223,-1.47771,137.65,12.69,3,89.31,17 / 18,216221,2019-09-04 19:24:56:394,0.1781,0.2207,9.3807,-0.0015,-0.0017,9.8066,-0.0076,0.0527,0.0248,-21.62,-29.0,4.38,355.47,-87.77,-104.61,False
52.406223,-1.47771,137.65,12.69,3,89.31,18 / 18,216320,2019-09-04 19:24:56:493,0.0002,0.0203,9.5182,-0.0062,0.01,9.8066,-0.0296,0.0693,0.0194,-22.69,-29.25,4.75,359.45,-87.76,-102.79,False
52.406223,-1.47771,137.65,12.69,3,89.31,18 / 18,216421,2019-09-04 19:24:56:594,-0.3372,0.3785,9.7238,-0.0065,0.0068,9.8066,-0.004,0.0344,-0.0199,-21.81,-29.19,3.88,1.44,-87.87,-98.94,False
52.406223,-1.47771,137.65,12.69,3,89.31,18 / 18,216520,2019-09-04 19:24:56:693,0.8118,0.7924,9.4799,0.0072,0.0037,9.8066,0.0271,0.03,-0.0345,-22.12,-28.81,4.44,1.23,-87.97,-99.14,False
52.406223,-1.47771,137.65,12.69,3,89.31,18 / 18,216621,2019-09-04 19:24:56:794,0.618,0.6632,9.8483,0.01,0.0059,9.8066,0.021,0.034,-0.0246,-22.25,-29.19,3.81,358.91,-88.02,-101.34,False
52.406223,-1.47771,137.65,12.69,3,89.31,18 / 18,216720,2019-09-04 19:24:56:893,0.023,0.2501,9.7107,0.0017,-0.0004,9.8066,-0.0055,0.0776,0.0311,-21.94,-28.75,3.56,355.42,-88.08,-104.68,False
52.406223,-1.47771,137.65,12.69,3,89.31,18 / 18,216821,2019-09-04 19:24:56:994,0.4873,0.8409,9.9155,0.0007,-0.0004,9.8066,0.0029,0.1034,0.0625,-21.44,-29.19,4.25,356.48,-88.02,-104.14,False
52.406223,-1.47771,137.65,12.69,3,89.31,18 / 18,216921,2019-09-04 19:24:57:094,-0.0218,0.8712,9.8048,-0.0048,-0.0078,9.8066,-0.0091,0.0381,-0.0172,-22.25,-29.19,3.75,357.27,-87.94,-102.91,False
52.406223,-1.47771,137.65,12.69,3,89.31,18 / 18,217021,2019-09-04 19:24:57:194,-0.0952,0.2379,9.6235,-0.0026,0.0003,9.8066,0.0083,0.0284,-0.0295,-21.94,-29.19,3.63,359.89,-87.87,-100.41,False
52.406223,-1.47771,137.65,12.69,3,89.31,18 / 18,217120,2019-09-04 19:24:57:293,0.5951,0.8866,9.6747,0.0033,0.0036,9.8066,0.0207,0.0905,0.0421,-21.62,-28.69,4.25,359.1,-87.91,-101.16,False
52.406223,-1.47771,137.65,12.69,3,89.31,18 / 18,217221,2019-09-04 19:24:57:394,0.0257,0.885,9.0499,0.0019,-0.002,9.8066,0.0062,0.0187,-0.0501,-21.81,-28.69,3.44,357.06,-87.75,-100.56,False
52.406223,-1.47771,137.65,12.69,3,89.31,19 / 19,217321,2019-09-04 19:24:57:494,0.6674,0.6346,10.5219,-0.0022,0.0049,9.8066,0.0239,0.066,0.002,-22.25,-29.12,3.69,359.54,-87.82,-100.74,False
52.406223,-1.47771,137.65,12.69,3,89.31,19 / 19,217420,2019-09-04 19:24:57:593,0.655,0.8344,10.4881,0.0042,0.0108,9.8066,0.018,-0.056,-0.1456,-21.44,-29.19,3.19,356.4,-87.83,-101.54,False
52.406223,-1.47771,137.65,12.69,3,89.31,19 / 19,217520,2019-09-04 19:24:57:693,0.2082,0.3872,9.1712,0.002,0.0142,9.8066,0.0007,0.0333,-0.0439,-22.44,-28.87,3.31,354.95,-87.99,-102.58,False
52.406223,-1.47771,137.65,12.69,3,89.31,19 / 19,217621,2019-09-04 19:24:57:794,-0.0188,0.9742,9.8347,0.0006,0.0152,9.8066,0.0075,0.0805,-0.0042,-21.56,-29.19,2.44,351.93,-88.17,-102.92,False
52.406223,-1.47771,137.65,12.69,3,89.31,19 / 19,217721,2019-09-04 19:24:57:894,0.2465,0.8598,8.7947,0.0029,-0.0053,9.8066,0.0117,0.0392,-0.0055,-21.37,-29.69,3.5,354.61,-88.21,-105.94,False
52.406223,-1.47771,137.65,12.69,3,89.31,19 / 19,217821,2019-09-04 19:24:57:994,0.5769,0.9787,10.0576,0.0032,-0.0039,9.8066,-0.003,0.0375,-0.003,-21.75,-29.06,2.94,351.07,-88.14,-106.31,False
52.406223,-1.47771,137.65,12.69,3,89.31,19 / 19,217921,2019-09-04 19:24:58:094,-0.3128,0.6825,9.5714,-0.0136,-0.0015,9.8066,-0.0447,0.1215,0.0359,-22.0,-29.44,3.06,353.42,-88.08,-104.05,False
52.406223,-1.47771,137.65,12.69,3,89.31,19 / 19,218021,2019-09-04 19:24:58:194,0.4229,1.0554,10.9146,-0.0125,0.0,9.8066,-0.0201,0.0606,0.0109,-21.62,-29.25,2.81,0.86,-88.09,-96.94,False
52.406223,-1.47771,137.65,12.69,3,89.31,19 / 19,218120,2019-09-04 19:24:58:293,0.2584,0.6247,9.9344,0.0145,-0.0045,9.8065,0.0424,0.0668,0.0151,-21.81,-29.12,3.13,1.02,-88.06,-96.79,False
52.406223,-1.47771,137.65,12.69,3,89.31,19 / 19,218221,2019-09-04 19:24:58:394,0.4358,0.9782,9.2411,0.0154,0.0045,9.8066,0.0154,0.0572,-0.0443,-21.5,-29.12,3.0,353.44,-88.0,-104.38,False
52.406223,-1.47771,137.65,12.69,3,89.31,18 / 18,218320,2019-09-04 19:24:58:493,0.2462,1.1738,9.6163,-0.012,0.006,9.8066,-0.041,0.0525,-0.004,-21.06,-28.87,2.63,354.4,-88.18,-103.48,False
52.406223,-1.47771,137.65,12.69,3,89.31,18 / 18,218421,2019-09-04 19:24:58:594,0.6268,0.6546,9.8603,0.0017,0.004,9.8066,0.011,0.0657,-0.0243,-21.0,-28.69,2.25,356.3,-88.23,-98.98,False
52.406223,-1.47771,137.65,12.69,3,89.31,18 / 18,218520,2019-09-04 19:24:58:693,0.8725,0.6561,10.3818,0.0109,-0.0022,9.8066,0.0159,0.1048,0.0245,-21.25,-28.75,2.31,352.74,-88.22,-102.39,False
52.406223,-1.47771,137.65,12.69,3,89.31,18 / 18,218620,2019-09-04 19:24:58:793,0.7326,0.5324,9.3504,0.0049,0.001,9.8066,-0.0054,0.0522,0.0243,-20.75,-28.75,2.38,349.88,-88.21,-105.13,False
52.406223,-1.47771,137.65,12.69,3,89.31,18 / 18,218720,2019-09-04 19:24:58:893,0.209,0.64,9.7998,-0.01,-0.0021,9.8066,-0.0244,0.059,-0.0019,-21.19,-28.81,1.69,352.83,-88.12,-102.28,False
52.406223,-1.47771,137.65,12.69,3,89.31,18 / 18,218821,2019-09-04 19:24:58:994,0.3748,0.5914,9.3139,-0.003,0.0003,9.8066,0.0031,0.0697,-0.0207,-21.31,-29.25,1.63,358.32,-88.12,-97.05,False
52.406223,-1.47771,137.65,12.69,3,89.31,18 / 18,218920,2019-09-04 19:24:59:093,0.3297,0.4394,10.5713,0.0007,-0.01,9.8066,0.0169,0.0678,0.014,-21.31,-28.75,0.94,355.57,-88.1,-96.95,False
52.406223,-1.47771,137.65,12.69,3,89.31,18 / 18,219021,2019-09-04 19:24:59:194,0.1217,1.2034,9.7423,0.0078,-0.0021,9.8066,0.0218,0.0749,0.0212,-21.19,-28.87,1.06,353.18,-88.04,-99.22,False
52.406223,-1.47771,137.65,12.69,3,89.31,18 / 18,219121,2019-09-04 19:24:59:294,1.5341,1.2646,11.4884,0.011,-0.0049,9.8066,0.0462,0.0381,0.0215,-21.31,-28.75,1.0,351.35,-88.0,-100.96,False
52.406223,-1.47771,137.65,12.69,3,89.31,18 / 18,219221,2019-09-04 19:24:59:394,0.4994,-0.009,8.6304,0.0512,-0.093,9.806,0.0274,0.0497,0.0686,-21.44,-28.44,1.44,349.63,-87.91,-102.59,False
52.406223,-1.47771,137.65,12.69,3,89.31,18 / 18,219320,2019-09-04 19:24:59:493,0.6823,0.8944,9.3741,-0.0043,-0.0168,9.8066,-0.014,0.0247,0.0087,-21.87,-28.19,1.56,347.43,-87.04,-106.93,False
52.406223,-1.47771,137.65,12.69,3,89.31,18 / 18,219421,2019-09-04 19:24:59:594,0.2079,0.1,9.8095,-0.0127,-0.006,9.8066,-0.0203,-0.0125,-0.0795,-22.62,-28.12,0.75,348.61,-86.82,-103.1,False
52.406223,-1.47771,137.65,12.69,3,89.31,18 / 18,219520,2019-09-04 19:24:59:693,0.1009,-0.1475,9.6166,-0.0116,0.0171,9.8066,-0.0365,0.0798,-0.0187,-22.19,-28.06,0.81,351.82,-87.0,-100.23,False
52.406223,-1.47771,137.65,12.69,3,89.31,18 / 18,219621,2019-09-04 19:24:59:794,0.3506,0.6411,9.7176,-0.0068,0.0209,9.8066,-0.0026,0.092,-0.0306,-22.06,-28.56,0.81,355.1,-87.31,-97.19,False
52.406223,-1.47771,137.65,12.69,3,89.31,18 / 18,219721,2019-09-04 19:24:59:894,0.7596,1.2318,9.319,-0.0018,0.0173,9.8066,-0.0152,0.0858,-0.0064,-22.75,-28.5,0.5,354.79,-87.56,-97.42,False
52.406223,-1.47771,137.65,12.69,3,89.31,18 / 18,219820,2019-09-04 19:24:59:993,0.5791,0.8986,10.1881,-0.0109,-0.0027,9.8066,-0.0369,0.0643,0.029,-22.0,-28.56,0.19,352.59,-87.72,-97.02,False
52.406223,-1.47771,137.65,12.69,3,89.31,18 / 18,219921,2019-09-04 19:25:00:094,-0.0795,1.2284,9.475,-0.0094,-0.0222,9.8066,-0.0388,0.0852,0.099,-21.37,-28.31,0.06,357.48,-87.63,-92.38,False
52.406223,-1.47771,137.65,12.69,3,89.31,18 / 18,220020,2019-09-04 19:25:00:193,0.4541,-0.164,9.5868,-0.0182,-0.0076,9.8066,-0.0418,0.0022,-0.0416,-22.37,-28.31,-0.5,3.94,-87.31,-86.3,False
52.406223,-1.47771,137.65,12.69,3,89.31,18 / 18,220120,2019-09-04 19:25:00:293,0.1596,-0.1542,10.2897,0.0055,-0.0108,9.8066,0.0478,0.1875,0.1916,-21.62,-28.69,-0.31,8.33,-87.31,-82.2,False
52.406223,-1.47771,137.65,12.69,3,89.31,18 / 18,220220,2019-09-04 19:25:00:393,-0.509,0.7086,8.8161,0.0464,-0.0258,9.8065,0.1418,0.0231,0.0211,-22.12,-28.37,0.38,356.94,-87.02,-92.86,False
52.406345,-1.476083,136.9,12.7,3,70.3,18 / 18,220321,2019-09-04 19:25:00:494,0.9848,-2.8632,7.97,0.0202,0.052,9.8064,-0.0107,0.1656,-0.0478,-22.5,-29.0,1.06,348.61,-86.96,-103.18,False
52.406345,-1.476083,136.9,12.7,3,70.3,18 / 18,220420,2019-09-04 19:25:00:593,0.6921,2.6633,12.8775,-0.0035,0.0087,9.8066,-0.0615,0.1969,0.1991,-22.31,-29.37,0.69,345.38,-87.37,-106.33,False
52.406345,-1.476083,136.9,12.7,3,70.3,18 / 18,220520,2019-09-04 19:25:00:693,1.9844,-0.6702,11.6121,0.0153,0.0277,9.8066,0.0742,0.043,-0.1026,-22.06,-28.87,0.38,348.67,-87.16,-100.58,False
52.406345,-1.476083,136.9,12.7,3,70.3,18 / 18,220621,2019-09-04 19:25:00:794,-0.9416,0.0354,8.3025,0.0031,0.0395,9.8065,-0.0275,0.2282,0.1807,-21.69,-28.44,0.44,343.47,-87.51,-105.61,False
52.406345,-1.476083,136.9,12.7,3,70.3,18 / 18,220720,2019-09-04 19:25:00:893,0.4183,0.4199,9.2228,-0.0071,0.0131,9.8066,-0.0254,0.0925,0.0193,-21.81,-28.75,0.19,344.97,-87.56,-104.18,False
52.406345,-1.476083,136.9,12.7,3,70.3,18 / 18,220821,2019-09-04 19:25:00:994,0.9478,0.1852,9.5425,-0.0034,0.004,9.8066,-0.0179,0.0708,0.0017,-21.37,-29.31,0.0,346.61,-87.75,-102.66,False
52.406345,-1.476083,136.9,12.7,3,70.3,18 / 18,220921,2019-09-04 19:25:01:094,-0.3994,1.0066,9.2828,-0.0033,0.004,9.8066,-0.0156,0.0169,-0.0312,-20.87,-29.44,0.81,350.28,-87.83,-101.93,False
52.406345,-1.476083,136.9,12.7,3,70.3,18 / 18,221020,2019-09-04 19:25:01:193,-0.5206,1.8167,9.7386,0.0003,0.0205,9.8066,-0.0045,0.0847,0.0086,-20.87,-28.56,0.25,348.72,-87.88,-100.71,False
52.406345,-1.476083,136.9,12.7,3,70.3,18 / 18,221121,2019-09-04 19:25:01:294,0.4232,0.7768,9.5766,0.0031,-0.0051,9.8065,0.0143,0.0131,-0.0192,-21.25,-29.44,0.31,347.32,-88.0,-102.06,False
52.406345,-1.476083,136.9,12.7,3,70.3,18 / 18,221220,2019-09-04 19:25:01:393,0.4581,1.2824,11.2917,-0.0053,-0.0027,9.8066,-0.0127,0.0371,0.0131,-20.75,-29.44,-0.44,347.19,-87.92,-102.17,False
52.406345,-1.476083,136.9,12.7,3,70.3,18 / 18,221320,2019-09-04 19:25:01:493,-0.6816,0.886,9.5512,0.0001,-0.005,9.8066,0.0011,0.0496,0.0276,-21.12,-28.75,-0.56,345.15,-87.87,-101.36,False
52.406345,-1.476083,136.9,12.7,3,70.3,18 / 18,221420,2019-09-04 19:25:01:593,0.6018,0.5067,9.5975,0.0016,-0.0031,9.8066,0.0085,0.0368,-0.0001,-22.5,-29.06,-0.37,348.19,-87.77,-101.2,False
52.406345,-1.476083,136.9,12.7,3,70.3,18 / 18,221521,2019-09-04 19:25:01:694,0.3991,0.0215,9.8543,0.0106,-0.0092,9.8066,0.0368,0.0401,-0.0163,-22.31,-29.06,-0.25,347.59,-87.74,-101.76,False
52.406345,-1.476083,136.9,12.7,3,70.3,18 / 18,221620,2019-09-04 19:25:01:793,0.2946,0.438,10.4323,-0.0071,0.0052,9.8066,-0.0081,-0.0186,-0.0791,-22.0,-28.62,0.13,344.67,-87.67,-104.51,False
52.406345,-1.476083,136.9,12.7,3,70.3,18 / 18,221721,2019-09-04 19:25:01:894,0.0206,0.7736,10.4003,-0.0153,0.0117,9.8066,-0.0329,0.0694,0.0209,-21.44,-28.75,-0.5,348.68,-87.84,-100.73,False
52.406345,-1.476083,136.9,12.7,3,70.3,18 / 18,221821,2019-09-04 19:25:01:994,0.4919,0.3008,10.2684,0.0073,0.0038,9.8066,0.012,0.095,0.0303,-21.87,-28.25,-0.37,351.09,-87.96,-98.5,False
52.406345,-1.476083,136.9,12.7,3,70.3,18 / 18,221920,2019-09-04 19:25:02:093,0.1398,0.525,9.6891,0.0117,0.0084,9.8066,0.0305,0.0378,-0.0155,-20.81,-28.5,-0.56,345.53,-87.97,-101.06,False
52.406345,-1.476083,136.9,12.7,3,70.3,18 / 18,222020,2019-09-04 19:25:02:193,-0.0268,0.3182,9.5432,0.0063,0.0022,9.8066,0.001,0.0378,-0.008,-20.81,-27.94,-0.56,339.51,-88.03,-106.83,False
52.406345,-1.476083,136.9,12.7,3,70.3,18 / 18,222120,2019-09-04 19:25:02:293,-0.0834,0.227,9.995,-0.0045,0.0133,9.8066,0.0003,0.0587,-0.0059,-21.94,-28.19,-0.62,339.83,-88.1,-106.72,False
52.406345,-1.476083,136.9,12.7,3,70.3,17 / 18,222221,2019-09-04 19:25:02:394,0.3066,-0.0376,9.6011,-0.0022,0.0275,9.8066,-0.0137,0.0576,-0.087,-20.81,-28.19,-0.87,338.62,-88.25,-107.79,False
52.406345,-1.476083,136.9,12.7,3,70.3,17 / 18,222321,2019-09-04 19:25:02:494,-0.2886,0.8004,9.3054,-0.0047,-0.0148,9.8066,-0.0228,0.0223,0.0311,-19.25,-29.12,-0.81,336.02,-88.64,-110.12,False
52.406345,-1.476083,136.9,12.7,3,70.3,17 / 18,222420,2019-09-04 19:25:02:593,0.7929,1.111,10.17,-0.0049,0.002,9.8066,0.0028,0.0498,-0.002,-19.94,-28.56,-0.94,341.22,-88.61,-105.27,False
52.406345,-1.476083,136.9,12.7,3,70.3,17 / 18,222521,2019-09-04 19:25:02:694,-0.4221,0.0311,10.2752,-0.0031,-0.0141,9.8066,0.0058,0.0364,0.0522,-20.87,-28.69,-1.0,344.58,-88.51,-102.15,False
52.406345,-1.476083,136.9,12.7,3,70.3,17 / 18,222620,2019-09-04 19:25:02:793,0.4005,-0.3819,10.0821,0.0037,-0.018,9.8066,0.0016,0.0279,0.0465,-20.94,-28.37,-1.31,346.41,-88.24,-100.31,False
52.406345,-1.476083,136.9,12.7,3,70.3,17 / 18,222721,2019-09-04 19:25:02:894,0.0751,0.3772,9.937,0.0031,-0.009,9.8066,0.0015,0.0113,0.0248,-20.19,-28.56,-1.37,345.79,-88.12,-100.67,False
52.406345,-1.476083,136.9,12.7,3,70.3,17 / 18,222821,2019-09-04 19:25:02:994,-0.0145,-0.4134,9.7189,-0.003,0.0018,9.8066,-0.0012,-0.0016,-0.0374,-21.06,-27.69,-1.75,342.93,-88.04,-100.85,False
52.406345,-1.476083,136.9,12.7,3,70.3,17 / 18,222921,2019-09-04 19:25:03:094,0.0239,-0.0162,10.3415,0.0013,-0.0017,9.8066,0.0174,-0.003,-0.0145,-21.56,-27.94,-2.0,342.92,-88.1,-101.17,False
52.406345,-1.476083,136.9,12.7,3,70.3,17 / 18,223021,2019-09-04 19:25:03:194,0.3076,0.6072,10.7933,0.0067,-0.0027,9.8066,0.0018,0.0368,0.0448,-21.75,-27.87,-2.0,340.46,-88.06,-103.51,False
52.406345,-1.476083,136.9,12.7,3,70.3,17 / 18,223120,2019-09-04 19:25:03:293,0.5948,-0.0076,9.782,0.0059,-0.0034,9.8066,-0.009,0.0125,0.0342,-22.75,-28.06,-1.5,343.64,-87.89,-103.14,False
52.406345,-1.476083,136.9,12.7,3,70.3,17 / 18,223221,2019-09-04 19:25:03:394,0.4318,0.2481,10.0903,-0.0001,-0.0076,9.8066,-0.0349,0.0389,0.0482,-23.94,-28.0,-1.0,343.99,-87.78,-102.9,False
52.406345,-1.476083,136.9,12.7,3,70.3,18 / 18,223321,2019-09-04 19:25:03:494,0.0917,-0.6513,9.68,0.0033,-0.002,9.8066,-0.0062,0.0655,0.0471,-22.37,-27.31,-0.62,344.95,-87.72,-101.71,False
52.406345,-1.476083,136.9,12.7,3,70.3,18 / 18,223420,2019-09-04 19:25:03:593,0.4248,0.0737,10.1929,0.0069,0.0023,9.8066,0.0057,0.0064,0.002,-22.25,-28.5,-1.0,343.33,-87.67,-103.21,False
52.406345,-1.476083,136.9,12.7,3,70.3,18 / 18,223521,2019-09-04 19:25:03:694,0.2336,0.13,9.9064,0.0065,0.0101,9.8066,0.0303,0.0019,-0.0178,-22.37,-27.56,-0.75,341.78,-87.69,-104.69,False
52.406345,-1.476083,136.9,12.7,3,70.3,18 / 18,223621,2019-09-04 19:25:03:794,0.6156,-0.039,10.4214,0.0096,0.0066,9.8066,0.0224,0.0092,-0.0109,-22.31,-27.75,-0.87,338.55,-87.74,-107.78,False
52.406345,-1.476083,136.9,12.7,3,70.3,18 / 18,223721,2019-09-04 19:25:03:894,0.2973,-0.4303,10.0373,0.0006,0.004,9.8065,-0.0091,0.0275,0.015,-21.81,-28.0,-0.12,336.98,-87.81,-111.91,False
52.406345,-1.476083,136.9,12.7,3,70.3,18 / 18,223820,2019-09-04 19:25:03:993,0.3037,0.2081,9.7508,-0.0018,0.013,9.8066,-0.0056,0.0256,-0.0112,-20.94,-27.87,-0.37,336.28,-87.91,-112.59,False
52.406345,-1.476083,136.9,12.7,3,70.3,18 / 18,223920,2019-09-04 19:25:04:093,-0.1338,-0.0439,9.8087,0.0032,0.0051,9.8066,-0.0029,0.0029,-0.0183,-21.31,-28.0,-0.56,333.26,-87.95,-112.77,False
52.406345,-1.476083,136.9,12.7,3,70.3,18 / 18,224020,2019-09-04 19:25:04:193,-0.231,-0.2719,9.499,-0.0009,0.0062,9.8066,-0.0106,-0.0013,-0.0236,-20.87,-27.69,-1.44,332.01,-88.02,-114.01,False
52.406345,-1.476083,136.9,12.7,3,70.3,18 / 18,224120,2019-09-04 19:25:04:293,0.6118,0.4137,9.555,-0.0035,-0.0028,9.8066,0.0169,0.0052,0.0106,-20.62,-28.31,-1.25,331.63,-88.1,-114.43,False
52.406345,-1.476083,136.9,12.7,3,70.3,18 / 18,224220,2019-09-04 19:25:04:393,0.1977,0.0854,9.4363,0.0,0.0029,9.8066,-0.0006,0.0599,0.0343,-20.87,-28.19,-1.12,331.21,-88.1,-114.83,False
52.406345,-1.476083,136.9,12.7,3,70.3,17 / 18,224321,2019-09-04 19:25:04:494,-0.0926,-0.6098,9.7512,-0.0051,-0.0089,9.8066,-0.008,-0.0254,-0.0311,-21.12,-27.5,-1.0,331.49,-88.08,-114.59,False
52.406345,-1.476083,136.9,12.7,3,70.3,17 / 18,224421,2019-09-04 19:25:04:594,-0.7788,0.6588,10.8032,-0.0037,-0.0018,9.8066,-0.0027,-0.0327,-0.0177,-21.0,-27.56,-1.44,333.89,-88.07,-112.24,False
52.406345,-1.476083,136.9,12.7,3,70.3,17 / 18,224520,2019-09-04 19:25:04:693,1.1369,0.3546,10.2486,0.0017,0.0012,9.8066,0.0014,-0.0098,-0.0164,-20.94,-28.06,-1.25,334.26,-88.09,-111.9,False
52.406345,-1.476083,136.9,12.7,3,70.3,17 / 18,224621,2019-09-04 19:25:04:794,0.7202,-1.2212,9.8268,0.0008,-0.001,9.8066,0.0023,-0.0558,-0.0641,-21.25,-27.94,-0.87,333.78,-88.11,-112.37,False
52.406345,-1.476083,136.9,12.7,3,70.3,17 / 18,224720,2019-09-04 19:25:04:893,0.3759,0.0058,10.2655,0.0,0.0047,9.8066,-0.0057,-0.0057,-0.0342,-21.19,-27.87,-0.37,334.35,-88.16,-114.58,False
52.406345,-1.476083,136.9,12.7,3,70.3,17 / 18,224820,2019-09-04 19:25:04:993,0.3091,-0.3408,10.0765,0.0009,0.0063,9.8066,0.003,0.0282,0.0101,-20.56,-28.37,-1.0,331.45,-88.21,-114.67,False
52.406345,-1.476083,136.9,12.7,3,70.3,17 / 18,224921,2019-09-04 19:25:05:094,-0.0093,0.5753,9.6652,0.0026,0.0087,9.8066,-0.0024,0.0122,0.0073,-19.81,-28.06,-0.44,332.2,-88.31,-116.69,False
52.406345,-1.476083,136.9,12.7,3,70.3,17 / 18,225021,2019-09-04 19:25:05:194,-0.1215,-0.2333,9.6918,0.0046,0.0057,9.8066,0.0003,0.0397,0.004,-20.75,-28.5,-1.12,325.44,-88.31,-120.54,False
52.406345,-1.476083,136.9,12.7,3,70.3,17 / 18,225121,2019-09-04 19:25:05:294,-0.0701,0.0247,9.8229,-0.0001,-0.0015,9.8066,0.0035,0.0153,0.0006,-20.0,-28.5,-1.44,323.92,-88.32,-121.82,False
52.406345,-1.476083,136.9,12.7,3,70.3,17 / 18,225221,2019-09-04 19:25:05:394,0.0633,-0.0717,9.5086,-0.0033,-0.0012,9.8066,-0.0241,0.0197,0.0093,-19.94,-28.06,-2.25,320.82,-88.31,-121.97,False
52.406345,-1.476083,136.9,12.7,3,70.3,18 / 18,225321,2019-09-04 19:25:05:494,0.0597,0.3933,9.8242,-0.0045,-0.0032,9.8066,0.0013,-0.0024,0.0023,-20.31,-28.5,-1.81,324.4,-88.32,-118.52,False
52.406345,-1.476083,136.9,12.7,3,70.3,18 / 18,225420,2019-09-04 19:25:05:593,-0.0523,-0.2544,9.5855,0.0028,-0.0008,9.8066,0.0054,0.0316,0.0042,-21.0,-28.19,-2.19,325.99,-88.28,-117.28,False
52.406345,-1.476083,136.9,12.7,3,70.3,18 / 18,225520,2019-09-04 19:25:05:693,0.1648,0.0459,10.4505,-0.0013,-0.0025,9.8066,-0.0142,0.0324,0.0145,-21.25,-28.56,-2.06,323.99,-88.34,-119.22,False
52.406345,-1.476083,136.9,12.7,3,70.3,18 / 18,225621,2019-09-04 19:25:05:794,-0.2737,0.2267,9.7672,-0.0015,0.0091,9.8066,-0.0023,0.0324,-0.0114,-20.75,-28.44,-1.81,324.3,-88.39,-119.0,False
52.406345,-1.476083,136.9,12.7,3,70.3,18 / 18,225721,2019-09-04 19:25:05:894,0.5121,0.0618,9.3137,-0.0005,0.0151,9.8065,-0.0328,0.0677,0.0263,-20.75,-28.69,-1.94,323.0,-88.48,-120.29,False
52.406345,-1.476083,136.9,12.7,3,70.3,18 / 18,225820,2019-09-04 19:25:05:993,-0.5549,-1.7464,10.0633,0.0003,0.0041,9.8066,-0.0241,0.0427,0.0155,-20.19,-28.94,-1.06,326.1,-88.54,-119.85,False
52.406345,-1.476083,136.9,12.7,3,70.3,18 / 18,225921,2019-09-04 19:25:06:094,0.0722,-0.1315,10.0792,0.0061,0.0128,9.8066,0.0186,0.0584,0.0209,-19.81,-28.75,-1.87,319.05,-88.62,-123.92,False
52.406345,-1.476083,136.9,12.7,3,70.3,18 / 18,226021,2019-09-04 19:25:06:194,0.1552,-0.1096,9.3502,0.0032,0.0038,9.8066,-0.0128,0.0406,0.0421,-20.25,-29.69,-1.94,313.19,-88.6,-129.56,False
52.406345,-1.476083,136.9,12.7,3,70.3,18 / 18,226120,2019-09-04 19:25:06:293,0.8089,-0.7521,9.707,-0.0125,0.0021,9.8066,-0.0485,0.0345,0.0036,-20.19,-29.31,-1.87,318.76,-88.55,-124.15,False
52.406345,-1.476083,136.9,12.7,3,70.3,18 / 18,226220,2019-09-04 19:25:06:393,-0.3591,-0.5885,9.5102,-0.0088,-0.0045,9.8066,-0.0145,-0.0127,0.0114,-20.25,-29.56,-2.37,325.62,-88.67,-117.54,False
52.406345,-1.476083,136.9,12.7,3,70.3,18 / 19,226321,2019-09-04 19:25:06:494,-0.5533,0.3863,10.037,0.0031,-0.0064,9.8066,0.0093,-0.0142,0.0051,-20.19,-29.5,-2.31,327.18,-88.67,-116.06,False
52.406345,-1.476083,136.9,12.7,3,70.3,18 / 19,226420,2019-09-04 19:25:06:593,-0.1501,-0.3009,9.3932,0.0034,-0.0074,9.8066,0.004,0.0143,0.0316,-20.25,-29.06,-1.19,329.37,-88.6,-116.73,False
52.406345,-1.476083,136.9,12.7,3,70.3,18 / 19,226521,2019-09-04 19:25:06:694,-1.6695,-0.5871,10.2567,-0.0044,-0.0024,9.8066,-0.0151,-0.0497,-0.041,-20.31,-29.0,-1.62,327.82,-88.47,-115.28,False
52.406345,-1.476083,136.9,12.7,3,70.3,18 / 19,226620,2019-09-04 19:25:06:793,0.0232,-0.4554,10.3486,-0.0067,-0.0234,9.8066,0.0009,-0.1408,-0.0988,-20.25,-28.81,-1.44,336.9,-88.4,-109.32,False
52.406345,-1.476083,136.9,12.7,3,70.3,18 / 19,226721,2019-09-04 19:25:06:894,-0.2327,-0.9154,9.6507,0.0057,-0.0004,9.8066,-0.0342,0.0593,0.0667,-21.06,-28.87,-1.87,334.35,-88.38,-109.24,False
52.406345,-1.476083,136.9,12.7,3,70.3,18 / 19,226821,2019-09-04 19:25:06:994,-0.4673,-0.3163,9.0713,0.0052,-0.005,9.8066,-0.0166,0.1164,0.1125,-21.0,-28.31,-1.19,335.12,-88.4,-111.24,False
52.406345,-1.476083,136.9,12.7,3,70.3,18 / 19,226921,2019-09-04 19:25:07:094,-0.3088,-0.3477,11.1609,0.0029,-0.0015,9.8066,0.02,0.0124,-0.0041,-21.25,-28.19,-1.62,334.65,-88.26,-108.92,False
52.406345,-1.476083,136.9,12.7,3,70.3,18 / 19,227021,2019-09-04 19:25:07:194,0.3283,-0.1904,10.5429,0.0063,0.0002,9.8066,0.0209,0.0093,0.0057,-20.44,-28.12,-1.81,332.27,-88.26,-110.88,False
52.406345,-1.476083,136.9,12.7,3,70.3,18 / 19,227121,2019-09-04 19:25:07:294,0.4712,0.3394,10.4776,0.0154,0.0163,9.8065,0.0639,-0.0095,-0.0374,-19.5,-27.87,-2.31,324.79,-88.27,-117.73,False
52.406345,-1.476083,136.9,12.7,3,70.3,18 / 19,227221,2019-09-04 19:25:07:394,0.7421,-0.7594,9.3621,0.0017,-0.007,9.8066,-0.0077,-0.0527,-0.0384,-20.0,-28.81,-1.19,321.78,-88.21,-123.74,False
52.406345,-1.476083,136.9,12.7,3,70.3,17 / 17,227321,2019-09-04 19:25:07:494,0.3804,0.0968,9.323,-0.0222,-0.0045,9.8066,-0.052,-0.0386,-0.0273,-20.81,-28.37,-2.0,324.52,-88.29,-118.71,False
52.406345,-1.476083,136.9,12.7,3,70.3,17 / 17,227420,2019-09-04 19:25:07:593,-0.2841,0.373,9.3513,-0.0098,-0.0015,9.8066,-0.0192,0.0077,0.0251,-20.81,-28.19,-2.25,335.01,-88.39,-108.64,False
52.406345,-1.476083,136.9,12.7,3,70.3,17 / 17,227521,2019-09-04 19:25:07:694,-0.1763,-0.3042,9.955,0.0062,-0.008,9.8066,0.0281,-0.0206,-0.0093,-21.0,-28.94,-2.37,337.25,-88.28,-106.38,False
52.406345,-1.476083,136.9,12.7,3,70.3,17 / 17,227620,2019-09-04 19:25:07:793,0.0845,-0.0834,8.9331,0.0093,-0.0062,9.8066,0.0157,0.0399,0.0518,-21.56,-29.56,-2.62,333.21,-88.15,-107.89,False
52.406345,-1.476083,136.9,12.7,3,70.3,17 / 17,227720,2019-09-04 19:25:07:893,0.4225,-0.3853,9.8919,0.0018,0.0007,9.8066,0.0031,-0.029,-0.0372,-21.44,-29.75,-1.56,333.11,-88.01,-110.15,False
52.406345,-1.476083,136.9,12.7,3,70.3,17 / 17,227820,2019-09-04 19:25:07:993,-0.6387,-0.0409,9.7333,0.001,0.0039,9.8066,0.0354,-0.016,-0.031,-21.75,-29.06,-1.0,334.6,-88.07,-111.69,False
52.406345,-1.476083,136.9,12.7,3,70.3,17 / 17,227921,2019-09-04 19:25:08:094,0.0979,-0.6019,10.6005,0.0126,-0.0054,9.8066,0.0383,-0.0375,-0.033,-21.25,-28.25,-0.87,331.02,-88.04,-114.97,False
52.406345,-1.476083,136.9,12.7,3,70.3,17 / 17,228020,2019-09-04 19:25:08:193,0.648,-0.3183,10.4647,-0.0017,0.003,9.8066,-0.0252,0.0158,0.0181,-21.44,-27.81,-1.0,326.64,-88.02,-119.16,False
52.406345,-1.476083,136.9,12.7,3,70.3,17 / 17,228120,2019-09-04 19:25:08:293,-0.4051,0.44,10.151,-0.0186,-0.0106,9.8066,-0.0368,-0.049,-0.0454,-21.12,-27.87,-1.87,329.94,-87.96,-113.25,False
52.406345,-1.476083,136.9,12.7,3,70.3,17 / 17,228221,2019-09-04 19:25:08:394,0.0266,-0.4649,10.5593,-0.0054,-0.0077,9.8065,-0.0056,-0.0024,-0.0167,-21.31,-27.87,-2.19,336.18,-87.95,-107.27,False
52.406345,-1.476083,136.9,12.7,3,70.3,18 / 18,228321,2019-09-04 19:25:08:494,0.1135,0.0358,9.9677,0.0086,0.0019,9.8066,0.023,0.0003,-0.0065,-21.31,-27.69,-2.75,333.82,-87.89,-106.8,False
52.406345,-1.476083,136.9,12.7,3,70.3,18 / 18,228420,2019-09-04 19:25:08:593,0.5063,0.1222,10.1438,0.0039,0.0003,9.8066,0.0001,0.0161,0.0159,-22.19,-27.94,-1.75,333.41,-87.86,-110.16,False
52.406345,-1.476083,136.9,12.7,3,70.3,18 / 18,228520,2019-09-04 19:25:08:693,0.0655,-0.0359,10.8422,0.0012,0.0063,9.8066,-0.0059,0.0274,0.0003,-22.31,-27.87,-1.87,333.6,-87.85,-109.98,False
52.406345,-1.476083,136.9,12.7,3,70.3,18 / 18,228620,2019-09-04 19:25:08:793,0.1204,-0.6549,10.3588,-0.0021,-0.004,9.8066,-0.0019,0.0021,-0.0044,-22.06,-28.19,-1.06,336.4,-87.87,-109.9,False
52.406345,-1.476083,136.9,12.7,3,70.3,18 / 18,228720,2019-09-04 19:25:08:893,0.6509,-0.101,10.2143,-0.001,-0.0032,9.8066,0.008,-0.0305,-0.044,-21.25,-28.25,-1.94,333.21,-87.91,-110.09,False
52.406345,-1.476083,136.9,12.7,3,70.3,18 / 18,228820,2019-09-04 19:25:08:993,-0.4472,-0.2182,9.0518,-0.001,0.0079,9.8066,0.0025,-0.0365,-0.0478,-21.56,-28.5,-1.37,336.93,-87.88,-109.4,False
52.406345,-1.476083,136.9,12.7,3,70.3,18 / 18,228920,2019-09-04 19:25:09:093,0.0756,-0.2301,10.6295,-0.0027,-0.0014,9.8066,-0.0086,0.0373,0.0167,-20.44,-29.31,-1.81,333.66,-87.98,-109.32,False
52.406345,-1.476083,136.9,12.7,3,70.3,18 / 18,229020,2019-09-04 19:25:09:193,0.5714,-0.1698,10.148,0.0014,0.0011,9.8066,-0.0001,0.0162,0.0001,-20.06,-29.37,-1.69,334.85,-87.97,-108.18,False
52.406345,-1.476083,136.9,12.7,3,70.3,18 / 18,229120,2019-09-04 19:25:09:293,0.4069,0.3054,9.5305,-0.0003,0.0011,9.8066,0.0209,-0.0456,-0.0526,-20.0,-29.62,-1.87,334.86,-87.99,-108.14,False
52.406345,-1.476083,136.9,12.7,3,70.3,18 / 18,229221,2019-09-04 19:25:09:394,0.3146,0.0032,10.0638,-0.0006,0.0086,9.8066,0.01,-0.0051,-0.023,-20.81,-29.19,-1.37,337.13,-88.05,-109.09,False
52.406788,-1.474508,137.09,12.76,3,62.72,18 / 18,229321,2019-09-04 19:25:09:494,-0.1326,-0.5219,10.0037,-0.0018,0.0018,9.8066,0.0071,0.0204,-0.0072,-20.69,-29.37,-1.62,333.6,-88.09,-109.78,False
52.406788,-1.474508,137.09,12.76,3,62.72,18 / 18,229420,2019-09-04 19:25:09:593,-0.1573,0.6091,9.4167,-0.0028,0.0038,9.8066,0.0047,0.0064,-0.0111,-20.81,-29.06,-1.19,336.13,-88.12,-110.09,False
52.406788,-1.474508,137.09,12.76,3,62.72,18 / 18,229521,2019-09-04 19:25:09:694,-0.1149,-0.3202,9.8722,-0.0004,-0.0014,9.8065,-0.0076,0.024,0.0175,-20.44,-29.19,-1.94,332.47,-88.13,-110.56,False
52.406788,-1.474508,137.09,12.76,3,62.72,18 / 18,229620,2019-09-04 19:25:09:793,0.1398,-0.3263,10.5064,0.0031,0.0014,9.8066,0.0052,-0.0021,-0.0224,-20.75,-28.75,-2.19,333.27,-88.09,-110.1,False
52.406788,-1.474508,137.09,12.76,3,62.72,18 / 18,229721,2019-09-04 19:25:09:894,0.2122,-0.1835,9.6904,0.0043,0.0044,9.8066,0.0093,-0.0356,-0.0561,-20.31,-28.37,-1.5,333.66,-88.14,-112.31,False
52.406788,-1.474508,137.09,12.76,3,62.72,18 / 18,229821,2019-09-04 19:25:09:994,0.7595,0.2356,9.7972,0.0016,0.0286,9.8065,0.0084,0.0244,-0.0531,-20.56,-28.81,-1.37,327.62,-88.37,-118.44,False
52.406788,-1.474508,137.09,12.76,3,62.72,18 / 18,229920,2019-09-04 19:25:10:093,0.743,0.2085,9.2902,-0.0074,-0.0006,9.8066,-0.0206,-0.027,-0.0307,-21.06,-27.94,-2.06,323.03,-88.45,-120.28,False
52.406788,-1.474508,137.09,12.76,3,62.72,18 / 18,230021,2019-09-04 19:25:10:194,0.3193,0.3585,9.9747,-0.0161,0.0051,9.8066,-0.0263,-0.0106,-0.026,-19.94,-28.06,-1.56,327.22,-88.51,-115.93,False
52.406788,-1.474508,137.09,12.76,3,62.72,18 / 18,230120,2019-09-04 19:25:10:293,-0.6164,0.8883,10.3167,0.0044,-0.0094,9.8066,0.0254,0.0252,0.0625,-19.06,-28.37,-1.69,335.51,-88.61,-107.63,False
52.406788,-1.474508,137.09,12.76,3,62.72,18 / 18,230221,2019-09-04 19:25:10:394,0.787,0.2689,9.2387,0.0258,-0.0172,9.8065,0.0396,0.0485,0.1293,-20.37,-28.75,-1.75,330.28,-88.27,-112.76,False
52.406788,-1.474508,137.09,12.76,3,62.72,18 / 18,230320,2019-09-04 19:25:10:493,0.7179,-1.0021,8.6913,-0.005,-0.03,9.8066,-0.0346,-0.0688,0.0125,-20.56,-28.5,-1.5,332.71,-87.8,-113.2,False
52.406788,-1.474508,137.09,12.76,3,62.72,18 / 18,230420,2019-09-04 19:25:10:593,-0.2601,-1.9261,9.928,-0.0232,-0.0369,9.8065,-0.0522,-0.1027,0.0291,-21.5,-29.0,-2.06,341.13,-87.41,-102.25,False
52.406788,-1.474508,137.09,12.76,3,62.72,18 / 18,230521,2019-09-04 19:25:10:694,-0.9745,-1.5217,10.2645,0.0044,-0.0071,9.8066,0.0399,-0.0595,-0.063,-21.94,-29.0,-2.81,342.86,-87.3,-98.31,False
52.406788,-1.474508,137.09,12.76,3,62.72,18 / 18,230620,2019-09-04 19:25:10:793,-0.0446,-1.1324,10.4301,0.0221,0.0116,9.8065,0.0748,-0.0712,-0.0825,-21.87,-28.69,-2.44,342.9,-87.3,-100.84,False
52.406788,-1.474508,137.09,12.76,3,62.72,18 / 18,230721,2019-09-04 19:25:10:894,0.8055,0.4132,10.9307,0.0119,0.0307,9.8065,-0.0272,0.1297,0.1754,-21.06,-28.56,-1.5,334.85,-87.51,-110.94,False
52.406788,-1.474508,137.09,12.76,3,62.72,18 / 18,230821,2019-09-04 19:25:10:994,0.642,-0.5406,10.1962,-0.0173,-0.0057,9.8065,-0.0499,-0.024,-0.0133,-21.19,-28.81,-0.94,338.14,-87.5,-107.83,False
52.406788,-1.474508,137.09,12.76,3,62.72,18 / 18,230920,2019-09-04 19:25:11:093,0.534,-0.2967,8.7237,-0.0092,-0.0247,9.8066,-0.0267,-0.0894,0.025,-21.69,-28.69,-1.25,342.25,-87.52,-104.13,False
52.406788,-1.474508,137.09,12.76,3,62.72,18 / 18,231020,2019-09-04 19:25:11:193,1.5532,-1.9989,9.1261,-0.0103,-0.0214,9.8066,-0.0399,-0.0412,0.0532,-21.56,-29.0,-1.62,344.62,-87.26,-99.22,False
52.406788,-1.474508,137.09,12.76,3,62.72,18 / 18,231120,2019-09-04 19:25:11:293,-1.3238,0.9028,10.6755,-0.0001,-0.0019,9.8066,0.0123,-0.0539,0.0093,-21.19,-28.31,-2.12,347.71,-87.27,-96.07,False
52.406788,-1.474508,137.09,12.76,3,62.72,18 / 18,231220,2019-09-04 19:25:11:393,0.379,-1.6809,9.5983,0.0068,0.0094,9.8066,0.0023,-0.0207,-0.0498,-21.69,-28.94,-1.69,346.75,-87.4,-97.26,False
52.406788,-1.474508,137.09,12.76,3,62.72,19 / 19,231320,2019-09-04 19:25:11:493,1.1421,-2.0146,10.0708,-0.0061,0.012,9.8066,0.0367,-0.2074,-0.191,-21.19,-29.44,-1.44,343.8,-87.81,-102.62,False
52.406788,-1.474508,137.09,12.76,3,62.72,19 / 19,231421,2019-09-04 19:25:11:594,-0.9731,-0.0433,9.8259,0.0023,0.0469,9.8065,0.0224,-0.0325,-0.0611,-21.44,-29.37,-1.37,338.3,-88.34,-108.12,False
52.406788,-1.474508,137.09,12.76,3,62.72,19 / 19,231520,2019-09-04 19:25:11:693,0.3174,0.281,10.1409,0.0051,-0.0084,9.8066,0.0407,-0.1642,-0.0681,-21.62,-29.87,-0.69,328.83,-88.5,-117.5,False
52.406788,-1.474508,137.09,12.76,3,62.72,19 / 19,231620,2019-09-04 19:25:11:793,0.3466,-1.6992,8.8437,-0.0007,-0.0155,9.8066,0.0275,-0.2252,-0.0793,-22.19,-29.56,-0.25,330.76,-88.34,-118.13,False
52.406788,-1.474508,137.09,12.76,3,62.72,19 / 19,231721,2019-09-04 19:25:11:894,-0.0288,-2.3113,9.6835,-0.0035,-0.0208,9.8066,-0.0384,-0.0201,0.1201,-21.44,-29.5,-0.87,330.02,-88.23,-116.02,False
52.406788,-1.474508,137.09,12.76,3,62.72,19 / 19,231821,2019-09-04 19:25:11:994,-0.3812,-1.2888,9.7578,-0.0125,-0.0277,9.8066,-0.0118,-0.1026,0.0553,-22.12,-30.06,0.0,338.42,-88.05,-110.59,False
52.406788,-1.474508,137.09,12.76,3,62.72,19 / 19,231920,2019-09-04 19:25:12:093,-0.1126,-1.7678,10.1417,0.0076,-0.0089,9.8066,0.031,-0.1253,-0.0194,-22.44,-28.94,-0.44,344.4,-87.65,-104.76,False
52.406788,-1.474508,137.09,12.76,3,62.72,19 / 19,232021,2019-09-04 19:25:12:194,0.8528,-1.3179,9.1466,0.0083,0.0039,9.8066,-0.0095,-0.0402,0.0516,-21.5,-29.0,-0.5,340.21,-87.59,-108.65,False
52.406788,-1.474508,137.09,12.76,3,62.72,19 / 19,232120,2019-09-04 19:25:12:293,-0.3858,-0.5209,9.2464,-0.0167,-0.0052,9.8066,-0.0476,-0.1133,-0.0041,-21.0,-29.37,0.13,341.33,-87.6,-107.6,False
52.406788,-1.474508,137.09,12.76,3,62.72,19 / 19,232221,2019-09-04 19:25:12:394,0.4671,-1.85,8.1191,-0.0292,0.0051,9.8065,-0.0858,-0.088,-0.016,-21.25,-29.56,0.38,351.19,-87.68,-98.29,False
52.406788,-1.474508,137.09,12.76,3,62.72,18 / 18,232321,2019-09-04 19:25:12:494,-1.1134,-1.52,8.7741,-0.024,-0.0039,9.8066,-0.0418,-0.1527,-0.0735,-22.12,-28.75,-0.06,0.59,-87.8,-89.44,False
52.406788,-1.474508,137.09,12.76,3,62.72,18 / 18,232421,2019-09-04 19:25:12:594,-0.423,-0.9911,10.437,-0.0003,-0.0005,9.8066,0.0253,-0.1666,-0.0791,-21.69,-28.62,0.0,6.6,-87.77,-83.74,False
52.406788,-1.474508,137.09,12.76,3,62.72,18 / 18,232520,2019-09-04 19:25:12:693,0.0281,-0.97,9.0991,0.0092,0.0041,9.8066,0.0166,-0.0655,0.0254,-21.44,-29.06,-0.25,3.87,-87.79,-86.34,False
52.406788,-1.474508,137.09,12.76,3,62.72,18 / 18,232620,2019-09-04 19:25:12:793,-0.0606,-1.3264,9.9768,0.0081,-0.0167,9.8066,0.0402,-0.1323,-0.0415,-21.81,-29.25,0.06,0.07,-87.63,-89.93,False
52.406788,-1.474508,137.09,12.76,3,62.72,18 / 18,232720,2019-09-04 19:25:12:893,-0.3613,-1.231,10.064,0.0196,0.0039,9.8065,0.0193,-0.0776,-0.0182,-21.75,-30.25,1.25,358.25,-87.55,-94.25,False
52.406788,-1.474508,137.09,12.76,3,62.72,18 / 18,232820,2019-09-04 19:25:12:993,0.1296,-1.0621,9.9324,0.0094,0.0035,9.8066,-0.0003,-0.0564,0.0069,-21.31,-29.5,0.88,352.52,-87.6,-99.77,False
52.406788,-1.474508,137.09,12.76,3,62.72,18 / 18,232921,2019-09-04 19:25:13:094,-0.8605,-1.2362,10.7452,0.005,0.0049,9.8066,0.0151,-0.0463,-0.0124,-21.75,-29.37,0.88,351.97,-87.59,-100.18,False
52.406788,-1.474508,137.09,12.76,3,62.72,18 / 18,233021,2019-09-04 19:25:13:194,-0.2695,-0.9376,10.71,0.0173,0.0059,9.8066,0.057,-0.0616,-0.0275,-21.69,-29.56,1.0,349.4,-87.67,-102.61,False
52.406788,-1.474508,137.09,12.76,3,62.72,18 / 18,233120,2019-09-04 19:25:13:293,0.0437,-1.5241,8.8989,0.0277,0.0084,9.8066,0.0276,-0.0949,-0.0801,-20.56,-30.69,1.5,341.22,-87.67,-113.11,False
52.406788,-1.474508,137.09,12.76,3,62.72,18 / 18,233220,2019-09-04 19:25:13:393,-0.2719,-0.7664,8.0978,-0.0125,0.0097,9.8066,-0.0786,-0.0422,0.0097,-20.44,-30.12,1.81,336.33,-87.9,-118.11,False
52.406788,-1.474508,137.09,12.76,3,62.72,19 / 19,233320,2019-09-04 19:25:13:493,-1.1097,-1.3153,9.197,-0.0388,0.0016,9.8065,-0.1029,-0.0183,0.0341,-20.62,-30.12,1.13,345.01,-88.06,-106.99,False
52.406788,-1.474508,137.09,12.76,3,62.72,19 / 19,233421,2019-09-04 19:25:13:594,-1.9554,-0.9845,9.871,-0.0232,0.0096,9.8066,-0.03,-0.0242,0.008,-20.5,-30.56,0.88,2.87,-88.21,-90.13,False
52.406788,-1.474508,137.09,12.76,3,62.72,19 / 19,233520,2019-09-04 19:25:13:693,-0.7122,-0.7843,10.0855,0.0233,0.0065,9.8065,0.0673,-0.0528,-0.0304,-21.0,-30.19,1.5,3.05,-88.31,-92.52,False
52.406788,-1.474508,137.09,12.76,3,62.72,19 / 19,233620,2019-09-04 19:25:13:793,0.3724,-0.4157,10.1035,0.0253,0.0089,9.8065,0.0447,-0.0564,-0.039,-20.19,-29.69,1.88,352.54,-88.37,-102.85,False
52.406788,-1.474508,137.09,12.76,3,62.72,19 / 19,233721,2019-09-04 19:25:13:894,-0.3223,0.1226,9.8773,-0.0134,0.0014,9.8066,-0.0292,-0.0582,-0.0517,-20.44,-30.62,1.44,339.78,-88.44,-112.24,False
52.406788,-1.474508,137.09,12.76,3,62.72,19 / 19,233821,2019-09-04 19:25:13:994,-0.4841,-0.384,9.6635,-0.0083,0.0057,9.8066,-0.0125,-0.0364,-0.0195,-20.81,-29.56,1.81,349.57,-88.58,-105.5,False
52.406788,-1.474508,137.09,12.76,3,62.72,19 / 19,233921,2019-09-04 19:25:14:094,-0.4128,0.3012,9.7023,0.0095,-0.0044,9.8066,0.0247,-0.0455,-0.0062,-21.56,-30.0,2.19,349.16,-88.62,-105.68,False
52.406788,-1.474508,137.09,12.76,3,62.72,19 / 19,234020,2019-09-04 19:25:14:193,-1.0282,-0.4671,8.6251,0.0038,-0.0101,9.8066,-0.0048,-0.0457,-0.0248,-21.25,-30.06,2.25,345.34,-88.47,-109.54,False
52.406788,-1.474508,137.09,12.76,3,62.72,19 / 19,234120,2019-09-04 19:25:14:293,-0.3225,0.0184,9.2626,-0.0042,0.0001,9.8066,-0.004,-0.0316,-0.0227,-21.31,-29.56,2.31,347.52,-88.47,-107.44,False
52.406788,-1.474508,137.09,12.76,3,62.72,19 / 19,234221,2019-09-04 19:25:14:394,-0.2612,-0.1162,9.8684,-0.002,-0.0015,9.8066,-0.0088,0.0085,-0.001,-21.5,-29.06,2.13,349.75,-88.48,-105.32,False
52.406788,-1.474508,137.09,12.76,3,62.72,18 / 19,234321,2019-09-04 19:25:14:494,-0.0751,-0.076,9.7392,-0.0016,-0.0003,9.8066,-0.0178,0.0045,0.0057,-22.06,-30.12,0.56,348.0,-88.46,-104.16,False
52.406788,-1.474508,137.09,12.76,3,62.72,18 / 19,234420,2019-09-04 19:25:14:593,0.0913,-0.1713,9.8514,-0.0004,-0.0003,9.8066,-0.015,0.0336,0.0322,-22.69,-31.5,0.25,346.86,-88.43,-102.66,False
52.406788,-1.474508,137.09,12.76,3,62.72,18 / 19,234520,2019-09-04 19:25:14:693,-0.2593,0.352,10.197,-0.0086,-0.0088,9.8066,-0.0047,-0.0364,-0.0245,-22.0,-34.44,-0.25,349.75,-88.37,-99.8,False
52.406788,-1.474508,137.09,12.76,3,62.72,18 / 19,234621,2019-09-04 19:25:14:794,-0.1399,0.1717,9.4814,-0.0127,-0.0082,9.8066,-0.0306,0.0051,0.0265,-21.69,-34.56,3.56,6.33,-88.24,-94.28,False
52.406788,-1.474508,137.09,12.76,3,62.72,18 / 19,234721,2019-09-04 19:25:14:894,-0.2756,-0.0771,10.0982,-0.0091,-0.0078,9.8066,-0.0046,0.0191,0.0297,-22.75,-31.0,3.56,10.66,-88.06,-89.69,False
52.406788,-1.474508,137.09,12.76,3,62.72,18 / 19,234821,2019-09-04 19:25:14:994,-0.9415,0.1781,9.9194,-0.0019,-0.0068,9.8066,0.0175,0.0323,0.0364,-21.87,-29.75,3.0,9.85,-87.96,-88.39,False
52.406788,-1.474508,137.09,12.76,3,62.72,18 / 19,234921,2019-09-04 19:25:15:094,0.5878,0.3071,9.725,0.0056,-0.0132,9.8065,0.0043,-0.0226,-0.0122,-21.19,-29.12,2.31,4.5,-87.81,-91.18,False
52.406788,-1.474508,137.09,12.76,3,62.72,18 / 19,235021,2019-09-04 19:25:15:194,-0.1545,-0.2301,9.8479,-0.0011,-0.0058,9.8066,0.0085,-0.0554,-0.0595,-21.5,-29.06,2.44,3.51,-87.67,-92.13,False
52.406788,-1.474508,137.09,12.76,3,62.72,18 / 19,235120,2019-09-04 19:25:15:293,-0.0405,0.056,10.8183,-0.0067,-0.0067,9.8066,-0.005,-0.0081,0.0021,-21.81,-29.25,1.94,4.96,-87.67,-90.5,False
52.406788,-1.474508,137.09,12.76,3,62.72,18 / 19,235221,2019-09-04 19:25:15:394,-0.0534,0.3481,9.4037,-0.0094,-0.0088,9.8066,-0.006,-0.0216,-0.0046,-22.19,-28.19,1.06,3.65,-87.58,-89.16,False
52.406788,-1.474508,137.09,12.76,3,62.72,18 / 18,235320,2019-09-04 19:25:15:493,-0.6054,0.1291,9.8179,-0.0026,-0.0107,9.8066,-0.0192,0.0317,0.0358,-22.19,-28.37,1.63,8.39,-87.38,-87.3,False
52.406788,-1.474508,137.09,12.76,3,62.72,18 / 18,235421,2019-09-04 19:25:15:594,0.0263,0.0702,9.69,-0.0005,-0.0083,9.8066,0.0103,-0.0293,-0.0116,-22.44,-28.62,1.13,5.85,-87.25,-87.13,False
52.406788,-1.474508,137.09,12.76,3,62.72,18 / 18,235520,2019-09-04 19:25:15:693,-0.2179,-0.0196,10.1814,-0.004,-0.0088,9.8066,0.0055,-0.0142,0.0012,-22.37,-29.62,1.25,5.8,-87.14,-87.2,False
52.406788,-1.474508,137.09,12.76,3,62.72,18 / 18,235621,2019-09-04 19:25:15:794,-0.5616,0.1815,9.6122,-0.0058,-0.0066,9.8066,0.0119,-0.0281,-0.0356,-22.37,-29.19,1.5,9.45,-86.97,-86.41,False
52.406788,-1.474508,137.09,12.76,3,62.72,18 / 18,235720,2019-09-04 19:25:15:893,-0.2084,0.1185,9.5993,0.0003,-0.0008,9.8066,0.0156,-0.0216,-0.0343,-22.94,-28.94,1.63,9.7,-86.92,-85.94,False
52.406788,-1.474508,137.09,12.76,3,62.72,18 / 18,235821,2019-09-04 19:25:15:994,-0.1096,0.435,10.6559,0.0007,-0.0065,9.8066,0.0184,-0.0126,-0.0199,-22.62,-28.87,1.5,9.7,-86.92,-85.94,False
52.406788,-1.474508,137.09,12.76,3,62.72,18 / 18,235920,2019-09-04 19:25:16:093,-0.2709,0.2238,9.9436,-0.0004,0.0044,9.8066,0.0003,0.019,-0.0125,-21.62,-29.37,1.63,8.89,-86.89,-86.95,False
52.406788,-1.474508,137.09,12.76,3,62.72,18 / 18,236021,2019-09-04 19:25:16:194,-0.2543,0.2918,10.0403,-0.0033,0.0,9.8066,-0.0031,-0.0077,-0.0109,-21.5,-29.75,1.75,9.66,-86.94,-86.52,False
52.406788,-1.474508,137.09,12.76,3,62.72,18 / 18,236120,2019-09-04 19:25:16:293,-0.3117,-0.1904,9.7521,-0.0042,0.0035,9.8066,-0.0006,-0.0124,-0.0322,-21.25,-29.5,1.81,11.1,-86.91,-85.18,False
52.406788,-1.474508,137.09,12.76,3,62.72,18 / 18,236220,2019-09-04 19:25:16:393,-0.3064,0.4031,9.8011,-0.0001,0.0048,9.8066,0.0059,-0.0266,-0.0543,-20.81,-29.56,2.19,12.07,-86.98,-84.28,False
52.406788,-1.474508,137.09,12.76,3,62.72,18 / 19,236320,2019-09-04 19:25:16:493,-0.2222,0.354,9.6382,0.0072,0.0044,9.8066,0.0184,-0.006,-0.0179,-21.81,-29.25,1.25,8.1,-87.07,-85.06,False
52.406788,-1.474508,137.09,12.76,3,62.72,18 / 19,236421,2019-09-04 19:25:16:594,0.6153,0.0713,10.2068,0.0019,0.0021,9.8066,0.0011,0.0246,0.0129,-21.44,-29.19,1.88,9.48,-87.13,-86.62,False
52.406788,-1.474508,137.09,12.76,3,62.72,18 / 19,236520,2019-09-04 19:25:16:693,-0.6059,0.2879,9.8745,-0.0057,0.0041,9.8066,-0.0284,0.0217,0.0088,-21.0,-28.81,1.38,6.99,-87.17,-86.22,False
52.406788,-1.474508,137.09,12.76,3,62.72,18 / 19,236621,2019-09-04 19:25:16:794,-0.3923,0.1726,10.186,-0.0098,0.0022,9.8066,-0.0159,0.0189,0.0053,-20.75,-29.69,1.19,10.33,-87.19,-83.12,False
52.406788,-1.474508,137.09,12.76,3,62.72,18 / 19,236721,2019-09-04 19:25:16:894,-0.0568,0.2644,10.3062,0.0013,0.0029,9.8066,0.0117,0.0072,0.0019,-20.87,-29.75,1.5,14.86,-87.26,-81.6,False
52.406788,-1.474508,137.09,12.76,3,62.72,18 / 19,236820,2019-09-04 19:25:16:993,-0.6634,0.2114,10.0147,-0.0011,0.0025,9.8066,0.0046,-0.0017,-0.0197,-21.37,-29.31,1.13,11.54,-87.29,-81.95,False
52.406788,-1.474508,137.09,12.76,3,62.72,18 / 19,236920,2019-09-04 19:25:17:093,-0.7717,0.2467,9.9936,-0.0043,-0.0008,9.8066,-0.0364,0.0329,0.0261,-21.37,-29.5,1.69,14.7,-87.3,-81.7,False
52.406788,-1.474508,137.09,12.76,3,62.72,18 / 19,237020,2019-09-04 19:25:17:193,-0.2149,-0.0586,9.9077,-0.0074,0.0035,9.8066,-0.0138,0.0244,0.0009,-21.94,-29.31,1.38,14.24,-87.28,-79.26,False
52.406788,-1.474508,137.09,12.76,3,62.72,18 / 19,237121,2019-09-04 19:25:17:294,-0.8311,-0.3151,10.3936,0.0039,0.0068,9.8066,0.0157,0.0254,-0.0212,-21.0,-29.87,1.38,17.04,-87.32,-76.82,False
52.406788,-1.474508,137.09,12.76,3,62.72,18 / 19,237220,2019-09-04 19:25:17:393,-1.2367,0.6835,9.4102,0.0098,0.0125,9.8066,0.0234,0.0191,-0.0028,-21.0,-29.5,1.75,18.33,-87.53,-78.2,False
52.406788,-1.474508,137.09,12.76,3,62.72,19 / 19,237321,2019-09-04 19:25:17:494,-0.6422,0.2785,10.4016,0.003,0.0053,9.8066,-0.0005,0.071,0.039,-21.0,-30.06,1.5,16.54,-87.56,-79.9,False
52.406788,-1.474508,137.09,12.76,3,62.72,19 / 19,237421,2019-09-04 19:25:17:594,0.1731,0.5035,10.4007,-0.0037,-0.0004,9.8066,-0.0117,0.0739,0.0458,-20.94,-28.75,1.94,16.76,-87.62,-79.64,False
52.406788,-1.474508,137.09,12.76,3,62.72,19 / 19,237520,2019-09-04 19:25:17:693,-1.2817,0.2736,9.5147,-0.0066,0.0074,9.8066,-0.0108,0.053,0.0293,-21.5,-28.75,1.06,16.19,-87.61,-77.47,False
52.406788,-1.474508,137.09,12.76,3,62.72,19 / 19,237620,2019-09-04 19:25:17:793,-0.8426,0.5093,9.9826,-0.0069,-0.0062,9.8066,-0.002,-0.0036,0.0081,-21.06,-29.25,1.63,19.88,-87.6,-76.7,False
52.406788,-1.474508,137.09,12.76,3,62.72,19 / 19,237720,2019-09-04 19:25:17:893,-0.9326,0.487,10.7995,-0.0038,-0.0061,9.8066,0.0133,-0.0085,-0.0133,-20.75,-29.37,0.5,18.05,-87.5,-75.76,False
52.406788,-1.474508,137.09,12.76,3,62.72,19 / 19,237821,2019-09-04 19:25:17:994,-0.82,-0.0917,9.4267,-0.0024,-0.0055,9.8066,0.0062,-0.0198,-0.0284,-20.37,-29.19,1.0,18.07,-87.44,-75.96,False
52.406788,-1.474508,137.09,12.76,3,62.72,19 / 19,237921,2019-09-04 19:25:18:094,-0.5084,0.641,10.3413,-0.0048,-0.004,9.8066,0.0129,-0.0344,-0.057,-21.19,-29.12,1.25,18.78,-87.44,-75.1,False
52.406788,-1.474508,137.09,12.76,3,62.72,19 / 19,238020,2019-09-04 19:25:18:193,-2.0837,0.2813,9.3785,-0.0091,0.0003,9.8066,-0.0187,0.0014,-0.0301,-20.94,-29.06,0.88,20.9,-87.42,-73.12,False
52.406788,-1.474508,137.09,12.76,3,62.72,19 / 19,238120,2019-09-04 19:25:18:293,-1.1017,0.5845,10.3453,0.0012,0.0,9.8066,0.0018,0.0052,-0.017,-21.06,-29.5,1.19,22.24,-87.43,-71.85,False
52.406788,-1.474508,137.09,12.76,3,62.72,19 / 19,238220,2019-09-04 19:25:18:393,-0.9942,0.295,9.1266,0.0012,-0.0018,9.8066,-0.0046,0.0254,0.019,-20.62,-28.87,1.5,25.02,-87.43,-71.94,False
52.40711,-1.473025,137.69,9.03,3,74.94,18 / 19,238320,2019-09-04 19:25:18:493,-0.8679,0.6252,9.9553,-0.0104,-0.0115,9.8066,0.0053,-0.0124,-0.0226,-21.25,-28.56,0.69,21.9,-87.39,-72.19,False
52.40711,-1.473025,137.69,9.03,3,74.94,18 / 19,238421,2019-09-04 19:25:18:594,-1.4928,0.2685,9.1759,-0.005,-0.0074,9.8066,-0.0074,-0.0333,-0.0277,-21.56,-28.56,0.94,22.5,-87.27,-71.5,False
52.40711,-1.473025,137.69,9.03,3,74.94,18 / 19,238520,2019-09-04 19:25:18:693,-0.903,-0.0359,9.9866,-0.0006,-0.0021,9.8066,-0.002,0.0231,0.0064,-21.37,-28.62,0.31,21.05,-87.14,-70.39,False
52.40711,-1.473025,137.69,9.03,3,74.94,18 / 19,238621,2019-09-04 19:25:18:794,-1.5577,0.4736,9.5859,0.003,-0.0018,9.8066,0.013,-0.0007,0.0053,-21.31,-28.81,1.06,23.55,-87.16,-70.77,False
52.40711,-1.473025,137.69,9.03,3,74.94,18 / 19,238720,2019-09-04 19:25:18:893,-1.3308,0.1466,9.8581,-0.0001,-0.0112,9.8066,0.0037,-0.0255,-0.0129,-20.75,-29.62,0.75,22.61,-87.1,-71.74,False
52.40711,-1.473025,137.69,9.03,3,74.94,18 / 19,238821,2019-09-04 19:25:18:994,-1.3795,0.0374,9.7836,0.0011,0.0004,9.8066,-0.0133,-0.0183,0.0028,-20.87,-28.69,0.31,18.9,-87.02,-72.46,False
52.40711,-1.473025,137.69,9.03,3,74.94,18 / 19,238921,2019-09-04 19:25:19:094,-1.4364,0.3555,10.2772,-0.0116,-0.0149,9.8066,-0.0075,-0.0417,-0.0078,-20.81,-29.37,0.13,20.73,-86.89,-70.82,False
52.40711,-1.473025,137.69,9.03,3,74.94,18 / 19,239021,2019-09-04 19:25:19:194,-0.4382,0.064,9.3977,0.002,0.0065,9.8066,0.001,0.0122,0.0106,-21.31,-29.56,0.19,21.72,-86.75,-70.03,False
52.40711,-1.473025,137.69,9.03,3,74.94,18 / 19,239121,2019-09-04 19:25:19:294,-1.4551,0.2438,9.4645,-0.0105,-0.0194,9.8065,-0.0132,-0.0702,-0.0301,-20.87,-29.25,1.56,27.69,-86.75,-69.87,False
52.40711,-1.473025,137.69,9.03,3,74.94,18 / 19,239221,2019-09-04 19:25:19:394,-1.6516,0.0721,9.0897,-0.011,-0.0068,9.8066,-0.0203,0.0125,0.0259,-20.94,-30.0,0.75,26.53,-86.54,-68.44,False
52.40711,-1.473025,137.69,9.03,3,74.94,18 / 18,239320,2019-09-04 19:25:19:493,-1.1456,-0.2533,10.3068,-0.0167,-0.0018,9.8065,-0.0494,-0.0066,-0.0164,-21.19,-29.06,0.44,25.41,-86.38,-66.78,False
52.40711,-1.473025,137.69,9.03,3,74.94,18 / 18,239421,2019-09-04 19:25:19:594,-0.0447,-0.46,10.4678,-0.001,0.0042,9.8066,-0.0175,-0.0115,-0.0126,-21.0,-29.44,0.25,28.57,-86.27,-63.95,False
52.40711,-1.473025,137.69,9.03,3,74.94,18 / 18,239521,2019-09-04 19:25:19:694,-1.619,0.3623,9.1547,0.0045,0.0049,9.8066,-0.0173,0.0803,0.0772,-21.75,-29.56,0.56,32.2,-86.32,-63.13,False
52.40711,-1.473025,137.69,9.03,3,74.94,18 / 18,239620,2019-09-04 19:25:19:793,-0.9296,0.5794,8.8493,0.0003,-0.0033,9.8066,-0.0179,0.0487,0.0649,-20.94,-29.87,0.63,32.22,-86.35,-63.34,False
52.40711,-1.473025,137.69,9.03,3,74.94,18 / 18,239720,2019-09-04 19:25:19:893,-1.1307,0.1907,9.9698,-0.0096,-0.0038,9.8066,-0.0276,0.0103,0.0245,-21.37,-29.75,0.63,32.82,-86.23,-62.88,False
52.40711,-1.473025,137.69,9.03,3,74.94,18 / 18,239820,2019-09-04 19:25:19:993,-1.298,0.0033,9.7035,-0.0135,-0.0015,9.8066,-0.0179,0.0266,0.0139,-21.62,-29.5,0.88,34.8,-86.09,-60.81,False
52.40711,-1.473025,137.69,9.03,3,74.94,18 / 18,239921,2019-09-04 19:25:20:094,-1.1899,0.5805,10.3791,-0.0101,0.0021,9.8066,-0.0186,0.0001,0.0042,-21.37,-28.94,1.38,37.18,-86.05,-58.91,False
52.40711,-1.473025,137.69,9.03,3,74.94,18 / 18,240020,2019-09-04 19:25:20:193,-1.4911,0.2047,10.1278,-0.0045,-0.0004,9.8066,-0.0016,0.0068,-0.0123,-21.62,-29.19,0.5,38.56,-85.97,-57.43,False
52.40711,-1.473025,137.69,9.03,3,74.94,18 / 18,240120,2019-09-04 19:25:20:293,-1.1642,0.6099,9.4199,0.0025,-0.0029,9.8066,0.0005,-0.0418,-0.0214,-22.5,-28.06,1.19,38.29,-85.98,-57.55,False
52.40711,-1.473025,137.69,9.03,3,74.94,18 / 18,240220,2019-09-04 19:25:20:393,-0.8024,0.1105,9.7058,-0.0043,-0.0065,9.8066,0.0019,-0.0472,-0.0389,-21.5,-28.56,1.75,41.18,-85.93,-58.02,False
52.40711,-1.473025,137.69,9.03,3,74.94,18 / 19,240320,2019-09-04 19:25:20:493,-1.4498,0.0035,10.0255,-0.0009,0.0026,9.8066,0.0169,-0.0177,-0.0384,-21.75,-28.5,1.25,38.17,-85.83,-57.79,False
52.40711,-1.473025,137.69,9.03,3,74.94,18 / 19,240421,2019-09-04 19:25:20:594,-0.4215,1.3353,9.3369,0.0001,0.0098,9.8066,0.0143,-0.0234,-0.0262,-22.12,-27.5,0.38,36.15,-85.93,-56.87,False
52.40711,-1.473025,137.69,9.03,3,74.94,18 / 19,240520,2019-09-04 19:25:20:693,-1.263,-0.0233,9.8663,-0.0059,0.0095,9.8065,-0.0114,0.0041,-0.0343,-21.44,-27.56,0.94,39.25,-85.87,-57.03,False
52.40711,-1.473025,137.69,9.03,3,74.94,18 / 19,240621,2019-09-04 19:25:20:794,-0.8304,0.1778,10.1183,-0.0072,-0.0041,9.8065,-0.0105,0.0012,0.0263,-21.19,-27.25,1.25,41.11,-85.87,-55.18,False
52.40711,-1.473025,137.69,9.03,3,74.94,18 / 19,240720,2019-09-04 19:25:20:893,-0.5065,0.2148,9.9848,-0.0004,-0.0052,9.8066,0.0213,-0.0057,-0.0004,-22.19,-28.06,0.75,41.01,-85.75,-55.22,False
52.40711,-1.473025,137.69,9.03,3,74.94,18 / 19,240820,2019-09-04 19:25:20:993,-0.8708,0.0384,9.7915,-0.0094,-0.0051,9.8066,-0.0002,-0.0203,-0.0233,-21.94,-27.62,0.69,40.66,-85.71,-55.58,False
52.40711,-1.473025,137.69,9.03,3,74.94,18 / 19,240920,2019-09-04 19:25:21:093,-1.4036,-0.0643,9.6798,-0.007,-0.0045,9.8066,0.0001,0.0171,0.0145,-21.37,-27.5,0.31,39.17,-85.63,-54.46,False
52.40711,-1.473025,137.69,9.03,3,74.94,18 / 19,241021,2019-09-04 19:25:21:194,-0.7951,0.0351,10.0979,0.0001,0.0162,9.8066,-0.0023,0.0281,-0.0253,-21.44,-27.81,-0.06,40.51,-85.65,-53.34,False
52.40711,-1.473025,137.69,9.03,3,74.94,18 / 19,241121,2019-09-04 19:25:21:294,-0.8308,0.1817,10.2945,0.0095,-0.002,9.8066,0.0104,0.0139,0.011,-21.81,-27.94,-0.12,41.26,-85.74,-52.4,False
52.40711,-1.473025,137.69,9.03,3,74.94,18 / 19,241221,2019-09-04 19:25:21:394,-1.1099,0.684,9.5461,-0.0043,0.0018,9.8066,-0.0049,-0.0101,-0.0151,-21.37,-28.06,-0.06,41.07,-85.77,-52.72,False
52.40711,-1.473025,137.69,9.03,3,74.94,18 / 18,241320,2019-09-04 19:25:21:493,-0.5917,0.3243,10.0571,-0.0067,-0.0037,9.8066,-0.0093,0.0076,0.0021,-20.94,-28.62,0.06,41.8,-85.69,-52.24,False
52.40711,-1.473025,137.69,9.03,3,74.94,18 / 18,241421,2019-09-04 19:25:21:594,-1.3229,0.0863,9.8584,-0.008,-0.0025,9.8066,0.004,-0.0237,-0.0335,-20.94,-28.94,0.38,42.46,-85.63,-51.7,False
52.40711,-1.473025,137.69,9.03,3,74.94,18 / 18,241520,2019-09-04 19:25:21:693,-0.9285,0.2211,9.8478,-0.0008,0.005,9.8066,0.0043,-0.0128,-0.031,-21.0,-28.81,0.0,43.35,-85.63,-50.88,False
52.40711,-1.473025,137.69,9.03,3,74.94,18 / 18,241620,2019-09-04 19:25:21:793,-1.0407,0.4421,9.9346,-0.0081,0.0103,9.8066,-0.0168,0.0087,-0.0173,-20.25,-28.75,-0.37,45.61,-85.69,-48.94,False
52.40711,-1.473025,137.69,9.03,3,74.94,18 / 18,241720,2019-09-04 19:25:21:893,-1.1952,0.3448,9.4849,-0.0097,0.0033,9.8066,-0.0085,-0.0131,-0.0189,-20.44,-28.94,-0.12,47.6,-85.65,-47.15,False
52.40711,-1.473025,137.69,9.03,3,74.94,18 / 18,241821,2019-09-04 19:25:21:994,-1.0057,0.0465,9.9303,-0.0086,0.0006,9.8066,0.0057,-0.0249,-0.036,-20.0,-29.25,0.0,49.67,-85.57,-45.32,False
52.40711,-1.473025,137.69,9.03,3,74.94,18 / 18,241920,2019-09-04 19:25:22:093,-1.3354,0.0038,10.3241,-0.0039,-0.0001,9.8066,0.0034,0.0042,-0.0119,-20.87,-29.06,-0.31,50.18,-85.56,-44.63,False
52.40711,-1.473025,137.69,9.03,3,74.94,18 / 18,242020,2019-09-04 19:25:22:193,-0.7711,0.5308,10.0132,-0.0014,0.0008,9.8066,0.0086,-0.0073,-0.0209,-20.44,-28.37,-0.31,50.65,-85.55,-44.26,False
52.40711,-1.473025,137.69,9.03,3,74.94,18 / 18,242121,2019-09-04 19:25:22:294,-1.1491,0.3009,10.2646,-0.0095,0.003,9.8066,-0.0094,0.0024,-0.0094,-20.75,-28.5,0.0,51.15,-85.52,-43.6,False
52.40711,-1.473025,137.69,9.03,3,74.94,18 / 18,242221,2019-09-04 19:25:22:394,-1.3474,0.1143,9.641,-0.0055,0.0017,9.8066,-0.0001,-0.0039,-0.0162,-20.81,-28.25,0.06,52.74,-85.45,-42.18,False
52.40711,-1.473025,137.69,9.03,3,74.94,18 / 18,242321,2019-09-04 19:25:22:494,-0.9258,0.3357,10.0789,-0.0033,0.0018,9.8066,-0.0049,0.0038,0.0034,-20.75,-28.37,0.63,56.34,-85.43,-41.55,False
52.40711,-1.473025,137.69,9.03,3,74.94,18 / 18,242420,2019-09-04 19:25:22:593,-1.0074,-0.0834,10.109,-0.003,-0.0005,9.8065,0.0101,0.0033,-0.0064,-21.5,-28.69,0.25,54.3,-85.39,-40.97,False
52.40711,-1.473025,137.69,9.03,3,74.94,18 / 18,242520,2019-09-04 19:25:22:693,-1.2405,0.1173,9.7024,-0.0033,-0.0004,9.8066,-0.0075,0.0266,0.0324,-22.19,-27.81,-0.31,54.25,-85.41,-40.58,False
52.40711,-1.473025,137.69,9.03,3,74.94,18 / 18,242621,2019-09-04 19:25:22:794,-1.4261,0.5885,9.8744,-0.0046,-0.0016,9.8066,-0.0065,0.0282,0.0238,-22.56,-27.31,-0.31,54.12,-85.39,-40.36,False
52.40711,-1.473025,137.69,9.03,3,74.94,18 / 18,242720,2019-09-04 19:25:22:893,-0.4856,0.0374,10.2276,-0.0024,0.0022,9.8066,0.0073,-0.0111,-0.0282,-23.0,-27.37,0.0,54.32,-85.32,-40.25,False
52.40711,-1.473025,137.69,9.03,3,74.94,18 / 18,242820,2019-09-04 19:25:22:993,-0.7431,0.1896,9.9338,-0.0035,0.0032,9.8066,0.0053,-0.0173,-0.0189,-22.5,-26.56,0.19,55.51,-85.3,-39.34,False
52.40711,-1.473025,137.69,9.03,3,74.94,18 / 18,242920,2019-09-04 19:25:23:093,-0.8963,0.1733,9.8425,-0.0061,0.0054,9.8066,0.0027,-0.0297,-0.0333,-23.0,-27.0,-0.25,55.94,-85.26,-38.78,False
52.40711,-1.473025,137.69,9.03,3,74.94,18 / 18,243021,2019-09-04 19:25:23:194,-0.5668,0.3726,10.0444,-0.0006,0.0056,9.8066,0.015,-0.0273,-0.0436,-23.0,-26.62,-0.5,57.21,-85.24,-37.59,False
52.40711,-1.473025,137.69,9.03,3,74.94,18 / 18,243121,2019-09-04 19:25:23:294,-0.5687,0.5081,9.8109,-0.0031,-0.0006,9.8066,0.0109,-0.0271,-0.0283,-22.69,-27.31,-0.06,57.75,-85.27,-37.05,False
52.40711,-1.473025,137.69,9.03,3,74.94,18 / 18,243221,2019-09-04 19:25:23:394,-0.686,0.2911,10.0061,-0.0053,0.0001,9.8066,0.0056,-0.021,-0.0253,-22.69,-26.94,0.0,58.08,-85.25,-36.75,False
52.40711,-1.473025,137.69,9.03,3,74.94,17 / 18,243321,2019-09-04 19:25:23:494,-0.6922,0.1079,9.8703,-0.0003,0.0031,9.8066,0.004,0.0289,0.0139,-22.75,-27.25,-0.12,58.89,-85.23,-36.01,False
52.40711,-1.473025,137.69,9.03,3,74.94,17 / 18,243421,2019-09-04 19:25:23:594,-0.5248,-0.0169,9.7763,-0.0016,0.0025,9.8066,0.0038,0.0237,0.0034,-22.81,-27.12,-0.19,59.49,-85.24,-35.42,False
52.40711,-1.473025,137.69,9.03,3,74.94,17 / 18,243520,2019-09-04 19:25:23:693,-0.7189,0.2571,9.7137,-0.0009,0.0044,9.8066,-0.0031,0.013,0.012,-22.94,-27.25,-0.37,60.12,-85.26,-34.8,False
52.40711,-1.473025,137.69,9.03,3,74.94,17 / 18,243620,2019-09-04 19:25:23:793,-0.6703,0.4926,10.0169,-0.0034,-0.0001,9.8066,-0.0065,0.0448,0.0319,-22.87,-26.87,0.06,60.85,-85.24,-34.14,False
52.40711,-1.473025,137.69,9.03,3,74.94,17 / 18,243721,2019-09-04 19:25:23:894,-0.4522,0.02,10.0128,-0.0043,0.0004,9.8066,-0.0002,0.0134,-0.0035,-23.37,-26.62,0.69,63.82,-85.19,-33.82,False
52.40711,-1.473025,137.69,9.03,3,74.94,17 / 18,243821,2019-09-04 19:25:23:994,-0.5757,0.1538,9.8674,-0.0026,0.0013,9.8065,0.0014,0.0001,-0.0039,-23.0,-26.44,0.0,61.41,-85.16,-33.5,False
52.40711,-1.473025,137.69,9.03,3,74.94,17 / 18,243921,2019-09-04 19:25:24:094,-0.5438,0.1529,9.9113,-0.0031,0.0007,9.8066,0.0002,0.0016,-0.0012,-23.06,-26.75,0.25,62.04,-85.11,-33.13,False
52.40711,-1.473025,137.69,9.03,3,74.94,17 / 18,244021,2019-09-04 19:25:24:194,-0.356,0.165,9.8659,-0.001,0.0034,9.8066,-0.0014,0.0257,0.0141,-22.12,-26.5,0.75,65.41,-85.09,-32.56,False
52.40711,-1.473025,137.69,9.03,3,74.94,17 / 18,244120,2019-09-04 19:25:24:293,-0.3301,0.0364,9.8632,-0.0046,-0.0001,9.8066,-0.0032,0.0105,0.0041,-22.44,-27.06,0.44,63.31,-85.05,-32.22,False
52.40711,-1.473025,137.69,9.03,3,74.94,17 / 18,244220,2019-09-04 19:25:24:393,-0.5258,0.281,10.0833,-0.0043,0.0005,9.8066,-0.0032,0.0003,0.0053,-22.37,-27.12,0.19,63.85,-84.97,-31.8,False
52.40711,-1.473025,137.69,9.03,3,74.94,17 / 18,244321,2019-09-04 19:25:24:494,-0.2549,0.1812,9.8963,-0.0034,0.0021,9.8066,0.0014,-0.0007,-0.0065,-22.06,-26.81,0.38,64.26,-84.94,-31.45,False
52.40711,-1.473025,137.69,9.03,3,74.94,17 / 18,244420,2019-09-04 19:25:24:593,-0.3068,0.2131,9.8907,-0.0038,0.0008,9.8066,0.0017,-0.0015,-0.0063,-22.19,-26.94,0.13,64.77,-84.91,-30.99,False
52.40711,-1.473025,137.69,9.03,3,74.94,17 / 18,244521,2019-09-04 19:25:24:694,-0.1106,0.1384,9.9184,-0.0061,0.0012,9.8066,-0.0045,0.0177,0.0127,-22.12,-27.06,0.19,65.33,-84.85,-30.51,False
52.40711,-1.473025,137.69,9.03,3,74.94,17 / 18,244621,2019-09-04 19:25:24:794,-0.1857,0.2023,9.8253,-0.0053,0.0011,9.8066,-0.0005,0.0155,0.0109,-22.19,-26.94,0.75,68.79,-84.77,-29.89,False
52.40711,-1.473025,137.69,9.03,3,74.94,17 / 18,244720,2019-09-04 19:25:24:893,0.1314,0.1445,9.9711,-0.0041,-0.0013,9.8066,0.0079,-0.0214,-0.0186,-22.12,-27.0,0.56,68.94,-84.72,-29.81,False
52.40711,-1.473025,137.69,9.03,3,74.94,17 / 18,244820,2019-09-04 19:25:24:993,0.1847,0.0108,9.7924,-0.0032,0.0014,9.8066,0.0089,-0.0292,-0.014,-22.0,-26.87,0.5,69.24,-84.66,-29.59,False
52.40711,-1.473025,137.69,9.03,3,74.94,17 / 18,244920,2019-09-04 19:25:25:093,0.6482,0.0611,9.8527,-0.0027,0.001,9.8066,0.0087,-0.0178,-0.0056,-22.25,-26.62,0.88,69.38,-84.63,-29.49,False
52.40711,-1.473025,137.69,9.03,3,74.94,17 / 18,245020,2019-09-04 19:25:25:193,1.0244,0.0229,9.9764,0.0004,0.0011,9.8066,0.009,0.0149,0.0106,-22.12,-27.25,0.56,69.55,-84.61,-29.35,False
52.40711,-1.473025,137.69,9.03,3,74.94,17 / 18,245120,2019-09-04 19:25:25:293,1.0139,-0.1357,9.675,0.0007,-0.0015,9.8066,0.0025,0.026,0.0216,-21.94,-26.94,0.88,69.47,-84.63,-29.41,False
52.40711,-1.473025,137.69,9.03,3,74.94,17 / 18,245220,2019-09-04 19:25:25:393,0.6853,-0.0721,9.636,-0.0027,0.0,9.8066,-0.009,0.0296,0.0157,-22.37,-27.5,0.69,69.54,-84.61,-29.37,False
52.40711,-1.473025,137.69,9.03,3,74.94,19 / 19,245321,2019-09-04 19:25:25:494,0.6686,0.095,10.0181,-0.001,0.0003,9.8066,-0.0003,-0.0026,-0.0073,-21.87,-26.94,1.0,69.9,-84.56,-29.08,False
52.40711,-1.473025,137.69,9.03,3,74.94,19 / 19,245420,2019-09-04 19:25:25:593,0.8981,0.0303,9.9323,-0.0031,0.0003,9.8066,0.0028,-0.0186,-0.0164,-22.19,-27.19,0.44,67.5,-84.52,-28.83,False
52.40711,-1.473025,137.69,9.03,3,74.94,19 / 19,245521,2019-09-04 19:25:25:694,0.9343,-0.0726,9.7673,-0.0024,0.0004,9.8066,0.005,-0.0288,-0.0274,-21.94,-27.31,0.88,70.33,-84.5,-28.74,False
52.40711,-1.473025,137.69,9.03,3,74.94,19 / 19,245620,2019-09-04 19:25:25:793,0.6356,0.0504,9.7395,-0.0022,0.0012,9.8066,0.0072,-0.0259,-0.0303,-22.19,-27.19,0.31,67.82,-84.47,-28.59,False
52.40711,-1.473025,137.69,9.03,3,74.94,19 / 19,245721,2019-09-04 19:25:25:894,0.8257,0.0388,9.965,-0.0009,0.0031,9.8066,0.0052,-0.0159,-0.0152,-22.25,-26.75,0.94,70.89,-84.44,-28.26,False
52.40711,-1.473025,137.69,9.03,3,74.94,19 / 19,245820,2019-09-04 19:25:25:993,0.9178,0.0962,9.9484,-0.002,0.0007,9.8066,0.0019,-0.0062,-0.0025,-22.44,-27.06,0.44,68.59,-84.42,-27.9,False
52.40711,-1.473025,137.69,9.03,3,74.94,19 / 19,245921,2019-09-04 19:25:26:094,0.8211,-0.1138,9.7494,-0.0021,0.0017,9.8066,-0.0037,0.0342,0.0276,-22.0,-26.75,0.56,71.52,-84.41,-27.69,False
52.40711,-1.473025,137.69,9.03,3,74.94,19 / 19,246021,2019-09-04 19:25:26:194,0.6793,0.0354,9.8193,-0.0026,0.0001,9.8066,-0.0059,0.0375,0.0334,-21.94,-27.06,1.0,71.84,-84.38,-27.42,False
52.40711,-1.473025,137.69,9.03,3,74.94,19 / 19,246121,2019-09-04 19:25:26:294,0.7907,0.1214,9.9029,-0.002,-0.0005,9.8065,-0.0025,0.0244,0.0311,-22.5,-27.19,0.44,69.34,-84.35,-27.27,False
52.40711,-1.473025,137.69,9.03,3,74.94,19 / 19,246220,2019-09-04 19:25:26:393,0.9954,-0.1135,9.8795,-0.0032,-0.0006,9.8066,-0.0033,0.0104,0.0109,-22.06,-27.12,0.75,72.04,-84.33,-27.29,False
52.40711,-1.473025,137.69,9.03,3,74.94,18 / 18,246320,2019-09-04 19:25:26:493,0.6984,0.0183,9.7298,-0.0031,-0.0014,9.8066,0.0013,-0.0147,-0.0164,-21.94,-26.87,0.38,69.44,-84.29,-27.25,False
52.40711,-1.473025,137.69,9.03,3,74.94,18 / 18,246420,2019-09-04 19:25:26:593,0.7213,0.0684,9.7972,-0.0018,-0.0001,9.8066,0.0083,-0.0328,-0.0298,-21.37,-26.94,0.88,72.72,-84.24,-27.19,False
52.40711,-1.473025,137.69,9.03,3,74.94,18 / 18,246521,2019-09-04 19:25:26:694,0.9967,-0.0009,9.9553,-0.0018,-0.001,9.8066,0.0071,-0.0236,-0.0262,-22.06,-27.19,0.25,69.71,-84.23,-27.06,False
52.40711,-1.473025,137.69,9.03,3,74.94,18 / 18,246620,2019-09-04 19:25:26:793,0.7887,-0.0886,9.7167,-0.0015,0.0013,9.8066,0.0028,-0.0073,-0.0096,-22.44,-26.69,0.5,72.57,-84.21,-26.93,False
52.40711,-1.473025,137.69,9.03,3,74.94,18 / 18,246721,2019-09-04 19:25:26:894,0.7324,0.0293,9.7314,-0.0004,0.0016,9.8066,-0.0057,0.0249,0.0218,-22.62,-27.31,0.44,69.85,-84.2,-26.67,False
52.40711,-1.473025,137.69,9.03,3,74.94,18 / 18,246821,2019-09-04 19:25:26:994,0.983,-0.0098,9.9365,-0.0014,0.0007,9.8066,-0.0059,0.0292,0.0276,-21.81,-26.75,0.94,73.01,-84.19,-26.53,False
52.40711,-1.473025,137.69,9.03,3,74.94,18 / 18,246920,2019-09-04 19:25:27:093,0.8634,-0.1197,9.726,-0.0021,-0.0005,9.8065,-0.0071,0.0235,0.022,-22.06,-27.12,0.44,70.5,-84.18,-26.37,False
52.40711,-1.473025,137.69,9.03,3,74.94,18 / 18,247021,2019-09-04 19:25:27:194,0.748,-0.0515,9.7217,-0.0011,-0.0017,9.8066,-0.0014,-0.0039,-0.0011,-21.69,-27.56,0.63,73.45,-84.14,-26.41,False
52.40711,-1.473025,137.69,9.03,3,74.94,18 / 18,247120,2019-09-04 19:25:27:293,0.8898,0.0701,9.8807,-0.002,-0.0007,9.8066,0.0051,-0.0222,-0.0247,-22.19,-26.62,0.31,70.51,-84.13,-26.42,False
52.40711,-1.473025,137.69,9.03,3,74.94,18 / 18,247220,2019-09-04 19:25:27:393,0.7898,-0.0487,9.7393,-0.0005,0.0005,9.8066,0.0078,-0.0395,-0.032,-22.0,-26.81,0.88,73.25,-84.11,-26.39,False
52.407185,-1.472617,137.95,0.0,3,73.98,18 / 18,247320,2019-09-04 19:25:27:493,0.8827,0.1205,9.903,0.0009,0.0051,9.8066,-0.0056,0.0217,0.0176,-22.0,-26.5,0.25,70.56,-84.12,-26.12,False
52.407185,-1.472617,137.95,0.0,3,73.98,18 / 18,247421,2019-09-04 19:25:27:594,1.0184,0.0039,9.9585,-0.0015,0.0002,9.8066,0.0024,-0.0089,-0.0097,-21.81,-26.5,0.25,70.57,-84.11,-26.12,False
52.407185,-1.472617,137.95,0.0,3,73.98,18 / 18,247521,2019-09-04 19:25:27:694,0.8423,-0.0534,9.7093,-0.0009,-0.0005,9.8066,0.0025,-0.0262,-0.0305,-21.94,-26.87,0.13,70.85,-84.09,-26.14,False
52.407185,-1.472617,137.95,0.0,3,73.98,18 / 18,247621,2019-09-04 19:25:27:794,0.8194,0.1042,9.8658,0.0001,0.0007,9.8066,0.0083,-0.0264,-0.024,-22.25,-26.5,0.06,70.66,-84.08,-26.07,False
52.407185,-1.472617,137.95,0.0,3,73.98,18 / 18,247720,2019-09-04 19:25:27:893,1.0229,0.0105,9.9742,0.0009,0.0012,9.8066,-0.0007,0.0039,-0.0034,-22.5,-27.0,0.25,70.99,-84.09,-26.0,False
52.407185,-1.472617,137.95,0.0,3,73.98,18 / 18,247820,2019-09-04 19:25:27:993,0.8181,-0.03,9.7201,-0.0002,0.0011,9.8066,-0.0066,0.0277,0.0239,-22.06,-26.69,0.56,73.81,-84.11,-25.85,False
52.407185,-1.472617,137.95,0.0,3,73.98,18 / 18,247921,2019-09-04 19:25:28:094,0.8541,0.0589,9.8693,-0.0003,0.0,9.8066,-0.0054,0.02,0.0187,-22.12,-26.62,0.38,71.13,-84.11,-25.84,False
52.407185,-1.472617,137.95,0.0,3,73.98,18 / 18,248020,2019-09-04 19:25:28:193,0.9796,-0.0743,9.9286,-0.0002,0.0006,9.8066,0.0047,-0.0122,-0.0123,-21.87,-26.25,0.81,73.56,-84.11,-25.83,False
52.407185,-1.472617,137.95,0.0,3,73.98,18 / 18,248120,2019-09-04 19:25:28:293,0.8077,-0.0177,9.7256,0.0007,-0.0002,9.8066,0.0037,-0.0205,-0.0242,-22.62,-26.87,0.69,73.28,-84.1,-25.95,False
52.407185,-1.472617,137.95,0.0,3,73.98,18 / 18,248221,2019-09-04 19:25:28:394,0.9385,0.0455,9.8958,0.0012,0.0006,9.8066,-0.0009,-0.0006,-0.0084,-22.0,-26.87,0.69,73.68,-84.11,-25.97,False
52.407185,-1.472617,137.95,0.0,3,73.98,18 / 18,248321,2019-09-04 19:25:28:494,0.968,-0.114,9.905,0.0017,0.0009,9.8066,-0.0033,0.0199,0.0159,-21.81,-26.81,0.75,73.7,-84.12,-25.94,False
52.407185,-1.472617,137.95,0.0,3,73.98,18 / 18,248420,2019-09-04 19:25:28:593,0.768,0.0306,9.7143,0.0004,-0.0005,9.8066,-0.0029,0.0189,0.02,-22.06,-26.81,0.06,71.07,-84.15,-25.85,False
52.407185,-1.472617,137.95,0.0,3,73.98,18 / 18,248520,2019-09-04 19:25:28:693,0.9284,0.0154,9.9513,0.0012,-0.0012,9.8066,0.0005,-0.0031,-0.0049,-21.56,-27.25,0.44,70.84,-84.16,-26.06,False
52.407185,-1.472617,137.95,0.0,3,73.98,18 / 18,248620,2019-09-04 19:25:28:793,0.9304,-0.0881,9.8268,0.0003,-0.0007,9.8066,0.005,-0.0204,-0.0193,-21.87,-26.81,0.25,70.76,-84.16,-26.13,False
52.407185,-1.472617,137.95,0.0,3,73.98,18 / 18,248721,2019-09-04 19:25:28:894,0.7559,0.0671,9.7935,0.0014,0.0004,9.8066,0.0013,-0.0094,-0.0134,-21.94,-27.06,0.56,73.34,-84.17,-26.22,False
52.407185,-1.472617,137.95,0.0,3,73.98,18 / 18,248820,2019-09-04 19:25:28:993,0.9465,-0.0949,9.8358,0.0014,0.0002,9.8066,-0.0052,0.021,0.0224,-21.81,-27.19,1.19,73.32,-84.2,-26.21,False
52.407185,-1.472617,137.95,0.0,3,73.98,18 / 18,248921,2019-09-04 19:25:29:094,0.8074,-0.0155,9.7563,0.0005,0.0,9.8066,-0.0057,0.0147,0.0127,-22.31,-26.56,0.44,70.57,-84.21,-26.25,False
52.407185,-1.472617,137.95,0.0,3,73.98,18 / 18,249021,2019-09-04 19:25:29:194,0.8136,0.0071,9.8872,0.001,-0.0005,9.8066,0.0012,-0.0121,-0.0163,-22.56,-26.87,0.63,72.66,-84.22,-26.42,False
52.407185,-1.472617,137.95,0.0,3,73.98,18 / 18,249120,2019-09-04 19:25:29:293,0.858,-0.0811,9.7607,0.0013,-0.0004,9.8066,0.0055,-0.0247,-0.0234,-22.19,-26.56,0.63,72.95,-84.23,-26.54,False
52.407185,-1.472617,137.95,0.0,3,73.98,18 / 18,249220,2019-09-04 19:25:29:393,0.7762,0.0427,9.8636,0.0038,0.0013,9.8066,-0.0023,0.0094,0.013,-21.44,-26.94,0.94,73.4,-84.25,-26.53,False
52.407185,-1.472617,137.95,0.0,3,73.98,18 / 18,249320,2019-09-04 19:25:29:493,0.8533,-0.0915,9.795,0.0019,0.0004,9.8066,-0.0063,0.0293,0.0213,-22.5,-26.75,0.69,72.87,-84.28,-26.55,False
52.407185,-1.472617,137.95,0.0,3,73.98,18 / 18,249421,2019-09-04 19:25:29:594,0.7202,0.0456,9.8274,0.0013,-0.0013,9.8065,-0.0002,0.0019,0.0025,-22.0,-26.87,0.81,72.79,-84.3,-26.6,False
52.407185,-1.472617,137.95,0.0,3,73.98,18 / 18,249521,2019-09-04 19:25:29:694,0.9406,-0.1008,9.8993,0.001,-0.0019,9.8066,0.0027,-0.0226,-0.0195,-21.81,-27.12,0.88,72.48,-84.32,-26.87,False
52.407185,-1.472617,137.95,0.0,3,73.98,18 / 18,249621,2019-09-04 19:25:29:794,0.7753,-0.0544,9.7212,0.0022,0.0006,9.8066,0.0006,-0.0119,-0.0195,-21.62,-27.12,1.13,72.28,-84.33,-27.06,False
52.407185,-1.472617,137.95,0.0,3,73.98,18 / 18,249721,2019-09-04 19:25:29:894,0.7668,0.0543,9.8619,0.0023,0.0003,9.8066,-0.0011,0.0119,0.0093,-22.19,-26.69,0.75,72.28,-84.38,-27.0,False
52.407185,-1.472617,137.95,0.0,3,73.98,18 / 18,249820,2019-09-04 19:25:29:993,0.8895,-0.1134,9.8294,0.0028,0.0007,9.8066,-0.0064,0.026,0.0245,-22.25,-26.56,0.5,72.21,-84.41,-27.03,False
52.407185,-1.472617,137.95,0.0,3,73.98,18 / 18,249920,2019-09-04 19:25:30:093,0.7121,0.0314,9.7474,0.002,-0.0011,9.8066,-0.0018,0.0126,0.0063,-22.12,-26.56,0.44,69.43,-84.42,-27.1,False
52.407185,-1.472617,137.95,0.0,3,73.98,18 / 18,250021,2019-09-04 19:25:30:194,0.8546,0.0215,9.8794,0.0017,-0.0013,9.8066,0.0053,-0.0223,-0.0234,-22.5,-26.69,0.94,71.74,-84.44,-27.45,False
52.407185,-1.472617,137.95,0.0,3,73.98,18 / 18,250120,2019-09-04 19:25:30:293,0.8101,-0.0803,9.7522,0.0025,-0.0002,9.8066,0.0034,-0.0188,-0.0188,-22.37,-26.94,0.69,71.37,-84.48,-27.76,False
52.407185,-1.472617,137.95,0.0,3,73.98,18 / 18,250221,2019-09-04 19:25:30:394,0.6706,0.0665,9.7114,0.0037,0.0007,9.8066,-0.0058,0.0226,0.0129,-21.75,-27.12,0.94,71.26,-84.51,-27.82,False
52.407185,-1.472617,137.95,0.0,3,73.98,18 / 18,250320,2019-09-04 19:25:30:493,0.8913,0.026,9.9346,0.0021,0.0007,9.8066,-0.0081,0.0305,0.0309,-22.0,-26.75,0.19,68.48,-84.56,-27.84,False
52.407185,-1.472617,137.95,0.0,3,73.98,18 / 18,250421,2019-09-04 19:25:30:594,0.7208,0.0414,9.7528,0.0027,-0.0013,9.8066,-0.0049,0.0072,0.001,-21.94,-26.75,0.75,70.94,-84.58,-28.05,False
52.407185,-1.472617,137.95,0.0,3,73.98,18 / 18,250520,2019-09-04 19:25:30:693,0.6805,0.0842,9.8363,0.002,-0.0009,9.8066,0.0074,-0.0233,-0.0153,-22.5,-27.0,0.56,70.65,-84.6,-28.31,False
52.407185,-1.472617,137.95,0.0,3,73.98,18 / 18,250621,2019-09-04 19:25:30:794,0.8897,-0.0066,9.8319,0.0037,-0.0006,9.8066,0.0008,-0.0091,-0.0105,-21.94,-26.69,0.38,67.51,-84.64,-28.68,False
52.407185,-1.472617,137.95,0.0,3,73.98,18 / 18,250721,2019-09-04 19:25:30:894,0.6459,0.0513,9.7578,0.0034,0.0007,9.8066,-0.0039,0.0199,0.017,-22.12,-27.31,0.63,69.94,-84.7,-28.87,False
52.407185,-1.472617,137.95,0.0,3,73.98,18 / 18,250820,2019-09-04 19:25:30:993,0.7662,0.0376,9.8852,0.0029,0.0002,9.8066,-0.0041,0.0115,0.0117,-22.06,-26.69,0.94,69.81,-84.73,-28.95,False
52.407185,-1.472617,137.95,0.0,3,73.98,18 / 18,250920,2019-09-04 19:25:31:093,0.8024,-0.0896,9.7991,0.0023,0.0,9.8066,0.0007,-0.0034,-0.0029,-22.62,-26.5,0.75,68.9,-84.78,-29.19,False
52.407185,-1.472617,137.95,0.0,3,73.98,18 / 18,251021,2019-09-04 19:25:31:194,0.6424,0.1109,9.7953,0.0024,-0.0026,9.8066,0.0066,-0.029,-0.0284,-22.0,-26.62,0.88,69.17,-84.81,-29.48,False
52.407185,-1.472617,137.95,0.0,3,73.98,18 / 18,251120,2019-09-04 19:25:31:293,0.7903,0.0731,9.9678,0.004,0.0007,9.8066,0.0032,-0.0155,-0.015,-22.31,-26.12,-0.25,65.86,-84.84,-29.8,False
52.407185,-1.472617,137.95,0.0,3,73.98,18 / 18,251221,2019-09-04 19:25:31:394,0.749,-0.0494,9.7357,0.0038,0.0016,9.8066,-0.0036,0.0176,0.0174,-22.12,-26.81,0.44,65.91,-84.91,-29.9,False
52.407185,-1.472617,137.95,0.0,3,73.98,18 / 18,251321,2019-09-04 19:25:31:494,0.5814,0.1245,9.8443,0.0032,0.0003,9.8066,-0.0067,0.0369,0.0307,-21.94,-26.12,0.5,68.17,-84.97,-30.04,False
52.407185,-1.472617,137.95,0.0,3,73.98,18 / 18,251420,2019-09-04 19:25:31:593,0.7773,0.0131,9.9446,0.0038,-0.0004,9.8066,-0.0007,0.006,0.0032,-22.5,-26.19,0.63,67.89,-85.01,-30.26,False
52.407185,-1.472617,137.95,0.0,3,73.98,18 / 18,251520,2019-09-04 19:25:31:693,0.6847,-0.0434,9.7277,0.0027,-0.0007,9.8066,0.0032,-0.0193,-0.0167,-22.37,-26.5,0.81,67.37,-85.06,-30.71,False
52.407185,-1.472617,137.95,0.0,3,73.98,18 / 18,251621,2019-09-04 19:25:31:794,0.6615,0.0959,9.8612,0.0039,-0.0006,9.8066,0.0063,-0.0191,-0.0179,-22.44,-26.25,0.75,67.0,-85.09,-31.03,False
52.407185,-1.472617,137.95,0.0,3,73.98,18 / 18,251720,2019-09-04 19:25:31:893,0.7804,-0.0492,9.912,0.0041,0.0027,9.8066,-0.0024,0.0075,0.0105,-21.62,-26.81,0.5,66.92,-85.13,-31.26,False
52.407185,-1.472617,137.95,0.0,3,73.98,18 / 18,251820,2019-09-04 19:25:31:993,0.5861,0.0051,9.7154,0.004,0.0004,9.8066,-0.0074,0.0272,0.0209,-21.56,-26.87,0.81,66.71,-85.2,-31.39,False
52.407185,-1.472617,137.95,0.0,3,73.98,18 / 18,251921,2019-09-04 19:25:32:094,0.6874,0.0651,9.8633,0.0026,-0.0017,9.8066,-0.0054,0.0125,0.0138,-22.06,-26.81,1.06,66.31,-85.25,-31.72,False
52.407185,-1.472617,137.95,0.0,3,73.98,18 / 18,252020,2019-09-04 19:25:32:193,0.7673,-0.0541,9.9267,0.0044,-0.0013,9.8066,0.0033,-0.0238,-0.0203,-22.12,-26.37,1.06,65.76,-85.27,-32.02,False
52.407185,-1.472617,137.95,0.0,3,73.98,18 / 18,252121,2019-09-04 19:25:32:294,0.5624,-0.0037,9.7113,0.0032,-0.0012,9.8066,0.0042,-0.0307,-0.0306,-22.0,-26.81,0.63,65.33,-85.32,-32.57,False
52.407185,-1.472617,137.95,0.0,3,73.98,18 / 18,252220,2019-09-04 19:25:32:393,0.6258,0.1509,9.8708,0.0026,0.0,9.8066,0.003,-0.0194,-0.0203,-21.75,-26.62,0.75,65.05,-85.35,-32.81,False
52.407185,-1.472617,137.95,0.0,3,73.98,18 / 18,252320,2019-09-04 19:25:32:493,0.524,0.1201,9.8296,0.0027,0.0014,9.8066,0.0023,-0.0067,-0.0103,-21.44,-26.62,0.81,65.15,-85.39,-33.04,False
52.407185,-1.472617,137.95,0.0,3,73.98,18 / 18,252420,2019-09-04 19:25:32:593,0.4893,0.0079,9.6754,0.0133,0.0003,9.8065,0.0023,0.0036,-0.0012,-21.56,-26.31,0.94,64.56,-85.41,-33.02,False
52.407185,-1.472617,137.95,0.0,3,73.98,18 / 18,252521,2019-09-04 19:25:32:694,0.628,-0.0614,9.7735,0.0038,0.0002,9.8066,0.0061,-0.032,-0.035,-22.06,-26.81,1.0,63.88,-85.52,-33.74,False
52.407185,-1.472617,137.95,0.0,3,73.98,18 / 18,252620,2019-09-04 19:25:32:793,0.4435,0.1202,9.7678,0.0038,-0.0013,9.8066,0.0052,-0.0154,-0.0193,-22.19,-27.19,0.56,63.56,-85.56,-34.0,False
52.407185,-1.472617,137.95,0.0,3,73.98,18 / 18,252721,2019-09-04 19:25:32:894,0.7478,0.0333,9.9949,0.003,-0.0012,9.8066,0.0009,0.0151,0.0144,-21.75,-26.87,1.0,63.0,-85.58,-34.51,False
52.407185,-1.472617,137.95,0.0,3,73.98,18 / 18,252821,2019-09-04 19:25:32:994,0.6613,-0.0181,9.814,0.0031,-0.0014,9.8065,-0.0066,0.0341,0.032,-22.37,-26.94,0.25,59.5,-85.63,-35.21,False
52.407185,-1.472617,137.95,0.0,3,73.98,18 / 18,252920,2019-09-04 19:25:33:093,0.4217,0.1009,9.729,0.0036,-0.0008,9.8066,-0.007,0.0259,0.0215,-22.06,-26.56,0.31,58.92,-85.68,-35.7,False
52.407185,-1.472617,137.95,0.0,3,73.98,18 / 18,253021,2019-09-04 19:25:33:194,0.6611,0.0894,9.9896,0.0042,0.0007,9.8066,0.0003,0.0011,0.0,-22.12,-26.62,0.44,58.63,-85.72,-35.94,False
52.407185,-1.472617,137.95,0.0,3,73.98,18 / 18,253121,2019-09-04 19:25:33:294,0.6296,-0.048,9.8936,0.0037,0.0006,9.8066,0.003,-0.0316,-0.0301,-21.94,-26.94,0.75,60.93,-85.79,-36.26,False
52.407185,-1.472617,137.95,0.0,3,73.98,18 / 18,253220,2019-09-04 19:25:33:393,0.3918,0.1211,9.7777,0.0029,0.0006,9.8066,0.0051,-0.0206,-0.0208,-21.87,-27.25,0.06,58.01,-85.82,-36.42,False
52.407185,-1.472617,137.95,0.0,3,73.98,18 / 18,253320,2019-09-04 19:25:33:493,0.6659,0.0548,9.9554,0.0033,-0.0011,9.8066,-0.0018,0.0143,0.0104,-21.94,-26.56,0.38,57.61,-85.84,-36.78,False
52.407185,-1.472617,137.95,0.0,3,73.98,18 / 18,253421,2019-09-04 19:25:33:594,0.5718,-0.0382,9.857,0.003,-0.0017,9.8066,-0.0086,0.035,0.0293,-21.81,-27.19,0.88,59.6,-85.87,-37.44,False
52.407185,-1.472617,137.95,0.0,3,73.98,18 / 18,253521,2019-09-04 19:25:33:694,0.3739,0.1502,9.8045,0.003,0.0013,9.8066,-0.0031,0.0075,0.0088,-21.75,-26.5,0.0,56.22,-85.92,-37.87,False
52.407185,-1.472617,137.95,0.0,3,73.98,18 / 18,253621,2019-09-04 19:25:33:794,0.6805,0.0318,9.9882,0.0027,0.0004,9.8066,0.0014,-0.0114,-0.0097,-22.25,-26.62,0.94,58.77,-85.96,-38.14,False
52.407185,-1.472617,137.95,0.0,3,73.98,18 / 18,253720,2019-09-04 19:25:33:893,0.5861,-0.0524,9.8495,0.0032,-0.0003,9.8066,0.0077,-0.0383,-0.0371,-21.87,-26.56,0.69,58.52,-86.0,-38.34,False
52.407185,-1.472617,137.95,0.0,3,73.98,18 / 18,253821,2019-09-04 19:25:33:994,0.3691,0.1053,9.7521,0.003,-0.0002,9.8066,0.0045,-0.0213,-0.0267,-22.06,-26.87,0.38,55.23,-86.04,-38.83,False
52.407185,-1.472617,137.95,0.0,3,73.98,18 / 18,253921,2019-09-04 19:25:34:094,0.5571,0.1216,9.9907,0.0034,0.0001,9.8066,-0.0003,0.0069,0.0038,-22.69,-26.87,0.25,54.45,-86.08,-39.36,False
52.407185,-1.472617,137.95,0.0,3,73.98,18 / 18,254021,2019-09-04 19:25:34:194,0.6296,-0.0158,9.908,0.0026,-0.0016,9.8066,-0.0043,0.0255,0.0263,-22.0,-26.75,0.5,56.92,-86.1,-39.76,False
52.407185,-1.472617,137.95,0.0,3,73.98,18 / 18,254120,2019-09-04 19:25:34:293,0.3612,0.0533,9.7108,0.0025,0.0012,9.8066,-0.0079,0.0313,0.0283,-22.31,-27.19,0.69,56.39,-86.13,-40.23,False
52.407185,-1.472617,137.95,0.0,3,73.98,18 / 18,254220,2019-09-04 19:25:34:393,0.4732,0.1638,9.9575,0.0031,-0.0005,9.8066,-0.0053,0.018,0.0215,-22.12,-26.5,0.38,53.18,-86.16,-40.53,False
52.407185,-1.472617,137.95,0.0,3,73.98,18 / 18,254321,2019-09-04 19:25:34:494,0.565,0.0284,9.9568,0.0022,0.0018,9.8066,0.0058,-0.0251,-0.0225,-22.25,-26.81,0.81,55.85,-86.19,-40.68,False
52.407185,-1.472617,137.95,0.0,3,73.98,18 / 18,254420,2019-09-04 19:25:34:593,0.3622,0.064,9.7065,0.0033,0.0007,9.8066,0.0052,-0.0298,-0.0297,-22.19,-26.56,0.25,52.94,-86.24,-40.81,False
52.407185,-1.472617,137.95,0.0,3,73.98,18 / 18,254520,2019-09-04 19:25:34:693,0.4506,0.1259,9.9277,0.0027,-0.0006,9.8066,0.0061,-0.0146,-0.0131,-22.12,-26.5,0.56,55.02,-86.27,-41.25,False
52.407185,-1.472617,137.95,0.0,3,73.98,18 / 18,254621,2019-09-04 19:25:34:794,0.6576,0.0036,9.9534,0.0024,-0.0024,9.8066,0.0016,0.0104,0.0125,-22.0,-26.69,1.0,54.68,-86.29,-41.7,False
52.407185,-1.472617,137.95,0.0,3,73.98,18 / 18,254721,2019-09-04 19:25:34:894,0.428,-0.0292,9.5875,0.003,0.0003,9.8066,-0.0042,0.0267,0.0208,-22.12,-26.25,1.19,53.81,-86.33,-42.36,False
52.407185,-1.472617,137.95,0.0,3,73.98,18 / 18,254820,2019-09-04 19:25:34:993,0.6927,0.1161,10.043,0.0035,0.0001,9.8066,-0.0033,0.013,0.0147,-22.06,-26.69,0.31,50.8,-86.35,-42.73,False
52.407185,-1.472617,137.95,0.0,3,73.98,18 / 18,254920,2019-09-04 19:25:35:093,0.9135,0.0109,9.9787,0.0046,0.0,9.8066,0.0022,-0.009,-0.0096,-22.12,-26.94,0.75,53.18,-86.38,-43.03,False
52.407185,-1.472617,137.95,0.0,3,73.98,18 / 18,255020,2019-09-04 19:25:35:193,0.565,0.0694,9.7072,0.0042,0.0014,9.8066,0.008,-0.0169,-0.0179,-21.94,-26.44,0.63,52.36,-86.45,-43.62,False
52.407185,-1.472617,137.95,0.0,3,73.98,18 / 18,255121,2019-09-04 19:25:35:294,0.9731,-0.0338,9.8349,0.003,0.0001,9.8066,0.0038,0.0164,-0.0005,-21.75,-26.37,0.56,51.68,-86.5,-44.22,False
52.407185,-1.472617,137.95,0.0,3,73.98,18 / 18,255220,2019-09-04 19:25:35:393,0.9012,0.0048,9.8012,0.0048,0.0001,9.8066,0.0045,-0.0092,-0.0007,-21.87,-26.75,0.88,51.21,-86.55,-44.75,False
52.407185,-1.472617,137.95,0.0,3,73.98,18 / 18,255321,2019-09-04 19:25:35:494,0.8891,0.0156,9.743,0.0051,0.0004,9.8066,0.0067,-0.005,-0.0112,-22.0,-26.69,1.13,50.23,-86.62,-45.62,False
52.407185,-1.472617,137.95,0.0,3,73.98,18 / 18,255421,2019-09-04 19:25:35:594,1.0664,-0.0911,9.8442,0.0024,-0.0015,9.8066,-0.0029,0.0079,0.0075,-21.56,-26.62,0.94,49.41,-86.65,-46.37,False
52.407185,-1.472617,137.95,0.0,3,73.98,18 / 18,255520,2019-09-04 19:25:35:693,1.226,-0.0576,9.8973,0.0033,0.001,9.8066,0.0075,-0.0022,-0.0014,-21.37,-26.12,0.44,46.16,-86.66,-46.88,False
52.407185,-1.472617,137.95,0.0,3,73.98,18 / 18,255621,2019-09-04 19:25:35:794,1.142,-0.0529,9.7382,0.0039,-0.0003,9.8066,-0.0036,0.0147,0.0108,-21.94,-26.75,1.0,47.81,-86.71,-47.83,False
52.407185,-1.472617,137.95,0.0,3,73.98,18 / 18,255721,2019-09-04 19:25:35:894,1.9573,-0.2255,10.0569,0.0076,-0.0024,9.8066,0.0175,-0.0034,-0.0038,-21.87,-26.81,1.31,45.98,-86.79,-49.5,False
52.407185,-1.472617,137.95,0.0,3,73.98,18 / 18,255821,2019-09-04 19:25:35:994,1.5045,-0.0598,9.1241,0.013,0.0016,9.8066,0.0223,0.0077,0.0007,-21.56,-26.75,1.13,44.22,-86.87,-51.1,False
52.407185,-1.472617,137.95,0.0,3,73.98,18 / 18,255920,2019-09-04 19:25:36:093,2.396,-0.3206,9.9289,0.0117,0.0014,9.8066,0.0296,0.0011,-0.0021,-21.44,-27.25,2.06,44.66,-87.01,-53.51,False
52.407185,-1.472617,137.95,0.0,3,73.98,18 / 18,256020,2019-09-04 19:25:36:193,2.2377,-0.1853,9.0639,0.0089,0.0013,9.8066,0.0167,0.0063,-0.0001,-21.31,-27.19,1.56,42.58,-87.1,-55.41,False
52.407185,-1.472617,137.95,0.0,3,73.98,18 / 18,256120,2019-09-04 19:25:36:293,2.2859,-0.1251,9.0385,0.008,-0.0007,9.8066,0.0106,-0.0212,-0.0112,-21.75,-27.56,1.13,37.98,-87.18,-56.87,False
52.407185,-1.472617,137.95,0.0,3,73.98,18 / 18,256220,2019-09-04 19:25:36:393,2.4002,-0.1695,9.3076,0.0034,0.001,9.8066,-0.0049,-0.0086,-0.0062,-21.75,-27.31,1.06,36.24,-87.24,-58.4,False
52.407185,-1.472617,137.95,0.0,3,73.98,19 / 19,256321,2019-09-04 19:25:36:494,2.4218,-0.0735,10.1031,0.0002,-0.0002,9.8066,-0.0045,0.017,0.0195,-21.94,-27.69,1.31,36.67,-87.24,-58.06,False
52.407185,-1.472617,137.95,0.0,3,73.98,19 / 19,256420,2019-09-04 19:25:36:593,2.835,-0.2035,9.6681,0.0036,0.0043,9.8066,-0.0006,0.0118,0.0104,-21.94,-26.37,0.94,36.13,-87.25,-58.41,False
52.407185,-1.472617,137.95,0.0,3,73.98,19 / 19,256522,2019-09-04 19:25:36:695,2.8532,-0.0286,10.3833,0.0009,0.0007,9.8066,-0.0043,-0.003,-0.0116,-21.81,-26.69,0.5,36.02,-87.31,-58.55,False
52.407185,-1.472617,137.95,0.0,3,73.98,19 / 19,256621,2019-09-04 19:25:36:794,2.1297,0.1208,9.0557,-0.0068,0.0012,9.8066,-0.0201,0.009,-0.0007,-21.75,-27.19,1.56,39.17,-87.29,-58.16,False
52.407185,-1.472617,137.95,0.0,3,73.98,19 / 19,256720,2019-09-04 19:25:36:893,2.3914,-0.3369,9.2356,-0.0055,0.0031,9.8066,-0.0149,0.0107,0.0038,-21.62,-27.44,2.44,41.3,-87.23,-56.16,False
52.407185,-1.472617,137.95,0.0,3,73.98,19 / 19,256820,2019-09-04 19:25:36:993,2.5638,-0.0541,10.0714,0.0027,-0.0023,9.8065,-0.0025,0.0485,0.0447,-21.62,-26.75,1.81,41.89,-87.22,-55.61,False
52.407185,-1.472617,137.95,0.0,3,73.98,19 / 19,256921,2019-09-04 19:25:37:094,1.6648,0.3184,10.5313,-0.0013,0.0034,9.8066,-0.0246,0.0355,0.0215,-21.5,-27.37,1.63,41.86,-87.23,-55.98,False
52.407185,-1.472617,137.95,0.0,3,73.98,19 / 19,257021,2019-09-04 19:25:37:194,2.6053,0.0716,10.3925,0.0116,0.0012,9.8066,0.0301,-0.0005,-0.018,-21.31,-27.25,1.75,43.18,-87.26,-54.69,False
52.407185,-1.472617,137.95,0.0,3,73.98,19 / 19,257121,2019-09-04 19:25:37:294,2.8682,-0.1431,9.9747,0.0176,-0.0017,9.8066,0.0268,-0.0227,-0.0412,-21.94,-27.25,1.81,40.29,-87.37,-57.01,False
52.407185,-1.472617,137.95,0.0,3,73.98,19 / 19,257220,2019-09-04 19:25:37:393,2.8506,-0.557,9.1013,0.0116,-0.0042,9.8066,0.0117,-0.0063,-0.0131,-22.37,-27.44,1.88,35.38,-87.49,-61.62,False
52.407185,-1.472617,137.95,0.0,3,73.98,18 / 18,257320,2019-09-04 19:25:37:493,2.2777,-0.4397,9.5187,-0.0005,0.0052,9.8066,-0.0191,0.0036,-0.0114,-21.81,-27.06,2.31,35.63,-87.55,-61.33,False
52.407185,-1.472617,137.95,0.0,3,73.98,18 / 18,257421,2019-09-04 19:25:37:594,2.2286,-0.086,9.894,0.0023,0.0063,9.8066,-0.0005,0.006,-0.0139,-21.37,-27.12,2.44,37.91,-87.59,-59.44,False
52.407185,-1.472617,137.95,0.0,3,73.98,18 / 18,257520,2019-09-04 19:25:37:693,2.6853,0.8957,9.6619,0.0011,-0.0126,9.8066,-0.0186,-0.0044,0.0463,-21.81,-28.12,1.44,33.63,-87.59,-60.7,False
52.407185,-1.472617,137.95,0.0,3,73.98,18 / 18,257621,2019-09-04 19:25:37:794,2.3815,-0.6064,11.2936,-0.0152,-0.0134,9.8066,-0.0499,0.0118,0.0387,-23.06,-28.0,1.75,34.7,-87.35,-62.12,False
52.407185,-1.472617,137.95,0.0,3,73.98,18 / 18,257720,2019-09-04 19:25:37:893,0.973,-0.8209,9.4921,-0.0142,0.0052,9.8065,-0.02,0.0326,0.0113,-22.44,-27.5,1.94,37.8,-87.14,-59.57,False
52.407185,-1.472617,137.95,0.0,3,73.98,18 / 18,257821,2019-09-04 19:25:37:994,1.3826,-0.4295,9.9522,-0.0013,0.0036,9.8066,0.0074,-0.0037,-0.0236,-21.12,-27.62,1.88,41.55,-87.15,-56.43,False
52.407185,-1.472617,137.95,0.0,3,73.98,18 / 18,257921,2019-09-04 19:25:38:094,1.8355,-0.0497,9.7668,0.0106,0.0163,9.8065,0.0306,0.0129,-0.0333,-21.69,-27.5,1.63,41.63,-87.35,-55.75,False
52.407185,-1.472617,137.95,0.0,3,73.98,18 / 18,258021,2019-09-04 19:25:38:194,1.6499,0.5938,9.8975,0.0101,0.0109,9.8066,0.0205,0.0153,0.0284,-22.12,-27.12,1.0,38.49,-87.57,-55.99,False
52.407185,-1.472617,137.95,0.0,3,73.98,18 / 18,258120,2019-09-04 19:25:38:293,2.1843,-0.2302,8.8838,0.0153,-0.0159,9.8066,0.0111,0.0018,0.0361,-21.25,-27.75,1.88,34.66,-87.56,-62.64,False
52.407185,-1.472617,137.95,0.0,3,73.98,18 / 18,258220,2019-09-04 19:25:38:393,1.4097,-0.3719,10.7568,-0.0084,-0.0112,9.8066,-0.0578,0.0628,0.0469,-21.12,-28.12,2.0,32.88,-87.44,-64.43,False
52.407185,-1.472617,137.95,0.0,3,73.98,18 / 18,258321,2019-09-04 19:25:38:494,1.6294,-0.2736,10.4165,0.0026,0.0062,9.8066,0.0175,-0.0558,-0.0821,-22.19,-28.06,1.0,32.15,-87.38,-62.25,False
52.407185,-1.472617,137.95,0.0,3,73.98,18 / 18,258420,2019-09-04 19:25:38:593,1.2235,0.2497,9.5646,0.0036,0.0117,9.8066,0.0061,-0.0358,-0.0583,-21.94,-28.12,1.44,32.85,-87.59,-61.44,False
52.407185,-1.472617,137.95,0.0,3,73.98,18 / 18,258521,2019-09-04 19:25:38:694,1.2808,0.1623,9.6786,0.0038,0.0068,9.8066,-0.0106,0.0115,-0.0249,-21.31,-27.87,1.5,36.47,-87.75,-60.77,False
52.407185,-1.472617,137.95,0.0,3,73.98,18 / 18,258621,2019-09-04 19:25:38:794,0.3039,0.4527,10.0161,0.0061,0.0086,9.8066,0.0158,-0.004,-0.0232,-21.44,-29.25,1.5,39.07,-87.81,-58.29,False
52.407185,-1.472617,137.95,0.0,3,73.98,18 / 18,258720,2019-09-04 19:25:38:893,1.2657,0.0554,9.9409,-0.0047,-0.0021,9.8066,-0.032,0.0195,0.0326,-21.81,-28.81,1.44,36.26,-87.88,-58.01,False
52.407185,-1.472617,137.95,0.0,3,73.98,18 / 18,258820,2019-09-04 19:25:38:993,0.5233,-0.0252,10.1112,-0.0078,0.0003,9.8066,-0.031,0.0369,0.0372,-21.12,-28.87,1.38,38.95,-87.8,-55.71,False
52.407185,-1.472617,137.95,0.0,3,73.98,18 / 18,258921,2019-09-04 19:25:39:094,0.6261,-0.1693,9.8241,-0.0037,-0.0007,9.8066,0.0061,0.0088,0.0132,-21.37,-29.12,1.25,40.73,-87.79,-54.01,False
52.407185,-1.472617,137.95,0.0,3,73.98,18 / 18,259020,2019-09-04 19:25:39:193,1.3516,-0.1206,9.7281,0.0087,0.0015,9.8066,0.0225,0.0244,0.0115,-21.69,-28.94,0.81,39.02,-87.82,-55.41,False
52.407185,-1.472617,137.95,0.0,3,73.98,18 / 18,259120,2019-09-04 19:25:39:293,2.109,0.0309,9.8287,0.0119,0.0056,9.8066,0.0211,-0.0101,-0.0206,-21.94,-29.56,1.06,35.8,-88.05,-58.37,False
52.407185,-1.472617,137.95,0.0,3,73.98,18 / 18,259221,2019-09-04 19:25:39:394,1.2323,-0.2541,9.903,0.0057,0.0061,9.8066,0.0084,-0.0309,-0.0369,-21.87,-29.19,2.13,36.73,-88.15,-59.94,False
52.407215,-1.472483,137.67,5.55,3,73.89,18 / 19,259320,2019-09-04 19:25:39:493,0.9681,-0.2389,9.8747,0.0006,0.0043,9.8066,-0.024,0.0146,0.0239,-21.75,-29.12,1.63,37.1,-88.26,-59.49,False
52.407215,-1.472483,137.67,5.55,3,73.89,18 / 19,259421,2019-09-04 19:25:39:594,1.9219,0.0029,9.8972,-0.0057,0.0009,9.8066,-0.0235,-0.0113,0.0066,-22.37,-28.81,1.81,38.63,-88.23,-58.03,False
52.407215,-1.472483,137.67,5.55,3,73.89,18 / 19,259521,2019-09-04 19:25:39:694,1.5639,-0.7459,10.2151,-0.0088,-0.0068,9.8066,-0.0154,-0.0242,0.0075,-21.81,-29.12,2.0,39.82,-88.14,-56.95,False
52.407215,-1.472483,137.67,5.55,3,73.89,18 / 19,259621,2019-09-04 19:25:39:794,0.8518,-0.6361,9.9517,0.0037,0.0076,9.8065,0.0002,-0.0163,-0.0031,-22.37,-28.81,1.38,37.81,-88.06,-56.37,False
52.407215,-1.472483,137.67,5.55,3,73.89,18 / 19,259720,2019-09-04 19:25:39:893,0.7238,-0.1429,9.6872,-0.0004,0.0081,9.8066,-0.0454,-0.0231,-0.0031,-22.06,-28.25,0.88,39.59,-88.16,-54.51,False
52.407215,-1.472483,137.67,5.55,3,73.89,18 / 19,259820,2019-09-04 19:25:39:993,1.0847,0.0363,10.3224,-0.0143,0.0063,9.8066,-0.0503,-0.0297,0.0025,-21.37,-29.06,1.06,44.74,-88.13,-49.82,False
52.407215,-1.472483,137.67,5.55,3,73.89,18 / 19,259921,2019-09-04 19:25:40:094,-0.0423,0.5381,10.2972,-0.0027,0.0015,9.8066,-0.0071,-0.0348,-0.0093,-22.87,-29.0,1.31,49.46,-88.07,-44.89,False
52.407215,-1.472483,137.67,5.55,3,73.89,18 / 19,260021,2019-09-04 19:25:40:194,0.6404,-0.1044,9.9009,0.0051,-0.0025,9.8066,0.0056,-0.0283,0.0045,-22.19,-28.87,1.06,48.9,-88.09,-45.62,False
52.407215,-1.472483,137.67,5.55,3,73.89,18 / 19,260121,2019-09-04 19:25:40:294,-0.1337,-0.325,9.4386,0.0064,0.0017,9.8066,0.0069,-0.0498,-0.0189,-21.62,-29.44,0.94,47.47,-88.14,-46.96,False
52.407215,-1.472483,137.67,5.55,3,73.89,18 / 19,260220,2019-09-04 19:25:40:393,0.2896,-0.241,9.9195,0.0026,0.0028,9.8066,-0.0184,-0.0167,0.0231,-22.25,-28.25,0.69,46.52,-88.25,-47.71,False
52.407215,-1.472483,137.67,5.55,3,73.89,19 / 20,260320,2019-09-04 19:25:40:493,0.4312,-0.2621,10.0091,-0.0006,0.0027,9.8066,0.0069,-0.0942,-0.0462,-21.5,-28.69,0.94,47.44,-88.25,-47.08,False
52.407215,-1.472483,137.67,5.55,3,73.89,19 / 20,260421,2019-09-04 19:25:40:594,1.3588,-0.5689,9.2157,0.0076,0.0059,9.8066,0.0104,-0.0749,-0.0473,-21.44,-29.62,0.75,48.18,-88.34,-46.32,False
52.407215,-1.472483,137.67,5.55,3,73.89,19 / 20,260521,2019-09-04 19:25:40:694,1.1926,1.023,10.2561,0.0043,0.0182,9.8066,0.011,-0.1134,-0.0477,-21.62,-29.44,0.75,52.08,-88.59,-42.0,False
52.407215,-1.472483,137.67,5.55,3,73.89,19 / 20,260621,2019-09-04 19:25:40:794,0.7577,-0.1465,10.2457,-0.0025,-0.0065,9.8066,-0.0265,0.0188,0.0803,-21.0,-29.44,0.88,48.84,-88.49,-45.47,False
52.407215,-1.472483,137.67,5.55,3,73.89,19 / 20,260721,2019-09-04 19:25:40:894,1.1769,-0.2678,9.4457,0.0015,0.0022,9.8066,-0.0057,-0.0432,0.0184,-20.94,-29.31,0.38,46.2,-88.49,-45.31,False
52.407215,-1.472483,137.67,5.55,3,73.89,19 / 20,260820,2019-09-04 19:25:40:993,-0.5649,-1.7092,8.375,0.0042,0.0096,9.8065,-0.0086,-0.0537,-0.0236,-21.0,-29.25,0.81,47.03,-88.42,-47.3,False
52.407215,-1.472483,137.67,5.55,3,73.89,19 / 20,260920,2019-09-04 19:25:41:093,0.9155,-0.3411,9.704,0.0048,0.0044,9.8066,0.0291,-0.1671,-0.0987,-20.06,-29.62,1.19,49.15,-88.58,-45.33,False
52.407215,-1.472483,137.67,5.55,3,73.89,19 / 20,261020,2019-09-04 19:25:41:193,2.9529,0.7162,9.3562,0.0134,0.0042,9.8066,0.023,-0.0768,-0.0521,-20.31,-29.37,1.19,45.49,-88.68,-48.74,False
52.407215,-1.472483,137.67,5.55,3,73.89,19 / 20,261120,2019-09-04 19:25:41:293,1.3078,-0.6121,9.1779,-0.0021,-0.0045,9.8066,0.0043,-0.1138,-0.0744,-20.06,-30.19,1.75,44.63,-88.68,-52.47,False
52.407215,-1.472483,137.67,5.55,3,73.89,19 / 20,261220,2019-09-04 19:25:41:393,1.5782,-0.5306,9.9753,0.0042,-0.0015,9.8066,-0.0006,-0.0304,0.0017,-20.37,-30.31,1.0,39.98,-88.7,-54.14,False
52.407215,-1.472483,137.67,5.55,3,73.89,17 / 19,261320,2019-09-04 19:25:41:493,1.7301,-0.6252,9.1753,0.0009,-0.0019,9.8066,0.016,-0.0447,-0.0078,-20.12,-30.19,2.06,41.46,-88.7,-55.54,False
52.407215,-1.472483,137.67,5.55,3,73.89,17 / 19,261420,2019-09-04 19:25:41:593,-0.1408,-0.6717,9.3851,0.0039,-0.0088,9.8066,-0.0048,-0.0198,0.0356,-20.12,-30.06,2.63,40.73,-88.7,-59.06,False
52.407215,-1.472483,137.67,5.55,3,73.89,17 / 19,261520,2019-09-04 19:25:41:693,2.1982,-0.2332,9.7882,0.0097,-0.0006,9.8066,-0.0063,-0.0177,0.0283,-20.44,-29.87,2.38,32.11,-88.76,-64.59,False
52.407215,-1.472483,137.67,5.55,3,73.89,17 / 19,261621,2019-09-04 19:25:41:794,0.6322,-0.087,10.226,0.0063,-0.0014,9.8066,0.005,-0.0005,0.028,-19.87,-30.12,2.94,33.08,-88.75,-66.47,False
52.407215,-1.472483,137.67,5.55,3,73.89,17 / 19,261720,2019-09-04 19:25:41:893,1.632,-0.2338,9.7866,0.0097,-0.0024,9.8066,0.0221,-0.0321,0.0175,-20.75,-29.19,3.0,26.01,-88.82,-72.83,False
52.407215,-1.472483,137.67,5.55,3,73.89,17 / 19,261820,2019-09-04 19:25:41:993,1.1545,-0.4819,10.0966,0.0071,-0.0054,9.8066,0.0168,-0.0835,-0.0276,-20.69,-28.75,3.75,22.46,-88.85,-78.92,False
52.407215,-1.472483,137.67,5.55,3,73.89,17 / 19,261921,2019-09-04 19:25:42:094,1.605,-0.0353,9.9664,0.0085,-0.0021,9.8066,0.0141,-0.0783,-0.0144,-21.31,-28.87,3.13,14.95,-88.82,-83.6,False
52.407215,-1.472483,137.67,5.55,3,73.89,17 / 19,262020,2019-09-04 19:25:42:193,1.3994,-0.255,9.0113,-0.0009,-0.0076,9.8066,0.0057,-0.0972,-0.0412,-21.31,-27.94,3.13,8.25,-88.78,-90.11,False
52.407215,-1.472483,137.67,5.55,3,73.89,17 / 19,262121,2019-09-04 19:25:42:294,0.9855,-1.2226,9.2188,0.0082,-0.0042,9.8066,0.0237,-0.0489,-0.0212,-21.25,-28.31,2.88,4.67,-88.67,-93.6,False
52.407215,-1.472483,137.67,5.55,3,73.89,17 / 19,262221,2019-09-04 19:25:42:394,0.5619,-0.5167,9.2243,0.018,0.0107,9.8066,0.0355,-0.086,-0.0606,-21.5,-27.81,3.63,359.53,-88.77,-101.24,False
52.407215,-1.472483,137.67,5.55,3,73.89,17 / 19,262321,2019-09-04 19:25:42:494,0.8742,-0.5933,8.9447,0.001,-0.0183,9.8066,-0.0375,0.0267,0.1148,-20.81,-28.69,3.19,348.5,-88.8,-109.3,False
52.407215,-1.472483,137.67,5.55,3,73.89,17 / 19,262420,2019-09-04 19:25:42:593,1.2749,-0.5529,8.5656,-0.0257,0.0032,9.8066,-0.0876,-0.0036,0.0684,-21.5,-28.19,3.06,356.76,-88.52,-101.26,False
52.407215,-1.472483,137.67,5.55,3,73.89,17 / 19,262521,2019-09-04 19:25:42:694,1.0504,-0.4255,9.6548,-0.0423,0.0098,9.8065,-0.084,-0.0493,-0.0054,-21.19,-28.56,2.56,22.01,-88.51,-76.89,False
52.407215,-1.472483,137.67,5.55,3,73.89,17 / 19,262621,2019-09-04 19:25:42:794,0.79,0.216,10.6617,-0.0099,-0.0072,9.8065,-0.0118,-0.078,0.0069,-21.12,-28.06,2.31,31.74,-88.32,-64.89,False
52.407215,-1.472483,137.67,5.55,3,73.89,17 / 19,262721,2019-09-04 19:25:42:894,1.1869,-0.2361,9.4734,0.0157,-0.0145,9.8066,0.0591,-0.0577,0.0234,-21.62,-28.81,2.38,27.85,-88.14,-68.5,False
52.407215,-1.472483,137.67,5.55,3,73.89,17 / 19,262821,2019-09-04 19:25:42:994,1.9486,-0.8863,10.8903,0.0115,-0.0075,9.8066,0.0164,-0.054,0.0201,-21.75,-29.25,2.94,21.57,-88.03,-77.15,False
52.407215,-1.472483,137.67,5.55,3,73.89,17 / 19,262921,2019-09-04 19:25:43:094,-0.2636,-0.3779,8.79,0.002,-0.0163,9.8066,-0.0267,0.0285,0.1162,-21.31,-29.37,3.0,17.17,-87.94,-81.8,False
52.407215,-1.472483,137.67,5.55,3,73.89,17 / 19,263020,2019-09-04 19:25:43:193,1.5965,-0.56,9.8802,0.0001,-0.0146,9.8066,-0.0151,0.0384,0.1232,-21.62,-28.69,3.06,14.63,-87.72,-83.9,False
52.407215,-1.472483,137.67,5.55,3,73.89,17 / 19,263120,2019-09-04 19:25:43:293,1.5577,-1.0278,9.8324,-0.0033,0.0003,9.8066,-0.036,-0.0398,-0.0154,-21.69,-29.31,3.13,14.54,-87.58,-84.03,False
52.407215,-1.472483,137.67,5.55,3,73.89,17 / 19,263221,2019-09-04 19:25:43:394,1.2795,-0.6549,9.4771,0.0026,-0.0034,9.8066,-0.0087,-0.0075,0.0468,-21.37,-29.06,3.19,17.11,-87.58,-82.01,False
52.407215,-1.472483,137.67,5.55,3,73.89,17 / 19,263321,2019-09-04 19:25:43:494,0.4852,0.1787,10.0467,0.0105,0.0026,9.8066,0.023,-0.068,-0.0266,-21.69,-29.25,3.19,15.92,-87.55,-82.73,False
52.407215,-1.472483,137.67,5.55,3,73.89,17 / 19,263420,2019-09-04 19:25:43:593,1.328,-1.2563,10.032,0.0121,-0.0012,9.8066,0.0399,-0.0748,-0.0268,-21.62,-30.0,3.94,13.37,-87.63,-87.68,False
52.407215,-1.472483,137.67,5.55,3,73.89,17 / 19,263520,2019-09-04 19:25:43:693,0.9298,-0.8819,9.2059,0.0077,0.0059,9.8066,-0.0005,-0.0526,-0.0217,-21.87,-29.12,3.94,8.79,-87.7,-91.98,False
52.407215,-1.472483,137.67,5.55,3,73.89,17 / 19,263620,2019-09-04 19:25:43:793,0.8856,-0.5461,10.9633,0.0,-0.0024,9.8066,-0.0036,-0.0444,0.0058,-21.12,-29.12,4.13,7.16,-87.77,-94.01,False
52.407215,-1.472483,137.67,5.55,3,73.89,17 / 19,263721,2019-09-04 19:25:43:894,1.2375,-0.612,9.4723,0.0086,0.0004,9.8066,0.01,-0.0269,0.006,-21.75,-29.19,3.5,4.09,-87.78,-96.42,False
52.407215,-1.472483,137.67,5.55,3,73.89,17 / 19,263821,2019-09-04 19:25:43:994,0.802,-0.3867,9.5215,0.0046,0.0144,9.8066,-0.0011,-0.0809,-0.0686,-21.31,-29.37,4.13,2.03,-87.88,-98.86,False
52.407215,-1.472483,137.67,5.55,3,73.89,17 / 19,263920,2019-09-04 19:25:44:093,0.8703,0.5631,9.1521,-0.0052,0.0112,9.8066,-0.0272,-0.0783,-0.0249,-21.25,-28.81,4.19,1.77,-88.01,-99.09,False
52.407215,-1.472483,137.67,5.55,3,73.89,17 / 19,264020,2019-09-04 19:25:44:193,0.3862,-0.5193,10.5881,-0.002,0.0043,9.8066,-0.0072,-0.0526,-0.0109,-20.81,-29.44,3.88,5.41,-88.06,-95.62,False
52.407215,-1.472483,137.67,5.55,3,73.89,17 / 19,264120,2019-09-04 19:25:44:293,0.2426,-0.2753,9.8558,0.007,0.0036,9.8066,-0.007,-0.0134,0.0151,-20.56,-29.44,4.38,3.6,-88.12,-97.34,False
52.407215,-1.472483,137.67,5.55,3,73.89,17 / 19,264221,2019-09-04 19:25:44:394,0.2635,-0.5482,9.7624,0.0044,0.002,9.8066,0.0012,-0.0291,0.0039,-21.5,-29.19,4.25,2.22,-88.15,-98.66,False
52.407215,-1.472483,137.67,5.55,3,73.89,18 / 19,264321,2019-09-04 19:25:44:494,-0.1838,-0.981,10.1013,-0.0036,-0.0025,9.8066,-0.0042,-0.0459,-0.0101,-21.19,-29.62,4.69,4.5,-88.14,-99.09,False
52.407215,-1.472483,137.67,5.55,3,73.89,18 / 19,264420,2019-09-04 19:25:44:593,0.5828,-0.4366,9.9123,0.0059,-0.0031,9.8066,0.0132,-0.0778,-0.0257,-21.56,-28.94,4.75,1.84,-88.22,-101.04,False
52.407215,-1.472483,137.67,5.55,3,73.89,18 / 19,264521,2019-09-04 19:25:44:694,0.1744,-0.0773,9.9893,0.0084,0.0004,9.8066,0.0088,-0.0688,-0.0127,-21.06,-29.87,4.31,357.64,-88.19,-103.04,False
52.407215,-1.472483,137.67,5.55,3,73.89,18 / 19,264621,2019-09-04 19:25:44:794,0.6997,-0.7834,8.9052,0.0034,-0.0038,9.8066,0.0008,-0.0666,-0.0044,-21.44,-29.19,5.06,357.54,-88.13,-105.74,False
52.407215,-1.472483,137.67,5.55,3,73.89,18 / 19,264721,2019-09-04 19:25:44:894,0.4357,-0.1223,9.7588,-0.008,-0.0055,9.8066,-0.019,-0.1059,0.0048,-21.06,-29.81,4.44,356.39,-88.03,-104.22,False
52.407215,-1.472483,137.67,5.55,3,73.89,18 / 19,264820,2019-09-04 19:25:44:993,0.1412,-1.3295,10.431,-0.0024,-0.0156,9.8066,0.0042,-0.0947,0.0145,-21.12,-29.81,4.69,1.98,-87.82,-101.52,False
52.407215,-1.472483,137.67,5.55,3,73.89,18 / 19,264920,2019-09-04 19:25:45:093,0.6273,-0.733,9.9746,0.0125,-0.0071,9.8066,0.0486,-0.0838,0.0062,-21.56,-29.87,5.06,358.87,-87.59,-103.87,False
52.407215,-1.472483,137.67,5.55,3,73.89,18 / 19,265021,2019-09-04 19:25:45:194,0.0504,-1.1499,9.3607,0.0203,0.0047,9.8065,0.0414,-0.0961,-0.0345,-21.31,-29.5,5.06,355.26,-87.5,-107.85,False
52.407215,-1.472483,137.67,5.55,3,73.89,18 / 19,265120,2019-09-04 19:25:45:293,0.8619,-1.3375,10.3234,0.0119,-0.0005,9.8066,0.0009,-0.0964,-0.0262,-21.44,-29.19,6.5,355.08,-87.53,-113.07,False
52.407215,-1.472483,137.67,5.55,3,73.89,18 / 19,265220,2019-09-04 19:25:45:393,0.5313,-0.1928,9.9938,0.0009,-0.0053,9.8066,0.0024,-0.0554,0.0282,-20.94,-29.12,5.81,350.02,-87.47,-115.34,False
52.407215,-1.472483,137.67,5.55,3,73.89,18 / 18,265320,2019-09-04 19:25:45:493,0.395,-0.5678,9.8804,-0.0075,-0.0047,9.8066,-0.0025,-0.0513,0.0091,-21.37,-28.87,6.31,350.47,-87.42,-114.9,False
52.407215,-1.472483,137.67,5.55,3,73.89,18 / 18,265420,2019-09-04 19:25:45:593,0.1621,-0.3295,9.6484,0.0062,-0.0089,9.8066,0.0123,-0.1028,0.0105,-21.62,-29.12,6.06,351.48,-87.32,-113.26,False
52.407215,-1.472483,137.67,5.55,3,73.89,18 / 18,265521,2019-09-04 19:25:45:694,0.56,-1.3579,9.9289,0.0059,-0.0084,9.8066,0.0374,-0.0866,-0.0031,-21.87,-28.44,6.19,350.28,-87.1,-114.36,False
52.407215,-1.472483,137.67,5.55,3,73.89,18 / 18,265620,2019-09-04 19:25:45:793,0.5858,-0.5682,9.4461,-0.0011,-0.0208,9.8066,0.013,-0.1058,0.0109,-21.44,-28.5,6.81,351.29,-87.03,-116.57,False
52.407215,-1.472483,137.67,5.55,3,73.89,18 / 18,265720,2019-09-04 19:25:45:893,0.0231,-0.6602,9.5265,-0.0044,-0.0145,9.8066,-0.0224,-0.1008,-0.0193,-21.69,-28.37,6.5,352.78,-86.7,-114.36,False
52.407215,-1.472483,137.67,5.55,3,73.89,18 / 18,265820,2019-09-04 19:25:45:993,-0.0096,-1.1087,9.318,-0.0115,-0.0017,9.8066,-0.0207,-0.0932,0.0021,-21.87,-29.12,6.19,351.48,-86.72,-113.14,False
52.407215,-1.472483,137.67,5.55,3,73.89,18 / 18,265921,2019-09-04 19:25:46:094,0.5337,-0.8228,9.7666,-0.0017,0.007,9.8066,-0.0213,-0.059,-0.026,-22.31,-29.31,6.19,353.1,-86.66,-111.63,False
52.407215,-1.472483,137.67,5.55,3,73.89,18 / 18,266020,2019-09-04 19:25:46:193,0.7586,0.0094,10.6246,0.0021,-0.0032,9.8066,-0.0064,-0.0115,0.0352,-22.56,-28.75,6.38,352.66,-86.82,-111.46,False
52.407215,-1.472483,137.67,5.55,3,73.89,18 / 18,266120,2019-09-04 19:25:46:293,0.4989,-0.88,9.4301,0.0116,0.0079,9.8066,-0.003,-0.0389,-0.0068,-22.06,-29.12,6.31,351.05,-86.86,-113.57,False
52.407215,-1.472483,137.67,5.55,3,73.89,18 / 18,266220,2019-09-04 19:25:46:393,0.1762,-0.5014,10.296,0.0084,0.0056,9.8066,-0.0109,-0.0674,-0.0107,-22.12,-29.06,6.88,351.72,-86.92,-115.36,False
52.407215,-1.472483,137.67,5.55,3,73.89,19 / 19,266320,2019-09-04 19:25:46:493,0.5523,-0.1871,9.4816,-0.0027,-0.0049,9.8066,0.015,-0.0938,0.0233,-22.19,-29.37,6.94,351.91,-86.86,-115.18,False
52.407215,-1.472483,137.67,5.55,3,73.89,19 / 19,266421,2019-09-04 19:25:46:594,-0.1523,-0.1495,9.4151,0.0036,-0.004,9.8066,0.0235,-0.1181,-0.0426,-22.31,-29.56,7.19,352.67,-86.71,-114.42,False
52.407215,-1.472483,137.67,5.55,3,73.89,19 / 19,266520,2019-09-04 19:25:46:693,0.8285,-0.5619,10.6503,-0.0031,-0.0089,9.8066,0.0029,-0.0775,0.0093,-22.12,-29.44,7.63,355.01,-86.62,-114.6,False
52.407215,-1.472483,137.67,5.55,3,73.89,19 / 19,266621,2019-09-04 19:25:46:794,0.2864,-0.649,10.4053,0.006,-0.0088,9.8066,0.0103,-0.0142,0.0531,-22.37,-28.62,7.81,356.4,-86.46,-113.31,False
52.407215,-1.472483,137.67,5.55,3,73.89,19 / 19,266721,2019-09-04 19:25:46:894,0.0749,-0.8817,8.8312,0.016,0.0038,9.8066,0.0121,-0.1463,-0.0867,-22.69,-29.5,7.25,350.44,-86.4,-115.75,False
52.407215,-1.472483,137.67,5.55,3,73.89,19 / 19,266820,2019-09-04 19:25:46:993,0.8917,-1.123,10.2458,-0.0131,0.0115,9.8066,-0.0466,-0.1013,-0.0619,-22.0,-29.06,7.38,351.46,-86.43,-115.5,False
52.407215,-1.472483,137.67,5.55,3,73.89,19 / 19,266921,2019-09-04 19:25:47:094,0.2285,-0.341,10.8493,-0.0091,0.0151,9.8066,-0.0299,-0.0066,0.0038,-22.31,-28.87,7.63,357.25,-86.66,-112.53,False
52.407215,-1.472483,137.67,5.55,3,73.89,19 / 19,267020,2019-09-04 19:25:47:193,0.0709,-0.5568,10.2684,0.005,0.0114,9.8066,0.0398,-0.0582,-0.0291,-21.5,-28.56,7.94,358.03,-86.79,-112.68,False
52.407215,-1.472483,137.67,5.55,3,73.89,19 / 19,267120,2019-09-04 19:25:47:293,0.5042,1.2012,8.7185,0.0264,0.0002,9.8065,0.0712,-0.0746,-0.0092,-21.62,-28.94,7.81,351.82,-86.79,-117.58,False
52.407215,-1.472483,137.67,5.55,3,73.89,19 / 19,267220,2019-09-04 19:25:47:393,0.0638,-1.1327,9.7702,0.0015,-0.0165,9.8066,0.003,-0.062,0.0583,-22.31,-28.81,8.06,345.77,-86.53,-123.13,False
52.407215,-1.472483,137.67,5.55,3,73.89,18 / 18,267320,2019-09-04 19:25:47:493,-0.4943,-0.1104,8.3577,-0.0104,-0.0057,9.8066,-0.0376,-0.0456,0.0569,-22.12,-29.0,8.44,348.3,-86.37,-120.75,False
52.407215,-1.472483,137.67,5.55,3,73.89,18 / 18,267421,2019-09-04 19:25:47:594,-0.4419,-0.9848,10.4388,-0.0088,-0.005,9.8066,-0.0204,-0.0307,0.0462,-22.69,-28.81,7.94,351.48,-86.28,-117.02,False
52.407215,-1.472483,137.67,5.55,3,73.89,18 / 18,267520,2019-09-04 19:25:47:693,-0.2914,-2.3606,8.7033,0.0066,-0.0035,9.8066,-0.0074,-0.0624,-0.0647,-22.75,-29.25,7.94,352.8,-86.18,-115.8,False
52.407215,-1.472483,137.67,5.55,3,73.89,18 / 18,267621,2019-09-04 19:25:47:794,-0.2518,-0.3988,9.5665,-0.0033,0.0171,9.8066,-0.0311,-0.0761,-0.0738,-22.31,-28.87,8.25,352.63,-86.34,-116.76,False
52.407215,-1.472483,137.67,5.55,3,73.89,18 / 18,267721,2019-09-04 19:25:47:894,-0.6428,-0.7848,9.0148,-0.0018,0.0165,9.8066,-0.0127,-0.0347,-0.0759,-22.0,-28.94,8.38,354.08,-86.52,-115.45,False
52.407215,-1.472483,137.67,5.55,3,73.89,18 / 18,267820,2019-09-04 19:25:47:993,-0.3775,-0.0327,9.6604,0.0104,0.0239,9.8065,0.0163,-0.0732,-0.1,-21.19,-29.31,8.56,355.4,-86.88,-117.47,False
52.407215,-1.472483,137.67,5.55,3,73.89,18 / 18,267921,2019-09-04 19:25:48:094,0.289,-0.3859,9.7957,0.019,0.0097,9.8066,0.0494,-0.0425,-0.0223,-21.62,-29.44,8.69,348.31,-87.04,-123.19,False
52.407215,-1.472483,137.67,5.55,3,73.89,18 / 18,268021,2019-09-04 19:25:48:194,0.5813,-0.1399,9.3,0.0075,-0.0069,9.8066,0.006,-0.0125,0.0307,-21.31,-29.5,8.56,346.39,-86.99,-125.89,False
52.407215,-1.472483,137.67,5.55,3,73.89,18 / 18,268120,2019-09-04 19:25:48:293,0.0809,0.3031,9.8302,-0.0086,-0.005,9.8066,0.0136,-0.0607,-0.0031,-21.06,-29.31,8.56,346.7,-86.93,-125.58,False
52.407215,-1.472483,137.67,5.55,3,73.89,18 / 18,268220,2019-09-04 19:25:48:393,-0.0161,-0.7737,10.2671,-0.0059,-0.0019,9.8066,0.0042,-0.0674,-0.0086,-21.25,-29.62,9.13,347.01,-86.91,-125.26,False
52.40728,-1.471221,137.36,13.25,3,97.94,18 / 18,268320,2019-09-04 19:25:48:493,0.1907,-0.3782,10.0593,0.0016,0.0015,9.8066,0.0016,-0.019,-0.0025,-21.12,-29.0,8.81,346.68,-86.92,-125.6,False
52.40728,-1.471221,137.36,13.25,3,97.94,18 / 18,268421,2019-09-04 19:25:48:594,-0.0451,-0.1128,10.1227,0.0095,0.0019,9.8066,0.012,-0.0208,0.0034,-21.75,-29.0,9.0,343.59,-86.94,-127.58,False
52.40728,-1.471221,137.36,13.25,3,97.94,18 / 18,268520,2019-09-04 19:25:48:693,-0.1239,-0.4807,9.8545,0.0125,-0.0038,9.8065,0.0267,-0.075,-0.0391,-21.19,-28.5,9.81,344.33,-86.88,-130.09,False
52.40728,-1.471221,137.36,13.25,3,97.94,18 / 18,268620,2019-09-04 19:25:48:793,0.245,-0.0238,10.1618,0.0071,-0.007,9.8066,0.0033,-0.0052,0.0439,-21.5,-28.69,8.81,338.33,-86.77,-133.32,False
52.40728,-1.471221,137.36,13.25,3,97.94,18 / 18,268720,2019-09-04 19:25:48:893,-0.0291,-0.5267,10.6932,-0.0001,-0.0064,9.8066,-0.0208,-0.0169,0.0513,-21.37,-28.5,9.56,341.42,-86.67,-132.74,False
52.40728,-1.471221,137.36,13.25,3,97.94,18 / 18,268821,2019-09-04 19:25:48:994,-0.1123,-0.2836,9.7845,-0.0109,-0.0051,9.8066,-0.0208,-0.0074,0.0334,-20.94,-28.75,9.06,342.98,-86.58,-128.92,False
52.40728,-1.471221,137.36,13.25,3,97.94,18 / 18,268920,2019-09-04 19:25:49:093,-0.2884,-0.082,9.7134,-0.0023,0.003,9.8066,-0.0191,-0.0554,-0.033,-21.69,-29.06,9.25,342.76,-86.58,-128.22,False
52.40728,-1.471221,137.36,13.25,3,97.94,18 / 18,269021,2019-09-04 19:25:49:194,-0.2481,-0.2368,8.9618,-0.0012,0.0063,9.8066,-0.0218,-0.0289,-0.0027,-21.81,-29.19,9.38,342.9,-86.6,-128.1,False
52.40728,-1.471221,137.36,13.25,3,97.94,18 / 18,269120,2019-09-04 19:25:49:293,-0.0232,0.0498,10.0987,0.006,0.005,9.8066,-0.0057,-0.0437,-0.0114,-21.5,-28.5,9.38,344.17,-86.76,-127.92,False
52.40728,-1.471221,137.36,13.25,3,97.94,18 / 18,269220,2019-09-04 19:25:49:393,-0.1222,0.232,9.7644,-0.0042,-0.0065,9.8066,-0.0027,-0.066,-0.0032,-21.12,-29.0,8.94,344.4,-86.73,-127.66,False
52.40728,-1.471221,137.36,13.25,3,97.94,18 / 18,269321,2019-09-04 19:25:49:494,-0.7407,-0.4458,10.0722,-0.0083,-0.0033,9.8066,0.006,-0.0826,-0.0295,-21.69,-29.12,9.5,347.94,-86.66,-125.65,False
52.40728,-1.471221,137.36,13.25,3,97.94,18 / 18,269421,2019-09-04 19:25:49:594,-1.4295,-0.0686,9.8468,-0.0019,-0.0069,9.8066,-0.0131,0.016,0.0501,-21.75,-29.12,9.63,348.46,-86.61,-125.15,False
52.40728,-1.471221,137.36,13.25,3,97.94,18 / 18,269521,2019-09-04 19:25:49:694,-0.141,-0.6195,9.5538,-0.0007,0.0022,9.8066,-0.0081,-0.018,0.0119,-21.94,-29.0,9.31,346.11,-86.6,-125.12,False
52.40728,-1.471221,137.36,13.25,3,97.94,18 / 18,269620,2019-09-04 19:25:49:793,-0.4823,0.2342,10.1915,0.0019,-0.0045,9.8065,0.0038,-0.1011,-0.0425,-21.31,-29.12,9.63,349.72,-86.65,-124.98,False
52.40728,-1.471221,137.36,13.25,3,97.94,18 / 18,269720,2019-09-04 19:25:49:893,-0.7728,-0.1755,9.7628,0.0075,-0.0087,9.8066,0.0288,-0.0842,-0.0305,-21.19,-29.0,9.75,348.38,-86.53,-126.19,False
52.40728,-1.471221,137.36,13.25,3,97.94,18 / 18,269820,2019-09-04 19:25:49:993,-0.0645,0.0335,9.2441,0.011,-0.0101,9.8066,0.0079,-0.0483,0.0245,-20.87,-28.56,10.13,346.72,-86.41,-127.69,False
52.40728,-1.471221,137.36,13.25,3,97.94,18 / 18,269920,2019-09-04 19:25:50:093,-0.7253,-0.1251,9.9689,0.0001,-0.0096,9.8066,0.0207,-0.0215,0.037,-21.19,-29.06,9.88,347.47,-86.17,-126.93,False
52.40728,-1.471221,137.36,13.25,3,97.94,18 / 18,270020,2019-09-04 19:25:50:193,-0.3496,-0.4955,9.354,0.005,-0.0148,9.8066,0.0007,-0.0174,0.0192,-21.87,-28.69,10.25,346.35,-86.0,-126.93,False
52.40728,-1.471221,137.36,13.25,3,97.94,18 / 18,270121,2019-09-04 19:25:50:294,-0.3313,-0.2993,9.6314,-0.0062,-0.0069,9.8066,-0.0132,-0.0755,-0.0127,-21.12,-28.87,10.0,347.65,-85.85,-126.68,False
52.40728,-1.471221,137.36,13.25,3,97.94,18 / 18,270223,2019-09-04 19:25:50:396,-0.7471,0.249,10.3997,-0.0106,-0.0085,9.8066,-0.0038,-0.0527,-0.0168,-21.69,-29.0,10.13,348.69,-85.79,-124.74,False
52.40728,-1.471221,137.36,13.25,3,97.94,16 / 18,270320,2019-09-04 19:25:50:493,-0.4266,-0.2837,9.2334,-0.0005,-0.0059,9.8066,0.0035,-0.0311,0.0176,-22.06,-28.81,10.38,349.09,-85.81,-124.37,False
52.40728,-1.471221,137.36,13.25,3,97.94,16 / 18,270420,2019-09-04 19:25:50:593,-0.3864,-0.7244,9.972,0.0009,0.0,9.8066,-0.0167,-0.0072,0.025,-21.75,-28.81,10.19,347.81,-85.74,-125.52,False
52.40728,-1.471221,137.36,13.25,3,97.94,16 / 18,270521,2019-09-04 19:25:50:694,0.3425,-0.6049,10.0156,-0.0091,0.0019,9.8066,-0.0061,-0.0506,-0.0102,-21.87,-29.12,10.75,351.29,-85.75,-124.49,False
52.40728,-1.471221,137.36,13.25,3,97.94,16 / 18,270620,2019-09-04 19:25:50:793,-0.7039,0.028,8.6994,-0.0006,0.0026,9.8066,0.0038,-0.0815,-0.0552,-21.87,-28.87,9.81,348.96,-85.77,-124.48,False
52.40728,-1.471221,137.36,13.25,3,97.94,16 / 18,270720,2019-09-04 19:25:50:893,0.556,0.003,9.3857,0.0033,0.0067,9.8066,-0.0265,-0.0648,-0.0305,-21.37,-29.0,11.13,352.23,-85.78,-124.7,False
52.40728,-1.471221,137.36,13.25,3,97.94,16 / 18,270820,2019-09-04 19:25:50:993,-0.3842,-0.3051,9.8001,-0.0084,0.0005,9.8066,-0.0186,-0.0213,0.0187,-21.75,-29.0,10.88,352.15,-85.85,-123.73,False
52.40728,-1.471221,137.36,13.25,3,97.94,16 / 18,270920,2019-09-04 19:25:51:093,-0.1898,-1.0856,10.1169,-0.0057,-0.0028,9.8066,-0.0045,-0.0036,0.0213,-21.44,-28.87,11.25,354.16,-85.84,-122.96,False
52.40728,-1.471221,137.36,13.25,3,97.94,16 / 18,271021,2019-09-04 19:25:51:194,-0.5868,-0.4392,9.6752,0.001,0.0092,9.8066,-0.03,-0.0171,-0.0103,-21.31,-28.87,11.38,353.76,-85.9,-123.32,False
52.40728,-1.471221,137.36,13.25,3,97.94,16 / 18,271120,2019-09-04 19:25:51:293,-0.2526,0.1667,9.8834,0.0069,0.0104,9.8066,-0.0014,-0.0063,-0.0154,-21.06,-28.87,10.25,350.21,-86.07,-124.4,False
52.40728,-1.471221,137.36,13.25,3,97.94,16 / 18,271221,2019-09-04 19:25:51:394,0.0994,-0.8128,9.6047,0.0002,0.0111,9.8066,-0.0259,-0.0348,-0.0326,-21.06,-28.56,10.75,350.93,-86.18,-125.96,False
52.40728,-1.471221,137.36,13.25,3,97.94,17 / 18,271320,2019-09-04 19:25:51:493,-0.0751,0.1911,11.111,0.0007,0.001,9.8066,0.0245,-0.0513,-0.0341,-19.94,-27.5,11.25,351.48,-86.33,-126.67,False
