time_ms,gps_speed,gps_heading,lat,lon,blackout,accel_y_mean,accel_y_std,accel_z_std,gyro_z_std,accel_energy,accel_x_mean,accel_x_std,gyro_x_std,accel_energy_2s,accel_z_mean
91421,7.35,71.72,52.406345,-1.49406,False,-0.3928,0.0,0.0,0.0,86.70754339999999,2.1639,0.0,0.0,86.70754339999999,9.3034
91520,7.35,71.72,52.406345,-1.49406,False,-0.23504999999999998,0.22309218946435574,0.3151574923748439,0.051053109601668735,90.87923475,2.2849,0.1711198410471445,0.029698484809834995,90.87923475,9.526250000000001
91620,7.35,71.72,52.406345,-1.49406,False,0.10723333333333333,0.6134808092624685,0.3016209376021489,0.05505642560137736,93.32207587666666,2.130333333333333,0.2937917005862033,0.022205479804168458,93.32207587666666,9.6436
91720,7.35,71.72,52.406345,-1.49406,False,0.195325,0.5309862231420572,0.24792182067471663,0.0493863257052665,93.01961050999999,2.02195,0.3233112483866487,0.01835853570776638,93.01961050999999,9.629325
91820,7.35,71.72,52.406345,-1.49406,False,0.27999999999999997,0.4973017745795806,0.2177131139825982,0.044438575584732694,92.727780684,1.94286,0.33117029305177714,0.016986906722531912,92.727780684,9.6132
91921,7.35,71.72,52.406345,-1.49406,False,0.34190000000000004,0.4699328718019202,0.21655854096910282,0.04677022200788304,92.01137709833331,1.9124999999999999,0.30540037328071484,0.020252176837729483,92.01137709833331,9.574516666666666
92021,7.35,71.72,52.406345,-1.49406,False,0.3231285714285714,0.4318533536371103,0.19797746023702975,0.04903746866767629,91.89205950428571,1.8246428571428572,0.3629829649682514,0.022565671357385398,91.89205950428571,9.570485714285713
92121,7.35,71.72,52.406345,-1.49406,False,0.3867,0.43838961796883047,0.29103626400207505,0.04617953899107885,93.52227492875,1.7195375,0.44867732897452517,0.02543678087786604,93.52227492875,9.6504125
92221,7.35,71.72,52.406345,-1.49406,False,0.38816666666666666,0.41009954279418553,0.32669435044259776,0.044599311778446886,94.69100669777777,1.6556222222222223,0.4614259333245634,0.023999895833107278,94.69100669777777,9.710611111111112
92320,7.35,71.72,52.406345,-1.49406,False,0.38767999999999997,0.3866486196937875,0.3660899318777042,0.04367929206793026,93.490138718,1.6226800000000001,0.4473351013377878,0.032114731822015886,93.490138718,9.64804
92421,7.35,71.72,52.406345,-1.49406,False,0.43084999999999996,0.30538434162725353,0.3502972517099663,0.029969059971169523,93.850806788,1.5552300000000001,0.4055623915557808,0.0268520142012972,93.2014192072727,9.66803
92520,7.35,71.72,52.406345,-1.49406,False,0.5481199999999999,0.31362116496038833,0.3509797075488995,0.03224614533380523,94.01607537,1.3988299999999998,0.33680167606471334,0.02643390289424212,93.49326860000001,9.67038
92620,7.35,71.72,52.406345,-1.49406,False,0.55352,0.3187067541033781,0.3766845053297993,0.032256453273380475,94.543930697,1.25259,0.4359310507408255,0.025122800622365153,94.2619642,9.69631
92721,7.35,71.72,52.406345,-1.49406,False,0.58038,0.32122050162881366,0.4053802194648048,0.03726493138476322,95.785045309,1.17419,0.4172651766762557,0.022674804911570413,94.99492108071429,9.75743
92821,7.35,71.72,52.406345,-1.49406,False,0.57404,0.3210057327283182,0.40317279670136474,0.03914857738297921,96.60032378399998,1.1231300000000002,0.38582295896779767,0.020915161964469693,95.309476084,9.79958
92921,7.35,71.72,52.406345,-1.49406,False,0.6293,0.3782607096229325,0.37882661659979017,0.03714387043794859,97.28304678299999,1.06583,0.31703050694425855,0.027866315787264655,95.30617065125,9.830009999999998
93020,7.35,71.72,52.406345,-1.49406,False,0.7024999999999999,0.35852303195812185,0.3663617908267423,0.03247309997863188,97.821058114,1.0132800000000002,0.31791423301820854,0.027996158466634113,95.37970574529412,9.853480000000001
93120,7.35,71.72,52.406345,-1.49406,False,0.71617,0.3665136591361001,0.34972822146473825,0.03129557299186082,97.437666241,0.9911900000000001,0.32771371805281546,0.027752469359600337,95.69749232444444,9.8333
93221,7.35,71.72,52.406345,-1.49406,False,0.75072,0.3492660584075636,0.32733266734487637,0.030191757521254407,96.849396708,1.01256,0.34530287253044684,0.02758024454004875,95.82700144,9.80202
93321,7.35,71.72,52.406345,-1.49406,False,0.79488,0.3247024579861112,0.2663015060248632,0.028283061283311525,99.473115463,0.9934799999999999,0.33102296261404285,0.026377380882533105,96.4816270905,9.933910000000001
93420,7.35,71.72,52.406345,-1.49406,False,0.8068899999999999,0.29444493712747055,0.2508536456891825,0.029181122132106035,101.193348837,0.9435499999999999,0.2819240530119182,0.032349033988668056,97.52207781249999,10.02036
93521,7.35,71.72,52.406345,-1.49406,False,0.73911,0.2986353757790036,0.3496098125053112,0.01893558965428738,100.05990122200001,0.9616,0.2804672926068607,0.03287546366381944,97.037988296,9.96611
93621,7.35,71.72,52.406345,-1.49406,False,0.63307,0.4201035561488249,0.50832348799209,0.020873417438348595,97.39787200700002,1.0667,0.2198515711413807,0.03643831316988573,95.970901352,9.82882
93721,7.35,71.72,52.406345,-1.49406,False,0.59288,0.4291190894016355,0.49702149797010264,0.026355983929439792,96.99822722300001,1.0337,0.2655385345544664,0.03306248125393296,96.391636266,9.811150000000001
93821,7.35,71.72,52.406345,-1.49406,False,0.4725,0.5823312669301248,0.4984941435073349,0.025599861110734343,97.08436376400002,0.9519499999999999,0.3498690302575143,0.03083930392642916,96.842343774,9.8149
93920,7.35,71.72,52.406345,-1.49406,False,0.33673,0.5502208244574776,0.49690347028148035,0.026114312806071176,97.08585124200002,0.90922,0.34392018712356975,0.03643264866694283,97.1844490125,9.82231
94020,7.35,71.72,52.406345,-1.49406,False,0.20759,0.5437571362494673,0.5234230237368027,0.0259082483648226,98.15278471900001,0.92319,0.34054777263174774,0.03828798622138401,97.9869214165,9.87912
94120,7.35,71.72,52.406345,-1.49406,False,0.06298,0.5101978282980039,0.524309800700989,0.026723815845296737,98.140758656,0.9015799999999998,0.35824598873461866,0.032297039768031076,97.7892124485,9.88206
94221,7.35,71.72,52.406345,-1.49406,False,-0.028230000000000012,0.4529630376139358,0.5244294369439353,0.02754983565185905,98.164195034,0.8180099999999999,0.33677495766625987,0.02461471104847675,97.506795871,9.885909999999999
94320,9.29,69.73,52.406494,-1.49329,False,-0.09337000000000002,0.3522959016697933,0.5069535754550573,0.02742614527133633,97.71355403800001,0.8081099999999999,0.32774211220273647,0.024757313173193074,98.5933347505,9.86721
94421,9.29,69.73,52.406494,-1.49329,False,-0.08057,0.3645947432119354,0.49551142480381916,0.026074911313367866,97.482125938,0.78985,0.32150337219589675,0.025481531438366265,99.3377373875,9.85571
94521,9.29,69.73,52.406494,-1.49329,False,-0.15622,0.32620643702348184,0.444698097339956,0.024792238928969496,98.954697782,0.73243,0.32659087913371565,0.022339392212959792,99.50729950200001,9.932599999999999
94621,9.29,69.73,52.406494,-1.49329,False,-0.05382999999999999,0.44493186507099597,0.29825454471716434,0.024000483791420158,99.964745722,0.71504,0.2889794733194729,0.02576807671864127,98.6813088645,9.98517
94720,9.29,69.73,52.406494,-1.49329,False,-0.20141,0.5395342280358323,0.756597949963446,0.03796735439821952,96.10014187799999,0.63552,0.41244601747784304,0.04647370104574084,96.5491845505,9.76127
94820,9.29,69.73,52.406494,-1.49329,False,-0.25202,0.6057999886284428,0.8115473123060115,0.03913969851697889,97.628629129,0.60264,0.45338162291826506,0.051561183720572897,97.3564964465,9.83067
94920,9.29,69.73,52.406494,-1.49329,False,-0.23243,0.6124634720173562,0.9329947043436702,0.04074458246196664,100.86230018799999,0.65023,0.49486055959678615,0.0607163615144679,98.974075715,9.984350000000001
95020,9.29,69.73,52.406494,-1.49329,False,-0.10115,0.7165735881416657,0.9286683183163104,0.047378908809722495,99.55358733199999,0.62431,0.48635867982842074,0.06205291738150237,98.8531860255,9.91489
95120,9.29,69.73,52.406494,-1.49329,False,-0.06736,0.7047131523613779,0.9276687270308893,0.046815573144936375,99.264918406,0.65358,0.48996989658095874,0.06208967081747354,98.702838531,9.90146
95220,9.29,69.73,52.406494,-1.49329,False,0.010089999999999998,0.7345121743942253,0.9599428908939208,0.047013550056221966,97.778041281,0.61046,0.5208103156513787,0.06202394609252859,97.9711181575,9.82156
95321,9.29,69.73,52.406494,-1.49329,False,-0.026340000000000002,0.7345411057251999,0.9635739589327507,0.04613477960160738,95.92457909700002,0.49718999999999997,0.5406759502902103,0.06156611983153652,96.8190665675,9.726389999999999
95420,9.29,69.73,52.406494,-1.49329,False,0.010509999999999997,0.7607817856944552,0.9520479306911677,0.04623226506816784,95.479745682,0.4629,0.5295686001097704,0.06188360041238715,96.48093581,9.702729999999999
95520,9.29,69.73,52.406494,-1.49329,False,0.06382,0.7522067856942292,0.9487853605765877,0.04902141935476323,95.245551826,0.47379999999999994,0.5303535948360822,0.059293676822331685,97.100124804,9.69134
95620,9.29,69.73,52.406494,-1.49329,False,-0.0008500000000000063,0.7074626338778133,0.9417927975114511,0.050178779268619994,96.538150326,0.38662,0.4578583691735053,0.052494850541108654,98.251448024,9.76163
95721,9.29,69.73,52.406494,-1.49329,False,0.15323,0.5870366959001225,0.6409016943165127,0.036519993002311596,99.78582395100001,0.45106,0.4066691016320541,0.0436281713269458,97.94298291449999,9.95402
95820,9.29,69.73,52.406494,-1.49329,False,0.23833,0.4119550920778728,0.5866218154256903,0.03513521342218119,98.259957358,0.5034099999999999,0.3698312271233397,0.027976793954990663,97.9442932435,9.88639
95920,9.29,69.73,52.406494,-1.49329,False,0.22598,0.4202557575783793,0.355479419001063,0.03380132147318108,96.01753400999999,0.42237,0.26545170328663836,0.019406267601530813,98.439917099,9.78232
96020,9.29,69.73,52.406494,-1.49329,False,0.1397,0.33101876751091325,0.3644864143177657,0.023896991907397497,96.781684946,0.39200999999999997,0.2532899500133739,0.016616537946676366,98.167636139,9.82568
96121,9.29,69.73,52.406494,-1.49329,False,0.18483,0.31923322038910623,0.3816680296918894,0.023520348164467658,95.910078887,0.3297,0.20253076583845414,0.015771496793618337,97.5874986465,9.780240000000001
96221,9.29,69.73,52.406494,-1.49329,False,0.16684,0.2970468806995505,0.3116526558348067,0.01991030163285103,96.83083772699999,0.31287,0.2297277521570059,0.017352774353911825,97.304439504,9.83037
96320,9.29,69.73,52.406494,-1.49329,False,0.18736,0.27593326971087234,0.3405871154671327,0.01993776149253804,96.577787223,0.36664,0.18109583221168868,0.024678801069383905,96.25118316000001,9.81681
96421,9.29,69.73,52.406494,-1.49329,False,0.21895999999999996,0.3449617376528072,0.39080100875566287,0.021048803080249253,97.49592538,0.34835000000000005,0.179330453818269,0.02595398492203722,96.487835531,9.85918
96521,9.29,69.73,52.406494,-1.49329,False,0.26254999999999995,0.3682404958417495,0.4092248580480471,0.014549746084076878,96.73088878499999,0.29106,0.19593857994563174,0.0277837062562455,95.9882203055,9.8178
96620,9.29,69.73,52.406494,-1.49329,False,0.36265000000000003,0.4621340071403049,0.4315709599178841,0.009326670240647362,97.431722612,0.30961000000000005,0.21176360221299087,0.030801661210612247,96.984936469,9.845830000000001
96720,9.29,69.73,52.406494,-1.49329,False,0.49215,0.6241115075760811,0.43074192337820444,0.010187879508950242,97.74936381199998,0.31406999999999996,0.2150715232454328,0.030448501149025774,98.7675938815,9.84833
96820,9.29,69.73,52.406494,-1.49329,False,0.63289,0.5819943440924109,0.4264074968071422,0.008903738291052522,97.54905920499999,0.29341,0.2056809419681087,0.0307112284931026,97.9045082815,9.8326
96920,9.29,69.73,52.406494,-1.49329,False,0.7664,0.5523353872422083,0.39977175154497063,0.010066009912351313,96.70699090000001,0.24348999999999998,0.2291880375489854,0.026522906242634058,96.36226245499999,9.7827
97020,9.29,69.73,52.406494,-1.49329,False,0.82943,0.5016132331454852,0.3896163356431563,0.016397140672148345,96.45449937800001,0.20558,0.24087056828650988,0.02539869856683389,96.61809216200001,9.76747
97120,9.29,69.73,52.406494,-1.49329,False,0.91494,0.4757281020825987,0.37318193492659246,0.017360094725804007,97.268673165,0.25203,0.2840977298591291,0.02115705556073436,96.589376026,9.803189999999999
97220,9.29,69.73,52.406494,-1.49329,False,0.99892,0.4538184042103189,0.37072967030498627,0.018390021448842525,98.10730487400001,0.24999,0.2867850160737901,0.019900016750411725,97.4690713005,9.83872
97321,9.29,69.73,52.406494,-1.49329,False,1.10794,0.2937488201394753,0.3885122221729643,0.018165990813116182,101.530458129,0.17850999999999997,0.3208350578308624,0.022917206054258312,99.05412267599999,10.00447
97420,9.29,69.73,52.406494,-1.49329,False,1.16292,0.31598486883604715,0.3804136321894285,0.02249262595212532,99.872574128,0.15485999999999997,0.3210999089933771,0.020714699557989692,98.68424975399999,9.91464
97521,9.29,69.73,52.406494,-1.49329,False,1.17055,0.3023149801485576,0.3540554766636909,0.028105080600410216,100.40365503000001,0.14418,0.32908013141009956,0.019637107730009543,98.5672719075,9.94175
97620,9.29,69.73,52.406494,-1.49329,False,1.12635,0.3340859046213521,0.39939769945923875,0.02814683917521743,98.25505453800001,0.13710999999999998,0.3200374715907837,0.02652968149073789,97.84338857499999,9.83577
97720,9.29,69.73,52.406494,-1.49329,False,1.1343900000000002,0.3496630487578966,0.40957730039639567,0.036089581445188416,97.91054730600001,0.16275,0.35824777040478495,0.026516837418264404,97.829955559,9.81645
97820,9.29,69.73,52.406494,-1.49329,False,1.08722,0.3843447000342855,0.41938901273161616,0.0413007990237477,97.15338434600001,0.08202999999999998,0.4138848257667819,0.02636451529360377,97.35122177550001,9.78162
97920,9.29,69.73,52.406494,-1.49329,False,1.1141200000000002,0.4060969473742288,0.4247127311489494,0.0415411121661421,96.868588966,0.11153999999999997,0.4120956852210142,0.02748112281387192,96.78778993300001,9.763020000000001
98021,9.29,69.73,52.406494,-1.49329,False,1.11898,0.4012699224545333,0.4875005139598425,0.04074924539178608,98.08064272200001,0.10381999999999998,0.41575289081643396,0.02814427314945461,97.26757105,9.821900000000001
98121,9.29,69.73,52.406494,-1.49329,False,1.08336,0.4122329524808898,0.5073064807830112,0.04063908354172262,98.93743542300001,0.043719999999999995,0.3631780916055119,0.026086914557132117,98.103054294,9.86809
98220,9.29,69.73,52.406494,-1.49329,False,1.04753,0.40999553127646043,0.5129160369885107,0.039492954364600825,99.15689513000001,0.10425,0.38668853745617987,0.025877154231312063,98.632100002,9.88289
98320,9.29,69.73,52.406494,-1.49329,False,0.93659,0.5264062255837535,0.407221760633359,0.039620680626830884,97.34661506200001,0.14032,0.36368630499985,0.022065810658119966,99.4385365955,9.801570000000002
98421,9.29,69.73,52.406494,-1.49329,False,0.7984500000000001,0.5370634356283147,0.4106886568787703,0.036617131691782365,97.03051535899999,0.10045,0.3957164760841326,0.01971824873900656,98.45154474350001,9.79702
98520,9.29,69.73,52.406494,-1.49329,False,0.78175,0.5428094616591228,0.45059672053351085,0.02952901398060331,98.31868034800002,0.13508,0.38913578264319615,0.020422756914775256,99.361167689,9.86203
98621,9.29,69.73,52.406494,-1.49329,False,0.78372,0.5426026145655155,0.40770954312544005,0.02742529448844218,98.944571898,0.1502,0.4065281704056101,0.017162750362339965,98.599813218,9.895240000000001
98721,9.29,69.73,52.406494,-1.49329,False,0.6305099999999999,0.4409974085335799,0.39039679885413364,0.023753727192917636,99.1349913,0.08818000000000001,0.3512935613162041,0.017719308363728235,98.52276930299999,9.920950000000001
98820,9.29,69.73,52.406494,-1.49329,False,0.5871999999999999,0.46160940920508375,0.36649735621298873,0.017606955696226646,99.70355283900001,0.12490000000000001,0.2953068611160629,0.02077121138071207,98.4284685925,9.95219
98920,9.29,69.73,52.406494,-1.49329,False,0.47192999999999996,0.32603042479021577,0.36052889297068275,0.01544907404632679,99.590359829,0.09409000000000001,0.30010711957936226,0.023121680542536507,98.22947439750001,9.95766
99020,9.29,69.73,52.406494,-1.49329,False,0.42530999999999997,0.310022628027195,0.31207254925737904,0.015284999909133835,97.733255013,0.06485,0.334225121238165,0.024287637458866466,97.9069488675,9.868039999999999
99120,9.29,69.73,52.406494,-1.49329,False,0.30822000000000005,0.3647112459040554,0.29079386360635323,0.015450192375645152,97.311347406,0.06278,0.3341856529934612,0.02712445391155369,98.1243914145,9.8499
99220,9.29,69.73,52.406494,-1.49329,False,0.26467,0.30626696433739614,0.2767973845814122,0.019557450981375055,96.42244660200001,-0.04758,0.3526459817500318,0.026304120927675527,97.789670866,9.808110000000001
99321,9.29,69.73,52.406494,-1.49329,False,0.28476999999999997,0.2929218782845987,0.2717711097801053,0.019535668233601138,96.218735962,-0.06420000000000001,0.3494851419509043,0.022885939400038222,96.782675512,9.79765
99420,9.29,69.73,52.406494,-1.49329,False,0.29024,0.29041601272044887,0.2539271288731806,0.019887542164212565,96.60285836499999,-0.09318,0.3862242722103878,0.033472675423395715,96.81668686200001,9.81757
99520,9.29,69.73,52.406494,-1.49329,False,0.20332999999999996,0.3342960366368565,0.19998380184404652,0.019168159362164445,96.10211464199999,-0.18243,0.40737834189417044,0.030896725824376043,97.210397495,9.79409
99620,9.29,69.73,52.406494,-1.49329,False,0.12034,0.2853307172777258,0.24883885213795026,0.02449893648485354,97.67905618900001,-0.29735,0.3008671993864831,0.028211481114373726,98.3118140435,9.87601
99721,9.29,69.73,52.406494,-1.49329,False,0.05302,0.33111953464303706,0.31532014789205226,0.023014285418698807,96.68485436499999,-0.34485,0.2641778956603952,0.024484743549130047,97.9099228325,9.823129999999999
99821,9.29,69.73,52.406494,-1.49329,False,0.0518,0.3305438884962501,0.316468674946228,0.02100293365752083,96.833816246,-0.36288,0.2556834231796969,0.028491004428298623,98.26868454249998,9.830699999999998
99921,9.29,69.73,52.406494,-1.49329,False,-0.018469999999999997,0.3300510231598866,0.30861696576104614,0.021624420351897405,97.167993281,-0.4506,0.29733371076209064,0.026713519257318182,98.37917655499999,9.848040000000001
100020,9.29,69.73,52.406494,-1.49329,False,-0.04909,0.3093548033138202,0.31593639110147087,0.019896311774352086,98.285220318,-0.48529999999999995,0.3106943692941829,0.02268563177187021,98.0092376655,9.90489
100120,9.29,69.73,52.406494,-1.49329,False,-0.07333,0.34402149496797296,0.31061766941942454,0.01989649885448859,98.076310758,-0.59231,0.2855876259768795,0.020765345062279936,97.69382908200001,9.89331
100221,9.29,69.73,52.406494,-1.49329,False,-0.12398,0.28707357477366724,0.3291371642475038,0.017159564874048114,97.681335466,-0.57855,0.28869342543412346,0.021191583759177145,97.051891034,9.87392
100320,9.29,69.73,52.406494,-1.49329,False,-0.12347,0.2877094176421741,0.39846359878357124,0.019556936819905536,96.33968349099999,-0.6237999999999999,0.23146692108280706,0.019962364589396674,96.2792097265,9.80342
100420,9.29,69.73,52.406494,-1.49329,False,-0.14308,0.2697432968995174,0.39911389964380867,0.0210285414509793,96.84721061600001,-0.62422,0.23151004201881703,0.017719057537013593,96.7250344905,9.82944
100520,9.29,69.73,52.406494,-1.49329,False,-0.10352000000000001,0.2683382392926243,0.38393871111010436,0.022185553357484164,95.877128403,-0.62795,0.23260420962083253,0.017939899665271215,95.9896215225,9.781049999999999
100620,9.29,69.73,52.406494,-1.49329,False,-0.12882,0.2785093806519093,0.32452178646261676,0.015845433972529025,94.611188871,-0.69019,0.27890451751251305,0.020156016471515353,96.14512253000001,9.71751
100721,9.29,69.73,52.406494,-1.49329,False,-0.08074,0.25997320460214773,0.2855798088489826,0.01663219434978103,95.780344855,-0.6814,0.2914911814942053,0.0202395652127213,96.23259961,9.77955
100821,9.29,69.73,52.406494,-1.49329,False,-0.0853,0.25511356512563216,0.2823964675573831,0.01803176518135578,95.591305318,-0.7167899999999999,0.26486755369429227,0.018230499475085964,96.212560782,9.770039999999998
100920,9.29,69.73,52.406494,-1.49329,False,-0.03198,0.2533986047492922,0.3218269516025299,0.018115935281158138,96.501368509,-0.67644,0.25360280492665194,0.017541557006783087,96.83468089499999,9.815769999999999
101020,9.29,69.73,52.406494,-1.49329,False,-0.010320000000000001,0.2660968361747681,0.35943888307564364,0.01874312911146076,96.994295892,-0.70913,0.28304064509850274,0.01917319888687212,97.639758105,9.83942
101120,9.29,69.73,52.406494,-1.49329,False,0.014139999999999996,0.21114077557665234,0.3789435943074725,0.01945470237357651,97.49745368699999,-0.69579,0.2700847251841107,0.024038986852379776,97.7868822225,9.86549
101221,9.29,69.73,52.406494,-1.49329,False,0.02582,0.21149819962459165,0.3607559877072954,0.019711992965366687,97.98321064199999,-0.73112,0.2584226073701734,0.024338629560615933,97.83227305400001,9.89066
101321,9.29,69.73,52.406494,-1.49329,False,-0.0733,0.32299665288943297,0.2559934669305264,0.017346920956373375,99.43994099400001,-0.7712999999999999,0.25513484887625576,0.025083903648001463,97.8898122425,9.964020000000001
101420,9.29,69.73,52.406494,-1.49329,False,-0.03854000000000001,0.34922136946196175,0.3192629430074489,0.012812151350269843,98.30467672099999,-0.79766,0.25453950228249633,0.021914784456566683,97.5759436685,9.904630000000001
101520,9.29,69.73,52.406494,-1.49329,False,-0.047470000000000005,0.34739093268407306,0.30900335920504113,0.00995680113735772,98.734982273,-0.76564,0.2855963592982992,0.01812518505652652,97.306055338,9.92664
101621,9.29,69.73,52.406494,-1.49329,False,-0.005700000000000008,0.3329053752778528,0.30259202622232617,0.015438800327601709,98.97007704500001,-0.6943300000000001,0.26991695039606156,0.018628723341478134,96.790632958,9.93921
101720,9.29,69.73,52.406494,-1.49329,False,0.02023999999999999,0.3468659593816853,0.3127641027995376,0.01462243329803746,98.590832882,-0.7872899999999999,0.2692617910345058,0.01830332088872275,97.18558886849999,9.91938
101821,9.29,69.73,52.406494,-1.49329,False,-0.01732000000000001,0.3526009100637389,0.3150088656600698,0.014289782674655622,99.16400721100001,-0.79688,0.26701913705866537,0.01785510820154523,97.3776562645,9.94799
101920,9.29,69.73,52.406494,-1.49329,False,-0.07009000000000001,0.35583616845084315,0.3011107134888722,0.014266312300894923,98.131682785,-0.81432,0.2552652337384672,0.017260809817489866,97.316525647,9.89602
102021,9.29,69.73,52.406494,-1.49329,False,-0.13384000000000001,0.3543570522008041,0.2383290724560854,0.01420042644117106,97.19804495500001,-0.76198,0.24977253563103038,0.021935501412601012,97.09617042350001,9.84967
102120,9.29,69.73,52.406494,-1.49329,False,-0.06918,0.36759443472996634,0.214216853782434,0.013395608733213,96.87250144800001,-0.7729,0.25764717908195245,0.01552791035522805,97.1849775675,9.833860000000001
102220,9.29,69.73,52.406494,-1.49329,False,-0.16426000000000002,0.43945448304308554,0.22311064046541856,0.01309535965311543,96.687221109,-0.7537,0.26156694915238754,0.014016720174293375,97.33521587550001,9.82047
102321,9.29,69.73,52.406494,-1.49329,False,-0.1496,0.41819545403767444,0.2215819296683645,0.012267862260575128,96.449473042,-0.7643800000000001,0.2716947298388782,0.016679181967683837,97.944707018,9.80946
102424,9.29,69.73,52.406494,-1.49329,False,-0.20829,0.38037127023767325,0.16185914349622965,0.012499404430256274,97.670739378,-0.72594,0.2757919755500087,0.018692969563745342,97.98770804950001,9.87287
102520,9.29,69.73,52.406494,-1.49329,False,-0.21044999999999997,0.37926440278810913,0.163567307246894,0.01233405853723741,97.471071177,-0.7558800000000001,0.24978911461025793,0.01945445964297129,98.10302672499999,9.86272
102621,9.29,69.73,52.406494,-1.49329,False,-0.25138,0.3667844350265924,0.19568287525142866,0.010564726425442521,98.17943645300001,-0.8111499999999999,0.22960947159131567,0.01930090671445253,98.57475674899999,9.89751
102721,9.29,69.73,52.406494,-1.49329,False,-0.28306,0.32501885141907777,0.23096856832814833,0.010454664030948056,99.544762964,-0.78727,0.19385850538758903,0.02010577860549877,99.067797923,9.96602
102821,9.29,69.73,52.406494,-1.49329,False,-0.29840999999999995,0.3260883808281274,0.2599630616923166,0.01464636473668463,100.081039244,-0.84598,0.26752747231722424,0.021105083642467617,99.62252322750001,9.99177
102921,9.29,69.73,52.406494,-1.49329,False,-0.26410000000000006,0.34046723777773213,0.24711248473338918,0.016621208005303183,100.881493883,-0.8659699999999999,0.26572602034593384,0.02139423858061892,99.506588334,10.032570000000002
103020,9.29,69.73,52.406494,-1.49329,False,-0.24839000000000003,0.3364182563747411,0.2509153086423974,0.016524530586709874,100.703001046,-0.8786099999999999,0.25167676558103663,0.015462948547342986,98.9505230005,10.02411
103120,9.29,69.73,52.406494,-1.49329,False,-0.26411999999999997,0.3112736338193614,0.2929330414579017,0.021866880080259356,99.64565879300001,-0.84848,0.2553079264992219,0.016974870315328506,98.25908012049999,9.97053
103221,9.29,69.73,52.406494,-1.49329,False,-0.21962,0.23898786022166937,0.31103081465775223,0.02370294168335322,101.364349637,-0.9862299999999999,0.4299651744295355,0.01698770797436255,99.02578537299999,10.058710000000001
103321,8.96,61.14,52.40687,-1.492017,False,-0.21122000000000002,0.22341016986699344,0.4019335186874106,0.026601606050094862,100.292338517,-1.0322900000000002,0.4599879840218036,0.015435226665722175,98.3709057795,10.00287
103421,8.96,61.14,52.40687,-1.492017,False,-0.22593000000000002,0.23031040430977534,0.43255516655232557,0.027839508297062672,99.33157520600001,-1.10428,0.4272369152797734,0.015894247736558967,98.501157292,9.95311
103521,8.96,61.14,52.40687,-1.492017,False,-0.29283000000000003,0.2662718955003177,0.429333323628363,0.03150939895050715,99.60771115400001,-1.15706,0.4015410791217017,0.014993216984875336,98.5393911655,9.96455
103621,8.96,61.14,52.40687,-1.492017,False,-0.30145999999999995,0.2691090823852309,0.42112262518706306,0.03144603136945723,99.033601475,-1.2003499999999998,0.4037921832108946,0.015426456351202444,98.606518964,9.93569
103721,8.96,61.14,52.40687,-1.492017,False,-0.32891,0.24998572603694985,0.440664271803881,0.03139940551454224,96.839558237,-1.25894,0.40834600306874635,0.01611453794973135,98.1921606005,9.82346
103820,8.96,61.14,52.40687,-1.492017,False,-0.2996,0.2593094847646103,0.40460064590490663,0.03073926190106427,95.22054020800002,-1.21329,0.41981930888313074,0.017429862624562184,97.650789726,9.74284
103921,8.96,61.14,52.40687,-1.492017,False,-0.36202999999999996,0.24986439900251414,0.49379901950759986,0.03001651397332992,96.412411504,-1.24576,0.4082408390480613,0.019790895774460388,98.6469526935,9.79825
104020,8.96,61.14,52.40687,-1.492017,False,-0.32865,0.2853501289838675,0.5174113717987521,0.031083416443141783,97.21615391600001,-1.27138,0.37526782968967437,0.019640177075463294,98.959577481,9.83839
104120,8.96,61.14,52.40687,-1.492017,False,-0.30938999999999994,0.32373938918690426,0.5065009404400608,0.03236198730335054,97.85876305100001,-1.28606,0.35194459538714423,0.021418011630919918,98.75221092199999,9.87106
104220,8.96,61.14,52.40687,-1.492017,False,-0.25904,0.3429334700621794,0.4600913417765849,0.0363242511584509,95.93265879100001,-1.01823,0.6465283289316174,0.02565905514844827,98.64850421400001,9.77595
104321,8.96,61.14,52.40687,-1.492017,False,-0.20733000000000001,0.3314202704522846,0.4576670756249696,0.03634634170801176,95.935922818,-0.9090400000000001,0.6482121878246683,0.035835440248136716,98.1141306675,9.777809999999999
104420,8.96,61.14,52.40687,-1.492017,False,-0.12578999999999999,0.37895623450032534,0.44700675125401285,0.03588845218172552,96.51529452999999,-0.89477,0.641491205534243,0.04512353537173748,97.923434868,9.80767
104520,8.96,61.14,52.40687,-1.492017,False,0.06737000000000001,0.5140328870801936,0.45315976137928815,0.033579922903756367,96.91142050699999,-0.8867900000000001,0.6375770479801713,0.0527813266643085,98.25956583050001,9.82264
104620,8.96,61.14,52.40687,-1.492017,False,0.23785000000000003,0.6086182040765233,0.45201400678887543,0.03352933872827728,96.876062882,-0.8467399999999999,0.612880760924268,0.05724590329835353,97.95483217850001,9.81337
104720,8.96,61.14,52.40687,-1.492017,False,0.34375,0.5986769732780213,0.41210186564327295,0.033523563851913664,97.70455508199998,-0.73379,0.5713410471085635,0.06349899036817655,97.27205665950001,9.85449
104821,8.96,61.14,52.40687,-1.492017,False,0.46369000000000005,0.6207913989417052,0.3979924768970711,0.03213372060624165,98.489809214,-0.71826,0.5679931791452731,0.06264162708969527,96.85517471099999,9.88865
104921,8.96,61.14,52.40687,-1.492017,False,0.70521,0.6271779021936277,0.2787929317213378,0.02993954093019982,96.83217043,-0.6669600000000001,0.5359932756626284,0.05356790498464958,96.622290967,9.79341
105021,8.96,61.14,52.40687,-1.492017,False,0.88873,0.6886179783531002,0.2191279689537131,0.030441411852204798,96.212578318,-0.6506500000000001,0.5294432028083832,0.05456362341340613,96.714366117,9.74437
105121,8.96,61.14,52.40687,-1.492017,False,1.08086,0.7759179698911476,0.21511176526530915,0.02642296139513677,96.41219394,-0.67662,0.5454649083325352,0.057500129468453294,97.13547849550001,9.72936
105221,8.96,61.14,52.40687,-1.492017,False,1.2785,0.744258799074623,0.2467816812938605,0.01793181220314578,96.385409064,-0.80823,0.27134258399463884,0.06146565436621226,96.1590339275,9.70554
105321,8.96,61.14,52.40687,-1.492017,False,1.39467,0.5898557508219936,0.2468641191695049,0.02426389407237747,96.50981918900001,-0.86054,0.23355302609899684,0.07482688465161884,96.22287100349999,9.7055
105420,8.96,61.14,52.40687,-1.492017,False,1.53098,0.4906805767955816,0.2739236846276746,0.027457126174779776,97.383744275,-0.96693,0.474627273763317,0.07815285663365099,96.94951940249999,9.73425
105520,8.96,61.14,52.40687,-1.492017,False,1.58114,0.4806207033040137,0.3720000442054944,0.032481866736175515,98.592761882,-0.982,0.48281497031011184,0.0726100735282494,97.75209119450001,9.785720000000001
105620,8.96,61.14,52.40687,-1.492017,False,1.5673400000000002,0.49190760017620316,0.3738507380403764,0.03877984012344557,98.72470908300001,-0.9747000000000001,0.48283764927308037,0.06518476304577123,97.80038598249999,9.79411
105720,8.96,61.14,52.40687,-1.492017,False,1.6496199999999999,0.4046676298725499,0.518107805169716,0.041209082062628424,97.091609934,-1.01679,0.4462120981725553,0.059117186822258284,97.398082508,9.6944
105821,8.96,61.14,52.40687,-1.492017,False,1.7141199999999999,0.3567055611191585,0.549822783974782,0.041124872171364985,98.088402246,-0.9201600000000001,0.58979351038214,0.05076576383526392,98.28910573,9.73466
105921,8.96,61.14,52.40687,-1.492017,False,1.7077000000000002,0.35542560402987344,0.6406306438016979,0.0408783574903776,100.17334603799999,-0.91051,0.5937359466407033,0.03425337128582323,98.502758234,9.83738
106021,8.96,61.14,52.40687,-1.492017,False,1.68827,0.34820517913692517,0.6482481397325158,0.04082284763326645,99.57917451899999,-0.94184,0.5937520698443443,0.025638272172672165,97.89587641850001,9.81028
106120,8.96,61.14,52.40687,-1.492017,False,1.5739800000000002,0.33241124730269517,0.648499605499752,0.042484799896224314,99.16889544099999,-0.9098199999999999,0.5933942380726126,0.022683937048052657,97.7905446905,9.80885
106220,8.96,61.14,52.40687,-1.492017,False,1.52645,0.28623991976428953,0.6340754638754664,0.042501994724430926,100.691504152,-0.84791,0.6544219475571117,0.025314837546388,98.53845660799999,9.89575
106320,8.96,61.14,52.40687,-1.492017,False,1.55825,0.25157084820516645,0.6298478691098519,0.035362857162094044,100.84342786299999,-0.7610300000000001,0.6982500030632127,0.029651576686577974,98.676623526,9.89956
106421,8.96,61.14,52.40687,-1.492017,False,1.49253,0.26934299508247883,0.6386901836310508,0.026351017268999515,101.033141143,-0.5203300000000001,0.5607604876910947,0.03367550379067208,99.208442709,9.91832
106520,8.96,61.14,52.40687,-1.492017,False,1.43557,0.2762221571690282,0.6725031176301148,0.025784922381543472,97.546616672,-0.40435,0.5021638051694098,0.04279649648173464,98.069689277,9.74731
106621,8.96,61.14,52.40687,-1.492017,False,1.41517,0.30582432884110333,0.7097357383013928,0.02131336565527732,98.650022807,-0.29579,0.4905894559948594,0.04345697872609203,98.687365945,9.80356
106721,8.96,61.14,52.40687,-1.492017,False,1.30584,0.41239893630642016,0.6027180321030887,0.023412399373930977,101.672285286,-0.09684999999999999,0.6283303611777618,0.05663245634008053,99.38194761,9.97432
106821,8.96,61.14,52.40687,-1.492017,False,1.21869,0.40010322126504655,0.6255655188174399,0.025664088615114385,99.49611614400001,-0.020039999999999992,0.7111461862530242,0.0712150764312665,98.792259195,9.874950000000002
106921,8.96,61.14,52.40687,-1.492017,False,1.13956,0.3613224451004026,0.5413980220995779,0.023711703626877766,97.00289937100001,0.16389,0.7659961248088799,0.07950191122790011,98.58812270450001,9.763349999999999
107020,8.96,61.14,52.40687,-1.492017,False,0.96746,0.4531287043066979,0.5354824687450885,0.02970822744254152,97.06421121100001,0.36597,0.6596451201635274,0.07819214510138202,98.321692865,9.78189
107120,8.96,61.14,52.40687,-1.492017,False,0.8710699999999999,0.5190544053051345,0.5451282483151206,0.032291466020882,97.790666193,0.48224999999999996,0.5257072764909713,0.07951224923103234,98.47978081699999,9.824560000000002
107220,8.96,61.14,52.40687,-1.492017,False,0.7041299999999999,0.5329135974370831,0.5480340468944938,0.030901679206440824,97.61698777800001,0.5109899999999999,0.5028113197037445,0.0760832446147714,99.154245965,9.82829
107320,8.96,61.14,52.40687,-1.492017,False,0.63649,0.468524213651523,0.5188340519322575,0.030962667484856293,98.178370554,0.57906,0.46079162125869993,0.07219443268778515,99.5108992085,9.865770000000001
107421,8.96,61.14,52.40687,-1.492017,False,0.5406500000000001,0.45336211489517125,0.5041524465212226,0.03140371527914066,96.69822058300001,0.61876,0.4450916914274819,0.06772611838213632,98.865680863,9.79756
107521,8.96,61.14,52.40687,-1.492017,False,0.41459,0.440296774788198,0.3885194576851967,0.032693424415316294,98.96937799,0.66134,0.38202894363879913,0.05983757273746274,98.25799733099998,9.92407
107621,8.96,61.14,52.40687,-1.492017,False,0.30388000000000004,0.43168724995971103,0.40953358850173716,0.033315176721728484,99.147623289,0.6793199999999999,0.3585418549873595,0.03293365215770154,98.898823048,9.93663
107720,8.96,61.14,52.40687,-1.492017,False,0.32191000000000003,0.4443134990571913,0.38191349573198075,0.03276780940699779,98.43959995099999,0.56179,0.38018107220989533,0.020164074213534434,100.0559426185,9.90086
107820,8.96,61.14,52.40687,-1.492017,False,0.25474,0.39938946795216246,0.38610222725191384,0.02953510340820449,98.322724937,0.52231,0.35189230502148283,0.01951308677671453,98.9094205405,9.898489999999999
107920,8.96,61.14,52.40687,-1.492017,False,0.16719,0.31721112650375,0.4058292065498585,0.02924282438099605,99.728666479,0.48337,0.285011044815224,0.017396899468329032,98.365782925,9.97306
108020,8.96,61.14,52.40687,-1.492017,False,0.20005,0.3146896151589518,0.39680426310993744,0.03215137114753686,100.53923469,0.44657,0.240040825462853,0.014052144952917824,98.8017229505,10.01341
108120,8.96,61.14,52.40687,-1.492017,False,0.12803000000000003,0.40101510099025267,0.3956905216060746,0.03053151377402261,100.152093621,0.41315,0.2700150623370627,0.013808938329133562,98.971379907,9.9925
108220,8.96,61.14,52.40687,-1.492017,False,0.14966000000000002,0.39393495007283774,0.3880354222089624,0.029930922323094387,99.439427726,0.39573,0.2853458527237879,0.013614877483434262,98.528207752,9.956999999999999
108320,8.96,61.14,52.40687,-1.492017,False,0.05946000000000001,0.3376172296814517,0.37477300403784963,0.029977650934580487,99.859480239,0.36967,0.27451586900092373,0.013462953283405086,99.01892539650001,9.98133
108421,8.96,61.14,52.40687,-1.492017,False,0.08231000000000002,0.3536572962943399,0.37054021464163006,0.030609695268728882,99.945532531,0.32512,0.26233474290175957,0.012923626082146901,98.321876557,9.98512
108520,8.96,61.14,52.40687,-1.492017,False,0.061850000000000016,0.37154913612543344,0.3772758018567651,0.029939524229872293,100.192582747,0.31399999999999995,0.2657720744464221,0.013587825433086655,99.58098036850001,9.99682
108621,8.96,61.14,52.40687,-1.492017,False,0.10026000000000002,0.3654333871507155,0.3227297543353152,0.029183100132325425,98.35856008100001,0.25376,0.32475255948011844,0.014914500773856625,98.753091685,9.90629
108720,8.96,61.14,52.40687,-1.492017,False,-0.03213999999999999,0.37219829302850604,0.38864570112121477,0.024289330076302112,96.78618592100001,0.1682,0.48197341097708685,0.014502505530655836,97.61289293600001,9.82469
108820,8.96,61.14,52.40687,-1.492017,False,-0.08971,0.3757091973854251,0.35525175173545653,0.022354122165224394,98.664199583,0.12162999999999999,0.45967037235634534,0.0139316625792566,98.49346226,9.92046
108921,8.96,61.14,52.40687,-1.492017,False,-0.09323999999999999,0.3741428758583489,0.3132902823261517,0.0231414226970695,97.74081153300001,0.016849999999999993,0.4037790381714554,0.01693812596219392,98.734739006,9.875110000000001
109020,8.96,61.14,52.40687,-1.492017,False,-0.12621,0.3465969655890771,0.310401875889234,0.015289389930420493,97.65667982800001,-0.051660000000000005,0.3546905292724272,0.016197410629824383,99.097957259,9.87147
109121,8.96,61.14,52.40687,-1.492017,False,-0.12603999999999999,0.34634884212949923,0.3328451359950389,0.01743253981622998,96.813728827,-0.06563,0.3526851225479544,0.016600816579648958,98.482911224,9.828030000000002
109221,8.96,61.14,52.40687,-1.492017,False,-0.15919,0.33480217857382305,0.33683882875279714,0.019363482239629408,96.38381775399999,-0.0918,0.34893320914530823,0.01792448666551594,97.91162274000001,9.805890000000002
109321,8.96,61.14,52.40687,-1.492017,False,-0.19060000000000002,0.347392771625689,0.3453184103918535,0.01885124516960202,95.67839432500001,-0.17066,0.3244628627953164,0.017568077109728596,97.768937282,9.76863
109420,8.96,61.14,52.40687,-1.492017,False,-0.29146,0.2987499296141253,0.397063930061087,0.018423306495366706,97.29480322100001,-0.21379,0.29873695768834474,0.017873555885722252,98.62016787600001,9.848230000000001
109520,8.96,61.14,52.40687,-1.492017,False,-0.29278,0.29889756625156966,0.3957859668502104,0.018769999704019383,97.27169843,-0.28561000000000003,0.2762249262627974,0.016833132011998538,98.73214058850002,9.84706
109620,8.96,61.14,52.40687,-1.492017,False,-0.3423,0.23958392173840876,0.40668665538306825,0.019735137867941677,98.30927119700002,-0.25475,0.29390435802598375,0.014361758635736356,98.33391563900001,9.89907
109720,8.96,61.14,52.40687,-1.492017,False,-0.28374,0.22872438630126277,0.3240373162667111,0.019573723883478732,99.688206405,-0.18889,0.19410195745764094,0.014335658726097935,98.237196163,9.97327
109820,8.96,61.14,52.40687,-1.492017,False,-0.29774,0.2386141478528797,0.3109856032752062,0.0200098975509621,99.191427637,-0.20720999999999998,0.16929292464049495,0.014602754686855532,98.92781361000002,9.94809
109920,8.96,61.14,52.40687,-1.492017,False,-0.36982,0.23387480886624504,0.3151281053441236,0.019615809950139684,99.557662069,-0.16720000000000002,0.2027184199271905,0.011618323650358562,98.649236801,9.964049999999999
110020,8.96,61.14,52.40687,-1.492017,False,-0.39914,0.19857689358701103,0.31304611676591954,0.019627330717932844,99.206513089,-0.19487,0.2134617584799027,0.011518468262366646,98.43159645850001,9.94603
110120,8.96,61.14,52.40687,-1.492017,False,-0.36651,0.19218893742009993,0.26746625976206806,0.018391329478860387,100.200559354,-0.21259999999999998,0.21046114447406272,0.01103570467971187,98.5071440905,9.99843
110221,8.96,61.14,52.40687,-1.492017,False,-0.39317,0.18513276947459562,0.27540502073209083,0.015993484784610098,100.117538886,-0.19968,0.217600330882099,0.011147914603190904,98.25067832,9.99319
110320,8.96,61.14,52.40687,-1.492017,False,-0.37829999999999997,0.18558602677285205,0.3014536854053101,0.016208574548333608,99.860287778,-0.16009,0.2064668897318757,0.012223333787838978,97.76934105149999,9.9802
110421,8.96,61.14,52.40687,-1.492017,False,-0.36738,0.1735827103525399,0.2582242231945799,0.01730781454847618,98.79026012300001,-0.13612000000000002,0.20996591681085097,0.012358393459059551,98.04253167200001,9.928149999999999
110521,8.96,61.14,52.40687,-1.492017,False,-0.36866,0.17331359631219673,0.23538201597497754,0.018879394999722705,98.170741179,-0.14156,0.22161992088558352,0.013661218426221207,97.72121980450001,9.897369999999999
110620,8.96,61.14,52.40687,-1.492017,False,-0.40508,0.1889800448019149,0.22607758648550585,0.018701636886171793,98.063826516,-0.19049,0.23298699749127413,0.012739195858104554,98.1865488565,9.89048
110720,8.96,61.14,52.40687,-1.492017,False,-0.45972999999999997,0.15357936818900444,0.23293715914622068,0.021444110820663283,97.62469709400001,-0.18248999999999999,0.2330323937901221,0.012730348690346817,98.65645174950001,9.86627
110821,8.96,61.14,52.40687,-1.492017,False,-0.47801,0.17012304338004702,0.2642984140449354,0.02329531187933647,96.58784757400001,-0.15922,0.256181748851169,0.016432085821479918,97.88963760550001,9.81175
110921,8.96,61.14,52.40687,-1.492017,False,-0.45138,0.15513949851665906,0.2615971703890506,0.023127415189193378,95.30893944,-0.18306999999999998,0.23406313986709532,0.017616031208975324,97.43330075450001,9.74792
111021,8.96,61.14,52.40687,-1.492017,False,-0.42998000000000003,0.1897340290453408,0.2566196972175027,0.023126677716918644,94.89049558500001,-0.11218999999999998,0.26851582800439877,0.018187675925076103,97.04850433700001,9.72697
111121,8.96,61.14,52.40687,-1.492017,False,-0.44505999999999996,0.17994202276165516,0.28711261224668533,0.031133083510774963,93.319911961,-0.12154000000000001,0.2757684100835318,0.018284021561037433,96.7602356575,9.64461
111220,8.96,61.14,52.40687,-1.492017,False,-0.5064,0.27047980824207035,0.2887690157278798,0.031747048856722256,93.72452550400001,-0.18186,0.31756328223240987,0.017114009855477195,96.92103219500001,9.660599999999999
111320,8.96,61.14,52.40687,-1.492017,False,-0.55152,0.27102418834241926,0.29232473210456,0.03275701112399874,94.957281241,-0.23485,0.33421985528490916,0.01769006312406404,97.40878450950001,9.72163
111421,8.96,61.14,52.40687,-1.492017,False,-0.58416,0.2829726182277486,0.3194356184481244,0.03403633515981282,95.50739880900001,-0.22854999999999998,0.33966912086126644,0.018212147960451296,97.14882946600001,9.74691
111520,8.96,61.14,52.40687,-1.492017,False,-0.62154,0.27184093878590193,0.3198946613079631,0.03562967708089547,94.768632525,-0.20886999999999997,0.32215868088050276,0.019410661446169604,96.46968685200001,9.706890000000001
111621,8.96,61.14,52.40687,-1.492017,False,-0.53238,0.38718642882552995,0.31216968391495076,0.03576724914095449,92.974280664,-0.20579,0.3196475470472631,0.019320328959703256,95.51905359,9.61604
111720,8.96,61.14,52.40687,-1.492017,False,-0.52974,0.38671991932146516,0.3333422305479323,0.037969673571300426,93.54009447600001,-0.21198999999999998,0.31894440982019817,0.01966938116859788,95.582395785,9.64494
111821,8.96,61.14,52.40687,-1.492017,False,-0.54327,0.3953030849866979,0.34190529292968874,0.03654884251093169,94.65543526299999,-0.32338,0.36415523185708576,0.01608496882876245,95.6216414185,9.70126
111920,8.96,61.14,52.40687,-1.492017,False,-0.61305,0.42999539338617787,0.43042619240830526,0.037596407925344244,97.012581407,-0.35647,0.3550893754473014,0.01664341377909771,96.16076042350001,9.81344
112020,8.96,61.14,52.40687,-1.492017,False,-0.6366999999999999,0.4032637846373023,0.4306481318250954,0.0421957659803287,97.00911350700001,-0.45114,0.27219945791439026,0.015438681578714098,95.94980454600001,9.81277
112121,8.96,61.14,52.40687,-1.492017,False,-0.63769,0.4026431683264979,0.4476916667132023,0.036897457003611134,96.827438679,-0.44196,0.2773537180008372,0.01544416466573247,95.07367532,9.802780000000002
112221,8.96,61.14,52.40687,-1.492017,False,-0.59341,0.3715480601483481,0.452417316693829,0.03339418445711101,97.265508167,-0.43126999999999993,0.2709311353667388,0.015201447299518462,95.4950168355,9.82878
112321,6.23,30.02,52.407333,-1.491409,False,-0.5766699999999999,0.36707776968920425,0.4496951561273984,0.03436171804009028,96.58901455399999,-0.3839,0.28585469113597467,0.014953795504822082,95.77314789750001,9.79557
112421,6.23,30.02,52.407333,-1.491409,False,-0.5807300000000001,0.3703067018627194,0.43943061694778796,0.03403338883443073,95.292951169,-0.42645999999999995,0.2400932143055163,0.014093185902730657,95.400174989,9.72926
112520,6.23,30.02,52.407333,-1.491409,False,-0.5983099999999999,0.3814167346150991,0.44612394092524066,0.032285387131366736,96.424431293,-0.44138,0.24188041030411686,0.01264050368194916,95.596531909,9.785520000000002
112620,6.23,30.02,52.407333,-1.491409,False,-0.68064,0.2400012462930615,0.4025148501056261,0.03218178228611818,97.812899897,-0.46021,0.24792506237884582,0.013785987249540065,95.3935902805,9.85657
112720,6.23,30.02,52.407333,-1.491409,False,-0.70228,0.23961422142917904,0.4123692245225553,0.026671532889331,96.93636863,-0.51653,0.24805880149673998,0.01238958343842982,95.23823155299999,9.810120000000001
112820,6.23,30.02,52.407333,-1.491409,False,-0.7095899999999999,0.24491190456978718,0.43105906800705507,0.02358666289805884,97.43091159800001,-0.49720000000000003,0.21604510331564034,0.011962515528843186,96.04317343049999,9.83393
112920,6.23,30.02,52.407333,-1.491409,False,-0.68197,0.20719523830865014,0.34895606536576623,0.024026429891545104,96.18544447299999,-0.5488999999999999,0.2532900138400844,0.011499570040273148,96.59901294,9.776100000000001
113020,6.23,30.02,52.407333,-1.491409,False,-0.73846,0.17121300703444917,0.3662026069450288,0.018712812010313468,95.754119592,-0.53211,0.2528812784687689,0.010407054231520772,96.38161654950001,9.74996
113120,6.23,30.02,52.407333,-1.491409,False,-0.78592,0.13305287837715127,0.28161592915805733,0.014979500807585111,97.177449548,-0.60996,0.278911340751858,0.010294119140991397,97.00244411349999,9.82204
113220,6.23,30.02,52.407333,-1.491409,False,-0.82074,0.13580711976099907,0.27599441721406975,0.015278994295000741,97.054719293,-0.6481100000000001,0.29272105967589146,0.009842340507557298,97.16011373,9.81305
113320,6.23,30.02,52.407333,-1.491409,False,-0.82369,0.13045545387006635,0.2759087790073632,0.014539280128901336,97.061385572,-0.72068,0.22053437021118374,0.00961982328320207,96.825200063,9.813210000000002
113421,6.23,30.02,52.407333,-1.491409,False,-0.80436,0.13809716547095266,0.25200042526419125,0.013584014297859196,97.675071727,-0.7718200000000001,0.18492398918954994,0.00885502995791613,96.484011448,9.84651
113520,6.23,30.02,52.407333,-1.491409,False,-0.8082800000000001,0.14135403779164063,0.25295452380044725,0.011608808915838141,97.700173578,-0.79119,0.16653391012710062,0.007884450238005955,97.0623024355,9.8474
113621,6.23,30.02,52.407333,-1.491409,False,-0.82211,0.12081018582884712,0.25401663746910674,0.01123449054375749,97.259816778,-0.81314,0.15489207855793982,0.009165781775472955,97.5363583375,9.824090000000002
113720,6.23,30.02,52.407333,-1.491409,False,-0.83518,0.12465629012074457,0.23281578793353147,0.012678398076167842,97.749306666,-0.7909900000000001,0.17605856001783768,0.00958673273041869,97.342837648,9.8483
113820,6.23,30.02,52.407333,-1.491409,False,-0.82553,0.12275856204581466,0.22384011878521207,0.014451082235520508,97.63051446200001,-0.77013,0.1922637716494917,0.009798662040187643,97.53071302999999,9.84329
113920,6.23,30.02,52.407333,-1.491409,False,-0.81165,0.12918471056764036,0.22119827932825023,0.011198829303894955,96.92862321800001,-0.73435,0.19173369407708035,0.010262233891530682,96.5570338455,9.80871
114020,6.23,30.02,52.407333,-1.491409,False,-0.7941900000000001,0.13008560813727627,0.194944396630881,0.011075277774294257,97.193111591,-0.75114,0.17153104804799463,0.010775594853393524,96.4736155915,9.8241
114121,6.23,30.02,52.407333,-1.491409,False,-0.76574,0.13782925185412276,0.20589892369261836,0.011079656031564173,96.784145243,-0.7336600000000001,0.14576057384933652,0.011950774033510829,96.9807973955,9.80523
114221,6.23,30.02,52.407333,-1.491409,False,-0.71768,0.13588219407511484,0.23967459884880093,0.008180063841098244,97.263404438,-0.698,0.14056573788326107,0.010968262295268762,97.15906186550001,9.832600000000001
114320,6.23,30.02,52.407333,-1.491409,False,-0.7468199999999999,0.14354142878548445,0.2337197155664117,0.007859467044413428,97.61032290300001,-0.65096,0.17144856177096474,0.010578536970889734,97.3358542375,9.84809
114421,6.23,30.02,52.407333,-1.491409,False,-0.7307699999999999,0.16104144428617836,0.2431555855368702,0.008141396276642716,97.22394710400002,-0.58634,0.19746966686894546,0.010581057498086582,97.4495094155,9.82921
114521,6.23,30.02,52.407333,-1.491409,False,-0.68789,0.1590558703377193,0.23059618889594632,0.008146846697410578,96.251494668,-0.5429600000000001,0.21008857497096858,0.010323807437183074,96.975834123,9.78303
114621,6.23,30.02,52.407333,-1.491409,False,-0.6525000000000001,0.1901453186965766,0.22911733432651987,0.007901230565199509,96.37862183600001,-0.5154,0.18394202589100683,0.008213376623264773,96.819219307,9.79148
114720,6.23,30.02,52.407333,-1.491409,False,-0.6105400000000001,0.1679663074680303,0.26137463194086447,0.007489577943901535,97.17230528000002,-0.49800999999999995,0.18857448543096833,0.007655651507222413,97.460805973,9.83426
114820,6.23,30.02,52.407333,-1.491409,False,-0.55316,0.19096864896859198,0.23021700415043486,0.007990195380728862,96.235894663,-0.46868,0.20232937832487963,0.008195364543449973,96.93320456250001,9.79027
114921,6.23,30.02,52.407333,-1.491409,False,-0.50636,0.2084304797501778,0.2448271927979716,0.008364242676749293,95.884235863,-0.41162,0.2447450047157904,0.008135272992758362,96.4064295405,9.77419
115021,6.23,30.02,52.407333,-1.491409,False,-0.44935,0.22404556704186646,0.23498861059870996,0.008462466149612179,96.361487467,-0.32399,0.30686221826741544,0.007889796504912264,96.77729952899999,9.80126
115120,6.23,30.02,52.407333,-1.491409,False,-0.43806,0.21810199550770923,0.25276265634868583,0.00849824164819463,97.469217726,-0.24098000000000003,0.2513572703013227,0.007069810621385771,97.1266814845,9.85784
115220,6.23,30.02,52.407333,-1.491409,False,-0.4104,0.22587298298921188,0.26292553339512353,0.008545668168402232,97.57801697900001,-0.19155999999999998,0.23016233015465645,0.007363309944133158,97.4207107085,9.86415
115321,6.23,30.02,52.407333,-1.491409,False,-0.32726,0.16629061709348986,0.26498488426491085,0.008472202914367724,97.34380266999999,-0.15855,0.22904492160078546,0.007636906005272708,97.4770627865,9.8564
115420,6.23,30.02,52.407333,-1.491409,False,-0.29172000000000003,0.16100362176740787,0.259234468944404,0.008862336035154541,98.13713921899999,-0.1333,0.2343096384416687,0.007205676774447688,97.6805431615,9.89789
115520,6.23,30.02,52.407333,-1.491409,False,-0.26558000000000004,0.1433996730199289,0.2897318586018588,0.00834175574378006,97.717941099,-0.10055,0.23216832614864907,0.007317019733321404,96.9847178835,9.87691
115621,6.23,30.02,52.407333,-1.491409,False,-0.24413,0.14454274300550632,0.29898436897083214,0.008572624387484127,98.39311943099999,-0.043719999999999995,0.16800507796558126,0.0070908704997681,97.38587063349999,9.91132
115720,6.23,30.02,52.407333,-1.491409,False,-0.19658,0.12544560397062876,0.3084051067814647,0.008709694470977528,98.533103723,0.04173,0.19574818319008994,0.007070313524404019,97.8527045015,9.91941
115821,6.23,30.02,52.407333,-1.491409,False,-0.14872000000000002,0.18726110588634798,0.324470550623967,0.007662034832717513,98.1833803,0.12374999999999999,0.2272707208497265,0.006030929539560882,97.20963748150001,9.90126
115920,6.23,30.02,52.407333,-1.491409,False,-0.10014,0.2236796826813841,0.3173742053510654,0.00803161115703297,98.29079362,0.16177000000000002,0.23495508814333682,0.006456039377550397,97.0875147415,9.90682
116020,6.23,30.02,52.407333,-1.491409,False,-0.08846,0.22444423311321235,0.31703297339901443,0.008211164486369818,98.324372084,0.17901999999999998,0.24783025463229838,0.008453565979976412,97.3429297755,9.90862
116121,6.23,30.02,52.407333,-1.491409,False,-0.0451,0.1740482372472905,0.3309015570293409,0.008920046088570444,98.55289426,0.21881,0.2414389844706545,0.008784734233634631,98.011055993,9.92094
116221,6.23,30.02,52.407333,-1.491409,False,-0.02225,0.16166433847120876,0.31144944658447565,0.007765336080585508,98.07182381700001,0.25994,0.2225632005121712,0.007879960518797946,97.824920398,9.8975
116321,6.23,30.02,52.407333,-1.491409,False,-0.008860000000000002,0.16193146149597498,0.31397817351599927,0.007671911249631403,97.984444763,0.30128,0.20293540734813686,0.005919093399052189,97.66412371650001,9.89303
116420,6.23,30.02,52.407333,-1.491409,False,0.020579999999999998,0.15941511708603973,0.3091426569293412,0.00765658032167239,97.569048171,0.32908,0.17823883352899406,0.0065571081024109424,97.853093695,9.87217
116521,6.23,30.02,52.407333,-1.491409,False,0.04106,0.13318819767532028,0.266499307691405,0.0074788888063519465,98.41675809099999,0.36616,0.14536022075442942,0.007006100516298705,98.067349595,9.916409999999999
116621,6.23,30.02,52.407333,-1.491409,False,0.06412999999999999,0.11723103542435705,0.2679976967148088,0.007195407485951546,98.44764759,0.41822,0.08293298231436157,0.006928916862607417,98.4203835105,9.91799
116720,6.23,30.02,52.407333,-1.491409,False,0.08327999999999999,0.11552059748999148,0.24207995029190646,0.007238753729445022,97.963518139,0.4284899999999999,0.09658608652963303,0.006100673915417761,98.248310931,9.89403
116821,6.23,30.02,52.407333,-1.491409,False,0.10727,0.16704173164545227,0.22924439748394326,0.0076091246393902925,98.16600244300001,0.41464,0.0837546708481834,0.006085328439965967,98.1746913715,9.90364
116921,6.23,30.02,52.407333,-1.491409,False,0.16233,0.2766794336411728,0.20835659603455844,0.008177373933265076,99.41960025099999,0.45238999999999996,0.13390939266699362,0.006298509523868219,98.8551969355,9.9642
117021,6.23,30.02,52.407333,-1.491409,False,0.22388000000000002,0.2985423617810007,0.29833584375107336,0.007952609634578998,98.359684311,0.52813,0.26390079807045075,0.0053487277822792,98.34202819750001,9.90703
117121,6.23,30.02,52.407333,-1.491409,False,0.30792,0.3271657065701655,0.3523961673710077,0.00849329147033108,99.043106115,0.59929,0.306740058065817,0.005321194519198447,98.79800018750001,9.93681
117220,6.23,30.02,52.407333,-1.491409,False,0.36292,0.3154264478448186,0.3647768943706054,0.007964197664827458,99.49998713,0.68182,0.3410791201792053,0.005249380915882983,98.78590547350001,9.95786
117320,6.23,30.02,52.407333,-1.491409,False,0.4276,0.31139988225217224,0.377441840258569,0.008543717639945141,99.282461169,0.7439600000000001,0.3399050331424265,0.005076623987567677,98.63345296600001,9.94405
117421,6.23,30.02,52.407333,-1.491409,False,0.47289000000000003,0.29766900503000915,0.38345699295284896,0.008701443047627776,100.023931216,0.7934,0.30232420052357817,0.004436778110299892,98.7964896935,9.979389999999999
117521,6.23,30.02,52.407333,-1.491409,False,0.51854,0.2405885801298327,0.3995162081262181,0.009469623951233566,101.058509313,0.8202299999999999,0.27454609024108345,0.004663868208547807,99.737633702,10.02965
117620,6.23,30.02,52.407333,-1.491409,False,0.5630000000000001,0.18790962957998966,0.40373421730417997,0.009420049539855509,100.354698774,0.8740500000000001,0.2637162332255356,0.006455497226742534,99.40117318200001,9.99296
117720,6.23,30.02,52.407333,-1.491409,False,0.61453,0.125406982350355,0.43622526545607104,0.008603255197888682,99.28517338500001,0.92228,0.24802626563419214,0.008681884076117755,98.624345762,9.9359
117820,6.23,30.02,52.407333,-1.491409,False,0.63028,0.11742864310815421,0.4401163140453741,0.008231403282551439,99.20299665299999,1.02707,0.23687275088348486,0.009398557808989882,98.68449954799999,9.93071
117920,6.23,30.02,52.407333,-1.491409,False,0.57201,0.15738327914856642,0.4328428275174851,0.006273754856543135,98.45288004900002,1.03691,0.225988581078284,0.008267264763312132,98.93624015,9.8962
118020,6.23,30.02,52.407333,-1.491409,False,0.56423,0.1581623993101887,0.37752974055032656,0.006409446153919899,99.86705416,1.03066,0.22254635572042694,0.009417147480352129,99.1133692355,9.96985
118120,6.23,30.02,52.407333,-1.491409,False,0.52694,0.1444815266930536,0.30634910532484294,0.007886021388084865,98.214579369,0.99343,0.2445274492658091,0.010110148916368489,98.62884274199999,9.89109
118221,6.23,30.02,52.407333,-1.491409,False,0.5010700000000001,0.1622236799401781,0.2974702526677618,0.010849398344813549,96.799169308,0.9494199999999999,0.2478988270332131,0.00968669763702506,98.149578219,9.820630000000001
118321,6.23,30.02,52.407333,-1.491409,False,0.43647,0.19832474519221138,0.291937360290409,0.010943699354219948,97.684573508,0.86822,0.3391893826954669,0.011156184134572193,98.4835173385,9.86823
118420,6.23,30.02,52.407333,-1.491409,False,0.41258,0.1915676602259485,0.2929721687578282,0.011350751321192535,97.67864793300001,0.8119999999999999,0.39453012559245537,0.012594800514499465,98.8512895745,9.869050000000001
118521,6.23,30.02,52.407333,-1.491409,False,0.36411000000000004,0.24346227382857039,0.23839608707639062,0.011487911520860077,96.281188052,0.75336,0.4563529438201665,0.012582443677160845,98.6698486825,9.80021
118620,6.23,30.02,52.407333,-1.491409,False,0.30573,0.26690426519218047,0.23872558397550359,0.011674949440766028,96.199882095,0.65499,0.4861620864828233,0.013795574974930374,98.27729043449999,9.7975
118723,6.23,30.02,52.407333,-1.491409,False,0.24516999999999997,0.24117142381855008,0.20798566724122514,0.011668266556967361,96.853043543,0.58743,0.4696073065161276,0.014622904408268885,98.06910846400001,9.8337
118820,6.23,30.02,52.407333,-1.491409,False,0.18414,0.20267198567581515,0.20099852431741036,0.011294620154942925,97.64913051500001,0.43427999999999994,0.39099163332906794,0.015109412077687522,98.42606358399999,9.876330000000001
118921,6.23,30.02,52.407333,-1.491409,False,0.17297,0.20324710767383095,0.23513850410154202,0.011263456150065259,97.004460096,0.30335,0.45067981797872025,0.015521343727627045,97.72867007250001,9.84315
119020,6.23,30.02,52.407333,-1.491409,False,0.07822000000000001,0.24304052154139066,0.25145940891788615,0.010235537221964497,97.28669224500001,0.17074,0.3743865358452698,0.01583590856250554,98.5768732025,9.857510000000001
119121,6.23,30.02,52.407333,-1.491409,False,-0.004030000000000001,0.2573748414278289,0.2533730102701001,0.013744012837919185,97.59689781200001,0.10739000000000001,0.3248631351131656,0.017129847245866005,97.9057385905,9.87317
119220,6.23,30.02,52.407333,-1.491409,False,-0.04135,0.23618794423086048,0.2300845120095312,0.013893867552109246,98.637742777,0.03918,0.23879136314178223,0.017415382727795338,97.7184560425,9.926639999999999
119320,6.23,30.02,52.407333,-1.491409,False,-0.029429999999999994,0.2444595310748456,0.2391620466452666,0.015464655041595794,98.862619194,0.019309999999999997,0.23154326905449846,0.018146122940667364,98.273596351,9.93763
119421,6.23,30.02,52.407333,-1.491409,False,-0.04249000000000001,0.2243162769642702,0.2635408599987591,0.017757677525822736,99.188530565,-0.0005200000000000052,0.21928041813572233,0.019093236149660523,98.433589249,9.953840000000001
119521,6.23,30.02,52.407333,-1.491409,False,-0.05339000000000001,0.2280728463062236,0.24535214058345725,0.018123281527729244,99.797678601,0.0014199999999999948,0.2202127900211255,0.018777140357361045,98.03943332650002,9.98468
119620,6.23,30.02,52.407333,-1.491409,False,-0.08156,0.2443162258676699,0.251568316544204,0.018290133952489213,99.700366923,0.0065399999999999955,0.2229195330656819,0.01846564678290874,97.950124509,9.979130000000001
119721,6.23,30.02,52.407333,-1.491409,False,-0.12994,0.2585029602237555,0.2674207421523803,0.018760194265755554,99.398772114,0.021150000000000002,0.25345285009686047,0.014366554523925565,98.1259078285,9.9628
119821,6.23,30.02,52.407333,-1.491409,False,-0.1617,0.25541019730795594,0.2826704362956152,0.020250775019462527,98.64850062999999,0.04446,0.25626228404160767,0.006998539530187209,98.14881557250001,9.9243
119920,6.23,30.02,52.407333,-1.491409,False,-0.16865000000000002,0.24793178833434562,0.2493254463993144,0.021219802072592445,100.04893344899999,0.06923,0.210049359543046,0.006842522276993231,98.5266967725,9.99546
120021,6.23,30.02,52.407333,-1.491409,False,-0.11443999999999999,0.24304790200013401,0.24350984488425087,0.023113596287322576,99.446166621,0.1008,0.18528214520922587,0.006730931915008653,98.366429433,9.96627
120121,6.23,30.02,52.407333,-1.491409,False,-0.09798,0.22549125531209036,0.26072706908863685,0.02303697752165704,100.019965829,0.1283,0.1997645169248571,0.006838810812807367,98.8084318205,9.995169999999998
120221,6.23,30.02,52.407333,-1.491409,False,-0.10425999999999999,0.22590800585882564,0.26054710493284094,0.021758576852971452,99.689357549,0.16365000000000002,0.21548054436537714,0.00848122763650758,99.163550163,9.97855
120320,6.23,30.02,52.407333,-1.491409,False,-0.13763999999999998,0.2037491333314903,0.25367396594841385,0.020884361507011746,99.126473781,0.17805,0.208556623006797,0.008622038944216927,98.9945464875,9.95049
120420,6.23,30.02,52.407333,-1.491409,False,-0.17299,0.15997889756673145,0.2320534576821033,0.019530833173329876,98.850360952,0.21511,0.21332366879150066,0.008782204228503737,99.0194457585,9.93725
120521,6.23,30.02,52.407333,-1.491409,False,-0.13349,0.2030516707638725,0.24856340148049633,0.018894984637316932,98.17657396,0.22469,0.20996402046276427,0.009278385874950579,98.98712628050001,9.90283
120621,6.23,30.02,52.407333,-1.491409,False,-0.10871000000000001,0.19104908880529478,0.24279978400136293,0.018892211799222056,98.887806267,0.27032,0.2362441383164629,0.011658397069162657,99.294086595,9.93932
120720,6.23,30.02,52.407333,-1.491409,False,-0.10318999999999998,0.18182290193115594,0.22591461612249522,0.019797892704920744,99.241328135,0.28788,0.2630956640548141,0.013176730331241532,99.3200501245,9.95766
120820,6.23,30.02,52.407333,-1.491409,False,-0.07400999999999999,0.17312704038107735,0.26066433609358325,0.017835993571053598,98.862417524,0.39159,0.3888737911513753,0.014061930482296078,98.755459077,9.93825
120920,6.23,30.02,52.407333,-1.491409,False,-0.05845,0.1909652222555489,0.24418946764983426,0.017262534898186584,98.394153516,0.475,0.3303615796870639,0.015019528029277791,99.2215434825,9.914850000000001
121020,6.23,30.02,52.407333,-1.491409,False,-0.09873000000000001,0.19403648597335751,0.26578404767780844,0.01624364833130506,97.828342959,0.53106,0.307018646556414,0.017357640008558363,98.63725479000001,9.8854
121120,6.23,30.02,52.407333,-1.491409,False,-0.10434999999999998,0.19960012385879053,0.23360177154008788,0.01450679534256652,97.218656828,0.5783099999999999,0.3112415048372119,0.021111766071712394,98.6193113285,9.85509
121220,6.23,30.02,52.407333,-1.491409,False,-0.12562,0.21525100490151305,0.254219021055996,0.01516399610187817,96.49266781200001,0.64964,0.34699598204525994,0.022545903791549762,98.0910126805,9.81718
121320,4.79,27.95,52.40768,-1.491134,False,-0.12531,0.21519901615842862,0.27278360593457224,0.015057430797523884,96.992662266,0.72733,0.30772294555691,0.024177712418213152,98.0595680235,9.84217
121421,4.79,27.95,52.40768,-1.491134,False,-0.08107,0.2558911880294263,0.23540526190664524,0.012840391998169881,96.153026703,0.7872600000000001,0.2964041130318892,0.024979433762820816,97.5016938275,9.799879999999998
121521,4.79,27.95,52.40768,-1.491134,False,-0.08232000000000002,0.2542694493817316,0.25656344266304715,0.012545034431554476,95.78375608500001,0.9045500000000001,0.2694799198868458,0.02689508216095438,96.9801650225,9.78057
121621,4.79,27.95,52.40768,-1.491134,False,-0.08573,0.2545096158410437,0.26538810155025383,0.01274153749662011,95.916361433,0.98612,0.2870092209126519,0.029408745864680733,97.40208385000001,9.787099999999999
121721,4.79,27.95,52.40768,-1.491134,False,-0.09530000000000001,0.26739162706080066,0.27451630188388226,0.010646564391076202,96.25378751400001,1.05209,0.2923846950318832,0.0313890798420944,97.7475578245,9.803700000000001
121820,4.79,27.95,52.40768,-1.491134,False,-0.11012000000000002,0.26502189762776646,0.2463783035180773,0.009900841715059639,96.96698613800001,1.05965,0.29796327607422923,0.03242307306019452,97.914701831,9.84058
121921,4.79,27.95,52.40768,-1.491134,False,-0.14509,0.241686723075785,0.24969299393900674,0.011310349243060465,96.307571686,1.1463999999999999,0.28269976221347254,0.03259836396712846,97.350862601,9.807030000000001
122021,4.79,27.95,52.40768,-1.491134,False,-0.15172,0.24705099698465335,0.29404365435538016,0.01350631128193197,97.902997596,1.1838799999999998,0.23190465857042414,0.03243229529000105,97.86567027750002,9.88672
122120,4.79,27.95,52.40768,-1.491134,False,-0.14416,0.2429621927607487,0.30302768502050736,0.013321578151421954,98.23249795900001,1.22925,0.19301164760477377,0.03233831576731717,97.7255773935,9.90333
122220,4.79,27.95,52.40768,-1.491134,False,-0.15372,0.2539731210624902,0.2934962161406643,0.01568397625320535,98.383164616,1.21433,0.20768159416653617,0.027128969755596113,97.43791621400001,9.9108
122321,4.79,27.95,52.40768,-1.491134,False,-0.20739999999999997,0.30600239287372333,0.285161781762174,0.016217822843334305,97.72834438,1.20079,0.23147421478667862,0.023228251476740902,97.36050332300002,9.87562
122420,4.79,27.95,52.40768,-1.491134,False,-0.29896,0.2675551291063417,0.2846475395603786,0.016133677682275478,97.98582283600001,1.18665,0.24842103708555968,0.018425191089014963,97.0694247695,9.88732
122520,4.79,27.95,52.40768,-1.491134,False,-0.35583,0.19904552271053771,0.30789861679166763,0.013240094830140355,97.75808366700001,1.16414,0.2396108335521455,0.013952542579920508,96.77091987600001,9.87474
122620,4.79,27.95,52.40768,-1.491134,False,-0.43817000000000006,0.2524953247091915,0.31567952965697155,0.011009410116400848,96.569077554,1.1221100000000002,0.22890049487835118,0.013407415029670307,96.2427194935,9.80969
122721,4.79,27.95,52.40768,-1.491134,False,-0.43868,0.25253712070373613,0.3083769340343856,0.008616908442771647,95.987149569,1.1360800000000002,0.24909608944697678,0.013958466168524041,96.1204685415,9.78017
122821,4.79,27.95,52.40768,-1.491134,False,-0.56432,0.3712395955893355,0.3082842332076815,0.008090934570383101,95.98444649999999,1.1884700000000001,0.32769004341840163,0.01585328917852164,96.475716319,9.77018
122921,4.79,27.95,52.40768,-1.491134,False,-0.6633899999999999,0.38055050022595194,0.30521816168476223,0.010056042959335354,96.281541787,1.2515399999999999,0.435353009254174,0.016393711531493774,96.2945567365,9.778920000000001
123021,4.79,27.95,52.40768,-1.491134,False,-0.65461,0.38925415704623867,0.2510377890986989,0.010882447641347272,94.20090999499999,1.28454,0.429899960455916,0.02120522996286136,96.0519537955,9.67364
123120,4.79,27.95,52.40768,-1.491134,False,-0.65987,0.3831778207742893,0.1954720156157853,0.025361335401223088,93.294566803,1.2639399999999998,0.43559852361753476,0.02886704387744404,95.76353238099999,9.6277
123220,4.79,27.95,52.40768,-1.491134,False,-0.7642200000000001,0.456119576914261,0.3445832273276822,0.02615321522617563,95.363340733,1.31619,0.4276743944482353,0.027420641049319287,96.8732526745,9.72035
123321,4.79,27.95,52.40768,-1.491134,False,-0.8266,0.48694225758525234,0.419314835442565,0.030573161796291538,96.892550193,1.32602,0.41525190427016473,0.02659141256538059,97.31044728650001,9.789670000000001
123421,4.79,27.95,52.40768,-1.491134,False,-0.77719,0.5349032092091262,0.44546696298504185,0.03445939478413524,95.600584937,1.3100999999999998,0.43738629760582515,0.02388552327712922,96.7932038865,9.724219999999999
123520,4.79,27.95,52.40768,-1.491134,False,-0.8675499999999999,0.53268942848739,0.431541134385439,0.04475231713429917,96.068166241,1.32028,0.4343893793463267,0.022471732861037652,96.913124954,9.74128
123621,4.79,27.95,52.40768,-1.491134,False,-0.9091799999999999,0.5548391955232514,0.44722543420516897,0.04684709050612308,97.65383093099999,1.3127299999999997,0.44143050302397324,0.03374919916745446,97.1114542425,9.81683
123720,4.79,27.95,52.40768,-1.491134,False,-0.95802,0.5318886846783722,0.532133481165941,0.04761568485745472,96.21852054,1.31739,0.4439818125654326,0.0374695669102875,96.10283505449999,9.73608
123821,4.79,27.95,52.40768,-1.491134,False,-1.0073,0.5958472716318428,0.5361211931809654,0.04986241514853088,96.80479588,1.21149,0.4387404660565901,0.04271040076296877,96.39462119,9.75766
123921,4.79,27.95,52.40768,-1.491134,False,-1.11741,0.7134360493804303,0.5912104039830361,0.05211133807105277,95.777502301,1.15151,0.32737589828479474,0.041776959359596806,96.029522044,9.68278
124020,4.79,27.95,52.40768,-1.491134,False,-1.2840599999999998,0.6881268910762189,0.6149991114718129,0.055139096836999406,95.64714839199999,1.1693,0.3448565853285143,0.041590415562563654,94.92402919349999,9.655660000000001
124120,4.79,27.95,52.40768,-1.491134,False,-1.17766,0.9075570165131347,0.6491751793194578,0.05153046132574831,96.994999433,0.9894400000000001,0.6962107043768343,0.04318059749470898,95.14478311799999,9.72047
124221,4.79,27.95,52.40768,-1.491134,False,-1.26986,0.9870467400843341,0.5860876934763724,0.05090265655586595,95.235215826,0.93359,0.6734082309004276,0.047318928559299304,95.29927827949999,9.6144
124321,4.79,27.95,52.40768,-1.491134,False,-1.4440899999999999,1.1384523514647225,0.5358091390079637,0.051667527949810436,95.24392277199999,0.83918,0.7426758973094818,0.04304876304843237,96.0682364825,9.57777
124420,4.79,27.95,52.40768,-1.491134,False,-1.6091000000000002,1.0385618635615526,0.5310266748897413,0.059803122363672974,95.71376647899999,0.84134,0.742273588674987,0.04366872259791229,95.657175708,9.58645
124520,4.79,27.95,52.40768,-1.491134,False,-1.6031400000000002,1.040940828929932,0.5508676832456743,0.05399057119329055,95.003680382,0.81243,0.7300926517306626,0.05041152976585239,95.5359233115,9.5491
124621,4.79,27.95,52.40768,-1.491134,False,-1.68353,1.0508063200863107,0.5248156037018208,0.05182972549073015,92.75639008800002,0.80185,0.7292684359456854,0.05295201601450214,95.2051105095,9.41703
124720,4.79,27.95,52.40768,-1.491134,False,-1.9136700000000002,1.1214596431536104,0.5460058746122826,0.0567138911065397,96.21290299900001,0.7246300000000001,0.6796791858418694,0.052956401354742146,96.21571176949999,9.54728
124821,4.79,27.95,52.40768,-1.491134,False,-1.98198,1.1403473357807363,0.7288845255289502,0.05556747649879777,98.934078814,0.6585300000000001,0.7079926805177201,0.05274657334841848,97.869437347,9.66216
124921,4.79,27.95,52.40768,-1.491134,False,-1.95886,1.1368258453548052,0.7575078408101714,0.0628439831823399,102.33049687799999,0.5624899999999999,0.639742754637449,0.047914576766019366,99.05399958950001,9.839400000000001
125020,4.79,27.95,52.40768,-1.491134,False,-1.8699499999999998,1.1728191849366878,0.7135567840053072,0.0666760068457079,103.07188213900001,0.46194999999999997,0.5389635098965425,0.04476044384647493,99.3595152655,9.893379999999999
125120,4.79,27.95,52.40768,-1.491134,False,-2.1476599999999997,0.7142314318358046,0.7149494857058869,0.06166184575750405,101.537101948,0.59311,0.3370622311482952,0.028810879503720282,99.26605069050001,9.79824
125220,4.79,27.95,52.40768,-1.491134,False,-2.11245,0.7079763669156708,0.7055931680350774,0.06481992234902269,102.17561717999999,0.46951,0.41566440108979,0.028882984225628273,98.70541650300001,9.83941
125321,4.79,27.95,52.40768,-1.491134,False,-2.01324,0.6252262900564713,0.7071798369423274,0.06987910274180685,101.73930069000001,0.46262,0.4257403976864572,0.0267960382643924,98.491611731,9.84298
125420,4.79,27.95,52.40768,-1.491134,False,-2.0007,0.6321205563638782,0.6915661176714119,0.06715979700187703,102.217257918,0.42289000000000004,0.41681304482145703,0.030793693438034796,98.96551219850001,9.87038
125521,4.79,27.95,52.40768,-1.491134,False,-2.0814399999999997,0.5671021800933831,0.6396998974345486,0.0667383947464526,104.092355331,0.31168999999999997,0.40532826052198573,0.02910130963070791,99.5480178565,9.95501
125621,4.79,27.95,52.40768,-1.491134,False,-2.0238500000000004,0.5870388805030067,0.5310170607219398,0.06670359310661857,105.598294388,0.18106,0.43773786727269304,0.029019334550914298,99.17734223800001,10.046809999999999
125721,4.79,27.95,52.40768,-1.491134,False,-1.88539,0.3990466707597563,0.5516806045570553,0.059594799362957085,103.527421276,0.041260000000000005,0.44682018804486245,0.03960662823316455,99.8701621375,9.97775
125821,4.79,27.95,52.40768,-1.491134,False,-1.81841,0.3195027054310786,0.3894773169832153,0.05949676835294874,100.466125561,0.019570000000000004,0.44925499824091697,0.0396538578759312,99.7001021875,9.84536
125920,4.79,27.95,52.40768,-1.491134,False,-1.86891,0.38624620947438976,0.228726328708457,0.05201666826871725,98.50340455,-0.03843,0.4069976359472727,0.042335014402318884,100.416950714,9.738029999999998
126020,4.79,27.95,52.40768,-1.491134,False,-2.0622100000000003,0.4131356851366562,0.23243382451308742,0.03534006382437798,99.986999406,-0.05712999999999999,0.38086366195792704,0.044343026509250635,101.52944077250001,9.774049999999999
126121,4.79,27.95,52.40768,-1.491134,False,-2.10749,0.42945444577976033,0.1959517287497148,0.03068503073342292,100.615431041,-0.04033,0.414167899528684,0.04549127388851733,101.0762664945,9.7966
126221,4.79,27.95,52.40768,-1.491134,False,-2.10194,0.43038342130399776,0.20684686122830367,0.027621177463034458,100.86495940399999,-0.020550000000000002,0.4048966377018019,0.044307431029620106,101.520288292,9.810279999999999
126321,4.79,27.95,52.40768,-1.491134,False,-2.2175599999999998,0.5567619503282659,0.2104159650153343,0.021699925755121283,101.516655289,-0.06404000000000001,0.4389411481685873,0.04432050440948533,101.62797798950001,9.81225
126420,4.79,27.95,52.40768,-1.491134,False,-2.1872599999999998,0.598758445451921,0.28017246295808057,0.01604905327772044,103.062119833,-0.14883,0.4364043717318481,0.04884135770248733,102.6396888755,9.89367
126520,4.79,27.95,52.40768,-1.491134,False,-2.31109,0.6805346337010836,0.2789589187198194,0.016368197484417365,103.52243231,-0.1642,0.4391676040470732,0.046001822427668676,103.80739382050001,9.884049999999998
126620,4.79,27.95,52.40768,-1.491134,False,-2.3769099999999996,0.6326394873859845,0.29570798828123,0.016997333124150138,103.266604742,-0.13196,0.42324895274531077,0.04487872547209973,104.432449565,9.857890000000001
126720,4.79,27.95,52.40768,-1.491134,False,-2.43301,0.6065160956918906,0.2921364994883871,0.017073514251286608,104.92815206200001,-0.11947999999999999,0.4090683610351726,0.040020888990071814,104.22778666900001,9.92979
126820,4.79,27.95,52.40768,-1.491134,False,-2.4993299999999996,0.5774415526941052,0.4161257416801774,0.01611589967151137,107.56684922499998,-0.1386,0.4137088052671322,0.04071527695813787,104.01648739299999,10.04312
126920,4.79,27.95,52.40768,-1.491134,False,-2.4177100000000005,0.63012027502692,0.5637130401779438,0.0157377253756697,105.635490764,-0.24054999999999999,0.49792468250172844,0.039850977960955235,102.069447657,9.95725
127020,4.79,27.95,52.40768,-1.491134,False,-2.37139,0.6003436024477993,0.5832585229171936,0.016169480854718532,106.34545406800001,-0.29644,0.4530981796966826,0.03322024148684861,103.16622673699999,10.00457
127121,4.79,27.95,52.40768,-1.491134,False,-2.31849,0.6159564639196878,0.5644732770960411,0.011298913418751489,106.983011404,-0.3756,0.2912869795312648,0.03224479458420963,103.7992212225,10.04885
127221,4.79,27.95,52.40768,-1.491134,False,-2.30727,0.623135683548224,0.6470881263183597,0.011344803019689395,109.12489757200001,-0.38166,0.28559032507734017,0.030211956794180508,104.994928488,10.15259
127321,4.79,27.95,52.40768,-1.491134,False,-2.14959,0.5620640106883845,0.6472303158673586,0.010464139822375285,108.426820139,-0.36279999999999996,0.27887297387082627,0.030439010058368004,104.971737714,10.15602
127420,4.79,27.95,52.40768,-1.491134,False,-2.22887,0.48415991859898844,0.6430297263735041,0.011560762181717097,108.49695294,-0.38559,0.3014206048033264,0.03666234671521671,105.77953638649998,10.14623
127521,4.79,27.95,52.40768,-1.491134,False,-1.9639999999999997,0.5794978669311727,0.6643269964574728,0.017261353751468374,106.88492507000001,-0.3261,0.3701415134782951,0.036524033183646276,105.20367869000002,10.115739999999999
127621,4.79,27.95,52.40768,-1.491134,False,-1.92196,0.5722038548940027,0.6729911477046838,0.017116298275814918,109.355436546,-0.30625,0.3839996940102985,0.04431888110300522,106.311020644,10.24496
127721,4.79,27.95,52.40768,-1.491134,False,-1.7991100000000002,0.5837723499409311,0.6741654758951011,0.017656928133486557,108.66479952299999,-0.28058,0.3789803243207027,0.04430157885323027,106.79647579249999,10.232899999999999
127821,4.79,27.95,52.40768,-1.491134,False,-1.67593,0.532064511648312,0.6335574428924564,0.015477944882243758,106.32490763599999,-0.26536,0.3805198029596452,0.045622495669474294,106.94587843049999,10.14397
127920,4.79,27.95,52.40768,-1.491134,False,-1.55111,0.657495018063087,0.43951726245959677,0.016239748903368007,108.22579971299999,-0.14579,0.2870766349484677,0.0639495321848937,106.9306452385,10.25948
128021,4.79,27.95,52.40768,-1.491134,False,-1.41797,0.5685292371061015,0.43845669290767514,0.01625156744577096,107.005964593,-0.12874000000000002,0.28824986537532205,0.06782209079643656,106.67570933049998,10.22406
128121,4.79,27.95,52.40768,-1.491134,False,-1.31535,0.5606245034681325,0.49071173977757837,0.01567214088757493,105.714779701,-0.13632,0.2868577494934499,0.06641652739425023,106.34889555250001,10.17276
128221,4.79,27.95,52.40768,-1.491134,False,-1.19231,0.5530207479531559,0.45206614080978247,0.013825134116287307,104.94246203,-0.06538999999999999,0.3579010678013346,0.06571127080730663,107.03367980099999,10.15193
128320,4.79,27.95,52.40768,-1.491134,False,-1.1611699999999998,0.5330028852329676,0.4673975486076385,0.013717887754477449,103.99694206699999,-0.06459999999999999,0.35716587805170674,0.06618172288815484,106.211881103,10.109219999999999
128421,4.79,27.95,52.40768,-1.491134,False,-0.99143,0.45760952313808745,0.48360265703247873,0.013793879480084963,103.99696025799999,0.011070000000000009,0.26488050156837345,0.07073619614062177,106.24695659899999,10.12991
128520,4.79,27.95,52.40768,-1.491134,False,-1.00701,0.4452805169528293,0.45901940941773434,0.01074432666831912,104.45661989499999,-0.009919999999999995,0.24804091418778704,0.05674541195354778,105.6707724825,10.15256
128621,4.79,27.95,52.40768,-1.491134,False,-0.8618500000000001,0.38192345728198374,0.3843419665118673,0.01144244049337563,102.47536219199999,0.037680000000000005,0.2955448632986608,0.05962131982586297,105.91539936900001,10.07315
128721,4.79,27.95,52.40768,-1.491134,False,-0.7505,0.4322597752895061,0.38836392383088514,0.012062688110219974,101.86201994,0.03866,0.2945651567235294,0.0566396759249993,105.26340973149999,10.04962
128820,4.79,27.95,52.40768,-1.491134,False,-0.58626,0.494181869805485,0.3985527458470354,0.011838379205880342,101.209686315,0.10841,0.3229093627561103,0.04916735592737258,103.76729697549999,10.02513
128921,4.79,27.95,52.40768,-1.491134,False,-0.51973,0.5553392177559393,0.40357276488329036,0.011299046174099932,101.747221934,0.18397000000000002,0.41183291393476734,0.05246085948378873,104.9865108235,10.05251
129020,4.79,27.95,52.40768,-1.491134,False,-0.48188000000000003,0.5162954533124535,0.43580708831111586,0.010596042238076864,100.598253284,0.21523000000000003,0.4052439787749285,0.04819950322473414,103.80210893849998,9.99776
129121,4.79,27.95,52.40768,-1.491134,False,-0.42862,0.49629068274326743,0.40161463010092036,0.010966028350217576,101.60733127199998,0.3053,0.4215093514186067,0.045823052180219884,103.6610554865,10.0527
129220,4.79,27.95,52.40768,-1.491134,False,-0.38676999999999995,0.49133239947898666,0.35056429573536674,0.012091852169493588,101.022403984,0.25194,0.42165279871793565,0.04276647181041653,102.98243300699998,10.02721
129321,4.79,27.95,52.40768,-1.491134,False,-0.24396999999999996,0.37994403988540887,0.3567352139737237,0.01138966880798355,100.71279407499999,0.36802,0.39313413260899027,0.038885680026343246,102.354868071,10.02042
129420,4.79,27.95,52.40768,-1.491134,False,-0.2265,0.37464410074392324,0.3079452839205077,0.011704604981705946,99.117670105,0.45160999999999996,0.39744216476530775,0.033724933077934324,101.5573151815,9.94257
129521,4.79,27.95,52.40768,-1.491134,False,-0.18980999999999998,0.33268675440353235,0.3381933069841619,0.011388244426210257,98.483942641,0.48419999999999996,0.37646576353117656,0.025478086444804354,101.470281268,9.91188
129620,4.79,27.95,52.40768,-1.491134,False,-0.14694000000000002,0.33434705255999525,0.33363043825965444,0.0119964809654979,98.043182256,0.54861,0.43000223888306083,0.01773891202977321,100.259272224,9.89044
129721,4.79,27.95,52.40768,-1.491134,False,-0.11511,0.35550744467904305,0.33375054373654633,0.01648468649653025,98.003944788,0.65583,0.34081846601640864,0.018360355842594638,99.932982364,9.888209999999999
129821,4.79,27.95,52.40768,-1.491134,False,-0.12142,0.3475956232942728,0.3322216965621926,0.016460606172178274,98.439440177,0.6282300000000001,0.36217877737075926,0.01826340907692602,99.824563246,9.91043
129921,4.79,27.95,52.40768,-1.491134,False,-0.14564,0.3296157095770781,0.3120646834658848,0.015268573388936219,97.844752244,0.5773699999999999,0.3533330190250179,0.02776904951760398,99.795987089,9.8812
130021,4.79,27.95,52.40768,-1.491134,False,-0.05700000000000001,0.23780208858068083,0.3661079949960003,0.020290161819627377,100.023232864,0.64128,0.3510394843255609,0.0277718162491726,100.31074307399999,9.99242
130121,4.79,27.95,52.40768,-1.491134,False,-0.09003,0.29951157295392444,0.36619695808554065,0.020212562100502363,99.726317212,0.5978899999999999,0.3590154297210331,0.0274856649506212,100.66682424199999,9.97581
130220,4.79,27.95,52.40768,-1.491134,False,0.022160000000000003,0.4188276527005676,0.30616847504455286,0.019748082888669867,97.90614218,0.66106,0.2939084521108951,0.02616920157572904,99.46427308199999,9.88248
130320,11.77,123.03,52.40768,-1.490284,False,0.038930000000000006,0.4252780843166041,0.29946320883280386,0.02082690834260114,98.27816861,0.6163000000000001,0.30424827946194827,0.02474640265663824,99.4954813425,9.90117
130421,11.77,123.03,52.40768,-1.490284,False,0.12535000000000002,0.4470854187587281,0.3912867389921478,0.020345777612729984,97.03879677,0.55099,0.3191697613426998,0.021008223257678683,98.0782334375,9.83389
130521,11.77,123.03,52.40768,-1.490284,False,0.26347,0.48257396911423556,0.42430927085480036,0.022040319114447156,96.633589363,0.57308,0.3156991950857305,0.0215559633409315,97.558766002,9.80778
130621,11.77,123.03,52.40768,-1.490284,False,0.35125,0.5193963274802783,0.4529702135166669,0.025312456309975973,95.64668359,0.47675999999999996,0.26659693338238066,0.030963464132928283,96.844932923,9.75171
130721,11.77,123.03,52.40768,-1.490284,False,0.46967,0.6158588295128108,0.45166362225296425,0.02337515537678599,95.712712734,0.48019,0.2720936744333967,0.030545594335899866,96.85832876100001,9.74511
130821,11.77,123.03,52.40768,-1.490284,False,0.5436799999999999,0.6304115001771112,0.4461945765146799,0.023347624195098598,94.96454808499999,0.5656399999999999,0.32417348304744403,0.030883517718464152,96.70199413099999,9.702169999999999
130920,11.77,123.03,52.40768,-1.490284,False,0.60115,0.5978174437996198,0.521825201150305,0.022821843824624544,96.27453653799999,0.5619,0.32644689546012834,0.031200464740128858,97.059644391,9.76455
131020,11.77,123.03,52.40768,-1.490284,False,0.74177,0.6256672314861599,0.4285276551428461,0.01620611681502451,95.00402950999998,0.49704,0.3120608245554427,0.03159521060751705,97.513631187,9.69207
131121,11.77,123.03,52.40768,-1.490284,False,0.8875,0.3742078507401414,0.42491135075449016,0.01716521353072992,94.27898461,0.5293,0.311144014529893,0.031611356960575314,97.002650911,9.654160000000001
131220,11.77,123.03,52.40768,-1.490284,False,0.87898,0.37559766535779027,0.4673106989288135,0.017443891003251864,95.483944762,0.53183,0.31226758130381355,0.03513500312287548,96.69504347099999,9.715340000000001
131320,11.77,123.03,52.40768,-1.490284,False,0.91357,0.32480423522827195,0.470704812075587,0.016975878311428907,95.65344329199999,0.47356999999999994,0.39324888090538024,0.03541892306537759,96.96580595100001,9.72237
131421,11.77,123.03,52.40768,-1.490284,False,0.9158900000000001,0.32249582409010497,0.42083950556529665,0.017888261203618614,97.248508396,0.45429,0.4127744324823327,0.03373892575514425,97.14365258299999,9.80595
131520,11.77,123.03,52.40768,-1.490284,False,0.8287800000000001,0.40626971829069464,0.3843014159918328,0.01580738575617241,99.08034120699999,0.46148999999999996,0.4167422370136147,0.03675637510842354,97.856965285,9.90515
131621,11.77,123.03,52.40768,-1.490284,False,0.82304,0.40499946008194515,0.3211144178222525,0.009090018946319223,100.57092134,0.40148,0.49763214392427213,0.0286807891569722,98.108802465,9.98264
131721,11.77,123.03,52.40768,-1.490284,False,0.8249600000000001,0.40817019652754377,0.3145682912959896,0.012014458881789902,101.06181006099999,0.28104,0.5133469829354118,0.0287958793348405,98.3872613975,10.00711
131820,11.77,123.03,52.40768,-1.490284,False,0.77046,0.420333873116228,0.3017842218465784,0.012014361776177996,101.151037421,0.21543,0.4303138597452913,0.02117645705337326,98.057792753,10.01581
131920,11.77,123.03,52.40768,-1.490284,False,0.83615,0.4325620732591134,0.23263549194201352,0.014370529256471701,100.23362207599999,0.09132,0.5453185792625175,0.02244734332214505,98.254079307,9.96581
132020,11.77,123.03,52.40768,-1.490284,False,0.8328399999999998,0.42715003661217,0.23945980896823413,0.014169231140436276,99.962294205,0.10358,0.5511020752395467,0.02323443086838593,97.4831618575,9.95253
132121,11.77,123.03,52.40768,-1.490284,False,0.87849,0.4434040280727177,0.198309825217433,0.01291259505719548,100.54596613199999,0.02202,0.5178877394442434,0.023210584271453606,97.412475371,9.978069999999999
132221,11.77,123.03,52.40768,-1.490284,False,0.97001,0.5113457483282067,0.17892872106571892,0.012611652460235963,100.475396268,-0.06509,0.46806043876120895,0.023802756609734244,97.979670515,9.96345
132322,11.77,123.03,52.40768,-1.490284,False,0.9959899999999999,0.49722395457178087,0.2538768021435999,0.012611793422560146,99.42353935700001,-0.059660000000000005,0.46624748363932444,0.02272098638312708,97.53849132449999,9.90712
132421,11.77,123.03,52.40768,-1.490284,False,1.02532,0.4820823484288416,0.2732421075407779,0.01057155512579752,100.039017608,-0.043649999999999994,0.47125322574787737,0.023076385235898188,98.64376300199999,9.93536
132520,11.77,123.03,52.40768,-1.490284,False,1.05697,0.42290058997357804,0.276164186470448,0.0109626689775396,98.765067796,-0.14140999999999998,0.39519975385170314,0.017393041392721135,98.92270450150001,9.87007
132620,11.77,123.03,52.40768,-1.490284,False,1.11032,0.43138062800990795,0.2804822046246583,0.011043872106788866,97.908600532,-0.07555999999999999,0.3978816412508205,0.02035737649545734,99.239760936,9.820260000000001
132721,11.77,123.03,52.40768,-1.490284,False,1.03046,0.43787088457164625,0.28061649116028586,0.010020318247330061,96.78006274,-0.09617999999999997,0.41686469640773527,0.02049178968378469,98.9209364005,9.77112
132821,11.77,123.03,52.40768,-1.490284,False,1.09512,0.3859856266753988,0.2839722318193148,0.01156402947842039,97.530641096,-0.19402999999999998,0.38614248104380994,0.019636745600475593,99.3408392585,9.80432
132921,11.77,123.03,52.40768,-1.490284,False,1.08886,0.3845429327280785,0.34541046693269584,0.01050412088446975,98.318996888,-0.08761999999999996,0.31866386260970275,0.027567646093040524,99.276309482,9.84342
133021,11.77,123.03,52.40768,-1.490284,False,1.03915,0.364190805454748,0.34727037113272713,0.01037863724730319,98.59084997900001,-0.12183,0.27717527166438294,0.028932718887485224,99.27657209200001,9.86322
133120,11.77,123.03,52.40768,-1.490284,False,0.99237,0.3679195777159283,0.37134099947202415,0.01057598957807512,99.55124282400001,-0.12153999999999998,0.27714508514896036,0.03095550390838832,100.048604478,9.91567
133221,11.77,123.03,52.40768,-1.490284,False,0.94359,0.28699457776527243,0.36862383657175796,0.011301843507440042,99.310346775,-0.08977999999999998,0.28482614892441543,0.030681773453016804,99.8928715215,9.910779999999999
133320,11.77,123.03,52.40768,-1.490284,False,0.9441600000000001,0.2868294080692104,0.3217507049115855,0.011273178591486677,100.275193831,-0.11777999999999997,0.3070925694676191,0.03119465766227754,99.84936659399999,9.96075
133421,11.77,123.03,52.40768,-1.490284,False,0.9890100000000001,0.3177343560271698,0.3106929252135774,0.010561570800679971,100.04219557900001,-0.15439999999999998,0.2916960023342455,0.03087516801573756,100.0406065935,9.94416
133521,11.77,123.03,52.40768,-1.490284,False,1.1013800000000002,0.29934428265052243,0.3296738152241346,0.010583430445748578,100.02817910600001,-0.11760999999999999,0.2975174148030891,0.031486584444808015,99.396623451,9.9316
133621,11.77,123.03,52.40768,-1.490284,False,1.06143,0.27934791946802007,0.49780317886578945,0.013349839782642342,98.38015056900001,-0.15852,0.2704985265928287,0.02696991945771406,98.1443755505,9.84684
133721,11.77,123.03,52.40768,-1.490284,False,1.0965500000000001,0.23963410186736375,0.504564795530645,0.01852525003579943,99.92891814500001,-0.19887,0.34992315997786055,0.022120430476020886,98.35449044250001,9.921980000000001
133820,11.77,123.03,52.40768,-1.490284,False,1.1606200000000002,0.31199719300731654,0.5073750071582961,0.018489624718263487,100.343338243,-0.20221999999999998,0.35349084476593706,0.020976272309445983,98.93698966950001,9.93363
133920,11.77,123.03,52.40768,-1.490284,False,1.1931100000000001,0.32627106130400946,0.48710976403908746,0.02310247942441576,99.998453737,-0.28855,0.3524486542588744,0.019727896210415312,99.15872531250001,9.9129
134021,11.77,123.03,52.40768,-1.490284,False,1.22709,0.3160671463471018,0.4865691847574701,0.02602460587811291,99.97006344900001,-0.35038,0.34061005987623405,0.019727896210415315,99.280456714,9.90764
134120,11.77,123.03,52.40768,-1.490284,False,1.29969,0.2766568048443178,0.47731055811586953,0.025814003520914296,99.889979657,-0.3409,0.3481598898335242,0.020058204195679778,99.7206112405,9.8958
134221,11.77,123.03,52.40768,-1.490284,False,1.29873,0.2770074770350678,0.4761992590642361,0.025771666181637842,99.82951687,-0.40381999999999996,0.3117009742258377,0.019855368711426558,99.56993182250001,9.89291
134321,11.77,123.03,52.40768,-1.490284,False,1.34071,0.23353340208391854,0.587350329303843,0.025900632767903095,97.884508459,-0.42038000000000003,0.3190694866848542,0.014965901984920722,99.079851145,9.784040000000001
134420,11.77,123.03,52.40768,-1.490284,False,1.3036400000000001,0.25530984748384167,0.5795802929706985,0.026059421414230254,97.29386077800001,-0.48715,0.3384724516937217,0.009191306278823691,98.66802817850001,9.758759999999999
134520,11.77,123.03,52.40768,-1.490284,False,1.24492,0.25690968927707797,0.5686422995951743,0.02612682742146679,97.80192063800001,-0.58275,0.28873194123423945,0.010184874406034581,98.915049872,9.79294
134621,11.77,123.03,52.40768,-1.490284,False,1.23705,0.2658861964157687,0.5287686430650812,0.02446784965350786,98.143075672,-0.64688,0.2573184486196114,0.010348209721709169,98.2616131205,9.81313
134720,11.77,123.03,52.40768,-1.490284,False,1.2013500000000001,0.3209361350452425,0.5031904459435701,0.020750799181396957,97.336735687,-0.62458,0.23907219644098027,0.01284406045177771,98.632826916,9.77614
134820,11.77,123.03,52.40768,-1.490284,False,1.13904,0.26214859738535984,0.5050764034612356,0.022207708871770884,95.72736002600001,-0.63484,0.23792454079206432,0.012828306374750926,98.03534913450001,9.702499999999999
134920,11.77,123.03,52.40768,-1.490284,False,1.0635299999999999,0.2663822443615782,0.4667627378491676,0.018094701495803132,94.5033116,-0.64219,0.24036401306722555,0.012776754065273179,97.2508826685,9.649469999999999
135021,11.77,123.03,52.40768,-1.490284,False,1.06919,0.2723391164216661,0.48423691905696636,0.011344215363885688,94.923280361,-0.6658499999999999,0.243965959601843,0.013002717664653673,97.446671905,9.66966
135121,11.77,123.03,52.40768,-1.490284,False,0.9936400000000001,0.2490131776968182,0.46112012221450605,0.010189297217069274,93.017410362,-0.70337,0.1495507201216117,0.015706902233661686,96.4536950095,9.580340000000001
135221,11.77,123.03,52.40768,-1.490284,False,0.9655800000000001,0.23833064707110968,0.44358878905782617,0.010105026252096201,92.58398963,-0.7192700000000001,0.13503423475385545,0.01752712500985654,96.20675324999999,9.56156
135321,11.77,123.03,52.40768,-1.490284,False,0.9016299999999999,0.22661034128604615,0.37591378503292794,0.01012831015849458,94.774711849,-0.74184,0.13568175346090594,0.015304102572695398,96.32961015400001,9.68444
135420,11.77,123.03,52.40768,-1.490284,False,0.8658300000000001,0.23608927242794434,0.39630186081937124,0.010368735056247918,93.658046249,-0.73881,0.1327183605317141,0.013860739919323822,95.4759535135,9.628960000000001
135522,11.77,123.03,52.40768,-1.490284,False,0.8859499999999999,0.2542451059290806,0.40348383156371964,0.010774873033539037,93.945618678,-0.71987,0.12587257268984114,0.013996860759153714,95.873769658,9.64137
135621,11.77,123.03,52.40768,-1.490284,False,0.8900599999999999,0.2554250540221588,0.3176748680298456,0.011017259187293264,95.60725550000001,-0.61925,0.30950657594881426,0.011112880414687118,96.87516558600001,9.72962
135720,11.77,123.03,52.40768,-1.490284,False,0.9353,0.24477684167874772,0.3226929527860495,0.010750999953492596,95.810566136,-0.63478,0.31817366257369445,0.013957650232042155,96.57365091150001,9.73592
135821,11.77,123.03,52.40768,-1.490284,False,0.9335000000000001,0.24344301637595342,0.30615655563054106,0.01031719169369467,96.093265187,-0.66606,0.33550469511535624,0.015440714577593016,95.9103126065,9.75111
135920,11.77,123.03,52.40768,-1.490284,False,0.95564,0.23062909231539444,0.31895066424483537,0.012358083274610996,96.74450331199999,-0.67467,0.33889177246496877,0.016082219305114703,95.62390745600001,9.78222
136023,11.77,123.03,52.40768,-1.490284,False,0.9284600000000001,0.1917551517488454,0.2945678258058767,0.012537162535615556,95.95228250800001,-0.60441,0.3791904342733978,0.018058205275658018,95.43778143450001,9.74572
136120,11.77,123.03,52.40768,-1.490284,False,0.95494,0.17853341548417467,0.24767808161222,0.015767984441054324,97.088930499,-0.60843,0.377304324709442,0.025616073512977153,95.05317043049999,9.802710000000001
136221,11.77,123.03,52.40768,-1.490284,False,0.9710699999999999,0.1825483744107312,0.25737750247015617,0.016607230687598368,97.457327876,-0.61518,0.37920473156917234,0.02454583920387019,95.02065875299999,9.81961
136321,11.77,123.03,52.40768,-1.490284,False,1.02925,0.1610797473303224,0.2541874655970794,0.017174169881281277,96.70340859199999,-0.59329,0.37056181505624847,0.024517939010719542,95.73906022050001,9.775609999999999
136420,11.77,123.03,52.40768,-1.490284,False,1.1620500000000002,0.30044325864739785,0.2621351127440329,0.01718138850940485,99.413967505,-0.6593500000000001,0.4665369897208381,0.02411817203318387,96.536006877,9.895480000000001
136521,11.77,123.03,52.40768,-1.490284,False,1.1535499999999999,0.30121870330745193,0.26211326304988886,0.017230412389467323,99.366593349,-0.6353,0.4717133946229111,0.02459744566684442,96.65610601350001,9.89406
136620,11.77,123.03,52.40768,-1.490284,False,1.0984500000000001,0.37819139261020324,0.2946947477192778,0.015085371869610717,98.62696565,-0.6846399999999999,0.3952818156426899,0.025009464874990093,97.117110575,9.859689999999999
136720,11.77,123.03,52.40768,-1.490284,False,0.99322,0.5066527471772186,0.41986177685837045,0.016195143304912885,96.420144697,-0.6151500000000001,0.42083448382681443,0.025052646788535957,96.11535541650001,9.74905
136820,11.77,123.03,52.40768,-1.490284,False,1.03164,0.5287411006868635,0.4121973750522927,0.01817106674542429,96.87755224200001,-0.60212,0.4105245230190318,0.025608470820761765,96.4854087145,9.76774
136920,11.77,123.03,52.40768,-1.490284,False,1.07182,0.5355341939492654,0.4648470129455957,0.017243385205154216,97.876930009,-0.5788,0.402509947427118,0.025536920983810135,97.31071666049999,9.812009999999999
137020,11.77,123.03,52.40768,-1.490284,False,1.0733799999999998,0.5355769159410153,0.4663255444905878,0.019062750180507595,97.730903305,-0.5855400000000001,0.394132730603964,0.021760844040003682,96.8415929065,9.80433
137121,11.77,123.03,52.40768,-1.490284,False,1.01261,0.5787149796459973,0.4733906627253577,0.016598396843604375,98.054789833,-0.6232599999999999,0.3995191392995713,0.01545552759802662,97.57186016600001,9.82478
137220,11.77,123.03,52.40768,-1.490284,False,0.98177,0.5826857091663283,0.46887058437151646,0.016127216471267105,97.723804249,-0.5551299999999999,0.4337581303752935,0.017884881883871353,97.5905660625,9.81104
137320,11.77,123.03,52.40768,-1.490284,False,1.0000399999999998,0.5942231084926494,0.4631818530555765,0.015310287028298548,98.101914605,-0.5758,0.4424542537558772,0.01653795634291097,97.4026615985,9.82807
137421,11.77,123.03,52.40768,-1.490284,False,0.91381,0.4900357253416442,0.4104977819672132,0.015301782757429066,96.18013191,-0.50303,0.3140643460255363,0.016296911772890048,97.7970497075,9.74563
137521,11.77,123.03,52.40768,-1.490284,False,0.8613,0.4970699995417593,0.4597583458247984,0.01563521665983551,97.13350205100001,-0.55162,0.33916093459530244,0.018071712087619318,98.25004770000001,9.796890000000001
137620,11.77,123.03,52.40768,-1.490284,False,0.9408,0.48261656738150976,0.44518646343102086,0.015442308405445308,98.06033120699999,-0.5180300000000001,0.3806880264001586,0.017799575525526384,98.3436484285,9.838049999999999
137720,11.77,123.03,52.40768,-1.490284,False,1.02576,0.36581608372392743,0.2999141990266068,0.014989700167485307,99.767737203,-0.60415,0.3898552644536505,0.019923311304433325,98.09394094999999,9.92543
137821,11.77,123.03,52.40768,-1.490284,False,0.9690799999999999,0.3311960775398436,0.3631494184369657,0.013480805284222045,98.794048123,-0.60087,0.387787662545143,0.019843431602870658,97.8358001825,9.881170000000001
137921,11.77,123.03,52.40768,-1.490284,False,0.98173,0.3486231905654016,0.3109798430409549,0.013480805284222045,96.891763788,-0.6328199999999999,0.4006209258416562,0.019176377250264786,97.3843468985,9.78425
138020,11.77,123.03,52.40768,-1.490284,False,0.9822900000000001,0.34882729394357936,0.31038179070299593,0.011051374977299739,97.268937219,-0.6633199999999999,0.3720901079637136,0.02053878715449884,97.499920262,9.80346
138120,11.77,123.03,52.40768,-1.490284,False,1.0184900000000001,0.29426419893996303,0.3097358675818275,0.011975665140423452,96.196054014,-0.69532,0.40191964868615676,0.025893973987955555,97.1254219235,9.746509999999999
138221,11.77,123.03,52.40768,-1.490284,False,1.0449199999999998,0.2816327427302766,0.3058251077912943,0.016529855144891893,95.992140221,-0.7317199999999999,0.351292988828419,0.024225376960718654,96.857972235,9.73369
138321,11.77,123.03,52.40768,-1.490284,False,1.0165899999999999,0.25285820993856156,0.3065597632508972,0.019615812782322047,95.706863973,-0.76631,0.3785329237111841,0.024242625453711027,96.904389289,9.722719999999999
138420,11.77,123.03,52.40768,-1.490284,False,1.05988,0.3036007531830805,0.31390668836455554,0.01935283212119376,95.570734943,-0.8084,0.40240265903694505,0.025335396845783995,95.8754334265,9.709570000000001
138521,11.77,123.03,52.40768,-1.490284,False,1.1221599999999998,0.25007840637154954,0.19767742073052277,0.02061237222856425,94.088367482,-0.8423299999999999,0.42663020169697774,0.02431631596731402,95.6109347665,9.63004
138621,11.77,123.03,52.40768,-1.490284,False,1.13835,0.2619596756500268,0.17888797239242496,0.02273201609086958,93.738502123,-0.95239,0.2981817434235624,0.024700942402175335,95.89941666499999,9.610000000000001
138720,11.77,123.03,52.40768,-1.490284,False,1.17965,0.24952489187787924,0.20885044090609933,0.022225950798309774,94.246880623,-1.00579,0.355628371727822,0.02208573194520807,97.007308913,9.6312
138820,11.77,123.03,52.40768,-1.490284,False,1.21392,0.230513710365929,0.16736973707601085,0.023097400046084987,94.85257629600001,-1.0774,0.3821905342161796,0.02296602321304779,96.8233122095,9.6595
138920,11.77,123.03,52.40768,-1.490284,False,1.1681300000000001,0.2214805386484344,0.16941011415432664,0.023350186770606785,94.702391472,-1.12673,0.3912171975599629,0.023555440513346494,95.79707763,9.65753
139021,11.77,123.03,52.40768,-1.490284,False,1.19581,0.2290752979068494,0.22049351817130275,0.02256619891194198,95.296152889,-1.1877,0.3193161094867941,0.021714316833729354,96.282545054,9.68376
139121,11.77,123.03,52.40768,-1.490284,False,1.23792,0.167454264402754,0.2102863856743989,0.021647748150789216,95.836532074,-1.22688,0.339484936010101,0.009207340067095138,96.016293044,9.70768
139220,11.77,123.03,52.40768,-1.490284,False,1.26667,0.15382349228183131,0.2602090785417675,0.021919549873723788,96.76147167399999,-1.3042399999999998,0.1925848280628686,0.00794987071872673,96.3768059475,9.75063
139321,8.21,115.32,52.407265,-1.488999,False,1.30818,0.16911253846674879,0.25804070393813566,0.01662635458140673,97.09637794199999,-1.25379,0.2764097660680287,0.007379107142618698,96.4016209575,9.762139999999999
139420,8.21,115.32,52.407265,-1.488999,False,1.28545,0.14711187164120593,0.2604645627421159,0.016227442462966455,98.23760576699999,-1.2757100000000001,0.28008175572302724,0.007218525549662841,96.90417035499999,9.82368
139521,8.21,115.32,52.407265,-1.488999,False,1.26147,0.18046972691655006,0.2531351332128004,0.01662758417676944,98.928062548,-1.2436099999999999,0.29961753935458024,0.008478626723186652,96.50821501499999,9.86153
139621,8.21,115.32,52.407265,-1.488999,False,1.20763,0.21757626019398507,0.2451531242577336,0.015570470627298117,99.28232795599999,-1.26832,0.2935620199473361,0.009059163562077263,96.5104150395,9.88571
139721,8.21,115.32,52.407265,-1.488999,False,1.22805,0.23564444143195593,0.26968079093623504,0.016031205680033973,99.88773584,-1.17583,0.333524078924186,0.009391988311559405,97.0673082315,9.91283
139821,8.21,115.32,52.407265,-1.488999,False,1.2402,0.23989847389631003,0.23571881766204356,0.01631291580994091,100.66210119499999,-1.1468900000000002,0.31192871140695655,0.00908637563730702,97.7573387455,9.950990000000001
139920,8.21,115.32,52.407265,-1.488999,False,1.2288299999999999,0.25467138324602784,0.21866667301827306,0.015322604942444354,100.79808909599998,-1.12525,0.29868768992229233,0.009117632489974936,97.750240284,9.95925
140020,8.21,115.32,52.407265,-1.488999,False,1.2647,0.29909056599409395,0.22325528586499363,0.014986571767196501,100.00905791599999,-1.1620599999999999,0.3153912603594391,0.01350508134822762,97.65260540249999,9.913839999999999
140121,8.21,115.32,52.407265,-1.488999,False,1.3282399999999999,0.3404914134991771,0.2218020699231953,0.014858073002019183,100.963900956,-1.09877,0.290087132695609,0.01476342703364638,98.40021651499998,9.95244
140221,8.21,115.32,52.407265,-1.488999,False,1.2963999999999998,0.35514027901348877,0.21304602423992003,0.011011009641868965,100.71457105599998,-1.04365,0.3200232222476706,0.016701580098236194,98.738021365,9.943819999999999
140321,8.21,115.32,52.407265,-1.488999,False,1.29423,0.3534911944526432,0.20636981072281252,0.012503599481749164,100.897784544,-1.0717400000000001,0.29557072926797784,0.01803738093823855,98.997081243,9.953489999999999
140420,8.21,115.32,52.407265,-1.488999,False,1.2901099999999999,0.3533858937321774,0.23676466421790363,0.013879481258317906,99.74854506899999,-1.0161000000000002,0.27516762567974157,0.020420526165819235,98.993075418,9.89552
140521,8.21,115.32,52.407265,-1.488999,False,1.2551299999999999,0.40456405906715154,0.2590919152647415,0.01322350180549759,98.81640724799999,-0.9738200000000001,0.3173415223033095,0.021635539178758035,98.872234898,9.85055
140621,8.21,115.32,52.407265,-1.488999,False,1.24312,0.4196940891225956,0.2939173597005322,0.012043573666759576,97.786544027,-1.01775,0.39143707100319425,0.028371873787648178,98.53443599149999,9.798210000000001
140720,8.21,115.32,52.407265,-1.488999,False,1.16907,0.43432741119012014,0.2542181687711035,0.013555564663020547,96.95809290099999,-1.02864,0.3810665185444134,0.025467061515263904,98.4229143705,9.765419999999999
140821,8.21,115.32,52.407265,-1.488999,False,1.20353,0.4646360655872993,0.2526161130164837,0.013644978726419564,96.44221148,-0.9801400000000001,0.38296946846685037,0.021919955393304446,98.5521563375,9.73355
140920,8.21,115.32,52.407265,-1.488999,False,1.2422,0.4514075591352511,0.2503301411247864,0.013884299686256263,97.14432611,-0.9478399999999999,0.3763038169706371,0.018621242350248216,98.971207603,9.76532
141021,8.21,115.32,52.407265,-1.488999,False,1.18841,0.4169319594103796,0.25280830352923994,0.014531226911570598,97.426338258,-0.9772400000000001,0.42808700361803886,0.017927821333831622,98.71769808699999,9.787749999999999
141120,8.21,115.32,52.407265,-1.488999,False,1.1381700000000001,0.3613895591248383,0.22537251163351796,0.014556312109261062,96.66300446599999,-1.03707,0.4602498960106151,0.01696816954706037,98.813452711,9.75727
141220,8.21,115.32,52.407265,-1.488999,False,1.1529500000000001,0.3585354445518609,0.1990531880344276,0.013505147166913733,95.56385667800001,-1.04856,0.4507522753994505,0.016831135170009164,98.139213867,9.69965
141321,8.21,115.32,52.407265,-1.488999,False,1.1153600000000001,0.33383949636514526,0.21252221870770727,0.014093402711907371,95.68986152699999,-1.02089,0.46525673068151163,0.0154841173106153,98.29382303549998,9.711070000000001
141420,8.21,115.32,52.407265,-1.488999,False,1.10525,0.3298162493470172,0.20297282823077925,0.012754384866912686,95.998906882,-0.9898899999999999,0.486995120783228,0.014477987122218268,97.8737259755,9.72843
141521,8.21,115.32,52.407265,-1.488999,False,1.1553099999999998,0.27836652277168783,0.20949661386815738,0.012401169299707106,95.97740348199999,-0.99803,0.47883571539029696,0.01183921919347376,97.396905365,9.722829999999998
141621,8.21,115.32,52.407265,-1.488999,False,1.17895,0.24556606375203255,0.17582412298152528,0.012829224450448982,96.641798485,-0.8736900000000001,0.41853419732841085,0.008863038104648509,97.21417125599999,9.755500000000001
141720,8.21,115.32,52.407265,-1.488999,False,1.17707,0.24917610929710957,0.17596706257453812,0.011325664071773657,96.641753421,-0.8903800000000001,0.4162244688199485,0.008459872602140716,96.799923161,9.75564
141820,8.21,115.32,52.407265,-1.488999,False,1.0726900000000001,0.2154156419060097,0.17778853981313808,0.008693522492829439,97.097480789,-0.86724,0.43115928791521974,0.007762273435591861,96.7698461345,9.791659999999998
141921,8.21,115.32,52.407265,-1.488999,False,1.0148300000000001,0.23204182597109577,0.1751145859779299,0.0086952349658367,96.65734460499999,-0.79227,0.49106387013866043,0.007278094988846482,96.9008353575,9.77504
142021,8.21,115.32,52.407265,-1.488999,False,0.9741500000000001,0.23225405270952798,0.16955497993931842,0.008326670669868148,96.141863212,-0.61511,0.4231954852993838,0.0063531619424245876,96.784100735,9.752870000000001
142120,8.21,115.32,52.407265,-1.488999,False,0.91687,0.21298813764568642,0.1741954397285485,0.008473776542303137,96.17478158,-0.50019,0.28242739263590205,0.007139942421181266,96.41889302299998,9.76043
142220,8.21,115.32,52.407265,-1.488999,False,0.85566,0.2240115483134245,0.2246631327615179,0.009253107586103062,97.61075811100001,-0.41936,0.31333847584432895,0.006736509152043212,96.5873073945,9.83809
142321,8.21,115.32,52.407265,-1.488999,False,0.7802399999999999,0.23995981700646787,0.22072194398281667,0.009132244460639835,97.00902943899999,-0.3465,0.3301783019992586,0.006470522905196553,96.349445483,9.813489999999998
142421,8.21,115.32,52.407265,-1.488999,False,0.71326,0.20772637022989765,0.22076629900819528,0.009197487579647815,96.894454859,-0.25881,0.38246201394532425,0.007583380952231911,96.44668087049999,9.81341
142520,8.21,115.32,52.407265,-1.488999,False,0.63693,0.18955730326796089,0.20727623785126864,0.009939707127364257,96.95445943,-0.19205999999999998,0.3746615812229039,0.007625170307752435,96.46593145599999,9.82231
142621,8.21,115.32,52.407265,-1.488999,False,0.5885100000000001,0.15750645454146187,0.23463727775250778,0.009241692966599081,97.829396146,-0.1692,0.35978569238429503,0.007705582392006931,97.23559731549999,9.869710000000001
142721,8.21,115.32,52.407265,-1.488999,False,0.55443,0.15769146422329966,0.24390052526023395,0.009195173854920866,98.117889049,-0.08387,0.2472286663080282,0.007849140080289535,97.379821235,9.88608
142821,8.21,115.32,52.407265,-1.488999,False,0.51596,0.17243770662667113,0.264676311537104,0.009797074393239274,97.262132131,-0.02899999999999999,0.19600050453450257,0.007195863009010958,97.17980646,9.84409
142920,8.21,115.32,52.407265,-1.488999,False,0.48599000000000003,0.16335895343281873,0.2613939005069151,0.011566618635827182,97.481555488,-0.02381999999999999,0.1939046776124851,0.0061303978482465365,97.0694500465,9.85697
143020,8.21,115.32,52.407265,-1.488999,False,0.43733000000000005,0.13225161246653694,0.2587023042460539,0.011516466471969515,98.065487653,0.03126000000000001,0.2717562437185237,0.006111819150902719,97.10367543250001,9.8893
143121,8.21,115.32,52.407265,-1.488999,False,0.365,0.15273349337980494,0.2800325475130767,0.0117491559980564,97.353508225,0.15337,0.33694678462135236,0.005873528184434047,96.7641449025,9.85539
143222,8.21,115.32,52.407265,-1.488999,False,0.25712999999999997,0.3107842197123608,0.23280605208818803,0.014095945043403961,96.19224117799999,0.28618,0.5084242821371415,0.006919128076090272,96.90149964449999,9.79747
143321,8.21,115.32,52.407265,-1.488999,False,0.17494,0.3723534706580693,0.3036481231074268,0.014585460797200227,97.585401296,0.49422,0.7624480963026637,0.007525039682435521,97.2972153675,9.86646
143420,8.21,115.32,52.407265,-1.488999,False,0.09069999999999999,0.38355220128570444,0.3233614195705182,0.015033994811759049,98.724678023,0.6616,0.8940298292314164,0.00815431719329674,97.809566441,9.92421
143521,8.21,115.32,52.407265,-1.488999,False,0.014449999999999996,0.4045839763125662,0.39264747604491224,0.014795904087881073,97.957204793,0.8424799999999999,0.9423721343267505,0.007849196703414597,97.45583211149999,9.882859999999999
143621,8.21,115.32,52.407265,-1.488999,False,-0.10961000000000001,0.436925852977365,0.44866914920066014,0.015528096399036679,95.83372979399999,1.0721,0.9175184914878943,0.01165962168244674,96.83156297,9.77081
143720,8.21,115.32,52.407265,-1.488999,False,-0.16546,0.39851088985538546,0.4368818656748712,0.016382039623386958,95.374753377,1.2633199999999998,0.8522552744858125,0.01367197051553947,96.746321213,9.748470000000001
143821,8.21,115.32,52.407265,-1.488999,False,-0.22984,0.3683533665743594,0.43516012902021245,0.016555912002128432,96.205722201,1.51895,0.8247204095260933,0.014038360144815978,96.733927166,9.790830000000001
143921,8.21,115.32,52.407265,-1.488999,False,-0.25336,0.3293303751554018,0.4921556619155749,0.016940169223869383,94.67749390200001,1.7203400000000002,0.6115257025578618,0.01931487624719467,96.079524695,9.7107
144021,8.21,115.32,52.407265,-1.488999,False,-0.27107000000000003,0.29947176476069753,0.4807023150211264,0.017340770840228857,93.89562460599998,1.8275499999999998,0.4648699895908742,0.022973569354562372,95.9805561295,9.671270000000002
144120,8.21,115.32,52.407265,-1.488999,False,-0.28498,0.2883404731293234,0.4799538500962617,0.017065156183157352,94.359099554,1.9963799999999998,0.3661244317927341,0.028733225057800554,95.8563038895,9.695139999999999
144221,8.21,115.32,52.407265,-1.488999,False,-0.2152,0.3053416410805698,0.4808650844513946,0.013061738016052765,94.462282375,2.04927,0.2983081592730671,0.027738813561105524,95.3272617765,9.70175
144320,8.21,115.32,52.407265,-1.488999,False,-0.16194,0.31103878714898076,0.43955570105884995,0.009988348767995094,93.852371339,2.01412,0.30844548518876097,0.025623255496174075,95.71888631750001,9.67291
144421,8.21,115.32,52.407265,-1.488999,False,-0.13908,0.30536960410477826,0.4058987450365263,0.01028863450609448,93.31171862699999,2.0275499999999997,0.31071649189145095,0.024183706636218084,96.018198325,9.64677
144520,8.21,115.32,52.407265,-1.488999,False,-0.032299999999999995,0.37291916907912465,0.38004755389585926,0.01119452247008917,93.778442731,2.0720099999999997,0.3185387799520334,0.0209990581799383,95.867823762,9.67069
144621,8.21,115.32,52.407265,-1.488999,False,0.10274000000000001,0.3179173659232127,0.32813051620760414,0.011419593298848655,94.496699619,2.04251,0.33752020334590843,0.019900150753197534,95.1652147065,9.71073
144720,8.21,115.32,52.407265,-1.488999,False,0.1303,0.3044435287901857,0.3240181099191191,0.011384668052546138,94.164642768,1.9722199999999996,0.4394136896668829,0.019195497157174606,94.7696980725,9.6938
144820,8.21,115.32,52.407265,-1.488999,False,0.22561,0.2830637087692819,0.37263081535959536,0.011495139069285775,94.90472967000001,1.83995,0.432480810749638,0.018386468454333674,95.5552259355,9.72917
144920,8.21,115.32,52.407265,-1.488999,False,0.31769,0.38966000692911607,0.2879783265378732,0.010564805303984978,96.301067542,1.7695899999999998,0.46960230088873905,0.01931265848550535,95.48928072199999,9.79739
145021,8.21,115.32,52.407265,-1.488999,False,0.35090000000000005,0.3856674474207006,0.3145730305597591,0.010203599582717975,97.596422458,1.7146700000000004,0.5153649150521062,0.01945892825642957,95.74602353200001,9.86156
145121,8.21,115.32,52.407265,-1.488999,False,0.4378,0.3609002509158315,0.3252501158937309,0.012657523015538503,97.274380559,1.59388,0.43665114425336893,0.017596577950145336,95.81674005650001,9.842270000000001
145220,8.21,115.32,52.407265,-1.488999,False,0.44276,0.35703784175412484,0.3719844783201445,0.012616660061645045,96.29095259099999,1.5534,0.4232759199912549,0.017881411825940184,95.376617483,9.79059
145321,8.21,115.32,52.407265,-1.488999,False,0.49356999999999995,0.3397450679880745,0.41134284011163813,0.011956165308696887,96.92608972000001,1.52219,0.4163908886024165,0.015451702531148302,95.3892305295,9.81969
145420,8.21,115.32,52.407265,-1.488999,False,0.5672600000000001,0.2677866862510768,0.4121992296073448,0.0116706136180674,96.06757933000002,1.4509500000000002,0.356514074055989,0.01593919348301138,94.6896489785,9.77386
145521,8.21,115.32,52.407265,-1.488999,False,0.5418700000000001,0.27199031048917766,0.40179247116999095,0.011955756400625982,96.26326907200001,1.35166,0.1830766154130854,0.018087961005412313,95.02085590150001,9.785590000000001
145620,8.21,115.32,52.407265,-1.488999,False,0.56723,0.2877029951954685,0.4007874123383681,0.0124110210879058,97.618677976,1.3085200000000001,0.1297508706885788,0.018002518342350046,96.0576887975,9.852810000000002
145720,8.21,115.32,52.407265,-1.488999,False,0.63078,0.2441987842357567,0.42686768129401764,0.011944264081325498,97.06994562000001,1.32219,0.1177333942053439,0.017989737815394913,95.61729419400001,9.82112
145820,8.21,115.32,52.407265,-1.488999,False,0.6143500000000001,0.2522529693691532,0.39081717237376074,0.012117485070939533,96.15211083300001,1.28497,0.18005518937876286,0.018421391550766487,95.52842025150001,9.776500000000002
145921,8.21,115.32,52.407265,-1.488999,False,0.55682,0.19203695709130625,0.3911079113663292,0.012522109335979312,96.279000267,1.2746600000000001,0.18585111843145363,0.017098411232235912,96.2900339045,9.787650000000001
146020,8.21,115.32,52.407265,-1.488999,False,0.5167400000000001,0.24841134881929505,0.35370275797624373,0.011726304713004019,95.209077019,1.2417,0.24151391034242523,0.021481930391222263,96.40274973849999,9.73519
146120,8.21,115.32,52.407265,-1.488999,False,0.4337000000000001,0.3012291191472387,0.3520437928882033,0.008721881805104918,95.241305075,1.1845400000000001,0.28257578413193535,0.02653091278741309,96.25784281700001,9.73961
146221,8.21,115.32,52.407265,-1.488999,False,0.37292000000000003,0.39676535411023633,0.32041509466454127,0.011365449592710464,96.70109255,1.1843400000000002,0.28232900901843877,0.02627437281205117,96.4960225705,9.814680000000001
146321,8.21,115.32,52.407265,-1.488999,False,0.33211,0.3899717894355366,0.24530443308038782,0.014000829340514807,94.915074929,1.2031,0.30811299514590107,0.029820172143477895,95.9205823245,9.72696
146420,8.21,115.32,52.407265,-1.488999,False,0.23782,0.4220995611885357,0.24584878934463728,0.014759192992090586,94.87124611499999,1.20724,0.31164937634748774,0.03507918819534503,95.4694127225,9.72625
146520,8.21,115.32,52.407265,-1.488999,False,0.17602,0.44251341172393216,0.24911368332996495,0.01426381980941829,95.84791177499999,1.26601,0.38414361738518815,0.037317580009665285,96.05559042349999,9.77675
146621,8.21,115.32,52.407265,-1.488999,False,0.05537000000000001,0.40504199521640644,0.3743095504466235,0.01379277185904101,96.962344923,1.25191,0.38581454799481646,0.04028858261206124,97.2905114495,9.83288
146721,8.21,115.32,52.407265,-1.488999,False,-0.08664,0.3815788929638979,0.3380620529823821,0.014074204141699105,97.81135111500001,1.24457,0.385796368423666,0.03953971983264981,97.4406483675,9.87775
146820,8.21,115.32,52.407265,-1.488999,False,-0.20148000000000002,0.3813246642371218,0.3886704203649474,0.014823764704014905,96.69327888299999,1.2459,0.3844707242141824,0.03772274439173855,96.422694858,9.817630000000001
146920,8.21,115.32,52.407265,-1.488999,False,-0.25783999999999996,0.2973462000205563,0.4078643920880235,0.013962091533864048,95.84893929500001,1.27393,0.38575939550738386,0.02952228724954157,96.06396978100001,9.77513
147021,8.21,115.32,52.407265,-1.488999,False,-0.31577,0.2852472068224296,0.4225761055715298,0.017698587514262207,95.28016397600001,1.3225200000000001,0.34330129882914456,0.03171519789907955,95.2446204975,9.74405
147121,8.21,115.32,52.407265,-1.488999,False,-0.34274000000000004,0.2748565856345169,0.4604622146399348,0.023816896429962358,94.400336702,1.34491,0.3078569814053268,0.03365264394433888,94.8208208885,9.6966
147221,8.21,115.32,52.407265,-1.488999,False,-0.31965,0.279699879831536,0.44584305459806906,0.02641189967504122,93.718481645,1.30507,0.3117279085997914,0.02704061965101978,95.2097870975,9.662659999999999
147320,8.21,115.32,52.407265,-1.488999,False,-0.36275,0.21524043532756074,0.44976510177845236,0.024497129083493257,93.52860886200001,1.2269700000000001,0.3127894998592863,0.02670415906017486,94.22184189549999,9.65263
147421,8.21,115.32,52.407265,-1.488999,False,-0.35788000000000003,0.21708446282495175,0.44906182994228566,0.023559902376707714,93.88486520400001,1.19254,0.30256972823540174,0.023513894237710428,94.3780556595,9.671240000000001
147520,8.21,115.32,52.407265,-1.488999,False,-0.39088,0.2206395189745734,0.44636393235913946,0.025837227663457456,93.84556139700001,1.1111499999999999,0.16375394990995443,0.02297505894080238,94.84673658599999,9.66797
147621,8.21,115.32,52.407265,-1.488999,False,-0.38295999999999997,0.2229178981897397,0.30233467180887996,0.026123416485767836,92.502011814,1.05327,0.23591045876678837,0.028804569467746507,94.73217836849999,9.60356
147720,8.21,115.32,52.407265,-1.488999,False,-0.36558999999999997,0.20429854217133114,0.3490468742797286,0.025218591025934246,93.20352983100001,0.97332,0.3021616668091607,0.02869386500436813,95.507440473,9.63964
147820,8.21,115.32,52.407265,-1.488999,False,-0.34837999999999997,0.176751613539698,0.3753190626357511,0.022693993331569726,95.149512887,0.93193,0.3385087100471409,0.022000959575033008,95.921395885,9.740289999999998
147921,8.21,115.32,52.407265,-1.488999,False,-0.37487000000000004,0.14515662077753597,0.37517695099186793,0.023899067857229124,96.53934304399999,0.8677499999999998,0.2945160974661121,0.017199228018851893,96.1941411695,9.81087
148021,8.21,115.32,52.407265,-1.488999,False,-0.32099,0.18033453141930456,0.35027143585764364,0.022887087577448024,97.27290729199999,0.79137,0.2818411059444703,0.025851765467329212,96.276535634,9.85039
148121,8.21,115.32,52.407265,-1.488999,False,-0.35287,0.2143442094181902,0.2701977310949949,0.018147913868480192,99.33459296800001,0.74263,0.28734056468085645,0.03338529949277438,96.867464835,9.95505
148220,8.21,115.32,52.407265,-1.488999,False,-0.42468000000000006,0.2593742461300915,0.26388860107585255,0.010912093189566138,100.476448726,0.67672,0.2717599954208009,0.03261716657767158,97.0974651855,10.00864
148321,8.37,75.06,52.407234,-1.488254,False,-0.4744,0.2641565402896083,0.22935595334179285,0.009199402154487972,102.690912318,0.54464,0.4371223657817909,0.03441963909682345,98.10976059,10.117099999999999
148420,8.37,75.06,52.407234,-1.488254,False,-0.5328,0.27633025732103367,0.22134869550098812,0.010048416127264268,102.84449285299999,0.44904,0.40034986699136493,0.0418011908389651,98.36467902849999,10.121649999999999
148521,8.37,75.06,52.407234,-1.488254,False,-0.64893,0.46732690211932143,0.26457409800153064,0.010750240307391487,102.458496893,0.34539,0.3422433651657896,0.04345350132932679,98.152029145,10.0885
148621,8.37,75.06,52.407234,-1.488254,False,-0.74774,0.4870252405049313,0.2815682739388087,0.011397217009233154,102.05398046,0.30161999999999994,0.33849336379512307,0.04834544216136415,97.277996137,10.060319999999999
148720,8.37,75.06,52.407234,-1.488254,False,-0.88092,0.5825109170173908,0.28688225246217297,0.01506314118045171,101.65349691899999,0.26768000000000003,0.3430801778658289,0.04627471711901084,97.428513375,10.02487
148820,8.37,75.06,52.407234,-1.488254,False,-1.00499,0.6330450421924504,0.27855810963681904,0.016724552809168458,101.016162619,0.22408999999999998,0.33900932943570883,0.03753593241445129,98.082837753,9.978760000000001
148920,8.37,75.06,52.407234,-1.488254,False,-1.18611,0.6735079368500393,0.2826920310946842,0.016079002871239596,101.58126597500001,0.08181000000000001,0.37872252654300387,0.02847798564973831,99.06030450950001,9.9847
149020,8.37,75.06,52.407234,-1.488254,False,-1.3872200000000001,0.5659835191946814,0.32420678397863956,0.018756581067276925,101.29764334500001,0.018750000000000003,0.3548200522017461,0.03316385080173948,99.2852753185,9.94939
149121,8.37,75.06,52.407234,-1.488254,False,-1.49824,0.5201380974745462,0.31895215332570975,0.018811001509164142,100.53928630499999,-0.05549,0.3202208073258984,0.03536367250913529,99.9369396365,9.89745
149220,8.37,75.06,52.407234,-1.488254,False,-1.63831,0.5241842094573627,0.2980223162784912,0.02131250285109132,100.21491486,-0.11979,0.2704503751974666,0.028060254611976133,100.34568179300001,9.85919
149320,8.37,75.06,52.407234,-1.488254,False,-1.82298,0.48915586427594937,0.1803878749928708,0.022045763009400796,99.328008205,-0.13326,0.2912304249978881,0.025179003598678456,101.0094602615,9.78571
149421,8.37,75.06,52.407234,-1.488254,False,-1.9215900000000001,0.34998519476622264,0.18044393065744885,0.02148838445920643,99.621140908,-0.14612,0.27924835143252663,0.03152682279513109,101.2328168805,9.78719
149521,8.37,75.06,52.407234,-1.488254,False,-1.8609099999999998,0.43155225369202055,0.1875592042825659,0.01921984217763848,100.17087850499999,-0.15992,0.2708686553376943,0.031185839022793625,101.314687699,9.823879999999999
149620,8.37,75.06,52.407234,-1.488254,False,-1.8721800000000002,0.4158230627990118,0.20530110028389145,0.019689929744245688,99.76644359400001,-0.23307000000000003,0.28214295450672566,0.031486476815011634,100.91021202700001,9.801419999999998
149720,8.37,75.06,52.407234,-1.488254,False,-1.8595599999999997,0.41930440864735313,0.23255635016055348,0.017986278720797697,100.35748107,-0.25702,0.2627248277401999,0.026602372492359874,101.0054889945,9.83324
149820,8.37,75.06,52.407234,-1.488254,False,-1.85609,0.42012266581717383,0.2821273739131145,0.016973561140131307,99.411607977,-0.24402,0.2824437438578716,0.025973381673467154,100.21388529800001,9.784479999999999
149921,8.37,75.06,52.407234,-1.488254,False,-1.91581,0.4988491921969512,0.24533962876886584,0.017846182287038874,98.65775949799999,-0.23674,0.2715865370579286,0.022652556882907893,100.1195127365,9.73187
150020,8.37,75.06,52.407234,-1.488254,False,-1.8381600000000002,0.5437404000685089,0.22741613570232316,0.015773127640247932,99.003925831,-0.20174000000000003,0.30584513583040274,0.022229722345445527,100.150784588,9.76281
150121,8.37,75.06,52.407234,-1.488254,False,-1.8661299999999996,0.5485037405929332,0.25028024647937785,0.014820784954470676,98.61135710100001,-0.20597000000000004,0.3068469001165198,0.02177018603503527,99.57532170300001,9.73662
150220,8.37,75.06,52.407234,-1.488254,False,-1.8309099999999998,0.5298079137238701,0.25277991503370195,0.015474049961862598,97.93267843200002,-0.17686000000000002,0.32061689218686185,0.018998175350983356,99.07379664599999,9.709290000000001
150321,8.37,75.06,52.407234,-1.488254,False,-1.77282,0.468353842492803,0.25810745910268706,0.017464961748852658,97.85067653000002,-0.17471,0.31764311367739884,0.019038677008192218,98.5893423675,9.71856
150420,8.37,75.06,52.407234,-1.488254,False,-1.7740099999999999,0.4685371263600925,0.27066511493808426,0.015838353590081327,97.155616299,-0.20127,0.30913124882484194,0.020710019046078484,98.3883786035,9.6822
150521,8.37,75.06,52.407234,-1.488254,False,-1.85822,0.4088230119637426,0.26900368213093656,0.01346006851559241,97.390098261,-0.24752999999999997,0.32193510060260055,0.02086779549662431,98.780488383,9.68099
150620,8.37,75.06,52.407234,-1.488254,False,-1.94058,0.38652477511509264,0.29159633894974,0.01440740935923048,97.221739776,-0.19024000000000002,0.30251267080901967,0.02171471595229682,98.49409168500001,9.65634
150721,8.37,75.06,52.407234,-1.488254,False,-2.0012,0.3919428614819534,0.2377323574479977,0.01359624539675886,96.20153877599999,-0.21395,0.30961004236513345,0.019795961990041213,98.279509923,9.59206
150821,8.37,75.06,52.407234,-1.488254,False,-2.01715,0.3838088188726771,0.23759763864334507,0.013791801107098933,96.262005094,-0.25719,0.27580237469770896,0.021409159514356384,97.8368065355,9.59217
150921,8.37,75.06,52.407234,-1.488254,False,-1.94598,0.29200540634263694,0.23732504784227576,0.013779050120462578,95.647564525,-0.20566999999999996,0.2571628841804477,0.020413788912835927,97.1526620115,9.57775
151021,8.37,75.06,52.407234,-1.488254,False,-2.04208,0.1484867206931894,0.2306672581880798,0.01382824806128535,95.282241406,-0.23668,0.21702022332801113,0.023735507859183862,97.1430836185,9.54172
151121,8.37,75.06,52.407234,-1.488254,False,-2.0924500000000004,0.22623632309795844,0.22950606406901464,0.01379294908438518,95.562234776,-0.26963,0.24875887499523613,0.026137295617991316,97.08679593849999,9.54413
151221,8.37,75.06,52.407234,-1.488254,False,-2.09251,0.2261885273149013,0.25036220450469315,0.012709419079302205,96.13238417599999,-0.28634000000000004,0.22672530712052325,0.03539891555150056,97.032531304,9.573469999999999
151320,8.37,75.06,52.407234,-1.488254,False,-2.08063,0.23530537156827483,0.2759540954176665,0.012537605654811176,96.39726845199999,-0.32588999999999996,0.30215924223275636,0.03580762798933027,97.12397249099999,9.58905
151421,8.37,75.06,52.407234,-1.488254,True,-2.14419,0.24977400652055087,0.2760219161991074,0.016465252975753308,96.670038717,-0.37197,0.3205552926823604,0.03655002811976486,96.912827508,9.588940000000001
151520,8.37,75.06,52.407234,-1.488254,True,-2.24432,0.3479078479520996,0.3118210970341165,0.018414140098184147,97.541508747,-0.43506999999999996,0.40661292281481576,0.03576084761610481,97.46580350400001,9.60771
151620,8.37,75.06,52.407234,-1.488254,True,-2.2066,0.3711929387498804,0.30456692477462083,0.01891625109675681,98.49169877099999,-0.4748,0.38098891497436094,0.03545515007254538,97.85671927349999,9.66515
151721,8.37,75.06,52.407234,-1.488254,True,-2.21368,0.37394965139410474,0.4263104080362102,0.018973141835529214,100.824117476,-0.51291,0.3919235652522155,0.029103739736788384,98.512828126,9.77928
151821,8.37,75.06,52.407234,-1.488254,True,-2.2253499999999997,0.36516864064580595,0.4105794692328821,0.01972845942062149,101.164959398,-0.60559,0.42951963465662846,0.030530583937350492,98.71348224599998,9.79495
151920,8.37,75.06,52.407234,-1.488254,True,-2.2222500000000003,0.3672501153467714,0.40631885686544594,0.01935620773234715,102.240125178,-0.70666,0.4052577100507331,0.03438167470551142,98.9438448515,9.85047
152020,8.37,75.06,52.407234,-1.488254,True,-2.19358,0.381942007814443,0.38120682764667535,0.017236382708935384,102.69637349300001,-0.8425,0.4069747357706183,0.03725591526485788,98.9893074495,9.880410000000001
152121,8.37,75.06,52.407234,-1.488254,True,-2.20505,0.39626938999175687,0.35079338584920894,0.01613326446266285,103.72081119500001,-0.8367700000000001,0.4108436173155157,0.037965816496188645,99.6415229855,9.93008
152220,8.37,75.06,52.407234,-1.488254,True,-2.21687,0.38886715826586904,0.3650089137419886,0.015799665959900615,104.588167159,-0.91163,0.31438824211122646,0.033912929360021736,100.3602756675,9.97084
152320,8.37,75.06,52.407234,-1.488254,True,-2.2047,0.40266507174076405,0.36925301006821937,0.015792417308456683,103.98483395299999,-0.86723,0.33763608630859787,0.0322191471712783,100.1910512025,9.942609999999998
152420,8.37,75.06,52.407234,-1.488254,True,-2.21423,0.4109446354978236,0.3250987364546952,0.013514309288881669,104.918456803,-0.93689,0.36779592001242656,0.03067005234933838,100.79424776,9.98842
152520,8.37,75.06,52.407234,-1.488254,True,-2.13081,0.31700684342419577,0.3185460387099071,0.01126749996918364,103.816379934,-0.95605,0.38557759919374146,0.028435746282921996,100.67894434050001,9.95461
152621,8.37,75.06,52.407234,-1.488254,True,-2.10251,0.35633317882752397,0.34720973552658196,0.013139934889065726,104.768162379,-0.9981099999999999,0.3416504758765549,0.02164880289223197,101.629930575,10.00624
152720,8.37,75.06,52.407234,-1.488254,True,-2.02031,0.3802183070289948,0.30402182012333595,0.015013952769932894,103.942459371,-1.00425,0.33791028477328905,0.01754902972943202,102.3832884235,9.98236
152821,8.37,75.06,52.407234,-1.488254,True,-2.00171,0.3843491134372434,0.2611121983192382,0.017371781076728304,104.458722,-1.00796,0.3401601884080316,0.019578414985217216,102.811840699,10.012870000000001
152920,8.37,75.06,52.407234,-1.488254,True,-1.97729,0.3930469026295229,0.2986375709413855,0.020455197655146452,105.18354469199998,-0.97622,0.34830395984607193,0.015660952858765963,103.711834935,10.052589999999999
153021,8.37,75.06,52.407234,-1.488254,True,-2.06762,0.4678891578141076,0.42350776511311045,0.02584186955741051,108.505475544,-0.9589699999999999,0.32528096590146083,0.01518021007027976,105.60092451850001,10.191759999999999
153121,8.37,75.06,52.407234,-1.488254,True,-1.9250900000000002,0.4729071519160272,0.4619319796006402,0.03839800920765436,109.829920455,-0.9541599999999999,0.3320796464036378,0.015634537977753715,106.775365825,10.282540000000001
153220,8.37,75.06,52.407234,-1.488254,True,-1.9703699999999997,0.506549043474015,0.547663106500897,0.03816910327011158,108.24501245500001,-0.9350099999999999,0.34541703120207307,0.02919763308519755,106.416589807,10.19126
153320,8.37,75.06,52.407234,-1.488254,True,-1.9751900000000002,0.5044026928512084,0.556836994301037,0.04495403702054402,108.073172871,-0.9208399999999999,0.36685726016169123,0.04059690190697424,106.029003412,10.181540000000002
153420,8.37,75.06,52.407234,-1.488254,True,-1.86727,0.47643846297291653,0.5613953346597821,0.045766139836734686,107.492648135,-0.88125,0.33041765573623866,0.03982024750188219,106.20555246899998,10.174380000000001
153521,8.37,75.06,52.407234,-1.488254,True,-1.78885,0.4936585982910274,0.5657505752930664,0.04593200288348949,107.094993516,-0.8625399999999999,0.3047950101662287,0.040469001854643694,105.45568672499999,10.16797
153620,8.37,75.06,52.407234,-1.488254,True,-1.79038,0.4928732805363483,0.6757237158122432,0.045367218953287776,104.272912791,-0.8529399999999999,0.30689246469879,0.04700930877082914,104.52053758500001,10.02187
153720,8.37,75.06,52.407234,-1.488254,True,-1.7990400000000002,0.4890060831250759,0.6757426170106771,0.04463437140938706,104.30120406200001,-0.81289,0.33298088517045227,0.05458751281708663,104.1218317165,10.021899999999999
153820,8.37,75.06,52.407234,-1.488254,True,-1.70893,0.5583929322419592,0.6748078878054395,0.04355511068366908,104.101694002,-0.74949,0.30848946479401473,0.05484315008377211,104.280208001,10.02451
153920,8.37,75.06,52.407234,-1.488254,True,-1.6879300000000002,0.5609207312782916,0.6570861895942957,0.04179254186521267,103.20411380199998,-0.6642,0.4087465582593905,0.04753903659099583,104.19382924700001,9.98415
154020,8.37,75.06,52.407234,-1.488254,True,-1.5887999999999998,0.4110989986203596,0.5433956528677353,0.04017038157094793,101.02541223,-0.55592,0.36704835830356375,0.048750554412802266,104.76544388699999,9.9037
154121,8.37,75.06,52.407234,-1.488254,True,-1.47086,0.6260744900657647,0.4449548771130247,0.02147335299595492,97.91412280199998,-0.5715600000000001,0.3684121912568512,0.04049688739753867,103.8720216285,9.75806
154221,8.37,75.06,52.407234,-1.488254,True,-1.2361499999999999,0.6365893727077457,0.42204782825330656,0.0255013637979531,98.041363151,-0.63391,0.42848636552923447,0.045127518089176206,103.143187803,9.79736
154320,8.37,75.06,52.407234,-1.488254,True,-1.12945,0.6218933692987688,0.42519138226868497,0.02209762179260217,97.62975927099998,-0.5550999999999999,0.5399651696586109,0.04612594955361091,102.851466071,9.78996
154420,8.37,75.06,52.407234,-1.488254,True,-1.0115399999999999,0.6555416067819186,0.4275690516032339,0.02277676447610585,97.061606317,-0.4738999999999999,0.5279002283681252,0.03266528738584791,102.27712722599999,9.77175
154521,8.37,75.06,52.407234,-1.488254,True,-0.8924300000000001,0.6961612872667415,0.5247087900286559,0.024976533430847037,95.047517632,-0.48395,0.5433511229194116,0.024650780920693637,101.07125557399999,9.67301
154621,8.37,75.06,52.407234,-1.488254,True,-0.71318,0.732315810441247,0.4691567565560808,0.02539322744355269,96.96104846,-0.40693999999999997,0.5559444880361574,0.024935160360869044,100.6169806255,9.7863
154720,8.37,75.06,52.407234,-1.488254,True,-0.56924,0.6684242302277456,0.42209397123810743,0.02703952662307529,95.766755445,-0.35767,0.5737347006916916,0.02733578037826835,100.03397975349999,9.74065
154820,8.37,75.06,52.407234,-1.488254,True,-0.4807,0.6724111837261474,0.4300503666884718,0.027101875703845008,96.050918521,-0.31827,0.5706184092719119,0.029244769712815092,100.0763062615,9.75943
154920,8.37,75.06,52.407234,-1.488254,True,-0.34373,0.5652510495346286,0.4363049826542108,0.027803494984144184,94.36018261000001,-0.30317000000000005,0.584711207064371,0.02266399248931189,98.782148206,9.68417
155021,8.37,75.06,52.407234,-1.488254,True,-0.143,0.26673117553071957,0.38683553855468594,0.02566029358106926,92.167119631,-0.26388,0.6050301311137838,0.02265121041651778,96.5962659305,9.58895
155120,8.37,75.06,52.407234,-1.488254,True,-0.17226000000000002,0.2760829674009035,0.4094372567588657,0.02631949847546487,93.50196867500001,-0.22282000000000002,0.5880403950599218,0.027667351397149726,95.70804573849999,9.656749999999999
155221,8.37,75.06,52.407234,-1.488254,True,-0.13267,0.30570896490325855,0.4275719999147694,0.02660991669785278,92.551476047,-0.04044,0.5079947051342665,0.028067436648187685,95.296419599,9.60652
155321,8.37,75.06,52.407234,-1.488254,True,-0.0636,0.2233730561688718,0.42999907183362834,0.023082857997512588,92.80440239400001,-0.12283,0.4923115365294686,0.025326676757039885,95.2170808325,9.62232
155420,8.37,75.06,52.407234,-1.488254,True,-0.0543,0.21336718481424294,0.4525276463009413,0.02154578845157442,93.640836234,-0.09090000000000001,0.4985142570122249,0.024460537379397806,95.3512212755,9.665020000000002
155521,8.37,75.06,52.407234,-1.488254,True,-0.03877,0.21135080395714873,0.3744403818440998,0.018340119955987135,96.43577742300002,0.10594,0.34652640816474717,0.024787595464040402,95.74164752749999,9.811620000000001
155620,8.37,75.06,52.407234,-1.488254,True,-0.057830000000000006,0.19289984188692258,0.4284196769005295,0.018565765986531882,97.30885701900002,0.10422000000000002,0.347039920214127,0.02906981060978753,97.1349527395,9.85428
155721,8.37,75.06,52.407234,-1.488254,True,-0.022259999999999995,0.19627045512647945,0.47407104542580036,0.017262383638677666,95.86138597300001,0.12423000000000002,0.3491747478778511,0.02875274866087731,95.81407070899999,9.778749999999999
155820,8.37,75.06,52.407234,-1.488254,True,-0.013169999999999998,0.19668503897235143,0.5040362398787542,0.021481332981606708,94.231456921,0.13869000000000004,0.33791029858365396,0.028857252121434335,95.141187721,9.6937
155921,8.37,75.06,52.407234,-1.488254,True,0.07974,0.30667921061301545,0.4869757626868561,0.023044645075736447,95.286418303,0.10937000000000001,0.3398934082914898,0.03317324222924292,94.82330045650001,9.74587
156021,8.37,75.06,52.407234,-1.488254,True,0.12271000000000001,0.3526103403349245,0.5051582607900671,0.023009418361473865,95.002671877,0.10594,0.33916385813743777,0.02410578768677815,93.58489575400002,9.728620000000001
156121,8.37,75.06,52.407234,-1.488254,True,0.23589000000000002,0.3542470934562804,0.5501751313092145,0.02400180780228387,95.868899841,0.13126000000000002,0.31755577357897086,0.028728771873043193,94.685434258,9.76872
156221,8.37,75.06,52.407234,-1.488254,True,0.20985,0.3632533191711939,0.5197781915821823,0.02305573199397007,96.742527745,0.03680000000000001,0.31507718631049597,0.02834897607400431,94.647001896,9.81512
156321,8.37,75.06,52.407234,-1.488254,True,0.22971,0.35358239476660785,0.5279695009078541,0.02301945071262797,96.29844656,0.12220000000000002,0.29632930255977197,0.02593122527850291,94.551424477,9.79195
156420,8.37,75.06,52.407234,-1.488254,True,0.27313,0.316393977502734,0.5198962230847404,0.02223454769297339,95.512387128,0.04967000000000001,0.3710051303928065,0.025317319500031802,94.576611681,9.75215
156521,8.37,75.06,52.407234,-1.488254,True,0.30469,0.3022446156123667,0.5255996500294796,0.022798023793497674,95.62448738399999,-0.012269999999999991,0.29454652547037874,0.025346584253767943,96.0301324035,9.75709
156620,8.37,75.06,52.407234,-1.488254,True,0.32972999999999997,0.28718628507178756,0.46156404262512346,0.02520065254887036,93.50896084000001,7.000000000000894e-05,0.29783783451179,0.03086183547504771,95.4089089295,9.65061
156720,8.37,75.06,52.407234,-1.488254,True,0.36885,0.28729372600180597,0.4347816679412548,0.025109626308117982,94.237616068,0.0005200000000000066,0.298256652342697,0.031402598972413834,95.0495010205,9.687990000000001
156820,8.37,75.06,52.407234,-1.488254,True,0.36974,0.2861588843826308,0.39606046802645434,0.01997471735302732,95.68317855299999,0.020080000000000008,0.30190685760126806,0.030403561560376106,94.95731773700001,9.76379
156920,8.37,75.06,52.407234,-1.488254,True,0.31325,0.253089449492556,0.4386177348595643,0.015075104569381109,94.33707117899999,0.07633000000000001,0.33893712642121715,0.029700289934986263,94.811744741,9.69578
157020,8.37,75.06,52.407234,-1.488254,True,0.26907,0.22838785748030685,0.4064748995940602,0.016861672514907805,94.927710899,0.08015,0.34014168371430964,0.029737781804746146,94.965191388,9.729320000000001
157120,8.37,75.06,52.407234,-1.488254,True,0.26971999999999996,0.22991221416493454,0.3090149654772263,0.016775249625564367,93.14550401599999,0.08057,0.3400246888095119,0.026308046931183583,94.5072019285,9.6405
157220,8.37,75.06,52.407234,-1.488254,True,0.30945,0.2077344151127175,0.3085259868399387,0.014698163150543586,93.11381688399999,0.15760000000000002,0.30980107596112677,0.03130307936573975,94.9281723145,9.63813
157320,11.95,139.22,52.40689,-1.487123,True,0.35746,0.22465954588122064,0.3143554350660373,0.013890320370675306,93.852672386,0.16113,0.3136310537700214,0.03212455101285933,95.075559473,9.67422
157421,11.95,139.22,52.40689,-1.487123,True,0.35509999999999997,0.22649366437055302,0.3164447996447787,0.015635788719757193,94.087377901,0.32132,0.2984069696832835,0.037921452445226544,94.7998825145,9.68633
157520,11.95,139.22,52.40689,-1.487123,True,0.38137,0.2371968945365402,0.3276891914943549,0.01593906800565473,94.21362943099999,0.41451000000000005,0.35446660538524294,0.038229563894394324,94.9190584075,9.69128
157620,11.95,139.22,52.40689,-1.487123,True,0.46479,0.3280200923724048,0.3193626195686948,0.014566842104206602,95.17780596399999,0.43922,0.3405120386189724,0.034140175095561186,94.343383402,9.735149999999999
157721,11.95,139.22,52.40689,-1.487123,True,0.42406999999999995,0.3418566335306217,0.3343060289614912,0.01405666706189224,94.813656304,0.49489,0.35185719467484006,0.03382627019870171,94.525636186,9.71741
157821,11.95,139.22,52.40689,-1.487123,True,0.43738,0.3277447136619205,0.3452183553765502,0.016817282776952918,95.077475374,0.58557,0.3718141831315493,0.027968839804325445,95.3803269635,9.73048
157920,11.95,139.22,52.40689,-1.487123,True,0.51691,0.35903795667496563,0.3470040584136657,0.018165608531875023,97.69915518399999,0.51807,0.4401690434114847,0.03375944476899953,96.0181131815,9.859390000000001
158021,11.95,139.22,52.40689,-1.487123,True,0.5940399999999999,0.3641513549794023,0.3612822805262133,0.020500593487343986,97.570442002,0.6005100000000001,0.44976409236151926,0.028022260992131395,96.2490764505,9.84788
158121,11.95,139.22,52.40689,-1.487123,True,0.57224,0.35985832459146905,0.35114480773606627,0.02074875096642359,97.92332489,0.6420999999999999,0.4047539609304549,0.030664835090232063,95.534414453,9.86754
158221,11.95,139.22,52.40689,-1.487123,True,0.67946,0.445252580502849,0.38204037308465966,0.021365259964094295,97.520313338,0.69722,0.4040633855666195,0.03208527526590515,95.31706511099999,9.8361
158320,11.95,139.22,52.40689,-1.487123,True,0.6997199999999999,0.4479648493154612,0.40218505469773735,0.020968346514581276,96.67829695399999,0.7091000000000001,0.3987241095739742,0.03417873933049955,95.26548466999999,9.79094
158421,11.95,139.22,52.40689,-1.487123,True,0.7413000000000001,0.41298719377509024,0.46374791236427276,0.02102448308256082,98.19665843,0.65442,0.3893432669965654,0.03822340760435813,96.14201816549999,9.86408
158520,11.95,139.22,52.40689,-1.487123,True,0.7851899999999999,0.4177777757239975,0.4827067589242057,0.023188428627706092,95.794039939,0.65059,0.38562077355869107,0.033345199554558766,95.00383468499999,9.73708
158621,11.95,139.22,52.40689,-1.487123,True,0.76353,0.40404689235560765,0.48025462008304654,0.022519248556636003,95.49502397799999,0.7045399999999999,0.38029641129577796,0.0337675978812038,95.336414971,9.724070000000001
158720,11.95,139.22,52.40689,-1.487123,True,0.8653000000000001,0.35418723548115033,0.46568284343173566,0.02261219189336185,96.31793592,0.7255800000000001,0.39234116049966666,0.02991715227089658,95.565796112,9.76018
158821,11.95,139.22,52.40689,-1.487123,True,0.9465300000000001,0.2594809008171722,0.4988784898817207,0.020514517894516596,97.09099581,0.6656299999999999,0.3802806304413783,0.023992535876346817,96.084235592,9.793389999999999
158920,11.95,139.22,52.40689,-1.487123,True,0.93112,0.26076282028779846,0.4485768043985833,0.019136747662837288,95.194431075,0.82717,0.3327549483729269,0.024252981489110214,96.4467931295,9.69975
159020,11.95,139.22,52.40689,-1.487123,True,0.9554199999999999,0.2749681225968689,0.44006131946455956,0.01677116904425891,95.523564302,0.84404,0.34746162122200597,0.023828976291715126,96.547003152,9.71434
159121,11.95,139.22,52.40689,-1.487123,True,0.9617699999999999,0.26481062436726377,0.44058917170332557,0.018744388790011488,95.57785689699999,0.90428,0.31516607191906176,0.0244020695843613,96.7505908935,9.71674
159220,11.95,139.22,52.40689,-1.487123,True,0.9410999999999999,0.2279213850821814,0.4408961541880107,0.017773400850084234,95.515607661,0.8885500000000001,0.31706608231653843,0.02483389484823804,96.51796049949999,9.71639
159321,11.95,139.22,52.40689,-1.487123,True,0.93758,0.22983934389047114,0.491259561286653,0.015987178890876468,97.649080293,0.91795,0.3005588692567417,0.023580662981915454,97.1636886235,9.82371
159421,11.95,139.22,52.40689,-1.487123,True,0.9950299999999999,0.2074912102556051,0.5274438510400884,0.01615768135181109,98.19653987299999,0.9537000000000001,0.25974134142343713,0.022677017244583167,98.19659915150001,9.844660000000001
159520,11.95,139.22,52.40689,-1.487123,True,1.0072699999999999,0.2128970698091821,0.5011762285973964,0.013645104942391833,98.561989698,1.02705,0.3525614690297938,0.025484278377942274,97.17801481849999,9.86309
159621,11.95,139.22,52.40689,-1.487123,True,1.0287,0.21173801422198413,0.5188368803819194,0.016416390860627253,99.753594818,1.06141,0.35695971901602797,0.025390033040108267,97.62430939800001,9.92032
159721,11.95,139.22,52.40689,-1.487123,True,1.04413,0.2271172386920765,0.6180946871906674,0.01844404149492903,102.423280232,1.0687000000000002,0.35674851085884246,0.023588229173796983,99.37060807600001,10.047030000000001
159821,11.95,139.22,52.40689,-1.487123,True,1.06822,0.23343760432096997,0.6098923793041933,0.019855883538918845,101.367171867,1.04333,0.4095070588185556,0.023252431175160314,99.2290838385,9.99211
159921,11.95,139.22,52.40689,-1.487123,True,1.1144500000000002,0.2294683626220556,0.5857330925145533,0.020800643686621212,102.589207214,1.0128300000000001,0.38571738084884216,0.03267972698104386,98.89181914449999,10.04943
160020,11.95,139.22,52.40689,-1.487123,True,1.1033199999999999,0.22723904105100537,0.5608813490094507,0.020365550978715598,103.33100516100001,1.03407,0.40187144448055856,0.031052874263101812,99.42728473150001,10.08881
160120,11.95,139.22,52.40689,-1.487123,True,1.18316,0.16248398348419416,0.6309364508411254,0.017977702238544693,102.24142795300001,1.0593299999999999,0.4084592242671116,0.03031551857822454,98.909642425,10.02295
160220,11.95,139.22,52.40689,-1.487123,True,1.2242000000000002,0.2208488824714583,0.6776496345621524,0.018425393106012912,101.734972673,1.1616199999999999,0.4568910417156385,0.0344059119596878,98.625290167,9.988949999999999
160320,11.95,139.22,52.40689,-1.487123,True,1.2067700000000001,0.2605282925561546,0.6533686375665372,0.017553714390090947,100.42130184800001,1.17403,0.45046049290328216,0.035437677689149016,99.0351910705,9.925709999999999
160421,11.95,139.22,52.40689,-1.487123,True,1.2222,0.2631255593818341,0.593359692672908,0.01831502419084147,99.07362226800001,1.17004,0.4540413153007128,0.034973774301451925,98.63508107050001,9.85904
160520,11.95,139.22,52.40689,-1.487123,True,1.26913,0.2886209742513199,0.576266304565671,0.022189627206322164,101.344763947,1.1363699999999999,0.4211928907546086,0.03066369732001252,99.95337682250002,9.967960000000001
160621,11.95,139.22,52.40689,-1.487123,True,1.2938699999999999,0.28449608491741446,0.5642504176141788,0.019545150009372812,100.86412312700001,1.09174,0.43054375232567044,0.030370396770539723,100.3088589725,9.94136
160720,11.95,139.22,52.40689,-1.487123,True,1.23614,0.3348804801716624,0.4491403096781433,0.01947219099696332,97.26928894800001,1.06936,0.4362954152100787,0.0286229142859743,99.84628459000001,9.7703
160820,11.95,139.22,52.40689,-1.487123,True,1.27408,0.35511408432909586,0.4587646184167991,0.01901806451187331,97.852155608,1.20335,0.33857489980472405,0.02831740925061253,99.6096637375,9.79418
160920,11.95,139.22,52.40689,-1.487123,True,1.20337,0.41389533043459015,0.44839009665444074,0.020646075763796897,96.92159620999999,1.20106,0.3390176665340958,0.020917679922337073,99.75540171200001,9.753890000000002
161020,11.95,139.22,52.40689,-1.487123,True,1.25396,0.4297117359346882,0.5171808198729378,0.026500197064256745,98.357924948,1.12811,0.3688215119358795,0.020924053144646952,100.8444650545,9.81726
161120,11.95,139.22,52.40689,-1.487123,True,1.35111,0.5573194704216916,0.4633773091840653,0.03745066235877689,100.34234836099999,1.09165,0.3714570268251488,0.027784490077899546,101.291888157,9.901720000000001
161220,11.95,139.22,52.40689,-1.487123,True,1.2582499999999999,0.5781785907293533,0.46082716982014266,0.035957079352410604,100.143400653,1.01169,0.2737352266942184,0.035477949333197055,100.93918666300002,9.90294
161321,11.95,139.22,52.40689,-1.487123,True,1.30308,0.5406645413028541,0.4870054806901265,0.042376656309812806,99.32594149399999,1.0487,0.2986168299194016,0.03697946727577355,99.87362167100001,9.856539999999999
161421,11.95,139.22,52.40689,-1.487123,True,1.3610099999999998,0.5740294852086368,0.484574769027213,0.043032499346424176,99.39593797,1.07452,0.28427362718182764,0.036398695031553074,99.234780119,9.85067
161520,11.95,139.22,52.40689,-1.487123,True,1.31053,0.5713822578235687,0.4520265547755153,0.04208045732746837,98.453289657,0.9731599999999998,0.3423411787481439,0.03874182494410927,99.89902680200001,9.811119999999999
161620,11.95,139.22,52.40689,-1.487123,True,1.30606,0.571107904184687,0.4561125031782786,0.04181911312094291,98.565954582,0.9651500000000001,0.34746604390453556,0.03722794649184946,99.71503885450001,9.8173
161720,11.95,139.22,52.40689,-1.487123,True,1.39771,0.541727431360913,0.4794454129512554,0.04147069112303555,98.474788377,1.0157599999999998,0.36805600479637396,0.037068824877217035,97.87203866249999,9.80052
161821,11.95,139.22,52.40689,-1.487123,True,1.2612299999999999,0.6443834263162845,0.5348646496492768,0.04124744975281634,99.27531175200001,0.8727199999999999,0.411845623180987,0.03779700311459166,98.56373368,9.851569999999999
161921,11.95,139.22,52.40689,-1.487123,True,1.37118,0.611513419131405,0.5384686017876161,0.03901826352990208,99.368590602,0.88534,0.4224632717763784,0.03714555304624118,98.145093406,9.84332
162021,11.95,139.22,52.40689,-1.487123,True,1.25,0.6775655802618362,0.49064366386298064,0.03658925920114927,96.69485082599999,0.84024,0.4694967901913732,0.036990931321068496,97.526387887,9.72124
162121,11.95,139.22,52.40689,-1.487123,True,1.10902,0.553563521999862,0.4926007867544595,0.024308288481274986,94.96591685,0.8433300000000001,0.4700607432378667,0.0392453380104639,97.6541326055,9.656179999999999
162221,11.95,139.22,52.40689,-1.487123,True,1.12013,0.546077540383336,0.462271488413465,0.026071985817049715,97.114179138,0.79844,0.47414255052908366,0.030529439344126098,98.6287898955,9.767230000000001
162320,11.95,139.22,52.40689,-1.487123,True,1.1876799999999998,0.5816632488915852,0.44771730862726794,0.023932441951831303,98.404106668,0.67232,0.46746933541737073,0.019162938767898596,98.865024081,9.823879999999999
162420,11.95,139.22,52.40689,-1.487123,True,1.08738,0.5270694447182063,0.48727223385792096,0.03116831724684535,99.01938753499999,0.61734,0.45080191806749914,0.020207372142089577,99.2076627525,9.86779
162520,11.95,139.22,52.40689,-1.487123,True,1.07795,0.5274552603460025,0.5086888094787305,0.034435117733693475,99.71783020899998,0.70951,0.4842982631258027,0.024435211387576844,99.08555993299998,9.90316
162620,11.95,139.22,52.40689,-1.487123,True,1.03331,0.5238062501218071,0.5049788454315022,0.03445444818887682,98.885873632,0.74909,0.5020525458333821,0.020455154199696055,98.725914107,9.86619
162720,11.95,139.22,52.40689,-1.487123,True,0.98132,0.479792195295702,0.43659259282666507,0.037630005757816866,100.459475745,0.65441,0.45838141190255577,0.02005386080866583,99.467132061,9.95579
162821,11.95,139.22,52.40689,-1.487123,True,1.0415,0.40991046176777346,0.38022531390391756,0.037821475381058275,98.867070886,0.69472,0.4226517999488499,0.020201716098721498,99.07119131900001,9.87426
162920,11.95,139.22,52.40689,-1.487123,True,0.99003,0.34575072282402497,0.368794180630153,0.037950056360666645,99.12137974,0.63834,0.3739637183827723,0.017111104256853187,99.244985171,9.895010000000001
163020,11.95,139.22,52.40689,-1.487123,True,0.9631700000000001,0.4033147848352066,0.322936395698388,0.03811223192391413,100.697107652,0.70945,0.3522821856599279,0.020382465230901283,98.695979239,9.97643
163120,11.95,139.22,52.40689,-1.487123,True,0.95508,0.4041535951150834,0.23638427871206064,0.036629255156682215,102.060725199,0.70838,0.351538484695808,0.022972082090127716,98.5133210245,10.047450000000001
163221,11.95,139.22,52.40689,-1.487123,True,0.9613799999999999,0.40259124238419147,0.24554398021988075,0.031548454795758185,102.327583504,0.70875,0.35136429101432975,0.021388078195314793,99.72088132100001,10.05998
163321,11.95,139.22,52.40689,-1.487123,True,0.82225,0.33021946994890417,0.24462818157812707,0.030352376806071963,102.36293872600001,0.71258,0.34446177920537996,0.019055244247538388,100.38352269699999,10.076450000000001
163421,11.95,139.22,52.40689,-1.487123,True,0.69564,0.4953101277650883,0.3167610001597759,0.024563679148965668,99.995223303,0.72665,0.33739712259196264,0.025947202803642343,99.507305419,9.95993
163520,11.95,139.22,52.40689,-1.487123,True,0.7264100000000001,0.5260345942362868,0.38530163148139074,0.018151097303836225,100.895324818,0.55969,0.4339665308395244,0.025890686871280152,100.3065775135,9.99925
163620,11.95,139.22,52.40689,-1.487123,True,0.6563100000000001,0.5507386019398567,0.4583278134213048,0.02308702377238487,103.12166575799999,0.46231999999999995,0.40066732612258954,0.03152525618893191,101.00376969499999,10.11083
163720,11.95,139.22,52.40689,-1.487123,True,0.53956,0.5628500929298245,0.5172232164807238,0.019402336629041984,101.67745605299999,0.48605,0.4053884645894915,0.03017179698548539,101.068465899,10.04293
163820,11.95,139.22,52.40689,-1.487123,True,0.5735,0.5929059284574586,0.5261130597758107,0.01739249199447208,101.506334705,0.4467,0.4200527400749194,0.030723753025957166,100.1867027955,10.03055
163920,11.95,139.22,52.40689,-1.487123,True,0.54841,0.569112061704704,0.5204936695100133,0.017513283847157526,101.810437467,0.37794,0.4311678100745091,0.030165802934228002,100.46590860350001,10.0486
164020,11.95,139.22,52.40689,-1.487123,True,0.64165,0.567484134384195,0.5624011245444734,0.01754017610452573,100.32212089100001,0.30116,0.3881981258183669,0.030081483784326176,100.5096142715,9.96674
164120,11.95,139.22,52.40689,-1.487123,True,0.64478,0.5690351693876234,0.5638193855797753,0.017475662441743815,99.79646764,0.21152,0.32717138152487124,0.032412214775708846,100.9285964195,9.93998
164220,11.95,139.22,52.40689,-1.487123,True,0.6362,0.5653996049992737,0.5514120823445525,0.01743808412004528,99.051957907,0.18185,0.30457979888510817,0.029488915054832438,100.6897707055,9.90383
164320,11.95,139.22,52.40689,-1.487123,True,0.66405,0.5575085395459589,0.6559871950816665,0.01873423485375245,96.413023382,0.16606,0.30957357481255776,0.02718721921949542,99.387981054,9.762429999999998
164421,11.95,139.22,52.40689,-1.487123,True,0.79935,0.43177537176947517,0.6505414527743625,0.019638216710168802,98.46087695899999,0.08485000000000001,0.27748149587956283,0.02958456053792644,99.228050131,9.86272
164521,11.95,139.22,52.40689,-1.487123,True,0.73015,0.3920046123594883,0.5957498449666422,0.018347630788621,97.33684932700001,0.14872000000000002,0.22372319106929067,0.029850146100517408,99.1160870725,9.8156
164620,11.95,139.22,52.40689,-1.487123,True,0.79877,0.3396369501230552,0.47535233961534207,0.013961709541934002,94.54638986,0.17574,0.23997050374300322,0.02749518139601942,98.83402780899999,9.674769999999999
164720,11.95,139.22,52.40689,-1.487123,True,0.8861300000000002,0.1710696677445314,0.49845609368662985,0.011973902176539231,96.47400907299999,0.11003,0.17123390792196053,0.0223536449923599,99.075732563,9.76928
164820,11.95,139.22,52.40689,-1.487123,True,0.8207800000000001,0.16824711191182024,0.5148410185031238,0.01136037949287874,97.51137463299999,0.10112000000000002,0.17232459552317675,0.021649328960604224,99.50885466899999,9.82719
164920,11.95,139.22,52.40689,-1.487123,True,0.76848,0.20689003950032525,0.5119193365278476,0.011442998829949246,97.11202743,0.12176000000000001,0.17210620235451446,0.02209082514428938,99.4612324485,9.810559999999999
165021,11.95,139.22,52.40689,-1.487123,True,0.69869,0.2179279720458148,0.5277698513556839,0.011750200943908143,96.75183464499999,0.14198,0.18845993267065114,0.023509005366738632,98.536977768,9.79644
165120,11.95,139.22,52.40689,-1.487123,True,0.56793,0.3954795290389754,0.5284987736767025,0.020485713178809324,96.865263805,0.09685000000000002,0.2595870663188061,0.021243759868096457,98.3308657225,9.80564
165221,11.95,139.22,52.40689,-1.487123,True,0.57355,0.3997396576384308,0.5459966569901731,0.0216226450227019,97.540107154,0.05457000000000001,0.2635936141951258,0.02199324138608675,98.2960325305,9.83865
165320,11.95,139.22,52.40689,-1.487123,True,0.5386,0.4078778439135379,0.42202757466518404,0.02407257775976635,98.704385066,-0.0336,0.395504830705158,0.022332937807443144,97.55870422400001,9.90476
165420,11.95,139.22,52.40689,-1.487123,True,0.44550999999999996,0.3983858722673567,0.4118654154507812,0.023799628848646587,97.175191817,0.02317000000000001,0.41311332330111716,0.019182309558549313,97.818034388,9.83266
165520,11.95,139.22,52.40689,-1.487123,True,0.40946,0.39595887328526136,0.39333650012849575,0.02503256545648749,95.68354849699999,0.013380000000000012,0.40837083854969647,0.018881548900683467,96.51019891199999,9.75887
165620,11.95,139.22,52.40689,-1.487123,True,0.38323999999999997,0.3709749802884289,0.3837680301953256,0.02576787189936762,96.700411073,-0.0728,0.403271852063433,0.02053265420954878,95.6234004665,9.81311
165721,11.95,139.22,52.40689,-1.487123,True,0.38025000000000003,0.3670215623396293,0.34408783503957685,0.02666229964242056,95.45711250100001,-0.11187999999999998,0.41339122390298133,0.020569675630781537,95.965560787,9.75114
165821,11.95,139.22,52.40689,-1.487123,True,0.33869,0.3712709865373868,0.3033973685156542,0.028287013117526363,94.526302742,-0.09246999999999998,0.4257950864754917,0.02166801021475389,96.0188386875,9.70591
165920,11.95,139.22,52.40689,-1.487123,True,0.32034,0.37197681588447884,0.30431748407068643,0.028178447240557566,94.55576001,-0.11857,0.41279086189821534,0.02125146792315536,95.83389371999999,9.708
166020,11.95,139.22,52.40689,-1.487123,True,0.28837,0.3823189594798793,0.25971708025807405,0.028211189663362647,95.135613675,-0.14903,0.383400895640298,0.020482103299113784,95.94372416,9.739619999999999
166121,11.95,139.22,52.40689,-1.487123,True,0.31479,0.3361680018152298,0.26068958893246835,0.026031862954634773,94.466070507,-0.08674,0.3843627574744178,0.026890165488520378,95.665667156,9.70588
166221,11.95,139.22,52.40689,-1.487123,True,0.22641999999999998,0.28644537117339886,0.21502916830566077,0.02647993160447691,93.937091581,-0.1012,0.390019828555769,0.027763773358661526,95.7385993675,9.68351
166321,12.22,104.54,52.406418,-1.485722,True,0.20072,0.2909331225174907,0.37725257086231057,0.026163335244404687,96.678917954,-0.058289999999999995,0.3111717191162822,0.025152735658594348,97.69165151,9.8201
166420,12.22,104.54,52.406418,-1.485722,True,0.22176999999999997,0.2875046745513687,0.3712674651335166,0.029055198425678542,96.86434173900001,-0.05995999999999999,0.3085231062839796,0.020899877724257183,97.01976677799999,9.82938
166520,12.22,104.54,52.406418,-1.485722,True,0.21057,0.28754232944424324,0.35978481300169796,0.027940303426332955,97.16026236,-0.04723,0.32047044949574466,0.01857180958095156,96.42190542850001,9.845049999999999
166620,12.22,104.54,52.406418,-1.485722,True,0.12739,0.2845633944210738,0.3596512143730368,0.0286397722678717,97.124820459,0.002640000000000006,0.29009421917715716,0.020023253148943602,96.912615766,9.844759999999999
166721,12.22,104.54,52.406418,-1.485722,True,0.10166,0.2209093941969049,0.38496871864261106,0.029999409253442858,96.537762399,-0.014139999999999986,0.3183499618693659,0.017296463993159986,95.99743744999999,9.81581
166820,12.22,104.54,52.406418,-1.485722,True,0.10929,0.22283423560026555,0.4296911790266736,0.028340900950157955,97.879495929,-0.03193999999999998,0.3075918731768592,0.018452669183617133,96.2028993355,9.88214
166920,12.22,104.54,52.406418,-1.485722,True,0.07966,0.22543777264099363,0.43303031764531125,0.028238185336722833,98.32472388400001,-0.022879999999999984,0.3083995056920741,0.018215222571611546,96.440241947,9.90474
167020,12.22,104.54,52.406418,-1.485722,True,0.11633,0.24618151410877306,0.4167199891213908,0.028303835625425548,98.768505231,-0.011819999999999989,0.313625040808649,0.01764067270070353,96.952059453,9.92694
167121,12.22,104.54,52.406418,-1.485722,True,0.15052,0.2312914121478197,0.4128501112187458,0.026555317525664916,100.37045654500001,-0.03174999999999999,0.3049592768806355,0.01706523757037524,97.418263526,10.00731
167221,12.22,104.54,52.406418,-1.485722,True,0.1983,0.2426913769470269,0.4356218594658001,0.025114086352748945,101.263611858,-0.020359999999999986,0.2957058793989657,0.017004185759199014,97.6003517195,10.049900000000001
167321,12.22,104.54,52.406418,-1.485722,True,0.20577,0.2383785926723369,0.3614943431246321,0.024721434694073292,99.39536391200001,0.006970000000000015,0.26290959176958323,0.020506410921682566,98.037140933,9.95913
167420,12.22,104.54,52.406418,-1.485722,True,0.16438,0.26013618142982,0.39232733781881485,0.02056237394422686,98.91279601,0.019560000000000015,0.2846007737945364,0.020337387573957144,97.88856887450001,9.9341
167520,12.22,104.54,52.406418,-1.485722,True,0.19218,0.27401715599169557,0.38416353303132417,0.021505926831664017,99.21734774900001,0.03657000000000001,0.30589719424089,0.02127423062977606,98.18880505450001,9.948870000000001
167620,12.22,104.54,52.406418,-1.485722,True,0.25869,0.23618835444995478,0.38892355718486793,0.020061726966761517,99.530572781,0.05023000000000002,0.31006640166978555,0.02088730608660601,98.32769662000001,9.9638
167720,12.22,104.54,52.406418,-1.485722,True,0.19785999999999998,0.2315133651049582,0.3385419962459892,0.01855466697805876,100.35440386500001,0.10778000000000001,0.22892996405985966,0.021826599470473117,98.446083132,10.008189999999999
167821,12.22,104.54,52.406418,-1.485722,True,0.22449,0.24588936739924228,0.31406963063767646,0.018382769710308066,99.905394879,0.13793000000000002,0.24119969619476833,0.020869821380271977,98.89244540400001,9.98558
167921,12.22,104.54,52.406418,-1.485722,True,0.21728,0.2563634867396932,0.3317795454481426,0.018291859148569577,99.048197993,0.14074000000000003,0.24012699047703828,0.024336403915853483,98.6864609385,9.941970000000001
168021,12.22,104.54,52.406418,-1.485722,True,0.17439,0.2580098380983852,0.33017545251644925,0.018362355815937904,99.84772899000001,0.13723000000000002,0.23990494900180706,0.024110046315454194,99.30811711049999,9.982949999999999
168120,12.22,104.54,52.406418,-1.485722,True,0.14325000000000002,0.27156306920410733,0.31239225360291656,0.017128874257619234,99.477342546,0.13724000000000003,0.2398985767175687,0.023009102063700593,99.9238995455,9.96507
168222,12.22,104.54,52.406418,-1.485722,True,0.15303,0.2857941529998264,0.31530171018318986,0.01780541740282677,97.338571597,0.17683,0.2110675987029421,0.024033596854773753,99.3010917275,9.85658
168321,12.22,104.54,52.406418,-1.485722,True,0.16612,0.2868241187750961,0.33376496737141775,0.015370100845472596,98.066815999,0.19947000000000004,0.17927714764205332,0.022150495354381072,98.73108995550001,9.89267
168420,12.22,104.54,52.406418,-1.485722,True,0.17862000000000003,0.2744682082379173,0.2975580697761138,0.01880447937179974,99.63692901200001,0.14142000000000002,0.1642548345305877,0.02293202515648783,99.27486251100001,9.97284
168520,12.22,104.54,52.406418,-1.485722,True,0.1432,0.25984143455405717,0.35318058034570926,0.013371678196014711,98.741444961,0.14842000000000002,0.1794559853186032,0.020871365285694703,98.97939635499999,9.92713
168620,12.22,104.54,52.406418,-1.485722,True,0.08102999999999999,0.25865972091189854,0.3484370890132089,0.01490898684984618,98.555665614,0.10755000000000003,0.21109109802800982,0.02018542928836463,99.0431191975,9.918650000000001
168721,12.22,104.54,52.406418,-1.485722,True,0.09297,0.2541583192071849,0.3507773445427211,0.014805663330856342,99.050911618,0.07162,0.25313282767047174,0.023859181787219113,99.70265774150002,9.94351
168822,12.22,104.54,52.406418,-1.485722,True,0.06109000000000001,0.22076346039243766,0.3908335680169875,0.014805663330856342,97.271212066,0.05117000000000001,0.2348757498953292,0.022358018695761317,98.58830347250002,9.85323
168921,12.22,104.54,52.406418,-1.485722,True,0.09163,0.2101870122322266,0.3830529671816502,0.01492552251086104,97.861215954,0.07638,0.25023223790889365,0.014770875998998508,98.45470697350001,9.88337
169020,12.22,104.54,52.406418,-1.485722,True,0.11454000000000002,0.20823597298364085,0.3718341416396416,0.01513922425724345,97.423789936,0.057190000000000005,0.2525760323370281,0.015230451952147674,98.635759463,9.8614
169121,12.22,104.54,52.406418,-1.485722,True,0.17904,0.23265422220778742,0.35636434289767244,0.01579625834739908,96.602721688,0.03726,0.2651657393656611,0.015826644201051558,98.040032117,9.81874
169221,12.22,104.54,52.406418,-1.485722,True,0.23098999999999997,0.35401499481738785,0.32134740304605647,0.019252139852205686,97.378733378,0.04945000000000001,0.2764096888879177,0.019604976692440202,97.3586524875,9.85493
169320,12.22,104.54,52.406418,-1.485722,True,0.31460999999999995,0.4448693926935809,0.2984124373711307,0.02221001025563818,96.52958789799999,0.07689000000000001,0.2902619255852354,0.02137070684631474,97.29820194850001,9.80675
169421,12.22,104.54,52.406418,-1.485722,True,0.38895,0.44581902220021496,0.2647574111857492,0.020470835623176416,95.857286206,0.11473,0.29222380711442497,0.022441184856816055,97.747107609,9.77057
169520,12.22,104.54,52.406418,-1.485722,True,0.33666,0.5115044589791525,0.29468892148237735,0.022007362404431782,95.582313148,0.08129,0.2584049769472627,0.023226395425129075,97.1618790545,9.754760000000001
169620,12.22,104.54,52.406418,-1.485722,True,0.37343,0.4814268469871618,0.28179513914268983,0.025729881029219224,94.539390615,0.07338000000000001,0.26937191885322964,0.024311414785834682,96.5475281145,9.70154
169720,12.22,104.54,52.406418,-1.485722,True,0.41423,0.46901317216754895,0.2931883924108352,0.025965198931561316,92.784227196,0.06454000000000001,0.285228439442267,0.022408282199024618,95.917569407,9.60923
169821,12.22,104.54,52.406418,-1.485722,True,0.43006,0.46139485187129436,0.33158518077729954,0.026614718150343424,94.635549183,0.08222000000000002,0.2967204363257401,0.02247586359730048,95.9533806245,9.703610000000001
169921,12.22,104.54,52.406418,-1.485722,True,0.46215,0.4517301216188469,0.37248735340202754,0.027013825678303606,95.34646818899999,0.07721000000000003,0.29260136875962195,0.024318582286894454,96.6038420715,9.737779999999999
170020,12.22,104.54,52.406418,-1.485722,True,0.50617,0.4449158648303951,0.38545561799569955,0.026708259230266367,95.709963178,0.14589000000000002,0.33515978428207055,0.02356625647922166,96.566876557,9.75407
170120,12.22,104.54,52.406418,-1.485722,True,0.46768,0.4577062250444546,0.3912356658361095,0.027200604568444548,96.119506372,0.18019000000000002,0.3126706980905765,0.024389715501051554,96.36111403,9.77622
170220,12.22,104.54,52.406418,-1.485722,True,0.42735,0.41321684985005186,0.4245541483590632,0.025230283831582625,97.218666903,0.20454,0.33429010754134486,0.022368154446295866,97.2987001405,9.83464
170320,12.22,104.54,52.406418,-1.485722,True,0.32144,0.3591094670616931,0.4275074289153096,0.022473196380478525,96.95223035000001,0.19686,0.33198475266193167,0.019029710688523375,96.740909124,9.82692
170421,12.22,104.54,52.406418,-1.485722,True,0.27262,0.3295773009983137,0.4301202136870838,0.0227589298713469,97.167332626,0.19942000000000001,0.3329537498746027,0.019222567755404662,96.512309416,9.840160000000001
170520,12.22,104.54,52.406418,-1.485722,True,0.35064,0.21441689506400588,0.3933921119923197,0.02113342797034535,97.654192062,0.16746000000000003,0.3497891307630985,0.01816714066659945,96.618252605,9.86664
170621,12.22,104.54,52.406418,-1.485722,True,0.35827,0.20869013206719256,0.42790101087881494,0.016830527819015784,97.14259336299999,0.20905,0.31181984203846425,0.018167947967047484,95.840991989,9.839220000000001
170720,12.22,104.54,52.406418,-1.485722,True,0.33653999999999995,0.20733848439474784,0.3557982932005766,0.018519242245117126,98.634391925,0.23074,0.2673503037007677,0.02070534015927105,95.70930956049999,9.91809
170821,12.22,104.54,52.406418,-1.485722,True,0.3124,0.22536091054129126,0.3438347542384591,0.018550965832897507,98.330203324,0.22505000000000003,0.2655552097859281,0.01974318729193581,96.4828762535,9.903559999999999
170921,12.22,104.54,52.406418,-1.485722,True,0.30981,0.22332459410761998,0.3188073589350021,0.018154632099457814,97.45568987800002,0.20519000000000004,0.2689996507639276,0.021677648498959843,96.4010790335,9.86019
171021,12.22,104.54,52.406418,-1.485722,True,0.31627,0.23464247531557905,0.36889179096917274,0.01959835877482255,98.243840858,0.20068000000000003,0.26135545314550607,0.0222339605108944,96.976902018,9.89807
171120,12.22,104.54,52.406418,-1.485722,True,0.38337,0.2769567517381251,0.4412723427141592,0.022768450393764853,99.73952161700001,0.16968999999999998,0.2861034018594668,0.022179923354241137,97.92951399450001,9.96736
171220,12.22,104.54,52.406418,-1.485722,True,0.29007,0.32035270510277647,0.42798262477711657,0.023986544839416344,98.614079917,0.12552,0.2486306309903725,0.020282529428057312,97.91637341,9.91326
171322,12.22,104.54,52.406418,-1.485722,True,0.23167,0.4140882435477299,0.45644608249192137,0.023875000872600284,98.102400581,0.16482,0.29721071761743495,0.02144720909064368,97.5273154655,9.88468
171420,12.22,104.54,52.406418,-1.485722,True,0.15272000000000002,0.4819423912092023,0.4980475162516584,0.03295049485381227,96.705838134,0.08830999999999997,0.3460836169033332,0.024125053828380014,96.93658538,9.81072
171521,12.22,104.54,52.406418,-1.485722,True,0.15392999999999998,0.48248083911292317,0.4942101331080413,0.038887415845117665,96.810216188,0.09455,0.3420852338558717,0.023754148175751673,97.23220412500001,9.81617
171620,12.22,104.54,52.406418,-1.485722,True,0.11709,0.4883843214564158,0.559250597377123,0.03830615848369261,96.062051503,0.10647999999999999,0.345306983550714,0.023826120120573783,96.60232243300001,9.77508
171720,12.22,104.54,52.406418,-1.485722,True,0.10200000000000001,0.48613372417245126,0.58090832361436,0.03745435147542194,96.742502712,0.12996999999999997,0.32930723935087275,0.023980883590430702,97.68844731850001,9.80896
171821,12.22,104.54,52.406418,-1.485722,True,0.15102,0.5055750275126767,0.6268600046616825,0.03822120412080763,97.786871817,0.08616,0.3369083066816776,0.024819759153635143,98.05853757050001,9.85801
171921,12.22,104.54,52.406418,-1.485722,True,0.13831000000000002,0.4985801227263047,0.6268327318972565,0.04031286532995526,97.85039675499999,0.10778999999999998,0.34293744635299783,0.021830244056252928,97.6530433165,9.861740000000001
172020,12.22,104.54,52.406418,-1.485722,True,0.07755999999999999,0.4569415868333466,0.6065452817208113,0.039958068299433845,97.350835867,0.08019999999999998,0.3097838422011276,0.026122480739776816,97.79733836250001,9.840010000000001
172120,12.22,104.54,52.406418,-1.485722,True,0.0477,0.4095730188596128,0.5451026121546124,0.03750529592233902,94.780526724,0.08752999999999998,0.3041132174043151,0.028132071456692546,97.2600241705,9.7139
172221,12.22,104.54,52.406418,-1.485722,True,0.06751,0.39794182559207647,0.5508585163179424,0.0364501547016988,94.16808164400001,0.08895,0.3043712690850578,0.028174961303335556,96.3910807805,9.68235
172321,12.22,104.54,52.406418,-1.485722,True,0.20754999999999998,0.3983599886479001,0.5483892194418148,0.03641941027040995,95.519836279,0.0196,0.23451306526030094,0.028168384562997226,96.81111843000001,9.75004
172420,12.22,104.54,52.406418,-1.485722,True,0.32999999999999996,0.3205274299234518,0.5749438635399337,0.029273744398540972,95.13518718600001,0.04279000000000001,0.1914237152961516,0.03138506368039158,95.92051266,9.72812
172520,12.22,104.54,52.406418,-1.485722,True,0.55168,0.777973044091718,0.6777786761833803,0.015394169170320379,94.092848737,0.305,0.8093718579518613,0.03692962676948341,95.45153246250001,9.634849999999998
172620,12.22,104.54,52.406418,-1.485722,True,0.74372,0.829425876133607,0.6401221957130112,0.013619353060177851,97.120809497,0.26788,0.8209252812122045,0.055230864961943675,96.5914305,9.776489999999999
172720,12.22,104.54,52.406418,-1.485722,True,0.78287,0.8045044244750936,0.6208429660102847,0.012275671513652896,96.567355145,0.14479000000000003,0.9438213784044824,0.05204991301092114,96.65492892850001,9.748079999999998
172821,12.22,104.54,52.406418,-1.485722,True,0.78825,0.8029420807256284,0.6090203755029756,0.017472149266761605,93.112641845,0.17764000000000005,0.9376147126263203,0.05640963373199468,95.449756831,9.5696
172920,12.22,104.54,52.406418,-1.485722,True,0.7160500000000001,0.8777244103678312,0.6476473972086335,0.018175184547435313,93.997204405,0.18332,0.9385452866596875,0.05375584826065194,95.92380058,9.613199999999999
173021,12.22,104.54,52.406418,-1.485722,True,0.74278,0.8607475585533525,0.6268527716564259,0.024362594278935033,91.65276937600001,0.15267000000000003,0.938989497101363,0.0557117392376948,94.50180262149999,9.49108
173121,12.22,104.54,52.406418,-1.485722,True,0.71448,0.8730161902533342,0.6686913778252189,0.027933263723063588,90.46699701499999,0.20086000000000004,0.9373335007112247,0.05549158494762979,92.62376186949999,9.42699
173221,12.22,104.54,52.406418,-1.485722,True,0.78071,0.8321783695685555,0.6713743156143815,0.035275323449182466,90.097173546,0.19043000000000004,0.9386023297672174,0.05587100321275799,92.132627595,9.40525
173320,12.22,104.54,52.406418,-1.485722,True,0.76189,0.832846510402061,0.6337940128043823,0.0412934606068429,88.63532568299999,0.22355,0.9350831564328641,0.054932695182377624,92.07758098100001,9.33108
173421,12.22,104.54,52.406418,-1.485722,True,0.7158300000000001,0.8507063405716982,0.6756290656368659,0.03987165659964479,90.83530679399999,0.19790000000000002,0.9516381058177779,0.05472070499870748,92.98524699,9.447790000000001
173520,12.22,104.54,52.406418,-1.485722,True,0.45711,0.5722237119829585,0.682171721294087,0.044137029049691724,93.89410311500001,-0.07574999999999997,0.47578374931381967,0.039661344180728884,93.993475926,9.64218
173620,12.22,104.54,52.406418,-1.485722,True,0.24735000000000001,0.37506577275044484,0.722219194489382,0.049138318381211736,94.269433547,-0.13230999999999998,0.514650281366984,0.026754748280549565,95.695121522,9.67534
173720,12.22,104.54,52.406418,-1.485722,True,0.21254000000000003,0.36598362501316517,0.7140034382892653,0.04979925925375015,93.775802903,0.04407000000000002,0.39584468910027465,0.02872811437521735,95.17157902400001,9.651489999999999
173820,12.22,104.54,52.406418,-1.485722,True,0.06097,0.4820426860997073,0.7032667033210113,0.046804996172061214,93.972412431,0.15202000000000004,0.5498679392969467,0.022941665153166497,93.542527138,9.65994
173921,12.22,104.54,52.406418,-1.485722,True,0.12350000000000001,0.4566121670642495,0.6681431800145874,0.04804031755839161,92.91506854100001,0.061610000000000054,0.5872653582495772,0.02293721866312509,93.45613647299999,9.607830000000002
174020,12.22,104.54,52.406418,-1.485722,True,0.11325000000000003,0.4516825538411279,0.68658147861545,0.0557124372709242,95.713813158,0.02355000000000005,0.6036270615574229,0.019611663196510063,93.68329126699999,9.75157
174120,12.22,104.54,52.406418,-1.485722,True,0.04569,0.4788476571706041,0.5959428262099526,0.05977099352249939,98.25495299,-0.0007499999999999562,0.5920746823201013,0.02136153344474888,94.3609750025,9.88569
174221,12.22,104.54,52.406418,-1.485722,True,-0.0014799999999999896,0.4391516336452954,0.5500523223597238,0.05472194765864564,99.60126371599999,0.061790000000000046,0.6288397825448986,0.02225441029948427,94.849218631,9.95768
174321,12.22,104.54,52.406418,-1.485722,True,-0.06214999999999998,0.3764940526312001,0.5044820293022134,0.04917104952216405,100.489929384,0.07759000000000005,0.6369480363420584,0.021589320919792532,94.56262753349999,10.00647
174420,12.22,104.54,52.406418,-1.485722,True,-0.08472999999999999,0.3646225447104296,0.500752176452797,0.049431011408718785,100.164599641,0.13473000000000007,0.6077764685035698,0.02198705679864134,95.4999532175,9.990599999999999
174521,12.22,104.54,52.406418,-1.485722,True,-0.06066999999999998,0.3772421151521164,0.4624234548068997,0.04838766601337804,98.944207385,0.15486000000000005,0.5990903126129404,0.02192873558699767,96.41915524999999,9.93076
174620,12.22,104.54,52.406418,-1.485722,True,-0.01246999999999999,0.3746308406655493,0.4015767922964509,0.045215405437625866,97.614890182,0.2572600000000001,0.5203929224900945,0.022892621324591134,95.9421618645,9.86627
174721,12.22,104.54,52.406418,-1.485722,True,-0.02271999999999999,0.37129490764679607,0.4406384924175342,0.04453089439429162,96.710329757,0.19840000000000005,0.5153833115049241,0.02221763313726815,95.24306633,9.818909999999999
174821,12.22,104.54,52.406418,-1.485722,True,0.06791000000000001,0.20158141145562797,0.301467263009866,0.04036335659426199,98.963955521,0.09297000000000005,0.362723111569515,0.02053314123286796,96.46818397599999,9.941880000000001
174921,12.22,104.54,52.406418,-1.485722,True,0.042490000000000014,0.1943332958833548,0.2988685926400757,0.03461547502362359,99.066354396,0.17334000000000005,0.28300996920015137,0.021345527764746627,95.9907114685,9.947370000000001
175020,12.22,104.54,52.406418,-1.485722,True,0.0032300000000000163,0.1840640169433771,0.2671696789183419,0.027793172622866246,97.073514641,0.20686000000000004,0.224174917815936,0.022025644144950982,96.3936638995,9.84778
175120,12.22,104.54,52.406418,-1.485722,True,0.04553000000000002,0.10657880808740532,0.2602212539359475,0.016789136699399056,96.902578946,0.19125000000000006,0.23412109520977842,0.02210777892256258,97.578765968,9.840190000000002
175220,12.22,104.54,52.406418,-1.485722,True,0.06435000000000002,0.13637007043743077,0.26551751166353715,0.014216613911586266,97.077870794,0.13624000000000006,0.16435841728775982,0.020413941314699938,98.339567255,9.84853
175320,12.35,92.82,52.406273,-1.484134,True,0.035180000000000024,0.1686158342373401,0.27342421680116186,0.00816009259206709,97.663660477,0.12950000000000003,0.1513384874305999,0.019387212280263837,99.0767949305,9.87773
175421,12.35,92.82,52.406273,-1.484134,True,0.020290000000000023,0.1793779959873646,0.2973547340953,0.007428092322767175,96.558435914,0.13685000000000005,0.15184892528798208,0.02008144804429124,98.36151777749998,9.820870000000001
175520,12.35,92.82,52.406273,-1.484134,True,0.008670000000000021,0.1682261378158666,0.29833964686056474,0.0081275184131168,96.595801333,0.15053000000000002,0.14528152019825208,0.01949701971527419,97.770004359,9.822940000000001
175621,12.35,92.82,52.406273,-1.484134,True,0.006700000000000021,0.16601835239916043,0.41514693529988117,0.008681045763936083,98.226992551,0.12709000000000004,0.13117081696103863,0.02022263857935269,97.92094136649999,9.901869999999999
175720,12.35,92.82,52.406273,-1.484134,True,-0.0015099999999999788,0.16619655999915883,0.35735253446545046,0.009704460600958337,99.7391942,0.14019000000000004,0.12017476579272945,0.021666166660897598,98.2247619785,9.979949999999999
175820,12.35,92.82,52.406273,-1.484134,True,-0.029509999999999974,0.18921653351531914,0.38882804768517054,0.00940532355164394,98.454178627,0.15181000000000006,0.13075358036314644,0.018097283405712563,98.70906707399999,9.91388
175921,12.35,92.82,52.406273,-1.484134,True,-0.07444999999999997,0.23485964721272798,0.39957641738887534,0.009621163015861172,98.04065338299999,0.13683000000000003,0.12719430499132528,0.014244078691785936,98.5535038895,9.891499999999999
176020,12.35,92.82,52.406273,-1.484134,True,-0.07361999999999998,0.2346604203714104,0.3962697420248482,0.010171534353828244,98.09704007399999,0.13171000000000005,0.13596125632777262,0.013856021555026023,97.5852773575,9.89448
176120,12.35,92.82,52.406273,-1.484134,True,-0.09579999999999997,0.23777880010164035,0.4049506065902047,0.010612466463760508,97.233301042,0.11208000000000004,0.16893189817860435,0.013843975825848554,97.067939994,9.850159999999999
176220,12.35,92.82,52.406273,-1.484134,True,-0.13692999999999994,0.18777504301098075,0.4136581687281806,0.01142504072445926,97.48818567999999,0.10118000000000005,0.1721299302529721,0.011947686898401502,97.283028237,9.863249999999999
176321,12.35,92.82,52.406273,-1.484134,True,-0.16487999999999997,0.22351230540322484,0.40709359884702145,0.012665881554615637,96.96898295,0.03440000000000005,0.18384033531543947,0.011800324854285973,97.3163217135,9.83604
176420,12.35,92.82,52.406273,-1.484134,True,-0.13032999999999997,0.2495538599180504,0.38723238228341034,0.012639220264276035,97.509050008,0.057550000000000046,0.215907244744908,0.011348524133120251,97.033742961,9.86413
176520,12.35,92.82,52.406273,-1.484134,True,-0.12245999999999997,0.25891773124981904,0.3876047340898794,0.01238119093176767,97.06743841900001,0.04503000000000004,0.21370471346126144,0.01128887849955834,96.831619876,9.84159
176620,12.35,92.82,52.406273,-1.484134,True,-0.14636,0.23960136894433193,0.28630140858115666,0.011654260069939013,96.129833299,0.03501000000000005,0.2133720769506323,0.012628279552039445,97.178412925,9.79709
176721,12.35,92.82,52.406273,-1.484134,True,-0.14625999999999997,0.23965010698469477,0.3805248546415814,0.011855842441598027,97.25249701499999,0.012320000000000043,0.21722635813057092,0.013242775808384143,98.4958456075,9.85135
176821,12.35,92.82,52.406273,-1.484134,True,-0.16029999999999997,0.252575687226177,0.4016171683193853,0.017124329670578753,99.330103735,-0.03260999999999996,0.1948388134387672,0.013976841957721508,98.89214118100001,9.954989999999999
176921,12.35,92.82,52.406273,-1.484134,True,-0.15452,0.2452431754628637,0.38911468475101374,0.01938497700110399,99.661641067,-0.05717999999999995,0.1921517791284452,0.013834935650174088,98.851147225,9.97233
177020,12.35,92.82,52.406273,-1.484134,True,-0.23969999999999997,0.3553587764499387,0.5506415304997495,0.023565426652902566,98.259653882,-0.006179999999999963,0.24237994874898375,0.012325150438568569,98.17834697800001,9.890179999999999
177120,12.35,92.82,52.406273,-1.484134,True,-0.26017999999999997,0.3603163973818283,0.5740167423032546,0.03531848902015294,97.757091826,0.04380000000000004,0.24790513418555868,0.012961841432965734,97.49519643400001,9.862860000000001
177220,12.35,92.82,52.406273,-1.484134,True,-0.36640999999999996,0.44979257058732364,0.5756867782628555,0.04052941867061227,96.507668299,0.03650000000000004,0.2501703641743271,0.019890838203667,96.9979269895,9.7925
177320,12.35,92.82,52.406273,-1.484134,True,-0.27422,0.5043236258153616,0.679936878197776,0.044096732053268695,94.36354874100002,0.07214000000000005,0.22157587213213295,0.026040654113648542,95.66626584549999,9.676950000000001
177421,12.35,92.82,52.406273,-1.484134,True,-0.28752999999999995,0.4924565227284284,0.7156974668112269,0.045424491680638994,92.906960771,0.022710000000000043,0.1905733772359494,0.026057903471564003,95.20800538950002,9.599219999999999
177521,12.35,92.82,52.406273,-1.484134,True,-0.27513,0.5070279721628314,0.7714181330510738,0.0458589334566099,94.47652161900001,-0.003699999999999959,0.20807133392181737,0.025277869108504394,95.771980019,9.67646
177621,12.35,92.82,52.406273,-1.484134,True,-0.28803,0.5029270370098956,0.7844909457731196,0.05060435203067461,94.762137171,0.01657000000000004,0.21772094295222125,0.02526369595552772,95.445985235,9.69008
177721,12.35,92.82,52.406273,-1.484134,True,-0.35361,0.5098026512506768,0.7875904417906578,0.053237250951649315,94.860223191,0.020470000000000044,0.21528470064855446,0.026901912364902674,96.056360103,9.69242
177821,12.35,92.82,52.406273,-1.484134,True,-0.34256999999999993,0.5092221956627113,0.83204434577331,0.053560956965975764,95.576655699,0.05096000000000004,0.2112073767651222,0.027310966458346055,97.453379717,9.726400000000002
177921,12.35,92.82,52.406273,-1.484134,True,-0.2942,0.5245623106722166,0.8317224748142338,0.05380111626268649,95.383096726,0.08287000000000003,0.20157610115179764,0.027602312705037615,97.5223688965,9.717319999999999
178020,12.35,92.82,52.406273,-1.484134,True,-0.16513999999999998,0.49721493720299226,0.7522892974854218,0.05334834059691493,96.992077738,0.06483000000000004,0.17474706832703413,0.029717149930637937,97.62586581000001,9.809840000000001
178121,12.35,92.82,52.406273,-1.484134,True,-0.11913999999999998,0.4912000095005407,0.7401319180464444,0.0475002701746702,97.344412977,0.04325000000000004,0.155713477972289,0.030272578350712287,97.5507524015,9.829550000000001
178221,12.35,92.82,52.406273,-1.484134,True,-0.0064099999999999826,0.33127077695846513,0.7431144348094819,0.0418311207914235,98.92266222,0.00619000000000004,0.21672616849636667,0.026199756148144505,97.7151652595,9.915989999999999
178321,12.35,92.82,52.406273,-1.484134,True,-0.04627999999999998,0.3001782981274046,0.5947530842477482,0.032253924825773744,101.646043977,0.01189000000000004,0.2190995027632776,0.019423696867486732,98.004796359,10.06203
178420,12.35,92.82,52.406273,-1.484134,True,-0.047449999999999985,0.29977303358818813,0.510393430926886,0.023622305842853922,102.51370712,0.02893000000000004,0.21748538673770426,0.01911232586578656,97.7103339455,10.109210000000001
178521,12.35,92.82,52.406273,-1.484134,True,-0.10253999999999999,0.27667863508248913,0.4922356522371367,0.026249520630543536,101.832925946,0.05050000000000003,0.19747081922261003,0.019927635752057506,98.1547237825,10.07648
178620,12.35,92.82,52.406273,-1.484134,True,-0.09614999999999999,0.27486857970875683,0.47715401252284817,0.023224807139493406,100.944242944,0.06880000000000004,0.21996050655617402,0.020101191230593844,97.8531900575,10.03305
178720,12.35,92.82,52.406273,-1.484134,True,-0.04991999999999998,0.18774692659120346,0.4277505229557053,0.020526202766220476,99.336954859,0.11178000000000003,0.22867003301701805,0.017234748491218817,97.098589025,9.95681
178820,12.35,92.82,52.406273,-1.484134,True,-0.035019999999999975,0.16919129081866846,0.317024206050922,0.016288523567223552,96.637261239,0.11041000000000004,0.22837324444378745,0.020134701940238295,96.10695846899999,9.824449999999999
178920,12.35,92.82,52.406273,-1.484134,True,-0.07067999999999998,0.18149532470255836,0.3251044406545796,0.011437190797277553,97.436547704,0.09034000000000005,0.23131544215158217,0.020065991129271776,96.409822215,9.86442
179020,12.35,92.82,52.406273,-1.484134,True,-0.14452999999999996,0.1538156331456523,0.3348958420165801,0.011336416247356585,97.25527765,0.07812000000000004,0.22596065439216967,0.016232696770544862,97.12367769400001,9.85455
179121,12.35,92.82,52.406273,-1.484134,True,-0.12284999999999997,0.19171199029330485,0.3678150635849422,0.01068144809158994,96.830484582,0.06066000000000005,0.2326769204999447,0.01933922036806184,97.0874487795,9.831610000000001
179221,12.35,92.82,52.406273,-1.484134,True,-0.15481999999999999,0.199914386120098,0.3326332408056765,0.012068917837891465,95.26921465999999,0.08570000000000003,0.1809540641525841,0.019055136373750666,97.09593844,9.752419999999999
179320,12.35,92.82,52.406273,-1.484134,True,-0.16413999999999998,0.19419785557803906,0.30990606462102227,0.011815550017761306,94.29747066799999,0.012360000000000038,0.2847317575855952,0.019305082807961112,97.9717573225,9.7031
179421,12.35,92.82,52.406273,-1.484134,True,-0.010699999999999977,0.5856885937841775,0.6441711202088444,0.015274248481240038,91.924726663,0.15626000000000004,0.5585807793964228,0.02291665090908578,97.2192168915,9.55209
179521,12.35,92.82,52.406273,-1.484134,True,0.15493000000000004,0.7296168157936658,0.626899068963001,0.01899393177950372,89.79604630899999,0.09699000000000005,0.609186317877292,0.060925292138997854,95.8144861275,9.43076
179621,12.35,92.82,52.406273,-1.484134,True,0.25817000000000007,0.7561678709122728,0.6012285758714887,0.024131206167763517,88.185907509,0.02054000000000005,0.6173604803246406,0.06168275105552434,94.5650752265,9.34234
179720,12.35,92.82,52.406273,-1.484134,True,0.26928,0.748911277640935,0.6204510424772691,0.02515004749277595,85.67695437900001,-0.05662999999999996,0.6203677369109427,0.06406749999458046,92.506954619,9.20615
179821,12.35,92.82,52.406273,-1.484134,True,0.22835000000000005,0.7857441034529694,0.6157550324601654,0.025912793922865322,85.51545297300001,-0.05973999999999996,0.6193004928501583,0.06443898061129019,91.076357106,9.196000000000002
179921,12.35,92.82,52.406273,-1.484134,True,0.29030000000000006,0.7648647186122377,0.6063122261307081,0.02533128281175049,85.399581398,-0.059489999999999946,0.6193142021623632,0.06493907914345577,91.418064551,9.190100000000001
180021,12.35,92.82,52.406273,-1.484134,True,0.34905,0.7257829462036155,0.6076057940803554,0.025320031595556843,85.424911704,-0.10782999999999995,0.6231822776862536,0.06524756700444863,91.340094677,9.19221
180121,12.35,92.82,52.406273,-1.484134,True,0.29808,0.7512361750253156,0.6481120688413347,0.024972874172678666,86.629100828,-0.07346999999999995,0.6332189757281653,0.06404089318552648,91.729792705,9.25496
180221,12.35,92.82,52.406273,-1.484134,True,0.29025000000000006,0.7590384256851997,0.6849433848461198,0.02485474244932381,87.523187351,-0.08435999999999996,0.6363001164719576,0.06359635646446711,91.3962010055,9.30044
180321,12.35,92.82,52.406273,-1.484134,True,0.23252,0.8119022229034449,0.7031977073025552,0.025418497201840962,88.081568802,-0.059009999999999965,0.6176215749865718,0.06436027415175374,91.189519735,9.3268
180420,12.35,92.82,52.406273,-1.484134,True,0.049060000000000055,0.6696007901893642,0.5073287197556402,0.024681133145245383,91.045158491,-0.19353999999999993,0.29764420669279407,0.06437767815356855,91.484942577,9.508289999999999
180521,12.35,92.82,52.406273,-1.484134,True,-0.09895999999999995,0.4672181484298532,0.477430923566732,0.02038587746455857,92.469095267,-0.10257999999999998,0.2923198963084491,0.025479499384581782,91.132570788,9.594669999999999
180620,12.35,92.82,52.406273,-1.484134,True,-0.24031999999999995,0.32554195769857336,0.47140997726678585,0.01463361806860404,92.516978182,-0.06740999999999998,0.2755774077580948,0.024807617557695928,90.3514428455,9.6002
180720,12.35,92.82,52.406273,-1.484134,True,-0.26042,0.3237002310094217,0.27863588366659975,0.012051574355429305,94.876292353,-0.06998999999999997,0.2793977350182673,0.021244879121541337,90.276623366,9.728530000000001
180820,12.35,92.82,52.406273,-1.484134,True,-0.24278999999999998,0.30899086448199536,0.2836054193573994,0.011174454995409899,96.326856236,-0.15120999999999998,0.3318945898591638,0.01586281465846788,90.9211546045,9.80355
180921,12.35,92.82,52.406273,-1.484134,True,-0.13180999999999993,0.6007208400469095,0.3463866344932444,0.011789755439928775,94.70608128399999,-0.10921999999999996,0.37323068469782156,0.016578382845675636,90.052831341,9.708549999999999
181021,12.35,92.82,52.406273,-1.484134,True,-0.2554199999999999,0.6569057192626635,0.6485184826458997,0.012900684736348821,92.09633402099999,-0.10493999999999996,0.37013925667691344,0.02107074063983336,88.7606228625,9.553230000000001
181121,12.35,92.82,52.406273,-1.484134,True,-0.41000999999999993,0.8204745543484757,0.9838291862242478,0.01348777635902627,96.738994318,-0.13875999999999997,0.3493470423518779,0.02806040310156354,91.684047573,9.75161
181220,12.35,92.82,52.406273,-1.484134,True,-0.30867999999999995,0.8792674600041896,1.0284318135448296,0.032076410508520246,98.24256877399999,-0.16843,0.3756965118283704,0.03162841373758049,92.8828780625,9.82342
181320,12.35,92.82,52.406273,-1.484134,True,-0.30132999999999993,0.876170530141756,1.045798549541075,0.03632674099215492,99.334594415,-0.11787999999999998,0.38092330461656543,0.03434991347231563,93.70808160850001,9.877680000000002
181420,12.35,92.82,52.406273,-1.484134,True,-0.3604299999999999,0.8928023808336417,1.0446316993190548,0.03754286439080885,99.711757718,-0.06299999999999997,0.46003716999584104,0.03525683700441051,95.3784581045,9.893550000000001
181520,12.35,92.82,52.406273,-1.484134,True,-0.3739099999999999,0.8888652309421122,1.0445452431560796,0.04030999462498927,99.96663829799999,-0.14389999999999997,0.46195779990048186,0.032614386736871774,96.2178667825,9.90625
181620,12.35,92.82,52.406273,-1.484134,True,-0.33810999999999997,0.8895858804959612,1.0197116485665008,0.040261942327711873,102.381731815,-0.18467999999999998,0.4688130966126698,0.035291522431818816,97.4493549985,10.03092
181720,12.35,92.82,52.406273,-1.484134,True,-0.3044299999999999,0.8965238610569388,1.020658622273976,0.0402457023240439,102.30257808399999,-0.16269999999999998,0.45998818825415305,0.0348813369392098,98.5894352185,10.02741
181821,12.35,92.82,52.406273,-1.484134,True,-0.27336999999999995,0.8981852779045322,1.02015458224068,0.04016690871296362,101.78844460799999,-0.09696999999999997,0.42085057799651965,0.03577615593287446,99.057650422,10.00255
181920,12.35,92.82,52.406273,-1.484134,True,-0.4604199999999999,0.6654960969916409,0.9691700518140866,0.0401843543351555,103.687456778,-0.12560999999999994,0.39267176694481143,0.03381122266020253,99.196769031,10.11096
182021,12.35,92.82,52.406273,-1.484134,True,-0.33479,0.6563839805242705,0.6168160202019359,0.03846596764240649,107.90990810600002,-0.11804999999999996,0.38906845227486675,0.025926811519266527,100.0031210635,10.34735
182121,12.35,92.82,52.406273,-1.484134,True,-0.19856999999999994,0.4124424755849768,0.30376161998804646,0.03880120988949811,103.425595409,-0.11998999999999996,0.3889719282930385,0.02548221384068185,100.0822948635,10.15628
182220,12.35,92.82,52.406273,-1.484134,True,-0.28526999999999997,0.3051796339862757,0.2624766486967926,0.028873024703961175,101.37045371299999,-0.03910999999999996,0.36322567961714636,0.023402801351785355,99.8065112435,10.056999999999999
182321,12.35,92.82,52.406273,-1.484134,True,-0.26371999999999995,0.28749588905272977,0.22998669550889528,0.02237947720568996,100.41026069300001,-0.03968999999999996,0.36290386988537654,0.02166425884056794,99.872427554,10.010929999999998
182420,12.35,92.82,52.406273,-1.484134,True,-0.17266999999999993,0.21644858794230995,0.3097790151417853,0.02163383152995935,99.29740771499999,-0.13714999999999997,0.2451413345172406,0.024102533292397418,99.5045827165,9.95686
182521,12.35,92.82,52.406273,-1.484134,True,-0.19399999999999995,0.2295954751780178,0.32839155761240985,0.016795068720708767,98.635760452,-0.09925999999999996,0.20591276038384207,0.024096890071358294,99.301199375,9.92238
182621,12.35,92.82,52.406273,-1.484134,True,-0.17841999999999994,0.23724974558000145,0.28707123564252884,0.016931722364314235,97.91714231099999,-0.06097999999999996,0.16789022074625667,0.018572084786941605,100.149437063,9.88739
182720,12.35,92.82,52.406273,-1.484134,True,-0.18059999999999993,0.2353913667821171,0.2975871833037501,0.01639506700877489,98.756164167,-0.01180999999999996,0.18363261299551342,0.017846381519326198,100.52937112549999,9.92945
182820,12.35,92.82,52.406273,-1.484134,True,-0.21633999999999992,0.24701960875831008,0.2978962132838921,0.017012547656884737,98.723938675,-0.02257999999999996,0.1883840038031185,0.018132953427393295,100.25619164150001,9.92685
182921,12.35,92.82,52.406273,-1.484134,True,-0.17505999999999994,0.242389920949233,0.30277965016749164,0.015085184048521728,98.804497811,0.032910000000000036,0.286527979824356,0.018045193265798353,101.2459772945,9.93169
183021,12.35,92.82,52.406273,-1.484134,True,-0.2053199999999999,0.20865312948633666,0.2853190892083165,0.015195891257544182,97.22163221000001,0.024740000000000033,0.29653503146996524,0.016640325851510793,102.565770158,9.85226
183121,12.35,92.82,52.406273,-1.484134,True,-0.19196999999999992,0.1953240387435932,0.2854740455219433,0.011833009385237028,96.667692845,0.03188000000000003,0.29374192679214167,0.017371243798620897,100.04664412700001,9.824620000000001
183220,12.35,92.82,52.406273,-1.484134,True,-0.17039999999999994,0.19692913559055228,0.30453497883384273,0.009092493851768111,97.60971382400001,0.032950000000000035,0.2945100686828209,0.011470856792566509,99.4900837685,9.8723
183320,12.35,92.82,52.406273,-1.484134,True,-0.12886999999999993,0.19017866482745488,0.30586200755677945,0.010052197106437137,97.14226249600001,-0.007979999999999965,0.3063380369606317,0.011646649494359233,98.7762615945,9.84931
183421,12.35,92.82,52.406273,-1.484134,True,-0.15909999999999994,0.18058756570951007,0.2948850706442781,0.0105148783476873,99.19035659400001,-0.010469999999999965,0.3085726136404418,0.008116512661099695,99.24388215450001,9.95276
183520,12.35,92.82,52.406273,-1.484134,True,-0.15211999999999992,0.17073354679147784,0.26956348025813726,0.010134873786419996,99.894694687,-0.012879999999999966,0.3097788774091826,0.007332734824062154,99.26522756950001,9.988990000000001
183620,12.35,92.82,52.406273,-1.484134,True,-0.11414999999999993,0.2365848133099139,0.27240174354963326,0.00939020766543512,99.46948274600001,0.0054800000000000335,0.312382318463919,0.008647832098278385,98.6933125285,9.966910000000002
183720,12.35,92.82,52.406273,-1.484134,True,-0.10592999999999993,0.2420061388110231,0.28118634963706196,0.009489292211048364,98.34338882600001,-0.02689999999999997,0.2995764231933779,0.00852682694663095,98.54977649650002,9.910010000000002
183821,12.35,92.82,52.406273,-1.484134,True,-0.11770999999999994,0.2624958135115854,0.31501537546249014,0.010512659035657748,97.54201243000001,-0.009069999999999965,0.2970685108036791,0.00807994086887141,98.1329755525,9.86797
183921,12.35,92.82,52.406273,-1.484134,True,-0.15969999999999993,0.2772333994629354,0.4435573744674377,0.01709244147439306,94.78319633200002,-0.06444999999999997,0.19106305096603332,0.013488925498761024,96.79384707150001,9.7217
184021,12.35,92.82,52.406273,-1.484134,True,-0.24286999999999992,0.371222652715168,0.4513001613856012,0.024823188084262322,94.614104218,-0.061269999999999956,0.18629448044547384,0.013659595731776617,95.917868214,9.70813
184121,12.35,92.82,52.406273,-1.484134,True,-0.2066799999999999,0.38109216674651436,0.47079719342125903,0.02498004536958776,95.46622223199999,-0.12625999999999996,0.27176521402777126,0.012710380709396254,96.0669575385,9.75158
184220,12.35,92.82,52.406273,-1.484134,True,-0.22596999999999992,0.37772102300801275,0.4627176558118368,0.035511827450708376,95.30152681000001,-0.16723999999999994,0.24167513640331398,0.014681870907120384,96.455620317,9.74317
184321,12.47,91.51,52.406246,-1.482472,True,-0.23455999999999994,0.37219698547946006,0.5087216593252788,0.041758630511814186,96.678146134,-0.15282999999999997,0.23912996954237703,0.01648292045320492,96.91020431500002,9.8115
184420,12.47,91.51,52.406246,-1.482472,True,-0.23729999999999993,0.3723602974420185,0.4668634157866742,0.041758630511814186,95.51329277900001,-0.11280999999999994,0.25055703475789975,0.016687550249612666,97.35182468650001,9.75377
184520,12.47,91.51,52.406246,-1.482472,True,-0.23763999999999993,0.3724699844730186,0.47034152709612465,0.042100938231825626,94.446959771,-0.11461999999999997,0.2510248274573747,0.017088839762969838,97.17082722900001,9.698789999999999
184621,12.47,91.51,52.406246,-1.482472,True,-0.24798999999999988,0.35457523085141,0.4703073798650839,0.04212405488554012,93.850905493,-0.06237999999999995,0.3441597135698033,0.02055039604917123,96.6601941195,9.668360000000002
184721,12.47,91.51,52.406246,-1.482472,True,-0.3225799999999999,0.35796343947391757,0.4701620052941613,0.04223892359739608,93.92084688700001,-0.10162999999999996,0.36601457181071695,0.020566912478272078,96.1321178565,9.66967
184821,12.47,91.51,52.406246,-1.482472,True,-0.18170999999999993,0.5005050770083245,0.46454837518701175,0.04195461701516159,94.365853171,-0.22486999999999996,0.49886614114187267,0.023466205014398746,95.9539328005,9.690880000000002
184920,12.47,91.51,52.406246,-1.482472,True,-0.16429999999999992,0.4937402781040048,0.3324325187997626,0.04086190972858053,96.45093927,-0.15933999999999995,0.5831875840775652,0.023141602748681708,95.617067801,9.80332
185021,12.47,91.51,52.406246,-1.482472,True,-0.08921999999999992,0.41179735793227,0.3823540077234912,0.03272409917272994,98.693594757,-0.11463999999999996,0.5881815180896345,0.026709956528938664,96.65384948750001,9.91975
185120,12.47,91.51,52.406246,-1.482472,True,-0.11239999999999992,0.4097024258871013,0.4300113410649096,0.0320044371923644,96.94781713300002,-0.03769999999999997,0.553909338750991,0.026647828762917873,96.2070196825,9.829429999999999
185220,12.47,91.51,52.406246,-1.482472,True,-0.08165999999999993,0.4095047990493427,0.440406174772533,0.028395165864006536,97.189442349,-0.003099999999999964,0.5546999989984617,0.024299748512645006,96.2454845795,9.84161
185320,12.47,91.51,52.406246,-1.482472,True,-0.12641999999999992,0.43034443776016096,0.41076232936117757,0.02031943787498938,96.70741182100001,0.019760000000000038,0.5537728820454224,0.020578888858893293,96.69277897750001,9.816970000000001
185421,12.47,91.51,52.406246,-1.482472,True,-0.11488999999999994,0.427618000478618,0.41994169714378154,0.019981980771573996,96.178041694,-0.03433999999999996,0.5680274312624974,0.016777647166526678,95.8456672365,9.78987
185520,12.47,91.51,52.406246,-1.482472,True,-0.09833999999999993,0.4207715009360758,0.43462852797916224,0.019197685045627466,95.92054280400001,-0.012429999999999964,0.5659594175674948,0.018395482537237065,95.1837512875,9.77658
185621,12.47,91.51,52.406246,-1.482472,True,-0.13568999999999992,0.4004189818177928,0.42753591155207776,0.02165276733660921,96.21969056200001,-0.09911999999999996,0.517503270628424,0.019631652446439486,95.03529802749999,9.79247
185720,12.47,91.51,52.406246,-1.482472,True,-0.1434799999999999,0.4126017121739641,0.44223761649643156,0.021514803689036417,95.813466667,-0.10157999999999996,0.5194441148424431,0.01950603610281854,94.86715677699999,9.77055
185821,12.47,91.51,52.406246,-1.482472,True,-0.2276599999999999,0.2377954265516609,0.49493551139965797,0.02236709140182905,97.389819136,0.024130000000000033,0.3482554459971461,0.01807776104622638,95.8778361535,9.852239999999998
185921,12.47,91.51,52.406246,-1.482472,True,-0.20154999999999995,0.24799022494175904,0.5350038550224497,0.018303867229510624,98.614009621,-0.046269999999999964,0.23535536747651337,0.01807510258154428,97.5324744455,9.91264
186020,12.47,91.51,52.406246,-1.482472,True,-0.17435999999999993,0.2630996270954702,0.49458944186061565,0.017163219718663175,97.83322258399998,-0.045439999999999967,0.2361198057484194,0.012733577659087602,98.2634086705,9.87524
186121,12.47,91.51,52.406246,-1.482472,True,-0.11894999999999993,0.31436170692019044,0.593254169250694,0.016703296414513766,96.870707999,-0.08850999999999996,0.24966997082816766,0.012798194317082099,96.909262566,9.82094
186220,12.47,91.51,52.406246,-1.482472,True,-0.11399999999999992,0.3177641543311261,0.5855098557857248,0.016593224855678552,96.63811394499999,-0.04782999999999997,0.3189210283649198,0.012591535957848536,96.913778147,9.809470000000001
186321,12.47,91.51,52.406246,-1.482472,True,-0.06715999999999991,0.2869495859709281,0.5718993486619823,0.016787548295620035,95.848350825,-0.11579999999999999,0.3538621545806351,0.012754088669042278,96.277881323,9.771149999999999
186420,12.47,91.51,52.406246,-1.482472,True,-0.02113999999999992,0.30758243050531014,0.5688722450798787,0.01734030628974643,96.009013113,-0.09912999999999997,0.34215377001187364,0.011119432439553397,96.0935274035,9.779169999999999
186520,12.47,91.51,52.406246,-1.482472,True,-0.008569999999999921,0.3028188092279287,0.5510276706099034,0.017136692277747757,96.449974715,-0.13823999999999997,0.34705475456571916,0.010916226454229258,96.18525875949999,9.802760000000001
186621,12.47,91.51,52.406246,-1.482472,True,-0.00277999999999992,0.3013755014743026,0.5513589092213675,0.015189985736223191,96.42220306099999,-0.16014,0.35925128995361766,0.01606412151348509,96.3209468115,9.801369999999999
186720,12.47,91.51,52.406246,-1.482472,True,0.10706000000000009,0.17004848458927846,0.5348835118249761,0.01420525724277215,97.013744101,-0.14176,0.3454599163112599,0.015055659696237253,96.413605384,9.83457
186820,12.47,91.51,52.406246,-1.482472,True,0.13063000000000008,0.17009545065442638,0.48247230478949676,0.013373693082565636,95.569555027,-0.17763999999999996,0.3409996976212483,0.015687153271954458,96.47968708149999,9.76304
186920,12.47,91.51,52.406246,-1.482472,True,0.1479100000000001,0.16417117388059477,0.41410320291766556,0.011685717778553322,94.34401925899999,-0.26772,0.3876015330780435,0.015318413030656647,96.47901443999999,9.70276
187021,12.47,91.51,52.406246,-1.482472,True,0.1910400000000001,0.19657772112943975,0.3814449436026198,0.01152150163824131,92.809165585,-0.39321,0.4361104891856917,0.01520769176729008,95.3211940845,9.62325
187120,12.47,91.51,52.406246,-1.482472,True,0.17928000000000008,0.18795757086226597,0.20175096860569092,0.015590167841730588,95.07923816,-0.37055,0.4443507479708206,0.015518680499464445,95.9749730795,9.7457
187221,12.47,91.51,52.406246,-1.482472,True,0.17603000000000008,0.18968080234377188,0.15491289165205888,0.01446635944374233,94.35508380899999,-0.48766999999999994,0.2993601585975684,0.015100610730843239,95.496598877,9.70928
187320,12.47,91.51,52.406246,-1.482472,True,0.20233000000000007,0.1747535346964069,0.15275072831251219,0.014281709359254567,94.17263197599999,-0.49040999999999996,0.3003952856931554,0.01297178133916558,95.0104914005,9.69965
187421,12.47,91.51,52.406246,-1.482472,True,0.19082000000000007,0.17092252175896477,0.19067053172073467,0.013618292436604751,95.06922075899999,-0.5054899999999999,0.290271028331962,0.014073856772202043,95.539116936,9.74545
187521,12.47,91.51,52.406246,-1.482472,True,0.1895900000000001,0.17292932692608978,0.31420025178573424,0.013553945714973249,97.218341101,-0.5000600000000001,0.29392338835524473,0.013938774854500558,96.834157908,9.852239999999998
187620,12.47,91.51,52.406246,-1.482472,True,0.1973900000000001,0.16265113621217187,0.30872062955220075,0.012643118462010935,97.477429741,-0.49463999999999997,0.29573620452469535,0.012467575724432446,96.94981640099999,9.86554
187720,12.47,91.51,52.406246,-1.482472,True,0.14737000000000006,0.18646073193987708,0.30960304979834946,0.012485564998562565,98.049906605,-0.5077,0.2888418021455213,0.012224969893169547,97.531825353,9.89498
187821,12.47,91.51,52.406246,-1.482472,True,0.1199600000000001,0.19188856835847642,0.3603504689110884,0.011576105658735996,97.154591406,-0.49750999999999995,0.29858892756877714,0.011996522644315253,96.3620732165,9.84836
187920,12.47,91.51,52.406246,-1.482472,True,0.1029400000000001,0.19408846322116752,0.3600811558215382,0.0112199475142364,97.041707521,-0.37656,0.37771016872141666,0.012927528766164584,95.69286339,9.842789999999999
188020,12.47,91.51,52.406246,-1.482472,True,0.07124000000000008,0.13873862075459623,0.3386854318948066,0.012031237121205116,98.50664218,-0.33432999999999996,0.30413033773916526,0.01418244611404502,95.6579038825,9.918719999999999
188121,12.47,91.51,52.406246,-1.482472,True,0.08306000000000008,0.1594522234261862,0.3442221835772084,0.0072150229074863514,98.147411497,-0.35903999999999997,0.29509168895259374,0.014057267792063672,96.6133248285,9.90005
188220,12.47,91.51,52.406246,-1.482472,True,0.029340000000000078,0.23598152093378164,0.3812049464818348,0.00724606406571469,97.444161985,-0.34507999999999994,0.28555279255041216,0.014026942329357597,95.899622897,9.862169999999999
188320,12.47,91.51,52.406246,-1.482472,True,0.02573000000000008,0.2328671583638256,0.38294759142443274,0.008338964763885896,97.38133140699999,-0.35161,0.2928039975820095,0.014078178543800472,95.7769816915,9.859
188421,12.47,91.51,52.406246,-1.482472,True,0.02518000000000008,0.23244007017341223,0.3792856730457593,0.008297897993534769,97.24891129599999,-0.36013,0.29543139474335733,0.01211335809940652,96.15906602749999,9.85242
188521,12.47,91.51,52.406246,-1.482472,True,0.04076000000000009,0.23068550597440082,0.2892585279641756,0.008993108472602632,95.02285027999999,-0.34459,0.30300586517976635,0.012461424922982306,96.1205956905,9.74156
188621,12.47,91.51,52.406246,-1.482472,True,0.02755000000000008,0.23489138979536603,0.33140564670305633,0.00869866528714463,93.895421011,-0.34256,0.3027990393350475,0.012341006622008521,95.686425376,9.68226
188721,12.47,91.51,52.406246,-1.482472,True,0.031350000000000086,0.23194383539507227,0.4818797684300752,0.008386921034828075,95.523210808,-0.28711,0.3345974677794943,0.014464058904747777,96.7865587065,9.76037
188821,12.47,91.51,52.406246,-1.482472,True,0.036760000000000084,0.23079796937292427,0.4605063758757521,0.010381527397792115,96.91624149999998,-0.26393999999999995,0.349100183646797,0.01446620967020165,97.035416453,9.8324
188920,12.47,91.51,52.406246,-1.482472,True,0.04685000000000008,0.23140654581157188,0.47321020710790535,0.009998272072935487,97.60428501599999,-0.33150999999999997,0.26984972134711654,0.012295455348308011,97.3229962685,9.86673
189020,12.47,91.51,52.406246,-1.482472,True,0.045650000000000086,0.2306109048688789,0.461428719064792,0.010437118589172099,97.06225205199999,-0.27670999999999996,0.24605871228000464,0.011638064940339924,97.784447116,9.83975
189120,12.47,91.51,52.406246,-1.482472,True,-0.12053999999999991,0.4572411355072922,0.47382242583294515,0.013505867037863278,98.194499201,-0.25743,0.24534988191470714,0.012708877037550147,98.170955349,9.88887
189220,12.47,91.51,52.406246,-1.482472,True,0.07957000000000007,0.6752272375529087,0.5536868779172709,0.021235978380516756,97.498306488,-0.16086999999999999,0.3313551235289623,0.014116440375990795,97.47123423650001,9.83899
189320,12.47,91.51,52.406246,-1.482472,True,0.002830000000000077,0.7040840165302233,0.5511920622110226,0.029405282972055614,98.159202624,-0.09573999999999998,0.280227237949657,0.014749919020493829,97.7702670155,9.87115
189421,12.47,91.51,52.406246,-1.482472,True,-0.023859999999999923,0.7014523254568961,0.5525427956276284,0.029707688866314978,98.23992191100001,-0.08709999999999998,0.2681307309669924,0.025413227089669765,97.7444166035,9.875309999999999
189520,12.47,91.51,52.406246,-1.482472,True,-0.009239999999999924,0.7055405889576198,0.5368377513012795,0.03026947307106612,99.32686777500001,-0.06160999999999998,0.2742305739093863,0.03355896303523119,97.17485902749999,9.93073
189620,12.47,91.51,52.406246,-1.482472,True,-0.017629999999999924,0.7072181496696903,0.4766298960176194,0.030739919756997802,100.58092471900001,-0.03122999999999997,0.2533894194493794,0.03321296433623493,97.238172865,9.996300000000002
189720,12.47,91.51,52.406246,-1.482472,True,-0.031199999999999922,0.7105773208377024,0.3808069642220232,0.03073689241864819,98.892742506,-0.07047999999999996,0.25655286568053304,0.0328294921610976,97.20797665699999,9.91498
189820,12.47,91.51,52.406246,-1.482472,True,-0.04266999999999992,0.7106385673775683,0.39316031349959935,0.030250584934656818,99.311790786,-0.12547999999999998,0.2888495102221232,0.03274964970126503,98.114016143,9.93561
189920,12.47,91.51,52.406246,-1.482472,True,-0.04872999999999992,0.7094987527199108,0.40275053817468187,0.03046853385963218,98.025023157,-0.10494999999999996,0.28156850064515454,0.032435241464939056,97.8146540865,9.870339999999999
190021,12.47,91.51,52.406246,-1.482472,True,-0.03518999999999992,0.715574495617176,0.404250895828042,0.02967128054009274,97.73550419,-0.08935999999999997,0.28427500456815935,0.03225757619881313,97.398878121,9.85527
190121,12.47,91.51,52.406246,-1.482472,True,0.07335000000000007,0.5719050644799156,0.3852948164140726,0.027349931951977043,96.977735461,-0.06122999999999997,0.28833011192806274,0.031075864160684995,97.586117331,9.825700000000001
190220,12.47,91.51,52.406246,-1.482472,True,-0.09482999999999991,0.25214768181453173,0.1919868586358997,0.023560098094494837,98.816527318,-0.12049999999999998,0.20907209814374345,0.02856563786556637,98.157416903,9.935649999999999
190320,12.47,91.51,52.406246,-1.482472,True,-0.05838999999999992,0.19468233070540053,0.3054321717755876,0.009040433863728084,97.25748558900001,-0.14525,0.2103277614159081,0.026417241844421967,97.7083441065,9.85576
190421,12.47,91.51,52.406246,-1.482472,True,-0.01757999999999992,0.2290215749176833,0.38253456140152914,0.00930298040653862,98.38176475,-0.08606999999999997,0.21583918936715699,0.022289100475344735,98.3108433305,9.909719999999998
190520,12.47,91.51,52.406246,-1.482472,True,-0.012479999999999918,0.23570678489267702,0.3797427563496035,0.009935547851583633,98.108580667,-0.13709999999999997,0.2241042763239282,0.006610732015275716,98.717724221,9.89589
190621,12.47,91.51,52.406246,-1.482472,True,0.021710000000000083,0.2330869101143715,0.3805364530647567,0.00932445410972897,97.997531358,-0.10492999999999997,0.25742859225640796,0.007012401712522705,99.2892280385,9.89029
190720,12.47,91.51,52.406246,-1.482472,True,0.0030400000000000817,0.26286201788094604,0.3832482954952263,0.00971837320634348,97.385592642,-0.09354999999999998,0.25199475854338343,0.01187020546485156,98.139167574,9.85856
190820,12.47,91.51,52.406246,-1.482472,True,0.0034500000000000823,0.26269057103579,0.3594418143300629,0.009997310749507554,96.54540607,-0.008819999999999977,0.23567632134868585,0.012368818321354738,97.928598428,9.816669999999998
190920,12.47,91.51,52.406246,-1.482472,True,-0.03506999999999992,0.28347140968907125,0.3522315204520961,0.009872160632584571,97.65186183099999,-0.018929999999999978,0.24227017998737635,0.017473408368146544,97.838442494,9.87252
191020,12.47,91.51,52.406246,-1.482472,True,-0.07097999999999992,0.2558035087935838,0.3549656322957292,0.009496783081069398,97.527718149,0.00924000000000002,0.2634014941322764,0.018215832551809676,97.6316111695,9.86663
191120,12.47,91.51,52.406246,-1.482472,True,-0.05122999999999993,0.25189220379624977,0.35491179639766635,0.00905048187790127,97.29431747199999,0.05886000000000002,0.32293228461157125,0.018183890917207523,97.1360264665,9.85501
191220,12.47,91.51,52.406246,-1.482472,True,-0.028639999999999922,0.25251770102971305,0.359418624540608,0.010342495937742458,97.474744021,0.06375000000000001,0.32082641637566073,0.018510240409028014,98.1456356695,9.864090000000001
191320,12.47,91.51,52.406246,-1.482472,True,-0.031339999999999923,0.2548239575340818,0.30360254152792665,0.009916142843307874,98.041730221,0.13771000000000003,0.3215607094918363,0.01836902283737525,97.649607905,9.89441
191421,12.47,91.51,52.406246,-1.482472,True,-0.08855999999999993,0.2284188900536277,0.17858368595391555,0.009255154719878323,96.55558034399999,0.15052000000000004,0.32674355829747137,0.018443137838593162,97.46867254700001,9.822019999999998
191521,12.47,91.51,52.406246,-1.482472,False,-0.1483799999999999,0.19584205540859786,0.22177439712965674,0.008036472415736023,95.56327565900001,0.22512000000000004,0.2671102843396413,0.01861201523508738,96.835928163,9.77049
191620,12.47,91.51,52.406246,-1.482472,False,-0.1602099999999999,0.17793933079688157,0.22908437577063606,0.007920606037418924,95.832551788,0.27678,0.32020825098676625,0.019704889410161134,96.91504157300001,9.784229999999999
191720,12.47,91.51,52.406246,-1.482472,False,-0.16401999999999992,0.18479775010654764,0.25136981963278665,0.007813833886127672,96.73514883200001,0.32675,0.28268693814890666,0.01867660747209408,97.060370737,9.829580000000002
191820,12.47,91.51,52.406246,-1.482472,False,-0.2392599999999999,0.28104547753778514,0.27079702033482805,0.007547656001111085,96.21434021600001,0.3304,0.2829719302922767,0.0195369052479322,96.379873143,9.79898
191920,12.47,91.51,52.406246,-1.482472,False,-0.28649999999999987,0.33463887334790104,0.259469548844903,0.008717166970983006,96.034113163,0.37155000000000005,0.21925878799061804,0.01483412357445619,96.84298749700001,9.78727
192021,12.47,91.51,52.406246,-1.482472,False,-0.3448899999999999,0.33884949936840536,0.2625116767773249,0.008589845426108756,96.603614117,0.35481,0.23084434606703028,0.014517789853219307,97.06566613300001,9.814240000000002
192121,12.47,91.51,52.406246,-1.482472,False,-0.41094999999999987,0.3300667314683784,0.2626611344595045,0.009637058103430008,96.611037605,0.34080000000000005,0.2183089655613076,0.013246806743094891,96.95267753850001,9.81234
192220,12.47,91.51,52.406246,-1.482472,False,-0.4791999999999999,0.28490364843028065,0.26207374789042565,0.010167819606757032,95.560817164,0.42805,0.22393175175585975,0.013231901685783408,96.5177805925,9.75686
192321,12.47,91.51,52.406246,-1.482472,False,-0.47715999999999986,0.2868847821377396,0.2649311627574248,0.011504303542587753,95.51499908500001,0.44594000000000006,0.23483795453225273,0.011324530895362329,96.77836465300001,9.75449
192420,12.47,91.51,52.406246,-1.482472,False,-0.5177799999999999,0.27912291119782956,0.299155705463076,0.011340923928655577,96.21097951300001,0.43421000000000004,0.24422533970814556,0.009693004350218224,96.3832799285,9.78735
192521,12.47,91.51,52.406246,-1.482472,False,-0.5065199999999999,0.2903213958510203,0.2718110037834677,0.012361427461619716,96.66405326200001,0.44697000000000003,0.24250149621532271,0.009026904231242094,96.1136644605,9.81148
192620,12.47,91.51,52.406246,-1.482472,False,-0.5626399999999999,0.21791456633786072,0.2708924552905327,0.012428390438382841,96.10250166300001,0.45135000000000003,0.24949763859938665,0.008657617070149837,95.96752672550001,9.78147
192721,12.47,91.51,52.406246,-1.482472,False,-0.5841899999999999,0.21893789301990546,0.24317895194006617,0.013486985496313655,95.089914303,0.43908,0.25802197064075155,0.01000431018222839,95.9125315675,9.72894
192820,12.47,91.51,52.406246,-1.482472,False,-0.49147999999999986,0.2827482343004038,0.2311643513462548,0.013745985272475315,95.419807808,0.47385,0.2703188950110655,0.010304394963100545,95.817074012,9.74978
192920,12.47,91.51,52.406246,-1.482472,False,-0.4978999999999999,0.29146432600462335,0.25192818840120973,0.012384775600173944,94.202208681,0.50744,0.2538136858231141,0.010552519446401553,95.11816092199999,9.68611
193021,12.47,91.51,52.406246,-1.482472,False,-0.4969599999999999,0.291007545530269,0.24360379854729555,0.0166591616435721,94.04840832,0.56554,0.22504782306583168,0.012174513451378398,95.3260112185,9.67842
193121,12.47,91.51,52.406246,-1.482472,False,-0.44532999999999995,0.30281186330055143,0.3233617382712118,0.016204186701796044,95.14206068899999,0.5486500000000001,0.23981880312714554,0.012038830692573938,95.876549147,9.73484
193220,12.47,91.51,52.406246,-1.482472,False,-0.3930499999999999,0.31731060930541594,0.319973732428842,0.015214718750823619,95.986628596,0.46532999999999997,0.2723852461741216,0.01185940320776978,95.77372288000001,9.78005
193320,11.17,92.35,52.406242,-1.480952,False,-0.39494999999999997,0.31620158918006175,0.33245114611857746,0.014385471065549955,95.79970979599999,0.49788000000000004,0.3135488967715722,0.011499763282588525,95.65735444050001,9.77007
193421,11.17,92.35,52.406242,-1.480952,False,-0.35778999999999994,0.3042593318207294,0.29879428002855013,0.014418799456881801,95.056453749,0.49873,0.3126887982572432,0.011690908148358232,95.633716631,9.73472
193520,11.17,92.35,52.406242,-1.480952,False,-0.40845999999999993,0.3171650611274774,0.30664669953112744,0.013216240009927072,95.81932942099999,0.5216100000000001,0.3190494021307724,0.009157637977849343,96.2416913415,9.771249999999998
193620,11.17,92.35,52.406242,-1.480952,False,-0.3517499999999999,0.34450659806614425,0.31639278840636753,0.013156075909378541,95.50817442399999,0.46399000000000007,0.310135735337508,0.00751327713673257,95.8053380435,9.756409999999999
193720,11.17,92.35,52.406242,-1.480952,False,-0.2746699999999999,0.3465168812626553,0.3130825352664842,0.012974179485937846,95.64355499199999,0.42619000000000007,0.36129065076934513,0.010053197390770412,95.36673464750001,9.76585
193820,11.17,92.35,52.406242,-1.480952,False,-0.30394999999999994,0.32480511849414717,0.3182482964953988,0.015066607669500914,95.382722491,0.35033000000000003,0.3734869863864118,0.010330026352553982,95.4012651495,9.75214
193920,11.17,92.35,52.406242,-1.480952,False,-0.2347199999999999,0.25529087027240466,0.2914202275065992,0.016323129465747453,96.68603037099999,0.34357000000000004,0.3702157210480329,0.014084128182698483,95.444119526,9.82323
194020,11.17,92.35,52.406242,-1.480952,False,-0.20303999999999994,0.21926901387209707,0.3075805204422943,0.0133197639285052,97.15688165499999,0.37372000000000005,0.4139937380095438,0.01851316648586481,95.60264498749999,9.848209999999998
194121,11.17,92.35,52.406242,-1.480952,False,-0.20420999999999992,0.21899686172281532,0.2566148129438793,0.013524664711391285,95.743637683,0.38727,0.41315481911210866,0.022452738016653085,95.442849186,9.7775
194221,11.17,92.35,52.406242,-1.480952,False,-0.1378999999999999,0.3319245061422485,0.29641896794159134,0.012951859583344152,94.40038667299999,0.63574,0.7578935797473317,0.03689679901804208,95.1935076345,9.705829999999999
194320,11.17,92.35,52.406242,-1.480952,False,-0.10706999999999993,0.33597985736581515,0.2810449155483117,0.015168025580147109,94.66001864,0.53458,0.7744940582226731,0.042223632140202284,95.229864218,9.71987
194421,11.17,92.35,52.406242,-1.480952,False,0.023730000000000084,0.4833390920346578,0.31959925184171234,0.023825000874431537,93.535676155,0.6311800000000001,0.7906128463975853,0.04137415188791737,94.296064952,9.655719999999999
194520,11.17,92.35,52.406242,-1.480952,False,0.12185000000000008,0.41280476485729656,0.3137403613393414,0.025355551660336574,92.144557488,0.45693,0.949029327552926,0.04575560196425268,93.9819434545,9.58581
194621,11.17,92.35,52.406242,-1.480952,False,0.09774000000000009,0.4245362075907713,0.3142977611544077,0.028481455955293618,92.525143368,0.49716000000000005,0.9477381239327447,0.04516236879920679,94.016658896,9.60544
194721,11.17,92.35,52.406242,-1.480952,False,0.07874000000000009,0.42962465840674224,0.35211988867430527,0.028805663023478895,93.318421968,0.56796,0.9198225797523265,0.04139608811362642,94.48098848,9.645439999999999
194820,11.17,92.35,52.406242,-1.480952,False,0.0945100000000001,0.4205781350316081,0.352255254041732,0.028344078354707085,93.301586147,0.6234900000000001,0.895192070576044,0.038843211905185214,94.342154319,9.64478
194920,11.17,92.35,52.406242,-1.480952,False,0.19562000000000007,0.46502482801100636,0.38783562382937414,0.027753766511152182,91.25398085,0.56583,0.9239206159381651,0.04049658970552693,93.9700056105,9.5334
195020,11.17,92.35,52.406242,-1.480952,False,0.2380300000000001,0.4326820234819608,0.34071486955127617,0.02797913706873584,90.555500214,0.47924000000000005,0.9169889993281773,0.0406243714481291,93.8561909345,9.49873
195120,11.17,92.35,52.406242,-1.480952,False,0.2842100000000001,0.409051945764023,0.33856159065475316,0.028991035012760548,90.454994537,0.41664,0.9421114527131791,0.04046853510238967,93.09931610999999,9.493179999999999
195220,11.17,92.35,52.406242,-1.480952,False,0.23870000000000008,0.39730065022180155,0.3579992762252259,0.029285584242839367,91.836519408,0.20799000000000004,0.6032351346420984,0.03239343040391594,93.1184530405,9.56672
195320,11.17,92.35,52.406242,-1.480952,False,0.23914000000000013,0.39709692127853186,0.4066929047546609,0.028424136848030277,93.196413439,0.23219000000000004,0.5972822605584245,0.0215811877955473,93.92821603949999,9.63579
195421,11.17,92.35,52.406242,-1.480952,False,0.13327000000000008,0.2902561820568536,0.39288018374280637,0.01964201845251363,94.676109638,0.11841000000000006,0.49567814030657237,0.018959957805860576,94.10589289650001,9.71821
195520,11.17,92.35,52.406242,-1.480952,False,0.11305000000000007,0.2864195068232747,0.3636816283204031,0.01907348654255131,95.58568043,0.30368000000000006,0.33536422256672144,0.01103401307070358,93.865118959,9.76627
195621,11.17,92.35,52.406242,-1.480952,False,0.12725000000000006,0.2726907497514338,0.36618308778230063,0.016148670395904195,95.425094091,0.26572000000000007,0.31240562948406864,0.012502817460255014,93.9751187295,9.758140000000001
195721,11.17,92.35,52.406242,-1.480952,False,0.11428000000000009,0.2878747636656513,0.3720652009766297,0.014649232061783883,95.53543236200001,0.24336000000000002,0.29700679079405184,0.012316515560643313,94.426927165,9.763359999999999
195821,11.17,92.35,52.406242,-1.480952,False,0.1329200000000001,0.2817371895934208,0.3666169846644398,0.014344507272433091,95.836371675,0.22450000000000006,0.2838111148085868,0.012464193159251201,94.568978911,9.778870000000001
195920,11.17,92.35,52.406242,-1.480952,False,0.033540000000000084,0.1584960230836471,0.21116007514047874,0.011376100679348073,97.522616836,0.26272000000000006,0.2597463497765196,0.012692731953541658,94.388298843,9.872119999999999
196020,11.17,92.35,52.406242,-1.480952,False,0.02752000000000008,0.15593603959458213,0.22128793309471664,0.011406450416808381,98.16266414399999,0.26834,0.25777887250726145,0.012638411468394967,94.35908217900001,9.90434
196121,11.17,92.35,52.406242,-1.480952,False,0.013410000000000071,0.13349025307738852,0.19343315497722136,0.009966661092528948,99.034284086,0.32063,0.19818758818633117,0.011935330372935813,94.7446393115,9.94909
196221,11.17,92.35,52.406242,-1.480952,False,0.010740000000000072,0.13119988313002373,0.19432912659825857,0.009465586792868698,98.828346407,0.31561000000000006,0.19662563668047894,0.012892672337417598,95.3324329075,9.938749999999999
196320,11.17,92.35,52.406242,-1.480952,False,-0.006579999999999928,0.13310463553159396,0.18198015032170117,0.010202401678036254,98.621302944,0.3062,0.204433814337179,0.012853170815017322,95.9088581915,9.92852
196420,11.17,92.35,52.406242,-1.480952,False,0.009300000000000072,0.13920069444270702,0.17930025252506981,0.01094674482310697,98.297176985,0.33942000000000005,0.18327792374788884,0.012876011287144783,96.48664331149999,9.91215
196521,11.17,92.35,52.406242,-1.480952,False,-0.004959999999999928,0.13944747477893138,0.1923977950901572,0.011643448324653907,98.07153315199999,0.31607,0.12011649021772958,0.011856273538605432,96.828606791,9.90054
196620,11.17,92.35,52.406242,-1.480952,False,0.003480000000000072,0.13883010240337595,0.2048845064908491,0.009232815869976286,97.93430411499999,0.26959000000000005,0.2016592365022503,0.011726082039624879,96.67969910299999,9.89339
196721,11.17,92.35,52.406242,-1.480952,False,0.03336000000000007,0.10988498229208574,0.1872649566790306,0.009589954234625905,97.61012813199999,0.24469000000000007,0.208411438425703,0.011468512448342674,96.572780247,9.87758
196820,11.17,92.35,52.406242,-1.480952,False,0.022690000000000075,0.10423459065438642,0.19468800938938016,0.009343381495891884,97.469399848,0.23438000000000003,0.2066774663844974,0.011431418692942119,96.6528857615,9.87041
196920,11.17,92.35,52.406242,-1.480952,False,0.06795000000000008,0.11031930676197742,0.23465433419299073,0.010121681898006947,96.700121604,0.23029000000000005,0.20606275446519134,0.0156651204910787,97.11136922,9.83031
197020,11.17,92.35,52.406242,-1.480952,False,0.05309000000000008,0.12091839718494675,0.23258962334740804,0.012978974450154944,96.66840265900001,0.20854000000000003,0.21925251905306614,0.015443445211480946,97.41553340149999,9.828719999999999
197120,11.17,92.35,52.406242,-1.480952,False,0.03812000000000008,0.11576787886877977,0.2427300842041997,0.013076565128333686,96.84412797399999,0.15088000000000004,0.25839427582239893,0.016037736748058126,97.93920603000001,9.83756
197220,11.17,92.35,52.406242,-1.480952,False,0.04372000000000008,0.12040375409429192,0.25040681921847036,0.015181893455326511,96.370678782,0.13831000000000004,0.2506652191890916,0.013403751547815633,97.5995125945,9.813220000000001
197321,11.17,92.35,52.406242,-1.480952,False,0.03207000000000008,0.13968860647088022,0.23198111513176847,0.015154551938095746,95.88762925500001,0.17631000000000005,0.27427842079010745,0.01366881690401807,97.25446609950001,9.788799999999998
197420,11.17,92.35,52.406242,-1.480952,False,-0.01967999999999992,0.1878419063408807,0.23352939286808053,0.015458604220447637,95.970756788,0.14962000000000003,0.26533303098811034,0.013358326575170394,97.13396688649999,9.79232
197521,11.17,92.35,52.406242,-1.480952,False,0.05866000000000008,0.2960906437787796,0.23026690310738793,0.01477678359228863,96.4682153,0.14172000000000004,0.2519223901654454,0.013348807687081321,97.26987422599998,9.8152
197620,11.17,92.35,52.406242,-1.480952,False,0.05359000000000008,0.29702475934956235,0.21603562051970282,0.014846832808529957,97.349004743,0.13028000000000003,0.27073641465866105,0.014279203992753993,97.641654429,9.86026
197721,11.17,92.35,52.406242,-1.480952,False,0.04348000000000008,0.29852185402970427,0.23307272970755885,0.01377018114945791,97.671891524,0.15000000000000005,0.27403931591410535,0.015659306781875874,97.64100982800001,9.87628
197821,11.17,92.35,52.406242,-1.480952,False,0.07227000000000008,0.3102682926830315,0.24040273616486801,0.014071409153157074,97.558802863,0.21630000000000002,0.3595544186906955,0.015761500210605073,97.5141013555,9.8699
197920,11.17,92.35,52.406242,-1.480952,False,0.03362000000000008,0.3049062981748087,0.2109278130862136,0.014182399107500873,97.89679357899999,0.18373000000000003,0.3717345171250933,0.015223158527571405,97.2984575915,9.88797
198020,11.17,92.35,52.406242,-1.480952,False,0.04154000000000008,0.30241462045784984,0.2528225308612943,0.01235980941960215,98.443036407,0.20384000000000002,0.36575765565011853,0.02038667593197993,97.55571953299999,9.914710000000001
198120,11.17,92.35,52.406242,-1.480952,False,0.10243000000000006,0.35200994635568517,0.28140737572265434,0.01220783446079686,97.140937347,0.26026000000000005,0.3288543385756129,0.019451523790638917,96.9925326605,9.8462
198220,11.17,92.35,52.406242,-1.480952,False,0.07062000000000007,0.36080374104983226,0.27133589269882136,0.01043268901098835,97.61912793,0.24125000000000002,0.33667477300472287,0.019085308485848843,96.994903356,9.8707
198320,11.17,92.35,52.406242,-1.480952,False,0.07125000000000008,0.3602564372159843,0.2764713971542875,0.009882959520755203,98.01998494,0.22379000000000002,0.3264779300010672,0.017688904243433144,96.9538070975,9.89087
198421,11.17,92.35,52.406242,-1.480952,False,0.15548000000000006,0.33830760099189044,0.29556143260656376,0.009322761870223111,97.361519462,0.24036000000000005,0.32430946195125887,0.01858715506292845,96.666138125,9.85676
198520,11.17,92.35,52.406242,-1.480952,False,0.07227000000000008,0.28419333423256266,0.296392470477162,0.009322761870223111,97.398071854,0.16380000000000003,0.34553779982964994,0.01840022946716855,96.933143577,9.861089999999999
198620,11.17,92.35,52.406242,-1.480952,False,0.062410000000000077,0.28935225533364256,0.2928334280022613,0.010499867724034394,97.19685136599999,0.20011000000000007,0.30742725047291647,0.023264252501304615,97.2729280545,9.85091
198724,11.17,92.35,52.406242,-1.480952,False,0.09940000000000009,0.29807631013998015,0.35646402420939294,0.01014109351982195,98.00147040099999,0.20951000000000003,0.3115441379466044,0.023123987064902787,97.8366809625,9.88925
198820,11.17,92.35,52.406242,-1.480952,False,0.022310000000000073,0.3340409071755513,0.3589237004960483,0.01809783289666342,97.962714554,0.05145000000000003,0.3324763324910078,0.024597788970194785,97.76075870849999,9.88665
198921,11.17,92.35,52.406242,-1.480952,False,0.056600000000000074,0.33745602182605283,0.40926554012442024,0.018837259177845657,97.204686137,0.03915000000000004,0.3403052232922741,0.03024439158294041,97.550739858,9.84623
199020,11.17,92.35,52.406242,-1.480952,False,0.12002000000000006,0.38063169950316245,0.3741051313913433,0.018404289958835304,96.54492299,0.06313000000000005,0.3604170147975259,0.025594749895676595,97.4939796985,9.81194
199121,11.17,92.35,52.406242,-1.480952,False,0.017580000000000075,0.36992518402749547,0.4038563552386727,0.01841599847958283,98.619726631,0.041730000000000045,0.35036302776153017,0.025555440820998775,97.88033198899998,9.91713
199221,11.17,92.35,52.406242,-1.480952,False,0.03327000000000007,0.36479163931086717,0.5068061667606931,0.017861532222441905,96.872447051,-0.014689999999999948,0.3946437027384522,0.025158848675300743,97.2457874905,9.82448
199321,11.17,92.35,52.406242,-1.480952,False,0.07291000000000007,0.3571423353043791,0.503705151849772,0.017489692202361094,96.059460683,-0.01674999999999995,0.39275468241073874,0.026614315279146164,97.0397228115,9.783199999999999
199420,11.17,92.35,52.406242,-1.480952,False,0.0053800000000000766,0.34084431049967456,0.4975629407421751,0.017363246624215487,96.567422336,-0.01586999999999995,0.3934941508812837,0.02413996225717416,96.964470899,9.8102
199520,11.17,92.35,52.406242,-1.480952,False,0.016790000000000076,0.3380793478526055,0.5181599569631012,0.01809551509813036,95.387986532,0.04313000000000004,0.3963277853550631,0.02655777768480583,96.393029193,9.749010000000002
199620,11.17,92.35,52.406242,-1.480952,False,0.022440000000000078,0.3360610996034282,0.5187919237142333,0.016463899902513898,94.707533429,0.03426000000000005,0.39702209062525595,0.025146170461700593,95.9521923975,9.714070000000001
199721,11.17,92.35,52.406242,-1.480952,False,-0.025899999999999923,0.32165074226557977,0.4386310609916633,0.016664363174150914,93.41434024100002,-0.0020599999999999542,0.37869950327110596,0.024400673943334096,95.707905321,9.65129
199821,11.17,92.35,52.406242,-1.480952,False,0.043870000000000076,0.29197869043247904,0.4858407746714316,0.009074928833513265,94.90464441200001,0.08005000000000005,0.2895021406560732,0.02397022226754625,96.433679483,9.726949999999999
199921,11.17,92.35,52.406242,-1.480952,False,0.02711000000000008,0.28411007432565993,0.49010117198164127,0.012894891322621503,97.11929372,0.14189000000000004,0.28695852371612435,0.015200880822432348,97.1619899285,9.84021
200021,11.17,92.35,52.406242,-1.480952,False,-0.05663999999999991,0.1987730934172554,0.49754085438060236,0.012981182962700595,96.041448328,0.14671000000000006,0.29278389243035696,0.015423992853848482,96.293185659,9.786719999999999
200121,11.17,92.35,52.406242,-1.480952,False,-0.03681999999999992,0.1672100661509964,0.464791557702067,0.015715173135115747,95.535358739,0.17911000000000005,0.3042158570269977,0.014154606631372779,97.077542685,9.762910000000002
200221,11.17,92.35,52.406242,-1.480952,False,-0.04898999999999991,0.1689994375401504,0.3711409509127828,0.015279474249244652,97.566804406,0.21816000000000005,0.21474124066990113,0.007159523571983737,97.2196257285,9.869890000000002
200321,11.17,92.35,52.406242,-1.480952,False,-0.07276999999999992,0.14717466607175136,0.36178100251088,0.016854808084210054,98.157338819,0.23325000000000004,0.22604946975779813,0.010883851442491991,97.10839975100001,9.90024
200420,11.17,92.35,52.406242,-1.480952,False,-0.0694099999999999,0.14371430339391486,0.3610316631235787,0.017089311149240415,98.255287523,0.25101000000000007,0.23729881045729728,0.01139612019748688,97.4113549295,9.905280000000001
200520,11.17,92.35,52.406242,-1.480952,False,-0.04567999999999991,0.17214535718397497,0.38096953567327513,0.017584238523303805,98.06565675,0.2690200000000001,0.25008715725167896,0.011612158379140161,96.726821641,9.894760000000002
200620,11.17,92.35,52.406242,-1.480952,False,-0.020559999999999915,0.18739499103942214,0.3637230052602583,0.01831745069598925,99.09927334300001,0.26549000000000006,0.2550334899576991,0.011476333134857802,96.90340338600001,9.94727
200721,11.17,92.35,52.406242,-1.480952,False,0.005330000000000086,0.18459012884405612,0.36369824198395645,0.019099275727978024,99.103892248,0.2602700000000001,0.26128775133940707,0.012063116420634859,96.2591162445,9.94757
200821,11.17,92.35,52.406242,-1.480952,False,0.018380000000000084,0.20638209870690166,0.35751741775751317,0.01923722086650418,97.549290838,0.29236000000000006,0.2622459964740556,0.013187119136154167,96.22696762500001,9.86892
200920,11.17,92.35,52.406242,-1.480952,False,0.010160000000000084,0.20558264193911233,0.3130471545949606,0.015290828769051126,96.602148979,0.2535900000000001,0.27149922631361717,0.012763472185194531,96.86072134950001,9.822210000000002
201020,11.17,92.35,52.406242,-1.480952,False,0.026220000000000087,0.19212299764010785,0.322828992398968,0.01581851587363497,98.233757835,0.22993000000000005,0.2592510625714933,0.017722004526702306,97.1376030815,9.90485
201120,11.17,92.35,52.406242,-1.480952,False,0.07872000000000008,0.19216246482830046,0.30266689133618785,0.013669690722340488,97.17314126400001,0.19865000000000005,0.2525952768538891,0.01747799886841903,96.3542500015,9.85146
201221,11.17,92.35,52.406242,-1.480952,False,0.07839000000000008,0.19255552417130964,0.3031323636448102,0.013801706818763694,97.187862962,0.23042000000000007,0.22339268763523298,0.01771079080987418,97.377333684,9.85219
201320,11.17,92.35,52.406242,-1.480952,False,0.07502000000000009,0.1953118179276951,0.30192623473660424,0.01129732023288893,96.938354163,0.20028000000000007,0.21046354553699786,0.01810916281272524,97.547846491,9.83953
201420,11.17,92.35,52.406242,-1.480952,False,0.1490200000000001,0.2224267060304468,0.33331873301358195,0.010965648382309255,96.014740516,0.15499000000000004,0.19587096914948793,0.017843981244853393,97.1350140195,9.7902
201520,11.17,92.35,52.406242,-1.480952,False,0.10539000000000007,0.24601262140160193,0.3149965151482709,0.010417911925567716,98.323936046,0.11579000000000003,0.15222479320620172,0.0200746523423615,98.194796398,9.90803
201621,11.17,92.35,52.406242,-1.480952,False,0.09704000000000008,0.24420577479749214,0.309772662340196,0.008951256894983921,97.88699638099999,0.11798000000000004,0.14940389553155636,0.020256620316989705,98.493134862,9.886230000000001
201721,11.17,92.35,52.406242,-1.480952,False,0.12750000000000009,0.2633730898259038,0.3096579833730538,0.008871903215582544,97.882163396,0.14181000000000005,0.13981976056498088,0.018498495434314297,98.493027822,9.885200000000001
201821,11.17,92.35,52.406242,-1.480952,False,0.09333000000000008,0.25011817229283856,0.30644250793038624,0.012010273380180146,99.333601163,0.13049000000000005,0.11504026782925358,0.016425119651179692,98.44144600050001,9.95912
201920,11.17,92.35,52.406242,-1.480952,False,0.12128000000000008,0.25303698807354713,0.3166055948126394,0.011938457931314869,98.960980244,0.13633000000000003,0.11029399147532794,0.01688309147572777,97.78156461149999,9.93974
202021,11.17,92.35,52.406242,-1.480952,False,0.14811000000000007,0.24682925024756897,0.3233153687449251,0.011818422530571,97.240831136,0.16585000000000005,0.16776644645327513,0.015416816215491316,97.7372944855,9.85241
202121,11.17,92.35,52.406242,-1.480952,False,0.13845000000000007,0.24139825208793522,0.3410108365824549,0.0134065862752437,98.281732991,0.13586000000000004,0.2026530817815503,0.013813938210695122,97.7274371275,9.904819999999999
202221,11.17,92.35,52.406242,-1.480952,False,0.13825000000000007,0.2416454346995,0.4057997465910138,0.016136914203155363,99.459523266,0.12346000000000004,0.20368115714955562,0.015013046178426595,98.32369311400001,9.96191
202321,12.21,90.03,52.406223,-1.479399,False,0.20554000000000006,0.2657116114219399,0.4045556548719667,0.018983747434757555,100.107740689,0.19129000000000004,0.3020834191264312,0.014953293951501571,98.52304742599999,9.99273
202420,12.21,90.03,52.406223,-1.479399,False,0.14344000000000007,0.24800621049571253,0.34531359274336276,0.019918793470823745,101.190170784,0.24053000000000005,0.3093120684141996,0.015037597325814613,98.60245565,10.05022
202521,12.21,90.03,52.406223,-1.479399,False,0.19301000000000007,0.21842010718388932,0.44381318504774164,0.020612833111653673,98.58670013,0.2714500000000001,0.3106874000592224,0.011969688569234275,98.455318088,9.91611
202620,12.21,90.03,52.406223,-1.479399,False,0.2851600000000001,0.339192551673988,0.4718631582472917,0.02051374877707354,99.86532957099999,0.37224,0.356071872270509,0.011433012629127584,98.876162976,9.97397
202721,12.21,90.03,52.406223,-1.479399,False,0.19807000000000005,0.40873778078915574,0.48187600076275766,0.021188311767471067,99.385753266,0.33479000000000003,0.3942347423948258,0.021528781768703428,98.633958331,9.94923
202820,12.21,90.03,52.406223,-1.479399,False,0.2319400000000001,0.4072199165616094,0.5889538417114432,0.01803165118463758,96.54169785899998,0.29891,0.41064444325691474,0.02256325429640985,97.93764951099999,9.79931
202921,12.21,90.03,52.406223,-1.479399,False,0.14352000000000004,0.4862027510320261,0.7242370072473997,0.035706900982552026,94.331169194,0.30104000000000003,0.4094374194482573,0.03224143124752533,96.64607471899998,9.67604
203020,12.21,90.03,52.406223,-1.479399,False,0.026840000000000076,0.5945877978342071,0.7377887717136054,0.03775685515388044,93.945776177,0.17619000000000007,0.5065352690364037,0.033290132004678244,95.5933036565,9.650749999999999
203120,12.21,90.03,52.406223,-1.479399,False,0.12730000000000008,0.705155157079316,0.7921935664133313,0.037943636562084465,90.760583578,0.020240000000000057,0.7922921489787323,0.033278069188114004,94.52115828449999,9.4727
203220,12.21,90.03,52.406223,-1.479399,False,0.23520000000000008,0.742739094313893,0.6861715127348974,0.03695234769267031,88.434718318,0.10690000000000006,0.8420445145266661,0.03284871213440342,93.94712079199999,9.35196
203321,12.21,90.03,52.406223,-1.479399,False,0.2354200000000001,0.7428561798894855,0.6419502809581374,0.03548699448780884,87.481612113,0.09000000000000005,0.8275642425549572,0.03247252000623865,93.79467640099999,9.30369
203420,12.21,90.03,52.406223,-1.479399,False,0.28004000000000007,0.7358333661004145,0.6180497646270608,0.03553880664538098,87.00675792999999,0.027420000000000062,0.8164925838950162,0.03370868664833397,94.098464357,9.27886
203521,12.21,90.03,52.406223,-1.479399,False,0.2633000000000001,0.7374637256615857,0.6134351112111828,0.035645135245453395,87.309922123,0.03478000000000006,0.82077510087857,0.03364600025758407,92.9483111265,9.29583
203620,12.21,90.03,52.406223,-1.479399,False,0.14172000000000007,0.6963301225392701,0.4760323949060723,0.035780474191007175,85.325996723,-0.06459999999999994,0.7535961473716133,0.033531419759848004,92.59566314700001,9.20139
203721,12.21,90.03,52.406223,-1.479399,False,0.1566700000000001,0.6833987205301321,0.447461701526896,0.033270442337506284,84.391318408,-0.07148999999999994,0.7550596612924809,0.026477042466593433,91.88853583699999,9.15239
203821,12.21,90.03,52.406223,-1.479399,False,0.11800000000000008,0.6810549186535704,0.4649331900630802,0.03246425213471987,86.210069175,-0.07545999999999994,0.7549111120596358,0.028043024484214193,91.375883517,9.25117
203921,12.21,90.03,52.406223,-1.479399,False,0.2067100000000001,0.6311318482606375,0.38688449166243005,0.018500225223854187,88.267070262,-0.08912999999999995,0.7525847623726915,0.02095668548856618,91.299119728,9.366489999999999
204021,12.21,90.03,52.406223,-1.479399,False,0.2432800000000001,0.563648022163556,0.42457494679320296,0.013388220361364013,89.726900111,0.016670000000000056,0.7302329842058813,0.01895774248163566,91.836338144,9.445609999999999
204121,12.21,90.03,52.406223,-1.479399,False,0.1358100000000001,0.44631190003304894,0.29336714274855047,0.012847844609548659,92.54003890099999,0.26876000000000005,0.4214793686792107,0.021032633374513054,91.6503112395,9.605459999999999
204221,12.21,90.03,52.406223,-1.479399,False,0.09410000000000009,0.37594995825390126,0.29170955284705036,0.01607907197432591,92.518814273,0.18069000000000005,0.3576721169202686,0.022949124892538874,90.4767662955,9.60761
204320,12.21,90.03,52.406223,-1.479399,False,0.00917000000000009,0.345631808110562,0.3478320769822422,0.014910417685482616,93.622140655,0.15896000000000005,0.33108456522969704,0.022930038523009087,90.551876384,9.664660000000001
204421,12.21,90.03,52.406223,-1.479399,False,-0.003319999999999912,0.33292191543630206,0.41555259327524274,0.01485120271972002,94.95532584600001,0.20651000000000005,0.32000240780344763,0.020759471733805778,90.98104188800001,9.731399999999999
204521,12.21,90.03,52.406223,-1.479399,False,0.06006000000000009,0.4109197656207068,0.39419318459072555,0.015644040398822716,96.856118033,0.16725000000000007,0.3041484442030162,0.020832370644424534,92.083020078,9.826530000000002
204621,12.21,90.03,52.406223,-1.479399,False,0.026680000000000082,0.44534377432869987,0.3765189185153905,0.015718481690884266,97.726858064,0.23103000000000007,0.32375489717446493,0.020792049762670052,91.5264273935,9.87016
204721,12.21,90.03,52.406223,-1.479399,False,0.017130000000000072,0.45437208210892377,0.3250053881604592,0.015750682524893873,100.203782656,0.26860000000000006,0.28115322433783213,0.018365683579255856,92.29755053199999,9.996129999999999
204820,12.21,90.03,52.406223,-1.479399,False,0.019860000000000076,0.4542142035060829,0.3364687444622423,0.015573727877422196,99.969018724,0.30094000000000004,0.2555831728072604,0.016347150618176483,93.0895439495,9.98404
204921,12.21,90.03,52.406223,-1.479399,False,-0.023789999999999926,0.4480524385232883,0.32350822915859473,0.015127766964536788,101.29381329399999,0.3728000000000001,0.25156218140077136,0.011279066155198667,94.780441778,10.050790000000001
205021,12.21,90.03,52.406223,-1.479399,False,0.07317000000000008,0.41712370147635125,0.3235604921975296,0.015499681000301534,101.270528414,0.3028800000000001,0.33975657233444084,0.012889530635365083,95.4987142625,10.05059
205120,12.21,90.03,52.406223,-1.479399,False,0.08786000000000008,0.4226180129725753,0.35976504740362236,0.01544371860804391,100.281752592,0.24139000000000005,0.29938939137295856,0.014232392630897137,96.4108957465,9.99984
205220,12.21,90.03,52.406223,-1.479399,False,0.05653000000000008,0.3969850516357272,0.3612359648945948,0.01877978818955213,102.89497613199998,0.35353000000000007,0.4059589827392297,0.015035990156953907,97.7068952025,10.130770000000002
205320,12.21,90.03,52.406223,-1.479399,False,0.06918000000000009,0.38778972194276023,0.36031380705650357,0.01877978818955213,102.708212202,0.34231000000000006,0.4048402413298406,0.01613845992927775,98.1651764285,10.12182
205421,12.21,90.03,52.406223,-1.479399,False,0.1000900000000001,0.41525642800563484,0.35442028237045314,0.019974174993392442,101.743794942,0.39065000000000005,0.4339649557023945,0.01825096953284683,98.34956039400001,10.07301
205521,12.21,90.03,52.406223,-1.479399,False,0.047020000000000096,0.35086603901394053,0.36040782532507826,0.019676144608806474,101.00038998299999,0.41344000000000003,0.4230865086217961,0.02195219300611654,98.928254008,10.03845
205621,12.21,90.03,52.406223,-1.479399,False,0.06239000000000009,0.32568654135874425,0.38481914655530375,0.019546755911574277,100.36267651099999,0.4224500000000001,0.42854107089571686,0.02225800480226815,99.0447672875,10.006499999999999
205720,12.21,90.03,52.406223,-1.479399,False,0.09107000000000008,0.2903091189672734,0.35536159424825847,0.01964763203148007,99.55204474299998,0.45241,0.4160363163902387,0.02199751501117071,99.8779136995,9.967659999999999
205821,12.21,90.03,52.406223,-1.479399,False,0.0979400000000001,0.288947719992541,0.3417393134149631,0.01958235032993848,99.89905283499999,0.40369,0.46705608858989545,0.023147606067727193,99.9340357795,9.98545
205921,12.21,90.03,52.406223,-1.479399,False,0.09492000000000009,0.2921172968365791,0.3289492039476238,0.01980754345641516,98.85781681099999,0.3569000000000001,0.4592938130071754,0.023146799634795035,100.0758150525,9.93351
206021,12.21,90.03,52.406223,-1.479399,False,0.0981100000000001,0.2957917302202102,0.42052365979150425,0.018983223587625338,100.488069659,0.4175000000000001,0.39093308037736674,0.020461117597368603,100.87929903649999,10.01202
206120,12.21,90.03,52.406223,-1.479399,False,0.03945000000000008,0.31015784959704845,0.38999551008810884,0.019920065260937203,101.727220782,0.47742000000000007,0.3918924223134071,0.018562734472892858,101.004486687,10.07483
206220,12.21,90.03,52.406223,-1.479399,False,-0.05282999999999991,0.38063469232322766,0.4737545103860325,0.019443662206487678,98.17201106600001,0.43279000000000006,0.32530156419339573,0.01867184451996619,100.533493599,9.89125
206321,12.21,90.03,52.406223,-1.479399,False,-0.03714999999999991,0.38030453659607305,0.47506717232642,0.019626807064715156,98.218780895,0.38997000000000004,0.36620889014635577,0.018603049331882615,100.46349654849999,9.89364
206420,12.21,90.03,52.406223,-1.479399,False,-0.06000999999999991,0.3456976664016605,0.5092317382314455,0.016650662315822535,99.38266686,0.33666000000000007,0.33126456429198575,0.021026282494905495,100.563230901,9.951789999999999
206521,12.21,90.03,52.406223,-1.479399,False,-0.05121999999999991,0.3547900969430899,0.5103948271246025,0.018637146300392114,99.313466412,0.25177000000000005,0.42743102380514564,0.019900240087887627,100.1569281975,9.948020000000001
206620,12.21,90.03,52.406223,-1.479399,False,0.028550000000000096,0.3653707987176235,0.502461174177222,0.019139955300075447,99.564523197,0.3199300000000001,0.5443250010589091,0.024000185184471026,99.963599854,9.96074
206720,12.21,90.03,52.406223,-1.479399,False,0.04812000000000009,0.3616450125621945,0.5062835196036103,0.019723150525883637,99.81343825000002,0.4019300000000001,0.6191379455877907,0.024771632521450645,99.6827414965,9.9731
206820,12.21,90.03,52.406223,-1.479399,False,0.09911000000000009,0.40010249089729644,0.5163042836674219,0.019792032628195438,100.90445994699999,0.45893000000000006,0.5792771320073579,0.02449602235284587,100.401756391,10.0255
206920,12.21,90.03,52.406223,-1.479399,False,0.09174000000000009,0.40670741653757136,0.5107646708612449,0.02159032962539782,101.756098473,0.47704,0.573624451671613,0.0285973677887399,100.306957642,10.067969999999999
207021,12.21,90.03,52.406223,-1.479399,False,0.009200000000000092,0.4169446512694709,0.4566405174995084,0.02322424260216987,100.68049394399999,0.44212000000000007,0.5984897823317946,0.029483443564896867,100.5842818015,10.0168
207120,12.21,90.03,52.406223,-1.479399,False,0.04664000000000009,0.4035576516710108,0.4870417116519745,0.021892893316731235,101.469283896,0.3999600000000001,0.5889539714141063,0.030559241191859394,101.598252339,10.0552
207220,12.21,90.03,52.406223,-1.479399,False,0.15525000000000008,0.3150982888983466,0.3240142639178371,0.018686073245423474,102.721345032,0.35313000000000005,0.579800143823526,0.03368391637298483,100.446678049,10.124889999999999
207320,12.21,90.03,52.406223,-1.479399,False,0.1860500000000001,0.31613379463624336,0.3388858970541817,0.017009278513668746,103.34727416000001,0.37667000000000006,0.5639200200383061,0.03576575643451914,100.7830275275,10.15477
207421,12.21,90.03,52.406223,-1.479399,False,0.1717400000000001,0.31202029919720037,0.32686176163971475,0.022100500245720883,103.04645842699999,0.34928000000000003,0.574475752897083,0.0341013017021021,101.21456264349999,10.14067
207520,12.21,90.03,52.406223,-1.479399,False,0.1623100000000001,0.3086363500230568,0.3029703315141151,0.0220533293027001,103.73508044300002,0.48514,0.503052909079489,0.03320991987008989,101.52427342749999,10.175479999999999
207620,12.21,90.03,52.406223,-1.479399,False,0.1514500000000001,0.2999391169702413,0.37641025859794713,0.02323818696312883,103.02161654599999,0.28587000000000007,0.505360524884082,0.03127071935355666,101.29306987150001,10.138549999999999
207720,12.21,90.03,52.406223,-1.479399,False,0.1425200000000001,0.303808919479917,0.3917324768824252,0.024750542081605622,103.662865061,0.20323000000000008,0.38325310189366396,0.030360663512000244,101.73815165549999,10.16963
207821,12.21,90.03,52.406223,-1.479399,False,0.12337000000000012,0.2775747388842611,0.4051929484140123,0.0243644002593948,102.47091622800001,0.12925000000000006,0.42356562196561165,0.030773294699571588,101.68768808749999,10.11131
207921,12.21,90.03,52.406223,-1.479399,False,0.1808000000000001,0.2454290574121605,0.4057618240900505,0.023324019569724387,102.037730385,0.10614000000000005,0.4135440113619561,0.028572900914444792,101.89691442899999,10.08973
208021,12.21,90.03,52.406223,-1.479399,False,0.2359300000000001,0.13590271070798182,0.41028185014152435,0.022107316536487228,101.15172639800001,0.13354000000000005,0.40810166543808374,0.027315433163120472,100.916110171,10.04629
208121,12.21,90.03,52.406223,-1.479399,False,0.2607700000000001,0.1272933100275797,0.38614780719304587,0.02207331470853935,99.248538498,0.04805000000000007,0.44955573687314915,0.026104756910060405,100.35891119700001,9.95147
208221,12.21,90.03,52.406223,-1.479399,False,0.2706500000000001,0.1407503641203098,0.3642747552786641,0.019558175329570486,100.142918933,0.052060000000000065,0.4516835032532356,0.0235845146936151,101.43213198250001,9.996620000000002
208321,12.21,90.03,52.406223,-1.479399,False,0.23286000000000007,0.16957216228562347,0.33328235876905415,0.0196805036069258,98.82708013800001,0.06992000000000007,0.4588196324386257,0.02212982903985808,101.087177149,9.932120000000001
208421,12.21,90.03,52.406223,-1.479399,False,0.20607000000000011,0.19638407408839198,0.30270723314780257,0.008780635259225419,97.805069046,0.04543000000000006,0.46771976902129964,0.021080312036484847,100.4257637365,9.88157
208521,12.21,90.03,52.406223,-1.479399,False,0.1918300000000001,0.20037591921186387,0.29015602029099696,0.008156803567846998,97.073715174,-0.04805999999999994,0.3751757490385959,0.02190113137615424,100.4043978085,9.84505
208620,12.21,90.03,52.406223,-1.479399,False,0.1724400000000001,0.1957183134564099,0.2805436080184296,0.007932107748469534,97.166607102,0.036260000000000056,0.3246804487150133,0.02238670488382709,100.09411182400001,9.85046
208721,12.21,90.03,52.406223,-1.479399,False,0.2099400000000001,0.19161112934505756,0.2330278717235307,0.007735064461413323,96.755479737,-0.03917999999999995,0.31245580949774915,0.02242732460390452,100.209172399,9.83003
208820,12.21,90.03,52.406223,-1.479399,False,0.21023000000000008,0.19192528088931884,0.23194302676878412,0.007567070473806408,96.892531986,-0.015639999999999946,0.2902009426433964,0.023060654322412232,99.681724107,9.83701
208920,12.21,90.03,52.406223,-1.479399,False,0.24854000000000012,0.24452565055179273,0.23678603679740218,0.006857955639660605,96.179588333,-0.0038299999999999446,0.30060816152889547,0.04011898414577445,99.10865935899999,9.79865
209021,12.21,90.03,52.406223,-1.479399,False,0.2781300000000001,0.24822411043248765,0.2431462897562304,0.006868519167590104,95.825811885,-0.041199999999999945,0.2979631259811343,0.03949173753246806,98.4887691415,9.77956
209121,12.21,90.03,52.406223,-1.479399,False,0.2500400000000001,0.25724349554459036,0.2980566465549027,0.006877628790344452,95.07489045700001,0.009380000000000058,0.24519614280091992,0.03959774965547652,97.1617144775,9.740269999999999
209221,12.21,90.03,52.406223,-1.479399,False,0.2630000000000001,0.2728724976981003,0.296871752333111,0.0076716577956352046,95.067129086,0.03696000000000006,0.2909270401091505,0.03870688282176429,97.6050240095,9.739180000000001
209320,12.21,90.03,52.406223,-1.479399,False,0.28634000000000015,0.2529811244605676,0.296543214950759,0.007874579353844691,94.87703975299999,-0.020749999999999935,0.2870786351816912,0.036385511463279695,96.8520599455,9.729249999999999
209421,12.21,90.03,52.406223,-1.479399,False,0.3109700000000001,0.2237255513644638,0.3000230674464864,0.00709498257769354,94.318776704,-0.027029999999999936,0.29246800793705874,0.035194350872453206,96.06192287500001,9.70031
209521,12.21,90.03,52.406223,-1.479399,False,0.2918800000000001,0.2521769916370465,0.32678153099586066,0.00796414883503967,94.989875439,-0.004769999999999938,0.29532093672252796,0.035206653411599044,96.0317953065,9.73403
209620,12.21,90.03,52.406223,-1.479399,False,0.2743600000000001,0.2702649325713153,0.37248159402699055,0.008531568827986079,94.405745119,-0.05470999999999994,0.29397631593946166,0.032728248077497774,95.7861761105,9.70257
209720,12.21,90.03,52.406223,-1.479399,False,0.25713000000000014,0.26971859018037414,0.32244914775649186,0.006677998702205903,93.59718817699999,-0.014629999999999938,0.27887457575047014,0.033501104459405726,95.176333957,9.66292
209820,12.21,90.03,52.406223,-1.479399,False,0.21451000000000012,0.27843033619042057,0.3166700884025646,0.006586931506146373,93.202358369,-0.04643999999999994,0.31400164967720284,0.032734570580826704,95.04744517750001,9.643460000000001
209920,12.21,90.03,52.406223,-1.479399,False,0.17960000000000012,0.22973142773440522,0.36454044448684325,0.00927699664043616,94.399385947,-0.05932999999999994,0.3013382560438691,0.01831533662141019,95.28948714,9.70567
210020,12.21,90.03,52.406223,-1.479399,False,0.14647000000000013,0.21131704485072572,0.38304891550122616,0.012081487215294751,93.831251912,-0.029229999999999944,0.30183506552052985,0.02124508832125185,94.8285318985,9.67665
210120,12.21,90.03,52.406223,-1.479399,False,0.12273000000000012,0.23526250137995774,0.35709022653789774,0.01277927575760403,95.279386988,-0.014709999999999945,0.3059004175290534,0.020612674094676493,95.17713872249999,9.75191
210220,12.21,90.03,52.406223,-1.479399,False,0.10418000000000012,0.19683581878193443,0.3961162618334254,0.012607956041942434,95.90733500399999,-0.10214999999999996,0.2411354817432734,0.02166909986337464,95.487232045,9.78368
210320,12.21,90.03,52.406223,-1.479399,False,0.14650000000000013,0.25435574387940135,0.3948554987446506,0.012885741473944388,96.155373704,-0.05990999999999995,0.2467400586762523,0.026289034469400865,95.51620672850001,9.79466
210421,12.21,90.03,52.406223,-1.479399,False,0.11444000000000012,0.27113607161964337,0.4390628996953466,0.013293695247497232,98.070594697,0.0025100000000000513,0.2635130587107891,0.026064143100350892,96.1946857005,9.89029
210520,12.21,90.03,52.406223,-1.479399,False,0.16386000000000012,0.27007073641301077,0.4987544562875236,0.01459351454128387,99.21164294100001,0.003770000000000051,0.2642158589318888,0.02593804798617943,97.10075918999999,9.94461
210620,12.21,90.03,52.406223,-1.479399,False,0.20823000000000014,0.2679825659752257,0.4123412093023022,0.01439910876871657,100.437493461,0.07672000000000005,0.27977317717513794,0.028487238858439592,97.42161929,10.008819999999998
210721,12.21,90.03,52.406223,-1.479399,False,0.22572000000000014,0.27213999583547605,0.42577854559487277,0.014889701884934409,100.01513893500001,0.10177000000000005,0.2899931763565097,0.02918348086770268,96.806163556,9.986709999999999
210821,12.21,90.03,52.406223,-1.479399,False,0.2163600000000001,0.28320912650077656,0.4081203477189274,0.014889981717770933,100.784366862,0.14289000000000004,0.21785304654489723,0.029180808000389028,96.9933626155,10.025739999999999
210921,12.21,90.03,52.406223,-1.479399,False,0.22814000000000015,0.2913262440022252,0.4555218678736591,0.013196906203096631,99.047425585,0.12925000000000003,0.22127465211060884,0.02537440530228161,96.72340576600001,9.93641
211021,12.21,90.03,52.406223,-1.479399,False,0.20284000000000013,0.31311864347063134,0.4336622276226774,0.008849256089261417,99.358659009,0.14672000000000004,0.2264825124473161,0.020856664269351816,96.5949554605,9.95289
211120,12.21,90.03,52.406223,-1.479399,False,0.2021000000000001,0.3141488536064101,0.4363731875101563,0.00886544477796281,99.001096709,0.09016000000000005,0.292810709427712,0.02103493390634867,97.1402418485,9.93479
211221,12.21,90.03,52.406223,-1.479399,False,0.1893800000000001,0.30667449555224124,0.419147625677526,0.009894807841601535,98.557892053,0.17943000000000006,0.2922189972149954,0.02471197640371546,97.23261352850001,9.91359
211321,12.69,89.31,52.406223,-1.47771,False,0.1299000000000001,0.27101294762017714,0.42373987093760535,0.011045059227244115,99.227974078,0.16861000000000007,0.29503674516914696,0.023955412285698408,97.69167389100001,9.94904
211420,12.69,89.31,52.406223,-1.47771,False,0.1471400000000001,0.2560449057836866,0.3780374708059108,0.01095985097222268,98.02809968599999,0.12252000000000005,0.300354896747172,0.024647974899911742,98.0493471915,9.89034
211521,12.69,89.31,52.406223,-1.47771,False,0.1589700000000001,0.2703819563752962,0.2687384786160811,0.010705637144358281,96.51011787600001,0.19611000000000006,0.38410574195135916,0.02855456569836485,97.8608804085,9.81601
211620,12.69,89.31,52.406223,-1.47771,False,0.1595600000000001,0.27096367202183175,0.2696239786979002,0.010771263208700648,96.868258911,0.12935000000000008,0.3916274313681363,0.027223317211537847,98.652876186,9.834190000000001
211720,12.69,89.31,52.406223,-1.47771,False,0.16094000000000008,0.2721429493646458,0.4843687540385781,0.01487511344494546,99.954214971,0.11851000000000005,0.3872676520616429,0.033570061066373016,99.984676953,9.982510000000001
211821,12.69,89.31,52.406223,-1.47771,False,0.1620500000000001,0.27088357995435636,0.48453955967380474,0.015438408092949276,99.98106155100001,0.17400000000000004,0.39642442463154137,0.03400199503950732,100.3827142065,9.98386
211921,12.69,89.31,52.406223,-1.47771,False,0.10767000000000011,0.258899105401654,0.5463509783605695,0.01903133089291321,99.316006003,0.30137,0.5247032241605232,0.033721771734131975,99.181715794,9.948640000000001
212021,12.69,89.31,52.406223,-1.47771,False,0.0830000000000001,0.29492916663723207,0.530263933862705,0.019308573225383516,99.753493066,0.20030000000000006,0.6172939206281304,0.03382294421772843,99.55607603749999,9.97072
212121,12.69,89.31,52.406223,-1.47771,False,0.11965000000000012,0.27899648444618863,0.5266587772615797,0.019244753974929186,100.163876198,0.22230000000000008,0.5955387906015149,0.03382431078381366,99.58248645350001,9.99149
212221,12.69,89.31,52.406223,-1.47771,False,0.1396500000000001,0.29948313716208397,0.550920216445979,0.020074096077615313,98.83058198699999,0.10125000000000006,0.6365041838912887,0.03176516085972899,98.69423702,9.92256
212320,12.69,89.31,52.406223,-1.47771,False,0.12954000000000013,0.3056846312423588,0.5673837189729283,0.019389942983126227,99.326855341,0.17180000000000006,0.6686166282374076,0.03297164606816679,99.2774147095,9.94667
212421,12.69,89.31,52.406223,-1.47771,False,0.16909000000000013,0.31520200383598695,0.5913820371713062,0.019471848625358765,98.406141366,0.11703000000000008,0.7155765787888223,0.03408916413042604,98.217120526,9.89815
212521,12.69,89.31,52.406223,-1.47771,False,0.1896900000000001,0.34454634408482937,0.5947111343613205,0.018300543404196665,98.804058701,0.02599000000000006,0.6640936922687308,0.024759960958504797,97.6570882885,9.9168
212621,12.69,89.31,52.406223,-1.47771,False,0.16135000000000013,0.3366715552450346,0.5957764518303412,0.01838530814415556,98.54166947,0.07514000000000007,0.6628413203776636,0.024412157717917105,97.70496419050001,9.90425
212720,12.69,89.31,52.406223,-1.47771,False,0.14585000000000012,0.32917584375392783,0.43517285403490585,0.014695914020192347,94.738862147,0.057160000000000065,0.6611921391614494,0.0214850568225146,97.346538559,9.71852
212821,12.69,89.31,52.406223,-1.47771,False,0.19992000000000013,0.32684331890236124,0.444673698220263,0.012870655685619703,94.96031481100002,0.03458000000000006,0.648815150528685,0.022723761425726775,97.470688181,9.72863
212921,12.69,89.31,52.406223,-1.47771,False,0.2047000000000001,0.32254281369558707,0.41061323461919874,0.012107683510894933,95.31818810000001,-0.08172999999999994,0.48087431263851105,0.028848523936821236,97.3170970515,9.748380000000001
213021,12.69,89.31,52.406223,-1.47771,False,0.22800000000000012,0.2802979961873904,0.42061648934760953,0.012954797481156346,95.94792548800001,-0.011939999999999956,0.4244243034197477,0.030600052650644846,97.85070927699999,9.7809
213120,12.69,89.31,52.406223,-1.47771,False,0.2388300000000001,0.2799988255927746,0.41920987331989873,0.015426330304601407,95.90228226,0.008580000000000046,0.41824887009212347,0.029813429114336553,98.033079229,9.778369999999999
213221,12.69,89.31,52.406223,-1.47771,False,0.2332600000000001,0.27481390956225005,0.41065866929441935,0.017416543859216073,97.139908494,0.08682000000000004,0.353451643085733,0.02839921751660721,97.9852452405,9.84204
213321,12.69,89.31,52.406223,-1.47771,False,0.2627800000000001,0.25197288125686995,0.3705083174954782,0.017400817349895997,95.38830861,0.07415000000000004,0.3281391854076627,0.026824830951108887,97.35758197550001,9.7539
213421,12.69,89.31,52.406223,-1.47771,False,0.2237800000000001,0.25606366309094925,0.3551876200607804,0.019020424694405555,95.77345214900001,0.16675,0.20403663205960432,0.023995749623631542,97.0897967575,9.77501
213520,12.69,89.31,52.406223,-1.47771,False,0.1870600000000001,0.19939947732016494,0.42913480723168407,0.020910361599508966,93.460369157,0.18099000000000004,0.1932625241018711,0.02404004991675377,96.132213929,9.655249999999999
213621,12.69,89.31,52.406223,-1.47771,False,0.17458000000000012,0.2078585726454927,0.42928114602592343,0.020854962106041843,93.466407613,0.15418000000000004,0.19640222220966105,0.025782759097247115,96.0040385415,9.65563
213721,12.69,89.31,52.406223,-1.47771,False,0.2108000000000001,0.2450721617084323,0.42603817786672205,0.022667784286172332,95.026816817,0.10638000000000006,0.27297858605474673,0.026686677908233345,94.882839482,9.73473
213820,12.69,89.31,52.406223,-1.47771,False,0.2419500000000001,0.2914990766137457,0.4015571441277029,0.026294530483226553,94.00189866899998,0.09982000000000005,0.26974999454227966,0.024682879806772272,94.48110674,9.681000000000001
213921,12.69,89.31,52.406223,-1.47771,False,0.27506000000000014,0.27464883922727357,0.35999890493660147,0.024483155206976203,95.001987012,0.09886000000000003,0.26965206882615705,0.024242866075519336,95.16008755600001,9.733540000000001
214021,12.69,89.31,52.406223,-1.47771,False,0.2513100000000001,0.3224613652999548,0.34600762933142454,0.024280161083119266,94.07301189699999,0.07923000000000005,0.28648446554744356,0.02419118526332381,95.0104686925,9.68548
214121,12.69,89.31,52.406223,-1.47771,False,0.2503800000000001,0.3223809058310436,0.33069580533575527,0.02369121965811144,93.364991789,0.10254000000000005,0.2876091723154954,0.032865261971334624,94.63363702449999,9.649370000000001
214220,12.69,89.31,52.406223,-1.47771,False,0.1581900000000001,0.3872333561447288,0.3034671690095384,0.02202553064059972,92.884641875,0.12407000000000004,0.2994784468223304,0.032835592138883686,95.0122751845,9.625060000000001
214320,12.69,89.31,52.406223,-1.47771,False,0.2595900000000001,0.5147227656170302,0.5274026339840654,0.022339404647393743,96.08626932799999,0.05107000000000004,0.24682073139112307,0.0350883899760465,95.73728896899999,9.773950000000001
214421,12.69,89.31,52.406223,-1.47771,False,0.34502000000000016,0.5415292006079739,0.5348791702597648,0.02468540054364112,95.846722759,-0.012899999999999962,0.2679293439198812,0.03393974399170141,95.810087454,9.75737
214520,12.69,89.31,52.406223,-1.47771,False,0.40043000000000006,0.5684227946207339,0.46237242865224365,0.024985295675656865,98.57733246999999,0.04029000000000004,0.33849820432808475,0.03688857245513558,96.0188508135,9.89615
214621,12.69,89.31,52.406223,-1.47771,False,0.4187600000000001,0.5567021290101603,0.46269619070064244,0.022684003174043108,99.00496081399999,0.08683000000000005,0.36526477778303956,0.03665439794743462,96.2356842135,9.91756
214721,12.69,89.31,52.406223,-1.47771,False,0.3602700000000001,0.5681148789344168,0.8356597979374654,0.024205419503353604,94.738197354,0.11153000000000005,0.3319825800316166,0.03662688751298559,94.88250708550001,9.67933
214821,12.69,89.31,52.406223,-1.47771,False,0.2805700000000001,0.5645057937897734,0.8547238725004811,0.02307495034303066,95.97751793699999,0.16134000000000004,0.3791620972618494,0.0346409856801001,94.989708303,9.74446
214920,12.69,89.31,52.406223,-1.47771,False,0.2771400000000001,0.5645166294174945,0.8582573418788128,0.0229855606849169,96.57014992999999,0.17299000000000003,0.3795164714621952,0.036489304368997555,95.786068471,9.77464
215021,12.69,89.31,52.406223,-1.47771,False,0.4076200000000001,0.5418520724740702,0.8739338864518787,0.02240243290359325,98.249253341,0.22129000000000004,0.3532472110450627,0.04279369761490079,96.161132619,9.85553
215121,12.69,89.31,52.406223,-1.47771,False,0.4669600000000001,0.5575302327627133,0.878148157330082,0.021031376031486276,99.60180860599999,0.26871,0.38356704889758686,0.033080077925476035,96.4834001975,9.920179999999998
215220,12.69,89.31,52.406223,-1.47771,False,0.54532,0.45510348469087664,0.8910065607066081,0.021064356413408616,100.763358521,0.24479,0.38424204307528675,0.03364098690585655,96.824000198,9.97823
215320,12.69,89.31,52.406223,-1.47771,False,0.4748000000000001,0.3874899023773979,0.8306700465420783,0.021391940330673813,99.300306812,0.3081900000000001,0.3731573110335391,0.033180677107819016,97.69328807,9.91558
215421,12.69,89.31,52.406223,-1.47771,False,0.40950000000000014,0.3663242522380662,0.8302057686033136,0.018788483470230075,99.24297746799999,0.38324,0.285067680852583,0.032453366543395944,97.5448501135,9.916360000000001
215522,12.69,89.31,52.406223,-1.47771,False,0.3430900000000001,0.3272010780001262,0.8202071757929328,0.012086981058606349,98.46298043,0.32551,0.28536566970195987,0.030029807414190045,98.52015645,9.88147
215621,12.69,89.31,52.406223,-1.47771,False,0.3920100000000001,0.3361409474544213,0.8295998952641082,0.012283778825028548,97.381429379,0.2627400000000001,0.3154486300845607,0.03231207032811265,98.1931950965,9.82378
215720,12.69,89.31,52.406223,-1.47771,False,0.4527200000000001,0.311017562205096,0.3572763737251845,0.010900866428357263,101.698036819,0.32081000000000004,0.2711128114928529,0.03225912618503842,98.2181170865,10.064350000000001
215821,12.69,89.31,52.406223,-1.47771,False,0.4966500000000001,0.2578092673534726,0.47147607928009394,0.010167792287414094,99.36780141300001,0.20386,0.33866007605136317,0.030952689705419926,97.67265967499999,9.9429
215921,12.69,89.31,52.406223,-1.47771,False,0.5589700000000002,0.26933974022907936,0.49499038554074337,0.010954065708929862,100.290088677,0.22141000000000002,0.3449874376134804,0.030654809301859025,98.43011930349999,9.984580000000001
216021,12.69,89.31,52.406223,-1.47771,False,0.5840600000000002,0.3135539266041653,0.48073863954913343,0.011593273912057694,99.89658711199999,0.24117000000000002,0.3529655792157572,0.02342975316415739,99.0729202265,9.96288
216120,12.69,89.31,52.406223,-1.47771,False,0.5325500000000001,0.30450770196426347,0.5038134206010934,0.010362480398051302,98.041032218,0.11787,0.39052628606934425,0.023490376280038337,98.82142041200001,9.871450000000001
216221,12.69,89.31,52.406223,-1.47771,False,0.5243900000000001,0.3123555611087414,0.4855497576058582,0.010690806018880466,95.987628823,0.12294000000000002,0.3909925836182173,0.021037873255420104,98.375493672,9.76794
216320,12.69,89.31,52.406223,-1.47771,False,0.4743200000000001,0.3507324329963747,0.439139190285314,0.011756043363119794,94.24611425200001,0.06957000000000002,0.3641687980105501,0.016137082897613588,96.773210532,9.68178
216421,12.69,89.31,52.406223,-1.47771,False,0.48961000000000005,0.3419066066437846,0.4331290061863749,0.009639617327582022,94.733017085,-0.0014799999999999813,0.3676198392663633,0.016801590533174326,96.98799727650001,9.706660000000001
216520,12.69,89.31,52.406223,-1.47771,False,0.5460400000000002,0.3405146438358678,0.43020801635177597,0.014102107801475701,93.902461172,0.07326000000000002,0.449385089007442,0.017916724030916174,96.18272080099999,9.66092
216621,12.69,89.31,52.406223,-1.47771,False,0.5456900000000001,0.34037861419307947,0.4264922476825694,0.01628676695289078,94.68330550700001,0.14999,0.47209420069869257,0.013298721743085305,96.032367443,9.70142
216720,12.69,89.31,52.406223,-1.47771,False,0.5101600000000002,0.35180530663675164,0.4034035398952229,0.016295551540220953,93.885112752,0.11423000000000001,0.4661919157743274,0.016903043775867654,97.79157478549999,9.662659999999999
216821,12.69,89.31,52.406223,-1.47771,False,0.5558200000000001,0.3631043033497571,0.3451638844246426,0.016375079304303222,95.59030055999999,0.21105000000000002,0.42782064063759184,0.02440662250747184,97.4790509865,9.74964
216921,12.69,89.31,52.406223,-1.47771,False,0.55461,0.3619099594896209,0.25640863241664563,0.01635522682338713,94.349157294,0.16774000000000003,0.42721787363774893,0.02399238073500298,97.31962298549999,9.688369999999999
217021,12.69,89.31,52.406223,-1.47771,False,0.4624800000000001,0.30344433060740916,0.1975902168068407,0.016040230671657982,93.1720584,0.11253000000000002,0.42133102596942545,0.025181044458084122,96.53432275600001,9.63536
217120,12.69,89.31,52.406223,-1.47771,False,0.5161800000000001,0.3277880643207013,0.16990310604706765,0.01727430976270182,93.859540025,0.22593000000000002,0.37676925756283286,0.02748701511623276,95.9502861215,9.66801
217221,12.69,89.31,52.406223,-1.47771,False,0.5826100000000001,0.3285651379694601,0.2468408531377544,0.016932742771854043,93.32330742799999,0.21069,0.3819653022345289,0.029914218098497126,94.6554681255,9.63493
217321,12.69,89.31,52.406223,-1.47771,False,0.6440400000000002,0.26254511231405875,0.36828765629297816,0.013260991248352687,95.37496277199999,0.27741,0.3990042925138126,0.02972516517102055,94.810538512,9.735299999999999
217420,12.69,89.31,52.406223,-1.47771,False,0.6896300000000002,0.2506237509805435,0.438289899115487,0.012647727068528864,96.9750544,0.37663,0.3494793748484277,0.04534948364277896,95.8540357425,9.81173
217520,12.69,89.31,52.406223,-1.47771,False,0.6491100000000001,0.26453185252442046,0.4736994222781612,0.01171584397301354,96.351497551,0.31627000000000005,0.31654119286086824,0.04525571787078412,95.1269793615,9.78086
217621,12.69,89.31,52.406223,-1.47771,False,0.6802100000000001,0.283941854180671,0.4735037697843566,0.010891097281724998,96.37565181099998,0.25259,0.3131319262263527,0.046552891066685385,95.52947865899999,9.7795
217721,12.69,89.31,52.406223,-1.47771,False,0.7411800000000002,0.24396979230133745,0.5675526779270968,0.009952196854072969,94.748227774,0.2749400000000001,0.3027273661600912,0.04541439933178327,94.316670263,9.6879
217821,12.69,89.31,52.406223,-1.47771,False,0.7549600000000002,0.25391689891686575,0.5756061026817221,0.010518074390727923,95.05711961300001,0.2839,0.31092603264728647,0.04037256494204958,95.3237100865,9.702110000000001
217921,12.69,89.31,52.406223,-1.47771,False,0.7360900000000001,0.2513169908479947,0.5757115192910779,0.01940418339774521,94.575560786,0.2548,0.35342849033118645,0.04831558754687776,94.46235904,9.67877
218021,12.69,89.31,52.406223,-1.47771,False,0.81784,0.19871169623911109,0.6944638920299097,0.02087845513654893,97.33296215200001,0.30661,0.3338529498313812,0.0480877161491836,95.252510276,9.80788
218120,12.69,89.31,52.406223,-1.47771,False,0.7916500000000001,0.20577576927866076,0.6937856589434176,0.023931996248630034,97.802629532,0.27294,0.3181336483653151,0.04637864570875034,95.8310847785,9.83385
218221,12.69,89.31,52.406223,-1.47771,False,0.8009700000000002,0.21247511252955462,0.6720752339664866,0.02419030108673028,98.169718476,0.31395,0.3090233225646448,0.04537297776332428,95.74651295199999,9.852970000000001
218320,12.69,89.31,52.406223,-1.47771,False,0.8548899999999999,0.2329903739070265,0.6317260560471492,0.02713646378337944,96.44351201200001,0.27183,0.28311382496955645,0.04506564224673959,95.909237392,9.76241
218421,12.69,89.31,52.406223,-1.47771,False,0.8369100000000002,0.24152848210235842,0.5807316726911527,0.02666926862305913,95.13926724000001,0.26901,0.2789834461437201,0.025767240183354398,96.05716082000001,9.69963
218520,12.69,89.31,52.406223,-1.47771,False,0.8638000000000001,0.1967080521427135,0.5845041477849192,0.02726733699257528,97.53440775700001,0.33544,0.33613138039893337,0.026970850520103805,96.942952654,9.82069
218620,12.69,89.31,52.406223,-1.47771,False,0.8196200000000001,0.21765558828367726,0.6029858708497584,0.027152237476863624,96.538711776,0.41058000000000006,0.3321058459119505,0.027071510239856825,96.4571817935,9.77226
218720,12.69,89.31,52.406223,-1.47771,False,0.7976400000000001,0.22414858762288856,0.49625709521935524,0.027557674873697924,98.37467936700001,0.4068300000000001,0.33436843634264524,0.025593566900037064,96.56145357049999,9.87277
218821,12.69,89.31,52.406223,-1.47771,False,0.75891,0.2228440882470722,0.5206091005308614,0.027683681514968698,96.873210939,0.38662,0.3290116404560164,0.023281847960255432,95.965165276,9.7984
218920,12.69,89.31,52.406223,-1.47771,False,0.7346,0.24432987264489126,0.5661929322726945,0.024482274767222412,98.860006123,0.45087,0.22286240423684175,0.015092385865432855,96.7177834545,9.898390000000001
219021,12.69,89.31,52.406223,-1.47771,False,0.7494000000000001,0.2691435346097402,0.4396238953165882,0.023977908814388063,96.471827976,0.42074999999999996,0.24619488328468342,0.015239582963089736,96.902395064,9.78116
219121,12.69,89.31,52.406223,-1.47771,False,0.8133900000000001,0.3092783588003285,0.6983406398981302,0.024647210795544345,99.921827403,0.54832,0.42110396393817934,0.01778404091063439,98.8622284675,9.93656
219221,12.69,89.31,52.406223,-1.47771,False,0.7146700000000001,0.3961739967068368,0.7869922157598915,0.025437865476489917,98.734735474,0.5546800000000001,0.4196936522962681,0.018263272190686904,98.452226975,9.875490000000001
219320,12.69,89.31,52.406223,-1.47771,False,0.6867300000000001,0.3691251821687502,0.7994829663253881,0.020762586544070028,98.21700247800001,0.59829,0.4065291419101773,0.021872722738607714,97.33025724500001,9.851270000000001
219421,12.69,89.31,52.406223,-1.47771,False,0.63127,0.41348683184729446,0.799580601801829,0.02282663161991074,98.075229778,0.5564,0.42445223523972986,0.03166000631711889,96.607248509,9.84619
219520,12.69,89.31,52.406223,-1.47771,False,0.5509100000000001,0.48074376739474234,0.7789767248698042,0.026243763280274966,96.504081114,0.47924000000000005,0.43069216694371154,0.027860174682391027,97.0192444355,9.76967
219621,12.69,89.31,52.406223,-1.47771,False,0.5617800000000001,0.4815070296013931,0.765555935179714,0.026177055262619202,97.217014019,0.4410400000000001,0.4225880899620588,0.030839001280845785,96.87786289750001,9.80639
219721,12.69,89.31,52.406223,-1.47771,False,0.62096,0.526458490924658,0.7809589353978706,0.025302560256929597,96.408555239,0.49610000000000004,0.4248592080521144,0.032415119928823455,97.391617303,9.75831
219820,12.69,89.31,52.406223,-1.47771,False,0.65168,0.5334583057746892,0.7745872277829282,0.02822208748874221,98.159192879,0.51653,0.4232873440898863,0.03222446275735265,97.516201909,9.84573
219921,12.69,89.31,52.406223,-1.47771,False,0.7305800000000001,0.5564261891751701,0.7371619677293887,0.02968521704672392,96.09310643,0.4756100000000001,0.46141707200030707,0.03335475978027735,97.4765562765,9.7361
220020,12.69,89.31,52.406223,-1.47771,False,0.59384,0.5940657730139552,0.7386552289276912,0.029668548629445544,95.65041136900001,0.50885,0.4447612149607208,0.037030679472867235,96.0611196725,9.72055
220120,12.69,89.31,52.406223,-1.47771,False,0.45196000000000003,0.585431730909383,0.4673154842050235,0.030026930505057503,92.88232697000001,0.37140000000000006,0.2712575283133542,0.056367998210174436,96.40207718650001,9.60068
220220,12.69,89.31,52.406223,-1.47771,False,0.5237200000000001,0.5663192852878048,0.4263707183243732,0.05691834794978972,93.256511771,0.27056,0.3828633240320789,0.0578246477627741,95.9956236225,9.61925
220321,12.7,70.3,52.406345,-1.476083,False,0.14796000000000004,1.1929573636788344,0.6748584430991579,0.05684831278645537,91.56102297800001,0.30081,0.4282674721090435,0.06421199264934865,94.88901272800001,9.47884
220420,12.7,70.3,52.406345,-1.476083,False,0.40429000000000004,1.4327871016929827,1.2736298356360138,0.059793370126721486,99.229711267,0.34923000000000004,0.44369006712644604,0.0657975886082968,98.65247052250001,9.785639999999999
220520,12.7,70.3,52.406345,-1.476083,False,0.3520200000000001,1.4643407669588995,1.3947670537883132,0.0635344010053696,103.50863953100001,0.53758,0.6690875873572596,0.06793780161948788,100.0063603225,9.98519
220621,12.7,70.3,52.406345,-1.476083,False,0.2914500000000001,1.4635815531694083,1.4932428036547385,0.06437515393724852,100.917639575,0.40835999999999995,0.8175259196706467,0.07995690228005474,99.06732679699999,9.84368
220720,12.7,70.3,52.406345,-1.476083,False,0.21026000000000006,1.4277006293726673,1.4973029109405716,0.06477758185600253,100.605165936,0.37423,0.8083053851525858,0.0797763993226624,98.5068605875,9.83406
220821,12.7,70.3,52.406345,-1.476083,False,0.13892000000000007,1.4071596243654958,1.4942566728793423,0.06377682964839189,99.254040108,0.41109999999999997,0.8268840587813203,0.07939867057381307,98.70661649350001,9.7695
220921,12.7,70.3,52.406345,-1.476083,False,0.1167400000000001,1.389718847025461,1.4996918052275487,0.06245436022497636,98.843942892,0.37911000000000006,0.8537253987996134,0.08449531282200741,97.468524661,9.75028
221020,12.7,70.3,52.406345,-1.476083,False,0.3148100000000001,1.4832620982520623,1.4986210692944801,0.06033779081139778,99.464652753,0.28164,0.8986702574112261,0.07731838648658473,97.55753206099999,9.765460000000001
221121,12.7,70.3,52.406345,-1.476083,False,0.40791000000000005,1.479766736459951,1.4878312085045124,0.05892363796568496,98.10595096,0.30800000000000005,0.8985587880353512,0.07779311309135563,95.494138965,9.69415
221220,12.7,70.3,52.406345,-1.476083,False,0.4652900000000001,1.5036540673749843,1.5308352843028752,0.03494672294285176,103.198081508,0.40471,0.8516770272690118,0.07650103557759494,98.2272966395,9.94171
221320,12.7,70.3,52.406345,-1.476083,False,0.8402100000000001,0.9452384266534157,1.3786446001215984,0.03507180729113719,105.22724182799998,0.23807000000000006,0.8878225511516009,0.07331441877284443,98.394132403,10.09983
221420,12.7,70.3,52.406345,-1.476083,False,0.6245500000000002,0.6963205332316443,0.9756475457071796,0.029678433995823324,97.171799628,0.22904,0.8831383938356833,0.06241680774349883,98.2007554475,9.77183
221521,12.7,70.3,52.406345,-1.476083,False,0.6937200000000001,0.5776588204891281,0.7362226976639302,0.019985742140057897,93.353565257,0.07051000000000002,0.642539654548006,0.06254869747289357,98.43110239399999,9.596050000000002
221620,12.7,70.3,52.406345,-1.476083,False,0.7339800000000001,0.5394448005949181,0.6191977247481878,0.01835769593385829,97.362762045,0.19413,0.536319297620367,0.03407847153588659,99.14020081,9.80903
221721,12.7,70.3,52.406345,-1.476083,False,0.7693500000000001,0.5280382314651952,0.6071734491340446,0.01952041666221968,99.715596165,0.15436,0.5325817041126737,0.030935576427293218,100.16038105049999,9.92678
221821,12.7,70.3,52.406345,-1.476083,False,0.7809100000000001,0.514931592975656,0.5994698028721333,0.01929015004837666,101.159287556,0.10877,0.4733322982383092,0.03436951006665985,100.206663832,9.99937
221920,12.7,70.3,52.406345,-1.476083,False,0.73275,0.513998595436907,0.5578294582078317,0.02063842155893812,101.856353997,0.16269000000000003,0.4384370763164229,0.03326356030921006,100.3501484445,10.040000000000001
222020,12.7,70.3,52.406345,-1.476083,False,0.5829000000000001,0.35747647630454293,0.57278205123958,0.020444301026066942,101.15967286,0.21206999999999998,0.37633924131766994,0.03012394580912537,100.3121628065,10.02046
222120,12.7,70.3,52.406345,-1.476083,False,0.5279200000000002,0.3665067038950326,0.5516484548856964,0.020218597049910855,101.92335968,0.16141,0.37884961968218644,0.029064183762455603,100.01465532,10.0623
222221,12.7,70.3,52.406345,-1.476083,False,0.39592000000000016,0.2953862398058974,0.3581297722582931,0.0203107114597199,98.226909312,0.14626,0.36855623180188396,0.0292169965754336,100.71249541,9.89324
222321,12.7,70.3,52.406345,-1.476083,False,0.3873600000000001,0.2804698843013282,0.3911287290223844,0.021969483886113927,97.74897849999999,0.18556,0.28103171114070136,0.03014746902957028,101.488110164,9.86866
222420,12.7,70.3,52.406345,-1.476083,False,0.4477900000000002,0.36222540082109195,0.3889212386703608,0.021831396860688645,98.978425486,0.20467,0.316712912588047,0.03009759864913569,98.07511255699998,9.92591
222521,12.7,70.3,52.406345,-1.476083,False,0.44875000000000015,0.36098066199359496,0.40283680180550485,0.01797952230239222,99.825726637,0.12255000000000002,0.36367938948108874,0.030187002353846283,96.589645947,9.968
222620,12.7,70.3,52.406345,-1.476083,False,0.3667600000000001,0.44664223863550306,0.37203311023497626,0.01790593942429896,99.10271271,0.13314,0.370719691051524,0.02177628934822889,98.2327373775,9.932979999999999
222721,12.7,70.3,52.406345,-1.476083,False,0.32712000000000013,0.4235144646618082,0.33430544998382555,0.014114846399762418,98.11486788900001,0.13859000000000002,0.36927920316326096,0.02349185201535037,98.915232027,9.88665
222821,12.7,70.3,52.406345,-1.476083,False,0.25570000000000015,0.4843035641229807,0.308770533280334,0.013675753076968718,97.024607646,0.08795000000000001,0.3496456404545795,0.019458445752709094,99.09194760099999,9.8317
222921,12.7,70.3,52.406345,-1.476083,False,0.20158000000000015,0.4810944531886524,0.3423857285447367,0.010820664387077851,98.30386773400001,0.07636000000000001,0.3496568737109819,0.022557225991784908,100.0801108655,9.896939999999999
223021,12.7,70.3,52.406345,-1.476083,False,0.2304800000000001,0.49728620375438143,0.4186096225734772,0.01083781958390757,100.87287765900001,0.10980000000000001,0.35464958918785633,0.022519611206432963,101.0162752595,10.02195
223120,12.7,70.3,52.406345,-1.476083,False,0.20702000000000015,0.5029698882084732,0.4254956514988638,0.011141992640456962,100.446480435,0.17762000000000003,0.3776962648007634,0.020543179457480167,101.1849200575,10.000649999999998
223221,12.7,70.3,52.406345,-1.476083,False,0.23559000000000013,0.4955910667520594,0.40192373530310177,0.015039503537905221,101.415797708,0.19014000000000003,0.38446128890522985,0.01793098187805465,99.82135351,10.04957
223321,12.7,70.3,52.406345,-1.476083,False,0.09042000000000014,0.5235896183505203,0.33708631947585094,0.013538274959864196,102.105345945,0.22816999999999998,0.349019257825893,0.022364617392459984,99.92716222250002,10.08703
223420,12.7,70.3,52.406345,-1.476083,False,-0.013309999999999877,0.3827403658704752,0.33778965775891745,0.013683749486160475,102.029088055,0.19136000000000003,0.29861227257655915,0.021748075266050347,100.5037567705,10.089319999999999
223521,12.7,70.3,52.406345,-1.476083,False,-0.003419999999999876,0.3852847541465615,0.33536442599390304,0.01698162405530027,101.28638392600001,0.25693,0.2068226295914324,0.022138513450044278,100.55605528150001,10.05244
223621,12.7,70.3,52.406345,-1.476083,False,0.030870000000000127,0.36243924563680535,0.35527188352333755,0.018324834393673325,101.96763501999999,0.27843999999999997,0.2329485932799655,0.02215493173088136,100.535173865,10.08637
223721,12.7,70.3,52.406345,-1.476083,False,-0.049879999999999876,0.36663447373826114,0.35198697261246265,0.01870964100849249,102.172265074,0.30066000000000004,0.2217247252287877,0.0222198334827247,100.1435664815,10.0964
223820,12.7,70.3,52.406345,-1.476083,False,0.012270000000000125,0.35048667766724156,0.3483109736045233,0.01883724443165122,102.221614022,0.33248,0.19235816593013028,0.020993123212667417,99.62311083400002,10.099590000000001
223920,12.7,70.3,52.406345,-1.476083,False,0.009500000000000125,0.35084596176796384,0.3479453611320768,0.017981425601621907,101.14817784300001,0.31671,0.22428242835021703,0.020279151856032174,99.72602278849999,10.04631
224020,12.7,70.3,52.406345,-1.476083,False,-0.07840999999999987,0.2891548967825577,0.2715442865455921,0.018212111354809938,98.492269231,0.26285,0.2835524104014074,0.020909192555747986,99.682573445,9.91688
224120,12.7,70.3,52.406345,-1.476083,False,-0.036279999999999854,0.328617274179078,0.2927339171025823,0.018931866140334732,98.070428324,0.26455,0.28580570809167105,0.02128195897415911,99.2584543795,9.894179999999999
224220,12.7,70.3,52.406345,-1.476083,False,-0.05254999999999986,0.31678782331396255,0.3161676341577186,0.014334422439242676,96.787962639,0.24114000000000005,0.2801150961856838,0.024366269946611126,99.1018801735,9.828779999999998
224321,12.7,70.3,52.406345,-1.476083,False,-0.04839999999999987,0.30822872099212756,0.3132329591001985,0.014487638408887211,96.921079218,0.22271000000000005,0.2966167802625758,0.022506712578942437,99.5132125815,9.835899999999999
224421,12.7,70.3,52.406345,-1.476083,False,0.010110000000000141,0.3809394424023016,0.42869409723018015,0.014611445285574272,98.245329776,0.10234999999999998,0.42284095315694153,0.026477403363791247,100.1372089155,9.896930000000001
224520,12.7,70.3,52.406345,-1.476083,False,0.03257000000000014,0.3951496145624941,0.44295468604461957,0.011034169152631569,98.945917992,0.19268000000000002,0.5354771803416749,0.026994997478957172,100.11615095900001,9.931149999999999
224621,12.7,70.3,52.406345,-1.476083,False,-0.08564999999999987,0.5609858608834177,0.4083936865601889,0.0079143259697559,97.890940864,0.20313999999999996,0.545582685860828,0.03326554607331092,99.929287942,9.87169
224720,12.7,70.3,52.406345,-1.476083,False,-0.04203999999999987,0.5480173744204331,0.4247248454391766,0.007638389882691058,98.335738315,0.211,0.5476521929513735,0.03179708057877876,100.2540016945,9.89451
224820,12.7,70.3,52.406345,-1.476083,False,-0.09692999999999988,0.5476683689362857,0.4249680374909241,0.0076158387587971655,98.988797379,0.21153999999999998,0.5477564061190415,0.03207280779726054,100.60520570050001,9.92708
224921,12.7,70.3,52.406345,-1.476083,False,-0.03500999999999986,0.5878591960098368,0.43177779534797095,0.00760134491024066,98.742251202,0.22399,0.5404004984988278,0.03241045098935449,99.9452145225,9.91273
225021,12.7,70.3,52.406345,-1.476083,False,-0.031149999999999865,0.5862554396809927,0.415238746452633,0.0067480449843720135,99.11029975400001,0.23494,0.5311876320514703,0.03506640684314412,98.8012844925,9.93201
225121,12.7,70.3,52.406345,-1.476083,False,-0.07004999999999988,0.5660147784682329,0.3964285503789473,0.0038088931025514233,99.612379935,0.16675,0.5211067159847861,0.03532674309609921,98.84140412949999,9.9588
225221,12.7,70.3,52.406345,-1.476083,False,-0.08575999999999986,0.5633949220770634,0.38637221849172865,0.008259432318399328,99.749136335,0.15331,0.5219522699549406,0.029960197670316872,98.268549487,9.96603
225321,12.7,70.3,52.406345,-1.476083,False,0.014550000000000136,0.5488355496462981,0.38253283678949707,0.008187178322773114,99.87031964,0.16854,0.5161695591351564,0.028774991070565546,98.395699429,9.97333
225420,12.7,70.3,52.406345,-1.476083,False,-0.07676999999999987,0.5038591911988445,0.2646655969751673,0.00853749898324363,97.35065783299999,0.24119000000000002,0.4077602957348613,0.027600201287511044,97.79799380450001,9.851560000000001
225520,12.7,70.3,52.406345,-1.476083,False,-0.10763999999999987,0.48354076514349187,0.30321296238049383,0.009336570867055667,97.756209227,0.14398000000000002,0.2593704592105954,0.027919439663272715,98.3510636095,9.87175
225621,12.7,70.3,52.406345,-1.476083,False,0.03715000000000013,0.2918201434293215,0.3047764005518351,0.00915469521308282,97.495435332,0.044590000000000025,0.1969491443100192,0.015425534386565817,97.693188098,9.86579
225721,12.7,70.3,52.406345,-1.476083,False,0.04275000000000013,0.29168898295577855,0.3145439112605925,0.013052888143582856,95.632265636,0.058210000000000026,0.22510366229313564,0.018760644385995652,96.9840019755,9.77061
225820,12.7,70.3,52.406345,-1.476083,False,-0.09780999999999987,0.6343954382805012,0.3131421702322736,0.013719831550634092,95.899057932,-0.028189999999999965,0.27775957009216135,0.019356196251674694,97.4439276555,9.769290000000002
225921,12.7,70.3,52.406345,-1.476083,False,-0.16848999999999986,0.5888047657000653,0.32499436730161607,0.016212765889192834,96.685108308,-0.020039999999999968,0.27956523865937116,0.02035415600477402,97.71367975500002,9.81069
226021,12.7,70.3,52.406345,-1.476083,False,-0.15611999999999987,0.5885912556453926,0.3554088726773408,0.016100603853410014,96.030391915,0.007630000000000034,0.2820892571510025,0.020385354219799035,97.57034583449999,9.77653
226120,12.7,70.3,52.406345,-1.476083,False,-0.23379999999999987,0.6128359813196328,0.3556184228448622,0.01987478860823981,95.860544806,0.09553000000000003,0.37637107885702925,0.01932155963339083,97.7364623705,9.76494
226220,12.7,70.3,52.406345,-1.476083,False,-0.28547999999999984,0.6194028410941886,0.35549061247177277,0.019526645612825716,95.89770695,0.053290000000000025,0.4031410270199139,0.024370692781836924,97.8234216425,9.7651
226321,12.7,70.3,52.406345,-1.476083,False,-0.2861799999999999,0.6185538776497588,0.3656456384108654,0.020298464638160776,96.31980756600001,-0.008009999999999972,0.44634785002532124,0.0264466002856072,98.095063603,9.786380000000001
226420,12.7,70.3,52.406345,-1.476083,False,-0.29082999999999987,0.618463201186796,0.38207189623013293,0.02017270157636021,95.95742931000001,-0.017789999999999973,0.448492426419399,0.02698799939067591,96.65404357150001,9.767149999999999
226521,12.7,70.3,52.406345,-1.476083,False,-0.3541299999999999,0.6125348517068661,0.34685035854417545,0.020186948478878274,95.590381734,-0.20121999999999995,0.6805757591921747,0.036762631993793975,96.6732954805,9.74777
226620,12.7,70.3,52.406345,-1.476083,False,-0.4223399999999999,0.5776539317696067,0.3957500767178984,0.020379074234779745,96.77551397300002,-0.17152999999999996,0.6835321906586929,0.06267325851855278,97.1354746525,9.80591
226721,12.7,70.3,52.406345,-1.476083,False,-0.5200599999999999,0.5692471855198041,0.36209662139023363,0.020545786267099398,97.498028045,-0.24600999999999992,0.6399535911124985,0.061775691011918404,96.56514684049999,9.83961
226821,12.7,70.3,52.406345,-1.476083,False,-0.3770499999999999,0.37259912402234513,0.42451047742599385,0.02017393532919801,95.304888998,-0.23724999999999996,0.6358418955299472,0.07075077463258707,95.601973465,9.74041
226921,12.7,70.3,52.406345,-1.476083,False,-0.3986699999999999,0.36291464270388085,0.6153488618481208,0.020404860532072504,97.612790919,-0.27535,0.6265867187477854,0.06876592260059576,97.1489496135,9.848580000000002
227021,12.7,70.3,52.406345,-1.476083,False,-0.4067499999999999,0.35660831376237007,0.6235500786268526,0.02268424808344125,99.98786495600001,-0.25803999999999994,0.6420039722964723,0.06772096015595512,98.0091284355,9.967850000000002
227121,12.7,70.3,52.406345,-1.476083,False,-0.2975999999999999,0.4031626884191174,0.6352385561521121,0.027401913963971323,101.49824402700001,-0.29180999999999996,0.5860932604022112,0.06686220988803113,98.6793944165,10.04491
227221,12.7,70.3,52.406345,-1.476083,False,-0.31468999999999986,0.4201292299863053,0.6506299135794805,0.026976747188808485,101.241780875,-0.18168999999999996,0.6695542123101214,0.06877450755104617,98.5697439125,10.030100000000001
227321,12.7,70.3,52.406345,-1.476083,False,-0.3436399999999999,0.3738884480103021,0.6878983096682555,0.03222843637397117,99.84549113,-0.08831999999999998,0.6770357939003129,0.06954519234122367,98.08264934799999,9.958699999999999
227420,12.7,70.3,52.406345,-1.476083,False,-0.27624999999999983,0.43772964829903527,0.6918418018432946,0.03261405457092927,99.771810494,-0.10171999999999996,0.6797151883938877,0.06934148670008305,97.864619902,9.95451
227521,12.7,70.3,52.406345,-1.476083,False,-0.2479599999999999,0.42434465080481915,0.683730361407997,0.033806457305602916,99.13680862800001,0.047600000000000024,0.4058979154637064,0.06802405538565844,97.36359518100001,9.924339999999999
227620,12.7,70.3,52.406345,-1.476083,False,-0.2107599999999999,0.4204264612668079,0.731025233566607,0.034152483234914384,96.387440633,0.05373000000000002,0.40595135737617616,0.04967803449323579,96.58147730300001,9.78279
227720,12.7,70.3,52.406345,-1.476083,False,-0.1577499999999999,0.3490736574611882,0.7301613603246285,0.0317234158172021,96.789858038,0.11925000000000004,0.4074567468524232,0.048234106190537154,97.14394304150001,9.80691
227820,12.7,70.3,52.406345,-1.476083,False,-0.13020999999999988,0.346025540001502,0.6846485285653267,0.0319376058380503,98.02488527,0.10211,0.4373783651866397,0.02754303501391584,96.664887134,9.87311
227921,12.7,70.3,52.406345,-1.476083,False,-0.15562999999999988,0.37213063133498614,0.5829027726245041,0.033027740865319025,96.829515246,0.14278000000000005,0.41316242649431567,0.027612396571910617,97.2211530825,9.81707
228020,12.7,70.3,52.406345,-1.476083,False,-0.1684199999999999,0.3756398387344479,0.5725153743690122,0.03491183180527767,96.67174208700001,0.17475000000000002,0.44057254226745,0.02830788072447543,98.3298035215,9.80925
228120,12.7,70.3,52.406345,-1.476083,False,-0.1583599999999999,0.39175237416851,0.5384545032879868,0.03135063529393512,96.005852775,0.08712000000000002,0.46169864341725936,0.030288978560232754,98.752048401,9.77659
228221,12.7,70.3,52.406345,-1.476083,False,-0.12890999999999989,0.3504400359230884,0.568321453346021,0.03131544879661363,98.354787148,0.015570000000000023,0.40027221029361737,0.02797431560080335,99.7982840115,9.89631
228321,12.7,70.3,52.406345,-1.476083,False,-0.1350099999999999,0.34658432499657427,0.5314290833842896,0.02658616181399635,99.59764971700001,-0.01111999999999998,0.3817105325592565,0.026689440275551646,99.72157042350001,9.96078
228420,12.7,70.3,52.406345,-1.476083,False,-0.1600899999999999,0.3132054719615611,0.48773588720399214,0.025246097608233282,101.13021677600001,0.06792000000000002,0.40028580567168076,0.027398994304333596,100.45101363500001,10.04003
228520,12.7,70.3,52.406345,-1.476083,False,-0.13325999999999988,0.3109726647508104,0.5475714955855313,0.024457148466473122,102.96621947700001,0.09210000000000003,0.3910916715497274,0.02914214969573975,101.05151405250001,10.12875
228620,12.7,70.3,52.406345,-1.476083,False,-0.19040999999999988,0.3507606067137809,0.35254517693165727,0.024170011262811646,105.758859505,0.09569000000000003,0.39117891743350475,0.025061781438854357,101.07315006900001,10.27132
228720,12.7,70.3,52.406345,-1.476083,False,-0.1619799999999999,0.34467801657649805,0.32787031379291104,0.024234236571887707,106.39325788400001,0.11853000000000002,0.4181208253071829,0.025210670139623515,101.591557961,10.303560000000001
228820,12.7,70.3,52.406345,-1.476083,False,-0.17970999999999987,0.3423096728272641,0.49021003310372135,0.021406086880968057,105.117647162,0.13768000000000002,0.38244987413022685,0.026775312011876714,101.571266216,10.23541
228920,12.7,70.3,52.406345,-1.476083,False,-0.14252999999999988,0.3100276763631092,0.4926893329246877,0.016594055160408006,105.148280402,0.13545000000000001,0.38277247448350615,0.028454689127336265,100.988897824,10.23831
229020,12.7,70.3,52.406345,-1.476083,False,-0.12767999999999988,0.30417425122963454,0.48666193878981634,0.015030491231715074,104.488227908,0.12779000000000001,0.3719902999034066,0.02848266529351208,100.5799849975,10.206639999999998
229120,12.7,70.3,52.406345,-1.476083,False,-0.14113999999999988,0.2781254241444913,0.5319906065377862,0.010928271185833033,103.25695774900001,0.20899,0.32886797232662557,0.027871698110369433,99.63140526200002,10.144589999999999
229221,12.7,70.3,52.406345,-1.476083,False,-0.09432999999999987,0.25610013254367275,0.5117634722755752,0.010635684170648134,102.213470967,0.23779,0.32369056708873384,0.027893808552357475,100.28412905750001,10.095040000000001
229321,12.76,62.72,52.406788,-1.474508,False,-0.15009999999999987,0.28383580151598187,0.5108940512039197,0.008607677451618905,102.31247780400001,0.21318,0.34297140729545683,0.028774633890904164,100.9550637605,10.09864
229420,12.76,62.72,52.406788,-1.474508,False,-0.10140999999999989,0.3656949319066646,0.553699665984286,0.008545700673437927,100.925840846,0.14682000000000003,0.3441517875718402,0.028338526974970423,101.028028811,10.025929999999999
229521,12.76,62.72,52.406788,-1.474508,False,-0.1298399999999999,0.3710480507966558,0.4740482958283659,0.008771164878927472,98.926667969,0.12878000000000003,0.35348960003561275,0.027980868464006176,100.946443723,9.928930000000001
229620,12.76,62.72,52.406788,-1.474508,False,-0.09697999999999987,0.3318635321935778,0.4909176089506033,0.008570550351834518,99.202396089,0.13072,0.3534917343053814,0.02795851092839797,102.48062779699998,9.94369
229721,12.76,62.72,52.406788,-1.474508,False,-0.1052299999999999,0.33299809158611976,0.4867670923780928,0.008643970281197158,98.16193598100001,0.08685000000000002,0.3057620071231942,0.028584774502055262,102.2775969325,9.8913
229821,12.76,62.72,52.406788,-1.474508,False,-0.05984999999999987,0.34653827510263435,0.3917215938790081,0.008705560164502643,99.567730053,0.20752,0.3096682411154872,0.02686786804592705,102.3426886075,9.96584
229920,12.76,62.72,52.406788,-1.474508,False,-0.015989999999999876,0.35033137471700887,0.3678291615833533,0.011236849103631107,96.898937256,0.27426000000000006,0.34766577884195266,0.025689297382373372,101.023608829,9.83191
230021,12.76,62.72,52.406788,-1.474508,False,0.03684000000000012,0.3641220497458366,0.35514589114897815,0.014738042233922598,96.560179886,0.24905000000000005,0.3325364516360131,0.024919684321168322,100.524203897,9.81458
230120,12.76,62.72,52.406788,-1.474508,False,0.09513000000000012,0.4487199350498145,0.37189745301031046,0.015460429776978589,98.190147523,0.14672000000000002,0.42355600652885417,0.02201681175829086,100.723552636,9.8932
230221,12.76,62.72,52.406788,-1.474508,False,0.12170000000000011,0.4505344307967285,0.4184569975251693,0.019548844808155056,96.60472794500001,0.19396000000000005,0.4683369897840699,0.026219594030250072,99.409099456,9.810690000000001
230320,12.76,62.72,52.406788,-1.474508,False,0.07368000000000012,0.5428809707886647,0.5394954499859652,0.02306812374974026,94.224378625,0.27901000000000004,0.4795359433869413,0.034994990117634676,98.2684282145,9.67945
230420,12.76,62.72,52.406788,-1.474508,False,-0.17983999999999986,0.797370630677268,0.5360446536126162,0.028300106006868542,95.547358976,0.26873,0.4908958795463243,0.0471375068873564,98.23659991100001,9.73058
230521,12.76,62.72,52.406788,-1.474508,False,-0.29998999999999987,0.9042324190531236,0.5613197988273335,0.03166489293278033,96.55862600200001,0.18277000000000002,0.6230183269107504,0.04735449761579635,97.7426469855,9.76981
230620,12.76,62.72,52.406788,-1.474508,False,-0.38059999999999994,0.9419814152448356,0.5506112901938096,0.03970684379857511,96.516466314,0.16433000000000003,0.6271467027560472,0.04932011196707144,97.85943120150002,9.762179999999999
230721,12.76,62.72,52.406788,-1.474508,False,-0.3209299999999999,0.9742019994162727,0.6612284316163207,0.041062061430094894,99.087807546,0.22366000000000003,0.6594125183322934,0.06982686525336168,98.62487176350001,9.88621
230821,12.76,62.72,52.406788,-1.474508,False,-0.39854999999999985,0.9556793072643824,0.6672712482774745,0.044185906501206136,99.909218306,0.21191000000000004,0.649780052445102,0.06875426774632504,99.7384741795,9.92611
230920,12.76,62.72,52.406788,-1.474508,False,-0.44906999999999997,0.9331099411823506,0.7465903475876934,0.04449521322569426,98.893186735,0.19101000000000007,0.6339684823045697,0.0725844611469977,97.8960619955,9.86946
231020,12.76,62.72,52.406788,-1.474508,False,-0.6848099999999999,1.0016829010886272,0.7807454244360192,0.04545945201801024,97.659000743,0.3144,0.7676874856056722,0.07268229495551182,97.10959031450001,9.784600000000001
231120,12.76,62.72,52.406788,-1.474508,False,-0.6833599999999999,1.0042203788677706,0.8153914817095198,0.04466533455725041,98.414797974,0.24366000000000004,0.8864013264631091,0.07085207203117726,98.3024727485,9.82048
231220,12.76,62.72,52.406788,-1.474508,False,-0.8783399999999999,0.9879407350646063,0.7945462845059587,0.04186782907091205,99.367488254,0.20286000000000004,0.8678080922006275,0.06512869396646764,97.9861080995,9.85644
231320,12.76,62.72,52.406788,-1.474508,False,-0.97959,1.0518500468222618,0.6814878452490724,0.04328293094409282,102.261160824,0.24528,0.9053378114764083,0.08393179837092614,98.2427697245,9.99439
231421,12.76,62.72,52.406788,-1.474508,False,-0.79131,1.0319216641780493,0.6833552806231594,0.04017630728012051,101.688674873,0.17398000000000002,0.9749605664960129,0.08232920974828921,98.6180169245,9.984179999999999
231520,12.76,62.72,52.406788,-1.474508,False,-0.6110399999999998,1.0474926329096523,0.678824483615284,0.04025541371459659,101.21280314,0.30317000000000005,0.8875431370424284,0.09035988293731055,98.885714571,9.97182
231620,12.76,62.72,52.406788,-1.474508,False,-0.6677199999999999,1.0931766684504567,0.7422332514483287,0.03325389868538387,98.31570259600001,0.34229000000000004,0.8790925769097253,0.10490966272623967,97.416084455,9.81318
231721,12.76,62.72,52.406788,-1.474508,False,-0.9401699999999998,1.1326465664785066,0.6298683252165601,0.03443276863041299,96.26183691700001,0.25886,0.8697874877105221,0.08066212383902528,97.6748222315,9.688460000000001
231821,12.76,62.72,52.406788,-1.474508,False,-1.0149899999999998,1.128021895423821,0.605382857372096,0.03031990362048588,95.52392926499999,0.15654000000000004,0.879833266022605,0.07751614598836114,97.7165737855,9.64462
231920,12.76,62.72,52.406788,-1.474508,False,-1.1621,1.1198347804723467,0.5266580290430953,0.029625807068237687,98.50275158000001,0.09188000000000003,0.8727421864445446,0.0780206019800755,98.69796915750001,9.786420000000001
232021,12.76,62.72,52.406788,-1.474508,False,-1.0939999999999999,1.0834068036625097,0.5238344968700643,0.025389402863749584,98.314336535,0.021840000000000036,0.7637333307146211,0.07810395423195099,97.986668639,9.78847
232120,12.76,62.72,52.406788,-1.474508,False,-1.23637,0.8629712188454194,0.4437727401372154,0.031470269920813934,95.41292670300001,0.11564000000000005,0.625125441989227,0.07651778660329045,96.9138623385,9.64556
232221,12.76,62.72,52.406788,-1.474508,False,-1.2532799999999997,0.8742329524280723,0.6567133286297794,0.04273007787911874,92.851876414,0.12445000000000003,0.6298523499819477,0.07102748763682994,96.109682334,9.49764
232321,12.76,62.72,52.406788,-1.474508,False,-1.20382,0.8396836570995014,0.6589812188353952,0.041727290563584096,90.233436915,-0.10109999999999994,0.6287870969838186,0.06467622695653608,96.2472988695,9.36797
232421,12.76,62.72,52.406788,-1.474508,False,-1.2986,0.741936538166614,0.7306075976731846,0.04199696285315029,91.569743166,-0.04608999999999995,0.5648336558472613,0.061471760454157844,96.6292090195,9.42908
232520,12.76,62.72,52.406788,-1.474508,False,-1.4237,0.5175336961654369,0.6910339692567015,0.03930304624891613,89.651513866,-0.07501999999999995,0.5513965356760597,0.061478004196623276,95.432158503,9.3249
232620,12.76,62.72,52.406788,-1.474508,False,-1.38642,0.5088373671638262,0.6962423052836355,0.04094421136674195,91.671270353,-0.11573999999999995,0.5314766205791436,0.047574297449124836,94.99348647449999,9.438210000000002
232720,12.76,62.72,52.406788,-1.474508,False,-1.27839,0.39190230486123495,0.7210908437145025,0.04090426356478961,92.03998805900001,-0.14898999999999996,0.5358163148152798,0.03955453197801775,94.15091248799999,9.47626
232820,12.76,62.72,52.406788,-1.474508,False,-1.25572,0.39774649324523503,0.7307149053419486,0.04089754678869296,92.33048404799999,-0.09790999999999997,0.5355673366730984,0.042627702260384946,93.9272066565,9.49372
232921,12.76,62.72,52.406788,-1.474508,False,-1.20256,0.35492028901648986,0.8107199366406814,0.039620344100810924,93.431315823,-0.17269999999999994,0.5875451396370461,0.04503875985069878,95.9670337015,9.55407
233021,12.76,62.72,52.406788,-1.474508,False,-1.16453,0.3615020179749946,0.871851271019192,0.04441661350841093,96.449920002,-0.28493,0.4641177868937112,0.04264926858823183,97.3821282685,9.71041
233120,12.76,62.72,52.406788,-1.474508,False,-1.2648499999999998,0.29637501862785176,0.8989060835877762,0.04178795147992883,96.024525227,-0.24197999999999995,0.47352387901773774,0.04221612251261391,95.718725965,9.67566
233220,12.76,62.72,52.406788,-1.474508,False,-1.15649,0.25367878836564167,0.9030200625924362,0.04003029963526236,95.70647012600001,-0.31587999999999994,0.4029767619437527,0.04533172668721622,94.27917327,9.67353
233320,12.76,62.72,52.406788,-1.474508,False,-1.1360199999999998,0.2280514649517957,0.8653341792497168,0.0515020614474152,96.408429354,-0.3155099999999999,0.4021640225082364,0.04446361933586233,93.3209331345,9.715819999999999
233421,12.76,62.72,52.406788,-1.474508,False,-1.13536,0.22852653237642548,0.8307408886048666,0.05168249219997036,95.25769265800001,-0.4687499999999999,0.658152569697943,0.03381097947905914,93.413717912,9.659220000000001
233520,12.76,62.72,52.406788,-1.474508,False,-1.11679,0.24999336191185864,0.8152610722952512,0.05617575693007318,97.117484251,-0.5427799999999999,0.6373632154779959,0.033900383478657356,93.3844990585,9.757859999999999
233620,12.76,62.72,52.406788,-1.474508,False,-1.02572,0.32095751120669225,0.820012367183164,0.05653733869458895,97.213248605,-0.49948,0.6865691513282266,0.02273739211079459,94.442259479,9.770529999999999
233721,12.76,62.72,52.406788,-1.474508,False,-0.8903599999999999,0.47380248627460225,0.8146964018032202,0.05695944073539422,96.69091151,-0.49558,0.6875513504863192,0.021186633626993894,94.3654497845,9.75186
233821,12.76,62.72,52.406788,-1.474508,False,-0.8225499999999999,0.4945618740079113,0.8125101107746994,0.057027464143749755,96.065917718,-0.55695,0.652019148065799,0.021574318580716425,94.198200883,9.72497
233921,12.76,62.72,52.406788,-1.474508,False,-0.6688099999999999,0.5827779154856277,0.7297210087880642,0.057466636697594636,93.78970104300001,-0.51218,0.6441837053374044,0.021587457778380417,93.61050843299999,9.62068
234020,12.76,62.72,52.406788,-1.474508,False,-0.6217599999999999,0.5776362488625484,0.6800584475698503,0.053457730965689114,89.69243490900001,-0.58805,0.6569774480316871,0.0211413339219649,93.07117745549999,9.412189999999999
234120,12.76,62.72,52.406788,-1.474508,False,-0.46750999999999987,0.5121446680382377,0.658955250883298,0.051942020026606986,90.120714439,-0.6246699999999998,0.6273907873973901,0.013428415146001288,93.072619833,9.44856
234221,12.76,62.72,52.406788,-1.474508,False,-0.4024899999999999,0.51125520144053,0.46502196077175,0.046479655047486426,93.244423159,-0.6235999999999999,0.6280680359465715,0.020623190829743666,94.47544664249999,9.62562
234321,12.76,62.72,52.406788,-1.474508,False,-0.2785599999999999,0.4044508078864444,0.44045381193088473,0.032304220570486826,94.09872011399999,-0.5201399999999999,0.6242991131394249,0.023817724492487168,95.253574734,9.67984
234420,12.76,62.72,52.406788,-1.474508,False,-0.19723999999999992,0.3195914238871565,0.43955132629130717,0.030922419051555423,93.966074554,-0.3154699999999999,0.39479023417506826,0.03200652711210325,94.611883606,9.677879999999998
234520,12.76,62.72,52.406788,-1.474508,False,-0.0836099999999999,0.2881271843011898,0.45227039613733816,0.021660009233608314,94.14310218,-0.2701799999999999,0.36938123877040735,0.030998896037691057,95.6302932155,9.689029999999999
234621,12.76,62.72,52.406788,-1.474508,False,-0.024869999999999916,0.27234598522222686,0.43122056691829547,0.015567134182843792,92.91039299100001,-0.3214099999999999,0.2992214321275294,0.030473101071090736,95.061820798,9.62682
234721,12.76,62.72,52.406788,-1.474508,False,-0.04483999999999992,0.26761157257819856,0.45069573242069305,0.014119761565503286,93.350743151,-0.3167399999999999,0.29957022252257887,0.02955596574485654,95.0208273305,9.648909999999999
234821,12.76,62.72,52.406788,-1.474508,False,0.011370000000000083,0.2466713245055701,0.4588080305409785,0.016065522089244326,93.84029592299999,-0.36247999999999997,0.35731639823054545,0.03131046860787086,94.9531068205,9.6745
234921,12.76,62.72,52.406788,-1.474508,False,0.011960000000000078,0.24744741394216588,0.4590169642229435,0.01288170537364252,93.884754791,-0.26241999999999993,0.46540961838889194,0.028806087319639375,93.83722791699999,9.676770000000001
235021,12.76,62.72,52.406788,-1.474508,False,0.03566000000000008,0.20400154247782631,0.27284934080510337,0.013772662132725813,96.12710959099999,-0.17504999999999993,0.3798168513317445,0.030504952239122307,92.90977224999999,9.79905
235120,12.76,62.72,52.406788,-1.474508,False,0.03942000000000008,0.20399457944867921,0.36195343101319394,0.01376402718845185,99.251374948,-0.14684999999999993,0.3781177601694483,0.02903718688547918,94.68604469350001,9.95462
235221,12.76,62.72,52.406788,-1.474508,False,0.08585000000000009,0.21705923538671637,0.40188126010330855,0.013720560403196917,98.366567578,-0.12606999999999993,0.37684306503725323,0.02939263891218759,95.8054953685,9.908150000000001
235320,12.76,62.72,52.406788,-1.474508,False,0.10636000000000008,0.20962955262398647,0.3989651218395479,0.013868172995107161,98.521571036,-0.17909999999999993,0.4051246392572763,0.03154411549278635,96.310145575,9.91602
235421,12.76,62.72,52.406788,-1.474508,False,0.13051000000000007,0.18675033511794872,0.4050874824583518,0.01424119611081401,98.203731275,-0.18559999999999993,0.40080256430761585,0.029830327595325976,96.0849029145,9.89988
235520,12.76,62.72,52.406788,-1.474508,False,0.0933500000000001,0.17433930040775653,0.40384426261177153,0.014465441576391559,98.15958898699999,-0.18145999999999993,0.40017002830741893,0.028312384412322696,96.15134558349999,9.89832
235621,12.76,62.72,52.406788,-1.474508,False,0.0943300000000001,0.17485543902193856,0.3907461807590431,0.010913376094397895,98.40967941099998,-0.22362999999999994,0.41716244650948964,0.028769922565840645,95.660036201,9.911399999999999
235720,12.76,62.72,52.406788,-1.474508,False,0.11389000000000009,0.1641611095506128,0.39605909337426626,0.011350888364646374,97.42778092,-0.21690999999999994,0.41677332621516155,0.027085069687929963,95.3892620355,9.861509999999999
235821,12.76,62.72,52.406788,-1.474508,False,0.1395800000000001,0.19291010456801888,0.4696601896880112,0.011469771866373995,98.95890230399999,-0.13371999999999992,0.3300806393056844,0.021824848223985945,96.39959911349999,9.93516
235920,12.76,62.72,52.406788,-1.474508,False,0.1312500000000001,0.18656692126717056,0.4638428440754484,0.011544315580501945,99.38443550299999,-0.21958999999999995,0.21215029499548596,0.024668189142204536,96.634595147,9.95702
236021,12.76,62.72,52.406788,-1.474508,False,0.1834400000000001,0.1419035133853664,0.4628028454728626,0.011627749376192851,99.77030459400001,-0.2295699999999999,0.211092870820206,0.01993540959086564,97.9487070925,9.97626
236120,12.76,62.72,52.406788,-1.474508,False,0.1588000000000001,0.18217011585633563,0.35826997331311333,0.011377409390737513,97.580400162,-0.2566899999999999,0.20129710739215698,0.019954214258313677,98.415887555,9.86964
236220,12.76,62.72,52.406788,-1.474508,False,0.16430000000000008,0.18921447560315632,0.320939824058448,0.010908100965184747,98.347730514,-0.2819899999999999,0.1883932320676464,0.020344903811793588,98.357149046,9.909379999999999
236320,12.76,62.72,52.406788,-1.474508,False,0.18679000000000007,0.1977394775961537,0.33148858351382343,0.007895315066544078,98.008969316,-0.24366999999999991,0.15045290182203785,0.014324202518039182,98.265270176,9.89141
236421,12.76,62.72,52.406788,-1.474508,False,0.1869000000000001,0.1976677065739925,0.33684133571229796,0.008162679298694223,99.037251505,-0.18476999999999993,0.304408030445987,0.017659130468086787,98.62049139,9.943090000000002
236520,12.76,62.72,52.406788,-1.474508,False,0.21765000000000007,0.18551903915471532,0.3265395909295613,0.013978972303666118,98.429986159,-0.22356999999999996,0.33252848182107236,0.01989299430006062,98.294787573,9.912400000000002
236621,12.76,62.72,52.406788,-1.474508,False,0.21676000000000012,0.1857329576449895,0.3182356247953539,0.014952669772764026,99.565691726,-0.20663999999999993,0.3173704467092824,0.019366239237968846,98.9876855685,9.96978
236721,12.76,62.72,52.406788,-1.474508,False,0.23135000000000008,0.18286499118201924,0.3050350509914118,0.014580717860699827,100.978398032,-0.19147999999999993,0.3208784255758012,0.01792995321305229,99.20308947599999,10.040470000000001
236820,12.76,62.72,52.406788,-1.474508,False,0.2089900000000001,0.16828594349433243,0.21556481495003912,0.013326915121912657,99.63854565599999,-0.24685999999999994,0.3515049207811157,0.017219820621082092,99.29872398,9.97635
236920,12.76,62.72,52.406788,-1.474508,False,0.21128000000000008,0.16866524900589958,0.21530048898122753,0.01746297989080512,99.739309101,-0.2969399999999999,0.38898734969434084,0.019055267571520585,99.56187230200001,9.98135
237020,12.76,62.72,52.406788,-1.474508,False,0.17624000000000012,0.1856237005940296,0.21534975401786696,0.017709394870143474,99.466627293,-0.293,0.3896661790701321,0.019362564109355728,99.6184659435,9.96809
237121,12.76,62.72,52.406788,-1.474508,False,0.1637700000000001,0.2148747751598583,0.2381956488080975,0.018903994286922472,100.76527753299999,-0.3449399999999999,0.42541246181402814,0.018544888484132507,99.1728388475,10.03224
237220,12.76,62.72,52.406788,-1.474508,False,0.1918100000000001,0.26257666160994203,0.30347291385631825,0.02062421446315519,100.04477607999999,-0.43796999999999997,0.5094644923839201,0.012646936387917094,99.196253297,9.993149999999998
237321,12.76,62.72,52.406788,-1.474508,False,0.18426000000000012,0.2584479453283469,0.30026400032119704,0.019379556811811246,101.569839037,-0.47996999999999995,0.5070064453896738,0.019112256102651895,99.7894041765,10.069489999999998
237421,12.76,62.72,52.406788,-1.474508,False,0.22748000000000007,0.2731773123815372,0.315966337166194,0.019438910006021933,101.994261318,-0.5241899999999998,0.4110730928517121,0.024719753684497813,100.5157564115,10.08888
237520,12.76,62.72,52.406788,-1.474508,False,0.22605000000000008,0.2728631372440525,0.3604458381258152,0.017827946226827814,101.295834957,-0.59177,0.47636401825588665,0.025618589170973722,99.862910558,10.0529
237620,12.76,62.72,52.406788,-1.474508,False,0.25972000000000006,0.2859925399182451,0.3578299012411087,0.017275789095983037,100.908565206,-0.6367999999999999,0.4766963277484889,0.02782960853319953,100.237128466,10.03256
237720,12.76,62.72,52.406788,-1.474508,False,0.28198000000000006,0.2949208586873589,0.4270523997252681,0.017423343217904147,101.96643555099999,-0.7243799999999999,0.43710532369213495,0.029651998246324328,101.4724167915,10.08189
237821,12.76,62.72,52.406788,-1.474508,False,0.25167000000000006,0.31767786986190916,0.4751080355502776,0.017496043997302736,100.819653124,-0.7400399999999999,0.43748293223851153,0.032153306379144465,100.22909939,10.02309
237921,12.76,62.72,52.406788,-1.474508,False,0.2911000000000001,0.34063322732163964,0.48532317113902945,0.012983241334718896,101.561699608,-0.7137099999999998,0.4432511062842689,0.03735285947703512,100.65050435449999,10.057860000000002
238020,12.76,62.72,52.406788,-1.474508,False,0.32509000000000005,0.318072617320148,0.5302854518506462,0.013767820774867991,100.548643477,-0.9005899999999999,0.5818613550972104,0.03776112786686594,100.007635385,10.004940000000001
238120,12.76,62.72,52.406788,-1.474508,False,0.4150500000000001,0.23263084848460563,0.5265589540698277,0.012998670872225442,100.472709814,-0.9276499999999999,0.5845565902649876,0.037846621748549754,100.6189936735,10.00011
238220,12.76,62.72,52.406788,-1.474508,False,0.3762000000000001,0.21455571149082472,0.5678773346614762,0.010507822482956728,99.90899144099998,-0.9033999999999999,0.575267477884086,0.03796121412412674,99.97688376049999,9.97175
238320,9.03,74.94,52.40711,-1.473025,False,0.41087000000000007,0.2247821169735528,0.5475138979463853,0.010721530777935575,99.03179427299999,-0.9259699999999998,0.568265861195274,0.03352534033301476,100.30081665499999,9.92712
238421,9.03,74.94,52.40711,-1.473025,False,0.3873700000000001,0.22630102886789405,0.5664689050993407,0.010315683851947526,96.615910305,-1.09256,0.4399689261754819,0.026527805119241715,99.30508581149999,9.804640000000001
238520,9.03,74.94,52.40711,-1.473025,False,0.35642000000000007,0.2619466137296778,0.5592413969933842,0.009686049532990898,97.52881983699999,-1.05469,0.43817444382600496,0.02056769041212239,99.412327397,9.85183
238621,9.03,74.94,52.40711,-1.473025,False,0.35285000000000005,0.25986656084314697,0.5629919423145524,0.010394849151810074,96.749028489,-1.1262,0.4576354298638528,0.020620809338573506,98.8287968475,9.81216
238720,9.03,74.94,52.40711,-1.473025,False,0.31881000000000015,0.26262167317687746,0.4461297962601394,0.009649847436905582,94.78275428100001,-1.16602,0.45624013608820574,0.021583069496457438,98.374594916,9.71802
238821,9.03,74.94,52.40711,-1.473025,False,0.3317200000000001,0.2426102809949424,0.4343554342036303,0.010425827971383687,95.467668875,-1.2219699999999998,0.4432124397823064,0.021490010599243037,98.1436609995,9.753710000000002
238921,9.03,74.94,52.40711,-1.473025,False,0.30317000000000005,0.21768940182440438,0.42509484954667853,0.009360442772053381,95.307054215,-1.3147699999999998,0.3679696667752297,0.022620335000958277,98.4343769115,9.7473
239021,9.03,74.94,52.40711,-1.473025,False,0.2814400000000001,0.23057901610221795,0.4232835319787986,0.007587123594910131,95.33560115,-1.15022,0.35354862560427713,0.023348138160366835,97.94212231350001,9.74922
239121,9.03,74.94,52.40711,-1.473025,False,0.2473700000000001,0.2045221805412151,0.3742687364863839,0.008410179017780099,93.562533785,-1.18556,0.3656163964229997,0.03026443457261382,97.0176217995,9.66114
239221,9.03,74.94,52.40711,-1.473025,False,0.22508000000000009,0.21080438958111525,0.3802584333201755,0.010134435247105545,93.48713297900001,-1.2513,0.385923898658223,0.028622176716665396,96.69806221,9.65745
239320,9.03,74.94,52.40711,-1.473025,False,0.1372300000000001,0.20857228989276272,0.4245198411800778,0.016971099617355954,94.166674379,-1.27907,0.3646764930120427,0.028748884036312716,96.599234326,9.6926
239421,9.03,74.94,52.40711,-1.473025,False,0.06438000000000008,0.2744493954569145,0.44584619283635035,0.017129393191561346,96.71839475700001,-1.1342599999999998,0.5233641099230651,0.028011467889658265,96.667152531,9.82179
239521,9.03,74.94,52.40711,-1.473025,False,0.10420000000000007,0.28688870470774597,0.4873568644569765,0.016963346105975323,95.13902725800001,-1.20586,0.5370098285879009,0.03957906994584133,96.3339235475,9.738600000000002
239620,9.03,74.94,52.40711,-1.473025,False,0.11478000000000008,0.3034954650951687,0.5628232072921923,0.01452653128283239,93.792231166,-1.14305,0.5279407842425827,0.04334916249351205,95.2706298275,9.664940000000001
239720,9.03,74.94,52.40711,-1.473025,False,0.11919000000000009,0.3043284645466684,0.5681657435213023,0.013331833248948719,94.015196302,-1.12304,0.5238099426318734,0.0426665898436811,94.39897529150001,9.67611
239820,9.03,74.94,52.40711,-1.473025,False,0.11578000000000008,0.3055354018404041,0.5670454929819251,0.0132190266913515,93.858965844,-1.11489,0.5199964475306067,0.04270574252304328,94.6633173595,9.668099999999999
239921,9.03,74.94,52.40711,-1.473025,False,0.1382800000000001,0.332265529024269,0.5799755884709505,0.012620974605790026,94.09051354099999,-1.09024,0.5087837724526182,0.039431803295197305,94.698783878,9.67829
240020,9.03,74.94,52.40711,-1.473025,False,0.15235000000000007,0.3317492166950472,0.5866447950468477,0.012161693047342317,95.519850905,-1.19553,0.4660020363570267,0.039438954234501875,95.42772602749999,9.7513
240120,9.03,74.94,52.40711,-1.473025,False,0.18896000000000007,0.3618016436299497,0.5892313113050126,0.013703057242008971,95.466880438,-1.1664400000000001,0.4569906130813314,0.03364267131684634,94.5147071115,9.74684
240220,9.03,74.94,52.40711,-1.473025,False,0.1928000000000001,0.3606254012129481,0.5433062595504203,0.015147951823413,96.625572377,-1.0815199999999998,0.43520041564523376,0.038584569454641095,95.05635267800001,9.80845
240320,9.03,74.94,52.40711,-1.473025,False,0.2184800000000001,0.3334484427913856,0.521480822700554,0.013597503855896063,96.04720991399999,-1.11194,0.45053853750571027,0.03916089886608864,95.1069421465,9.78032
240421,9.03,74.94,52.40711,-1.473025,False,0.3980100000000001,0.4035030454242786,0.4765127141827185,0.015244018863511958,93.96463899999999,-1.1496199999999999,0.35751816053330454,0.039907227137171535,95.3415168785,9.66723
240520,9.03,74.94,52.40711,-1.473025,False,0.3594500000000001,0.4251392641110551,0.44345658800433546,0.014899753912956549,95.30510152,-1.1140199999999998,0.3214959747458501,0.02976221504600198,95.222064389,9.738389999999999
240621,9.03,74.94,52.40711,-1.473025,False,0.31929000000000013,0.4210015847159411,0.327057281595205,0.014427057912131544,97.681680808,-1.1040999999999999,0.32925546650318305,0.02370649231282014,95.73695598700002,9.865289999999998
240720,9.03,74.94,52.40711,-1.473025,False,0.3217000000000001,0.42025200111890587,0.32762376609628285,0.014353431645428825,97.712589963,-1.04168,0.37905409992067496,0.022851160923585002,95.86389313250001,9.86679
240820,9.03,74.94,52.40711,-1.473025,False,0.3252100000000001,0.417434336685957,0.32391126168203094,0.012998051135971541,97.88429233,-0.99896,0.37094296416925465,0.019073801112754418,95.871629087,9.875589999999999
240920,9.03,74.94,52.40711,-1.473025,False,0.2607300000000001,0.4233767931760079,0.27490925856443277,0.011017667629766194,96.44828887700001,-1.02033,0.3888868474390943,0.021153011343279512,95.269401209,9.80566
241021,9.03,74.94,52.40711,-1.473025,False,0.2437700000000001,0.4292272515165416,0.2711532041321157,0.01105322476826449,96.383747026,-0.9507299999999999,0.3561771377340924,0.02418825242872205,95.95179896549999,9.802669999999999
241121,9.03,74.94,52.40711,-1.473025,False,0.2009500000000001,0.4095512835883789,0.27499654563487064,0.011240230325832993,98.07407213799999,-0.9173899999999999,0.3495167439956767,0.022553021477793176,96.770476288,9.89013
241221,9.03,74.94,52.40711,-1.473025,False,0.2583000000000001,0.4348506972385913,0.29105871572588354,0.011585148538826102,97.81218387,-0.9481399999999999,0.3517952946435462,0.01727083604744716,97.21887812349999,9.87416
241320,9.03,74.94,52.40711,-1.473025,False,0.29038000000000014,0.4257017547532548,0.29304910017113484,0.011139344684495484,97.88616071,-0.8623299999999998,0.3189553296832322,0.01643088217013655,96.96668531200001,9.877320000000001
241421,9.03,74.94,52.40711,-1.473025,False,0.1654800000000001,0.2172526936286144,0.22460037127702567,0.010182315824779414,98.709637765,-0.9524699999999999,0.3077036743723227,0.016481086803431518,96.3371383825,9.92947
241520,9.03,74.94,52.40711,-1.473025,False,0.18992000000000012,0.207169054960757,0.225253747286625,0.009462140936971342,98.67800091199999,-0.91902,0.28772877197497704,0.01701091479674872,96.991551216,9.92762
241620,9.03,74.94,52.40711,-1.473025,False,0.2163500000000001,0.22179408994230046,0.21524367199370503,0.010488427485143274,98.326013096,-0.9400499999999999,0.2882168406291145,0.017256290318477432,98.00384695199999,9.90925
241720,9.03,74.94,52.40711,-1.473025,False,0.22935000000000008,0.22547248292320626,0.2508526933835453,0.007882159884475957,97.35999759299999,-1.0089199999999998,0.2532731674168024,0.017694330542107426,97.53629377799999,9.859259999999999
241821,9.03,74.94,52.40711,-1.473025,False,0.2301600000000001,0.2247235892280905,0.2505266417413988,0.008269764204618994,97.633804946,-1.02241,0.24864948756567543,0.018316282980513392,97.759048638,9.87314
241920,9.03,74.94,52.40711,-1.473025,False,0.23697000000000007,0.21565781048276977,0.2767559496499875,0.008415461959987559,98.922244218,-1.01559,0.23772788108350004,0.017334067292153657,97.68526654749999,9.93757
242020,9.03,74.94,52.40711,-1.473025,False,0.28654000000000013,0.22100461131438517,0.2725683359779299,0.00897334943039653,98.77995486399999,-1.01319,0.24030832717805972,0.013687484145095645,97.581850945,9.9291
242121,9.03,74.94,52.40711,-1.473025,False,0.29846000000000006,0.21791467851228244,0.26824432664602216,0.008520622043019958,98.724235747,-1.0450199999999998,0.23447500601226304,0.012261955617093792,98.39915394249999,9.92611
242221,9.03,74.94,52.40711,-1.473025,False,0.24149000000000007,0.17644617341022484,0.25464019932271276,0.008492408374542385,98.86084217499999,-1.06877,0.25306792698141944,0.01223889973268386,98.33651302249999,9.9356
242321,9.03,74.94,52.40711,-1.473025,False,0.24263000000000007,0.17707634919560677,0.25588621516430077,0.008169054072806844,98.905491055,-1.10218,0.19946393046253252,0.011811595056460419,98.3958258825,9.93778
242420,9.03,74.94,52.40711,-1.473025,False,0.22566000000000005,0.20032778250768013,0.25949413694939294,0.00881667611845731,99.40582488599999,-1.07063,0.1851079687942081,0.010496369742811089,99.0577313255,9.96284
242520,9.03,74.94,52.40711,-1.473025,False,0.21528000000000008,0.20325808334342904,0.2704965680620234,0.008853775089380289,99.118052386,-1.10183,0.18478369366491973,0.013711698168596366,98.898026649,9.9483
242621,9.03,74.94,52.40711,-1.473025,False,0.22992000000000007,0.22546918882878672,0.27150335704902173,0.007415217086804818,99.01389019,-1.1403699999999999,0.20919580434502516,0.0162426085753907,98.66995164299999,9.94228
242720,9.03,74.94,52.40711,-1.473025,False,0.1991800000000001,0.2289939970101105,0.2310549153099463,0.007300692509009599,100.46618873700001,-1.06941,0.2923525590409363,0.016048125539556184,98.91309316499999,10.01655
242820,9.03,74.94,52.40711,-1.473025,False,0.2134900000000001,0.22277968414257743,0.23091235470531485,0.007271107205921101,100.476519763,-1.04315,0.30997375247305786,0.014753564541041896,99.0551623545,10.0169
242920,9.03,74.94,52.40711,-1.473025,False,0.23044000000000012,0.21120011679289696,0.20889505711932976,0.007244798900667214,99.508298152,-0.99924,0.29469900350471656,0.017964409258309114,99.21527118499999,9.96874
243021,9.03,74.94,52.40711,-1.473025,False,0.2146200000000001,0.19117764164950504,0.20986363403145372,0.008247289116902328,99.556586076,-0.9788099999999998,0.31840054595850326,0.019822770296359805,99.16827047,9.971860000000001
243121,9.03,74.94,52.40711,-1.473025,False,0.23534000000000005,0.21169503851846252,0.18738307435720053,0.007836389474751616,98.66252312099999,-0.9207699999999999,0.33630595874723224,0.021162348640924106,98.693379434,9.92649
243221,9.03,74.94,52.40711,-1.473025,False,0.2530200000000001,0.20781021683791753,0.15899516414728337,0.007774316690230591,99.38700621400001,-0.8546299999999999,0.306824973813348,0.0217070495461733,99.1239241945,9.963
243321,9.03,74.94,52.40711,-1.473025,False,0.23024000000000006,0.21021161930038232,0.15575059978482708,0.007152225760791624,98.960760694,-0.83127,0.30968362368356495,0.024399373853532937,98.93312587449999,9.94214
243421,9.03,74.94,52.40711,-1.473025,False,0.2368900000000001,0.1999906189466563,0.15162672038046116,0.006895602463406028,98.298509768,-0.7830099999999999,0.31671005474689906,0.025941963002912228,98.85216732699999,9.90887
243520,9.03,74.94,52.40711,-1.473025,False,0.2508700000000001,0.19553871483673016,0.14994986569591673,0.006179176500329166,98.325684073,-0.7308499999999999,0.272917094656164,0.024560177795230956,98.7218682295,9.91
243620,9.03,74.94,52.40711,-1.473025,False,0.24128000000000008,0.17877303923006843,0.152932187223258,0.006179176500329166,98.598767349,-0.6552699999999999,0.12180313852919185,0.02737571713926251,98.80632876950001,9.92425
243721,9.03,74.94,52.40711,-1.473025,False,0.2395400000000001,0.18104809183074969,0.11628521497689905,0.006256241328110153,98.163903681,-0.6519299999999999,0.12730628028501165,0.02759706908753617,99.315046209,9.90277
243821,9.03,74.94,52.40711,-1.473025,False,0.2359600000000001,0.18249349577450696,0.11621222970640809,0.006270424405271156,98.031194341,-0.6351899999999999,0.1249705605332949,0.026915414831571477,99.253857052,9.896130000000001
243921,9.03,74.94,52.40711,-1.473025,False,0.23392000000000007,0.18338361613477538,0.11471130381188943,0.00634900692147101,98.166435037,-0.5999399999999999,0.08711859349954645,0.024551010388803415,98.8373665945,9.90301
244021,9.03,74.94,52.40711,-1.473025,False,0.2131600000000001,0.17759942567474674,0.10361678542699655,0.004886045890537895,97.79987560600001,-0.5788599999999999,0.11655787499018708,0.022430160746439894,98.67823084099999,9.88516
244120,9.03,74.94,52.40711,-1.473025,False,0.16599000000000008,0.15124608681806428,0.10073182714515727,0.0037692321646601756,97.87708708400001,-0.5549999999999999,0.14077442949628968,0.018218308861631467,98.2698051025,9.89039
244220,9.03,74.94,52.40711,-1.473025,False,0.16498000000000007,0.1503488521184415,0.11281823581910366,0.0033342665360362243,98.03159943099999,-0.5389799999999999,0.13311740682572587,0.01453539740694418,98.7093028225,9.898109999999999
244321,9.03,74.94,52.40711,-1.473025,False,0.1723100000000001,0.14903790308359566,0.11240495688951978,0.0030014070774292013,98.085111694,-0.49524999999999986,0.14816812710193322,0.01467501277682653,98.522936194,9.90071
244420,9.03,74.94,52.40711,-1.473025,False,0.19531000000000007,0.1335348764264304,0.10383078381033127,0.0026780797432318466,98.314614774,-0.47344999999999987,0.15898006339022916,0.014841967524557584,98.30656227099999,9.91215
244521,9.03,74.94,52.40711,-1.473025,False,0.1834400000000001,0.13270512172984542,0.07709585375794842,0.0028162425716226677,98.71178927600002,-0.4126199999999999,0.17058183959614706,0.014995810526055446,98.51873667449999,9.93262
244621,9.03,74.94,52.40711,-1.473025,False,0.1544100000000001,0.07806281587428061,0.07762970794455278,0.002184312757418198,98.311439777,-0.36415999999999993,0.15758365115428916,0.009585660586986738,98.45510356300001,9.91346
244720,9.03,74.94,52.40711,-1.473025,False,0.1668600000000001,0.06265102996404155,0.07266161220954319,0.0035307537753601482,98.23015493900002,-0.30579999999999996,0.2178845871862873,0.013162049823472698,98.19702931000002,9.90929
244820,9.03,74.94,52.40711,-1.473025,False,0.15256000000000008,0.07990662884475193,0.08087259458900126,0.004523039784137063,98.080352659,-0.2297599999999999,0.2443100634667277,0.01701647894117869,98.0557735,9.90179
244920,9.03,74.94,52.40711,-1.473025,False,0.14338000000000012,0.08497562787842698,0.08221880090480414,0.005165440714767288,97.96257109900002,-0.11055999999999995,0.34436623011620887,0.018118342455460863,98.064503068,9.89593
245020,9.03,74.94,52.40711,-1.473025,False,0.1291700000000001,0.09250614454065888,0.08510906466934126,0.005532690725737753,98.179158455,0.02748000000000006,0.4835787763011255,0.016674601444513014,97.98951703050001,9.90698
245120,9.03,74.94,52.40711,-1.473025,False,0.1119600000000001,0.12274838039211881,0.11232298864337409,0.005146617011850073,97.81315848400001,0.16188000000000008,0.554693434450262,0.01850037837450959,97.84512278400001,9.888160000000001
245220,9.03,74.94,52.40711,-1.473025,False,0.07665000000000008,0.11946179538059348,0.11500985513329229,0.006171520612188258,96.92373793600001,0.28299,0.5189253477674417,0.02067830048894573,97.47766868350001,9.843430000000001
245321,9.03,74.94,52.40711,-1.473025,False,0.06803000000000009,0.11406774838762013,0.1270504051329519,0.0062316753588241135,97.163914484,0.37534000000000006,0.4941475087910988,0.020727909258346448,97.62451308900002,9.855610000000002
245420,9.03,74.94,52.40711,-1.473025,False,0.049750000000000086,0.10227399202360073,0.12899321299976457,0.006226868305086174,97.241928812,0.4958300000000001,0.4546574389337342,0.021827579394478085,97.77827179300002,9.859770000000001
245521,9.03,74.94,52.40711,-1.473025,False,0.028650000000000085,0.10370809729449018,0.13020639342556095,0.005737207993053196,96.943089505,0.6003200000000001,0.41842794096209934,0.022898432745981644,97.8274393905,9.844660000000001
245620,9.03,74.94,52.40711,-1.473025,False,0.013460000000000088,0.08485916698990832,0.13438377712938004,0.005656864070411193,96.77138500800001,0.68245,0.3147664645768771,0.022876324491103123,97.5414123925,9.836079999999999
245721,9.03,74.94,52.40711,-1.473025,False,0.0028900000000000895,0.07239021496183785,0.13371497090620707,0.005527305954179583,96.757286506,0.7518800000000001,0.24952411506706942,0.022565807467642033,97.4937207225,9.83547
245820,9.03,74.94,52.40711,-1.473025,False,0.01143000000000009,0.07822898084753091,0.13718673445750498,0.005275309364282516,97.066156766,0.8251900000000001,0.15364218496234683,0.021160815464228534,97.57325471250002,9.85107
245921,9.03,74.94,52.40711,-1.473025,False,-0.006059999999999911,0.08513675534755796,0.14088957220305118,0.005322113197676909,96.86458879599999,0.8424800000000001,0.14069475075102433,0.02376631837051989,97.41357994750001,9.84074
246021,9.03,74.94,52.40711,-1.473025,False,-0.004809999999999912,0.08569910475351765,0.1325966486085751,0.0052485024319109865,96.553671224,0.8079700000000001,0.13324102679815342,0.026217934913168376,97.36641483950001,9.825030000000002
246121,9.03,74.94,52.40711,-1.473025,False,0.020900000000000085,0.08047481317502089,0.1231971031405579,0.005282265927926297,96.99948391199999,0.7856500000000002,0.11189668101523956,0.026065944150259864,97.40632119800001,9.847819999999999
246220,9.03,74.94,52.40711,-1.473025,False,0.016760000000000087,0.08662096487314429,0.09820863336117075,0.004434260554665731,97.475454721,0.81666,0.12337681395718657,0.02453207650766237,97.19959632850001,9.87217
246320,9.03,74.94,52.40711,-1.473025,False,0.009090000000000086,0.0822065886788956,0.09277594515823111,0.004425431554599192,96.905253753,0.81964,0.11970862959705118,0.025014804505421716,97.0345841185,9.84334
246420,9.03,74.94,52.40711,-1.473025,False,0.012900000000000087,0.08415855406446301,0.08810107894410049,0.005005385988001994,96.639084255,0.80196,0.11988900607554388,0.026522853876945442,96.94050653350001,9.82983
246521,9.03,74.94,52.40711,-1.473025,False,0.020070000000000084,0.07895854116066976,0.09318710032332607,0.005215191484712719,97.00934214,0.8082,0.12883269943786962,0.025979658709588332,96.97621582250001,9.84863
246620,9.03,74.94,52.40711,-1.473025,False,0.006170000000000085,0.08502759094682803,0.09637813548727235,0.0048599954275239145,96.965512984,0.8235100000000001,0.11432230704850599,0.024651436739739033,96.868448996,9.84635
246721,9.03,74.94,52.40711,-1.473025,False,0.005220000000000085,0.08467485262263852,0.09266276310724973,0.005061411748602027,96.505340385,0.81418,0.11787566707719152,0.024991145098481486,96.63131344550001,9.822989999999999
246821,9.03,74.94,52.40711,-1.473025,False,-0.005379999999999914,0.07842414310798083,0.09093354105550139,0.005334843536182973,96.48076151400001,0.8207000000000001,0.12578201602597866,0.025773707533065977,96.77345914,9.8218
246920,9.03,74.94,52.40711,-1.473025,False,-0.005969999999999915,0.07934719836823302,0.09327456721364398,0.005643176804286936,96.43532684300001,0.8249299999999999,0.1265061443391567,0.024778182607555287,96.64995781950002,9.819460000000001
247021,9.03,74.94,52.40711,-1.473025,False,-0.014659999999999914,0.07907109599734288,0.09826592039519637,0.005390774011627843,96.244746592,0.8318000000000001,0.11938378821637749,0.02249742948279548,96.399208908,9.8097
247120,9.03,74.94,52.40711,-1.473025,False,-0.019789999999999912,0.07045795357673247,0.09615450298581148,0.0056298411266312715,96.199844605,0.8417100000000002,0.1197057081160273,0.02240055802876397,96.5996642585,9.80748
247220,9.03,74.94,52.40711,-1.473025,False,-0.013309999999999914,0.06352010093050088,0.0946967229281864,0.005964906630544096,95.923737973,0.82115,0.10739956807281033,0.02484280356338453,96.699596347,9.79346
247320,0.0,73.98,52.407185,-1.472617,False,-0.003089999999999915,0.0761392503538306,0.09755557732221452,0.006343010151164473,96.265196605,0.8395800000000001,0.09951895185230678,0.026162271393066514,96.585225179,9.81078
247421,0.0,73.98,52.407185,-1.472617,False,-0.009539999999999913,0.0720313851348373,0.1078521771273747,0.005791420858092882,96.58338971100001,0.8692900000000001,0.10450719751929656,0.024151901236411085,96.611236983,9.82691
247521,0.0,73.98,52.407185,-1.472617,False,-0.014789999999999914,0.0732348649513552,0.10327167461497838,0.005324252686214693,96.099925626,0.8538500000000001,0.09452042989042433,0.024439178473190677,96.55463388300001,9.80231
247621,0.0,73.98,52.407185,-1.472617,False,0.004490000000000086,0.07692971467514281,0.10025754391124324,0.005951321048491668,96.39220146900001,0.85692,0.0926493005310501,0.025710819166690206,96.67885722650001,9.81722
247720,0.0,73.98,52.407185,-1.472617,False,0.0026100000000000858,0.07648447119077315,0.10637806791503786,0.005616088001842761,96.870578613,0.88597,0.0947863920144396,0.02399943517853933,96.687959499,9.8415
247820,0.0,73.98,52.407185,-1.472617,False,0.0005900000000000863,0.07711280985960316,0.10691466171153771,0.005708872237335495,96.445290185,0.86948,0.09026655342191035,0.02376631837051989,96.4630258495,9.81986
247921,0.0,73.98,52.407185,-1.472617,False,0.018450000000000088,0.06604547675654217,0.10244664139607802,0.005479091571094812,96.725004946,0.8685500000000002,0.09038398641354524,0.023321082498222744,96.5801658945,9.834190000000001
248020,0.0,73.98,52.407185,-1.472617,False,0.016170000000000087,0.06905361926309347,0.09800017913817172,0.005565618663824258,97.13185647700001,0.8917100000000001,0.08560849451624082,0.0234100856707346,96.6883015345,9.85488
248120,0.0,73.98,52.407185,-1.472617,False,0.007390000000000088,0.06698546193846848,0.10545002028345413,0.0054748820383028465,96.82730269200002,0.8835000000000001,0.08965323319449296,0.02328691573490287,96.5135736485,9.839369999999999
248221,0.0,73.98,52.407185,-1.472617,False,0.016810000000000085,0.06480945490006369,0.10044261822333282,0.004960779508638847,97.134561863,0.8983700000000002,0.08457308542190992,0.020108663141376545,96.529149918,9.85502
248321,0.0,73.98,52.407185,-1.472617,False,-0.0066399999999999125,0.06554303420907642,0.10055070362758592,0.004706744569704438,97.138371038,0.9069,0.08708146887958487,0.019878187375446374,96.7017838215,9.85522
248420,0.0,73.98,52.407185,-1.472617,False,-0.003969999999999913,0.06655610916110939,0.10231884805191066,0.004763332167016181,96.658053377,0.88186,0.08745766213814878,0.020780720231343176,96.620721544,9.8308
248520,0.0,73.98,52.407185,-1.472617,False,0.0029100000000000874,0.06439976621764838,0.09895224437408869,0.00468524871864379,97.133578457,0.89047,0.08736846685162733,0.018665369002514313,96.6167520415,9.855
248620,0.0,73.98,52.407185,-1.472617,False,-0.01631999999999991,0.05930261002312072,0.09924740130940184,0.0040942914188196134,97.05646771400001,0.9015700000000001,0.0843343880039684,0.017695084063095664,96.72433459150001,9.851099999999999
248721,0.0,73.98,52.407185,-1.472617,False,-0.010659999999999913,0.06461030533556056,0.09039992686822841,0.00413694734476172,96.699704591,0.8748700000000001,0.0839182677768708,0.018144117504029295,96.785141602,9.83303
248820,0.0,73.98,52.407185,-1.472617,False,-0.01714999999999991,0.06981846699356921,0.0812849309528093,0.003921521813445778,96.92677695500001,0.88771,0.08408979922283823,0.01718947998696425,96.68603357,9.8446
248921,0.0,73.98,52.407185,-1.472617,False,-0.02458999999999991,0.0645816872908418,0.08522849028088454,0.0039661904476038954,96.704684779,0.88304,0.08739554018626099,0.016623280195089858,96.71484486250002,9.8333
249021,0.0,73.98,52.407185,-1.472617,False,-0.016449999999999913,0.06272313501942843,0.08098476125518274,0.003616950833690034,96.622100359,0.8664400000000001,0.08265342904766425,0.01661459866770519,96.876978418,9.82916
249120,0.0,73.98,52.407185,-1.472617,False,-0.022789999999999914,0.06598301885922264,0.07664179379136975,0.0038908011171648236,96.691123664,0.8714700000000001,0.08017490671444898,0.017254744919072102,96.75921317800001,9.83267
249220,0.0,73.98,52.407185,-1.472617,False,-0.023069999999999913,0.06566621065830563,0.0743365208584361,0.003933742916527596,96.62747370000001,0.85524,0.0815143913674386,0.01747740128152861,96.88101778149999,9.82945
249320,0.0,73.98,52.407185,-1.472617,False,-0.02081999999999991,0.06251420816279274,0.06992238951551352,0.0042639183857102235,96.410311325,0.8437700000000001,0.07131674339797668,0.01878558549053621,96.7743411815,9.818449999999999
249421,0.0,73.98,52.407185,-1.472617,False,-0.01931999999999991,0.06404628187663193,0.05958745580147083,0.004207612149426049,96.631442252,0.8389900000000001,0.07822664294644528,0.017869353031875555,96.6447478145,9.82976
249521,0.0,73.98,52.407185,-1.472617,False,-0.030939999999999912,0.06749535292644508,0.04915895306727103,0.004328458796795144,96.52921148,0.8402100000000001,0.07985419282113544,0.019329565724845798,96.8313949685,9.82456
249621,0.0,73.98,52.407185,-1.472617,False,-0.02756999999999991,0.06512393398572068,0.05898451774268472,0.003923207304687484,96.322304375,0.8247000000000002,0.075324261990732,0.018567725882414,96.6893860445,9.814
249721,0.0,73.98,52.407185,-1.472617,False,-0.02884999999999991,0.06315241263974752,0.06029452158643373,0.0038504833751387487,96.456591919,0.8257900000000001,0.07428981461519164,0.01864721903603323,96.578148255,9.82084
249820,0.0,73.98,52.407185,-1.472617,False,-0.030699999999999915,0.06552855187710029,0.0601518818399931,0.004008601862106856,96.44439154599999,0.8200900000000001,0.06568777072047896,0.01927885715838352,96.6855842505,9.8202
249920,0.0,73.98,52.407185,-1.472617,False,-0.02600999999999991,0.06835473567272149,0.06125805978720264,0.0036999849849542058,96.42710782399999,0.8105600000000001,0.07410693774692234,0.019138373319939072,96.5658963015,9.819309999999998
250021,0.0,73.98,52.407185,-1.472617,False,-0.02456999999999991,0.06927523286779794,0.0603403504206971,0.0041475561746913,96.41173106,0.8146600000000002,0.07541641731084817,0.02021375769123649,96.51691570950001,9.818529999999999
250120,0.0,73.98,52.407185,-1.472617,False,-0.024489999999999915,0.06920312211966924,0.06129777592488151,0.0038587418790178986,96.39513218300002,0.8098700000000001,0.07386302713659779,0.019453377313179098,96.54312792350001,9.81768
250221,0.0,73.98,52.407185,-1.472617,False,-0.022109999999999914,0.07211848969268775,0.06723678226159299,0.004174845306515082,96.097460579,0.7993100000000001,0.08579630204413508,0.020466669381107857,96.36246713950001,9.80246
250320,0.0,73.98,52.407185,-1.472617,False,-0.010359999999999914,0.06906411192185395,0.07898211893279906,0.004459745882147434,96.37211617,0.80311,0.0892262349312354,0.020641621921631496,96.3912137475,9.81642
250421,0.0,73.98,52.407185,-1.472617,False,-0.010779999999999913,0.06869778906355745,0.08131830735520097,0.004595275351440128,96.226011338,0.80317,0.08916446788568495,0.020678534227014257,96.42872679500002,9.808959999999999
250520,0.0,73.98,52.407185,-1.472617,False,0.007720000000000086,0.06664130851055448,0.07579450581087677,0.005275140861731445,96.101369958,0.7771600000000001,0.0822924621902721,0.020777725787220102,96.31529071899999,9.80266
250621,0.0,73.98,52.407185,-1.472617,False,0.012500000000000086,0.06332215690857727,0.07047226483599635,0.005282844351714529,96.31753119499999,0.7886000000000001,0.08962979415352923,0.020565669884003292,96.319917785,9.813730000000001
250721,0.0,73.98,52.407185,-1.472617,False,0.012200000000000086,0.06310886537474598,0.07025445497937008,0.005355371135598134,96.11325843799999,0.7765100000000001,0.1004035573739166,0.02106825152266425,96.2849251785,9.80332
250820,0.0,73.98,52.407185,-1.472617,False,0.027300000000000085,0.045257608322911945,0.07463541012447258,0.005162697400046036,96.222121326,0.7641800000000001,0.09222384362700012,0.01989258935159356,96.333256436,9.8089
250920,0.0,73.98,52.407185,-1.472617,False,0.015200000000000088,0.05832758066871628,0.07163216301202605,0.005189262418151748,96.32388095099999,0.7732100000000001,0.09097018376005055,0.019684161709919084,96.37549438750001,9.814070000000001
251021,0.0,73.98,52.407185,-1.472617,False,0.024140000000000085,0.06577615576077435,0.06795220869604246,0.0053753449501712,96.15960038,0.7519900000000002,0.09455404627339176,0.02067271148156483,96.28566572,9.80566
251120,0.0,73.98,52.407185,-1.472617,False,0.039480000000000084,0.05585172433425998,0.08188107636487285,0.005358368325442811,96.584653132,0.7500100000000001,0.09340228940807989,0.02034869365176437,96.4898926575,9.82722
251221,0.0,73.98,52.407185,-1.472617,False,0.02789000000000009,0.06137410691813772,0.07834622943492617,0.005172673927047137,96.63171139599999,0.7578500000000001,0.08919161956150387,0.019817287626941057,96.3645859875,9.829649999999999
251321,0.0,73.98,52.407185,-1.472617,False,0.037740000000000086,0.06852471087132764,0.06962430610069732,0.004961462597975401,96.45459035399999,0.7268600000000001,0.09148054073592587,0.02095920906056492,96.413353262,9.82062
251420,0.0,73.98,52.407185,-1.472617,False,0.03491000000000009,0.06893988444047248,0.07507082581730491,0.004714528372782956,96.832232251,0.7325100000000001,0.09279993354884865,0.020924955860832775,96.5291217945,9.8398
251520,0.0,73.98,52.407185,-1.472617,False,0.022150000000000086,0.07059205573810913,0.08306317809691,0.00412990449176598,96.619246603,0.7329300000000002,0.09254754994057951,0.020437992943427144,96.36030828049999,9.82894
251621,0.0,73.98,52.407185,-1.472617,False,0.03240000000000008,0.07334168134302108,0.08369356871616733,0.004648536209269175,96.67786271099999,0.71011,0.07630591137726606,0.021246186585937406,96.497696953,9.83187
251720,0.0,73.98,52.407185,-1.472617,False,0.022350000000000085,0.07724588806027927,0.08272995494044165,0.004527753919500628,96.98114992200001,0.7235600000000001,0.07558076180854238,0.020334305987665825,96.54720418,9.847290000000001
251820,0.0,73.98,52.407185,-1.472617,False,0.019100000000000086,0.07721666486796934,0.09108775317122046,0.004977906744360855,96.648192959,0.7055500000000001,0.0851440250399526,0.02192322208678936,96.4351571425,9.83031
251921,0.0,73.98,52.407185,-1.472617,False,0.03457000000000009,0.06796144413480279,0.09090588600918191,0.0052386278949950165,96.774046552,0.6940500000000001,0.07808296513611995,0.022152892963825034,96.5489637515,9.83673
252020,0.0,73.98,52.407185,-1.472617,False,0.018070000000000086,0.06739800607006985,0.09370549669637365,0.004815207391402773,97.03225643200001,0.7065400000000002,0.07888837683717465,0.02137937739453139,96.595928406,9.84987
252121,0.0,73.98,52.407185,-1.472617,False,0.010390000000000087,0.06475443270969539,0.09294049231155753,0.004921788292886813,96.526954525,0.6837500000000001,0.08470677855601294,0.02329529280062152,96.5558038285,9.82422
252220,0.0,73.98,52.407185,-1.472617,False,0.030420000000000093,0.0744568749157607,0.08834913129172939,0.0049648094961771755,96.79387138500002,0.6714300000000001,0.08310633148766354,0.02338863921745912,96.7127913905,9.83773
252320,0.0,73.98,52.407185,-1.472617,False,0.02998000000000009,0.07384966410815894,0.08834996321449869,0.004457503037949734,96.76484312800001,0.6656900000000001,0.09156703009273635,0.018923401150721646,96.60971674100001,9.83626
252420,0.0,73.98,52.407185,-1.472617,False,0.029460000000000087,0.0739998828827835,0.09258207409886851,0.0044582507780516105,96.23666180800001,0.6368900000000001,0.0976518356202488,0.018760644385995916,96.5344470295,9.80934
252521,0.0,73.98,52.407185,-1.472617,False,0.027660000000000084,0.07615656679936186,0.08916440246348589,0.004708868701125808,96.326165944,0.6312200000000001,0.09620272345419383,0.020082632076277585,96.4727062735,9.81392
252620,0.0,73.98,52.407185,-1.472617,False,0.030090000000000082,0.07891367224166974,0.08855125069700617,0.004588584870208779,96.14335620700001,0.6094200000000001,0.11198422309515894,0.019890410866658003,96.410609459,9.80458
252721,0.0,73.98,52.407185,-1.472617,False,0.03834000000000009,0.07385352169440343,0.10250600036639271,0.004422982904983423,96.30825323299999,0.6061600000000001,0.10680864717388393,0.02066662365586976,96.6447015775,9.81287
252821,0.0,73.98,52.407185,-1.472617,False,0.03602000000000009,0.07536270518852393,0.0966643683635014,0.004248934506960806,96.500843277,0.6136800000000001,0.10788125982869466,0.02200565836324881,96.574518118,9.82273
252920,0.0,73.98,52.407185,-1.472617,False,0.039600000000000087,0.07771131763705945,0.09968380008809812,0.0045577894251975105,96.23831296799999,0.5871100000000001,0.1197716943930489,0.023624095514726294,96.50617976,9.809299999999999
253021,0.0,73.98,52.407185,-1.472617,False,0.05395000000000009,0.0714862574205639,0.10942345320412271,0.00451517195439726,96.36409304999998,0.5764900000000001,0.10592742221814853,0.022708696327374475,96.698174741,9.81559
253121,0.0,73.98,52.407185,-1.472617,False,0.04952000000000008,0.07664245704713106,0.1052231786886169,0.0044380300935334925,96.72171940799998,0.58321,0.10705975953230625,0.02283457660848808,96.62433696650001,9.83382
253220,0.0,73.98,52.407185,-1.472617,False,0.04654000000000008,0.07274276138099532,0.10570526582070404,0.004592796291778635,96.53798131299999,0.55981,0.12133718354698719,0.022936010018213233,96.66592634899999,9.82451
253320,0.0,73.98,52.407185,-1.472617,False,0.04001000000000009,0.06819443525683792,0.11357139164421301,0.004662200243566217,96.78573451599999,0.5740000000000001,0.12492823717818394,0.023478938552574682,96.775288822,9.83709
253421,0.0,73.98,52.407185,-1.472617,False,0.035400000000000084,0.07205519489329099,0.09834239788730526,0.005464674433730191,97.140582583,0.58225,0.12138721559997676,0.026054065581658372,96.6886221955,9.85525
253521,0.0,73.98,52.407185,-1.472617,False,0.05656000000000009,0.07153779420697245,0.09593831640985957,0.005016018784299168,97.203153391,0.55684,0.13641182907327085,0.023048123567874716,96.7646596675,9.85835
253621,0.0,73.98,52.407185,-1.472617,False,0.04772000000000008,0.06818313248564233,0.09811645518352229,0.00459884043355833,97.637231951,0.5805400000000001,0.13511420025709822,0.022656429060595576,96.89029407899999,9.88039
253720,0.0,73.98,52.407185,-1.472617,False,0.03915000000000009,0.07521974105541378,0.08967167582044577,0.005441650076544176,97.348858062,0.56437,0.12190293998826246,0.026488446118596687,96.8285556475,9.865849999999998
253821,0.0,73.98,52.407185,-1.472617,False,0.05149000000000008,0.07490556202460094,0.0955897274815803,0.00529344458321359,97.22881995099999,0.53515,0.13078387812640338,0.02466663063060476,96.864831614,9.85966
253921,0.0,73.98,52.407185,-1.472617,False,0.05356000000000009,0.07668753628994317,0.09158318683641307,0.004675895636131947,97.745345075,0.54869,0.12459596435413743,0.022771727109632635,96.9918290215,9.88583
254021,0.0,73.98,52.407185,-1.472617,False,0.043040000000000085,0.07842080506259638,0.08468553661112106,0.0049509146180835425,97.58220638700001,0.5455400000000001,0.12180521061653105,0.02481366111193187,96.9731497185,9.877669999999998
254120,0.0,73.98,52.407185,-1.472617,False,0.053170000000000085,0.07160014044057621,0.0993283046825722,0.0054770328544647764,97.22389164400002,0.5187000000000002,0.1304862189403061,0.024843217272415955,96.97280552599999,9.859390000000001
254220,0.0,73.98,52.407185,-1.472617,False,0.05744000000000008,0.07715885777622994,0.0991713001718751,0.005228777209932427,97.579947063,0.5268400000000002,0.12407162984879941,0.023763195164886106,97.058964188,9.87737
254321,0.0,73.98,52.407185,-1.472617,False,0.054800000000000085,0.07770890124903623,0.09929460598532105,0.0057502560329468905,97.58251512300001,0.51675,0.11529881227105192,0.02556992373864306,97.1841248195,9.877510000000001
254420,0.0,73.98,52.407185,-1.472617,False,0.06502000000000009,0.0705054891480031,0.11318299047708548,0.005369678244033081,97.28834812400001,0.4957900000000001,0.12297530420555426,0.024702003967290227,97.2144653535,9.862460000000002
254520,0.0,73.98,52.407185,-1.472617,False,0.06259000000000009,0.06760252214229266,0.11287779823036843,0.005495745829477564,97.53077790500001,0.5034600000000001,0.11676329522206572,0.02457992857778295,97.36696564799999,9.87478
254621,0.0,73.98,52.407185,-1.472617,False,0.05977000000000009,0.06958861736423438,0.10947779074620186,0.005496554476315951,97.461281309,0.5011700000000001,0.11307153144017457,0.024999111095308522,97.54925663,9.8713
254721,0.0,73.98,52.407185,-1.472617,False,0.06209000000000009,0.06571225913023512,0.1418415704619567,0.005241670641227742,96.95184259700001,0.4853600000000001,0.11090923416121126,0.02340251648386984,97.1503503295,9.8451
254820,0.0,73.98,52.407185,-1.472617,False,0.06317000000000009,0.06658429995125859,0.15023108459230444,0.005095793472179657,97.527921168,0.5177200000000001,0.12005069114523498,0.021946098109282296,97.3783705595,9.87419
254920,0.0,73.98,52.407185,-1.472617,False,0.05210000000000009,0.06497337916407857,0.1492417014257302,0.005176109650220793,97.502491113,0.5533600000000001,0.17387685425164726,0.022462076682464395,97.623918094,9.87299
255020,0.0,73.98,52.407185,-1.472617,False,0.0606200000000001,0.060513392457090254,0.15729884120503668,0.005593607462491646,97.109074569,0.5469000000000002,0.17191861123477303,0.02208559107955581,97.345640478,9.85291
255121,0.0,73.98,52.407185,-1.472617,False,0.05191000000000009,0.06754401774644778,0.14954574030859938,0.004722864008675488,97.35146686099999,0.60809,0.20432106243742876,0.02019061663248604,97.2876792525,9.86532
255220,0.0,73.98,52.407185,-1.472617,False,0.036010000000000084,0.05600756794099978,0.14698700207086607,0.004004178373204964,97.03995764,0.6508900000000001,0.21733835091345904,0.019137830481942765,97.3099523515,9.849689999999999
255321,0.0,73.98,52.407185,-1.472617,False,0.03473000000000008,0.056346054776602796,0.14521469507825382,0.004084169982314933,96.61871959599999,0.6833000000000001,0.2270551719541204,0.017651125239549013,97.1006173595,9.828309999999998
255421,0.0,73.98,52.407185,-1.472617,False,0.019220000000000088,0.06761390060893183,0.13876617263104818,0.004403344688352515,96.888353056,0.7537200000000001,0.22559971828194492,0.014802481023276682,97.08835059,9.84208
255520,0.0,73.98,52.407185,-1.472617,False,0.0008700000000000846,0.059905686059180466,0.1370038539604024,0.004558861943755272,96.826831751,0.83126,0.24246402803074285,0.01374153881080684,97.178804828,9.83904
255621,0.0,73.98,52.407185,-1.472617,False,-0.004779999999999915,0.06223856967792877,0.13391120441049914,0.0049396468609718405,96.403347064,0.8797,0.25211030654590577,0.014055224414194002,96.93231418650001,9.81752
255721,0.0,73.98,52.407185,-1.472617,False,-0.024409999999999914,0.09376706896464752,0.12638118882528157,0.006497555095743336,97.330454961,1.0326300000000002,0.37937807015049635,0.011571713596333837,97.141148779,9.86446
255821,0.0,73.98,52.407185,-1.472617,False,-0.04199999999999991,0.07996226888003555,0.2528874411450551,0.008123901635161267,95.56819982500001,1.1138100000000002,0.38536511532715934,0.011051897775697454,96.5480604965,9.77257
255920,0.0,73.98,52.407185,-1.472617,False,-0.07514999999999991,0.11613019752750045,0.2488350656336318,0.010690307136217601,95.479326532,1.26206,0.5498144054537385,0.010579272186687602,96.4909088225,9.76759
256020,0.0,73.98,52.407185,-1.472617,False,-0.1006199999999999,0.10859052342527936,0.33456757895662187,0.010920668477707687,94.27473364200002,1.42933,0.5683163400196555,0.00853776577591973,95.69190410550002,9.70326
256120,0.0,73.98,52.407185,-1.472617,False,-0.1097499999999999,0.10615915986018608,0.3899530820781273,0.010686382820102232,92.773106823,1.56061,0.6018557532055915,0.010290669992226492,95.062286842,9.623619999999999
256220,0.0,73.98,52.407185,-1.472617,False,-0.12717999999999993,0.0993524679556936,0.3961678297557021,0.011678303720051816,91.832767176,1.71051,0.6060310634686079,0.010234804454519107,94.43636240800001,9.57426
256321,0.0,73.98,52.407185,-1.472617,False,-0.1360899999999999,0.08853106736556993,0.4282745615970202,0.012530589238605859,92.54794112600001,1.8637800000000002,0.5678189261453792,0.011402928473764957,94.58333036100001,9.610270000000002
256420,0.0,73.98,52.407185,-1.472617,False,-0.1473299999999999,0.08931615568677821,0.4211481454838114,0.012310537491650462,92.207640827,2.04064,0.5672961037530012,0.01169280880617654,94.5479969415,9.592659999999999
256522,0.0,73.98,52.407185,-1.472617,False,-0.14442999999999992,0.0929501784111511,0.4836181142641917,0.013021674239513068,93.19302800700001,2.20336,0.5403971033724512,0.011729847967188458,95.00992987900001,9.64126
256621,0.0,73.98,52.407185,-1.472617,False,-0.1270599999999999,0.12324756657502371,0.5155235579270723,0.015455818753250552,91.911523755,2.30213,0.39576183649036234,0.011182829099413464,94.1574354095,9.57301
256720,0.0,73.98,52.407185,-1.472617,False,-0.1381999999999999,0.1373604584862534,0.4948763544788067,0.016208464866647034,90.333295866,2.34554,0.37710358199778155,0.011360046948260755,93.8318754135,9.49088
256820,0.0,73.98,52.407185,-1.472617,False,-0.13762999999999992,0.13773326113259793,0.5073746839258914,0.014758007242774193,92.151620658,2.45147,0.23756671600953963,0.018368523802055742,93.8599102415,9.58561
256921,0.0,73.98,52.407185,-1.472617,False,-0.07372999999999992,0.1839043534618491,0.5828144935473867,0.012696058005888532,93.384002526,2.37835,0.3448427862406637,0.02023396484462091,94.431664529,9.645850000000001
257021,0.0,73.98,52.407185,-1.472617,False,-0.04803999999999991,0.18452957727390892,0.586833047334972,0.015604347684753252,95.966058877,2.41511,0.34776426067093463,0.020506952750497395,95.1203962595,9.77871
257121,0.0,73.98,52.407185,-1.472617,False,-0.049839999999999905,0.18545027605503184,0.5272793294092089,0.017909541218765607,97.746557421,2.4733400000000003,0.37165513046371573,0.02076375313965339,95.259832122,9.872330000000002
257220,0.0,73.98,52.407185,-1.472617,False,-0.08858999999999992,0.24435933672451088,0.5551298887047399,0.01836914381359246,97.394933689,2.51838,0.38870689557386057,0.020549290336489844,94.61385043250002,9.8517
257320,0.0,73.98,52.407185,-1.472617,False,-0.1252099999999999,0.2681300780922872,0.5564827484597691,0.019297682647290922,96.267029081,2.5039700000000003,0.39530018705901265,0.020478888858746963,94.40748510350001,9.79326
257421,0.0,73.98,52.407185,-1.472617,False,-0.11345999999999992,0.266889724209995,0.5554215501160699,0.01929837068540007,96.70553529500002,2.4433300000000004,0.38526121311823625,0.020462203639339517,94.456588061,9.815850000000001
257520,0.0,73.98,52.407185,-1.472617,False,-0.021029999999999903,0.4172450333903181,0.519197798852557,0.02002526459805762,95.33962062,2.42654,0.36871742326912615,0.02055103133394795,94.26632431350001,9.74371
257621,0.0,73.98,52.407185,-1.472617,False,-0.09374999999999992,0.45172521945192223,0.6543935954590155,0.024534250435756987,99.928903299,2.4517200000000003,0.35451800393084804,0.02058612261802756,95.92021352700002,9.9675
257720,0.0,73.98,52.407185,-1.472617,False,-0.14214999999999992,0.5036203006454569,0.6269704161902512,0.02478804371286908,100.46530632400001,2.30988,0.588117110030913,0.021995880927523664,95.39930109500001,9.99315
257821,0.0,73.98,52.407185,-1.472617,False,-0.1796899999999999,0.5102750205090912,0.6264503262208597,0.02516744148917622,100.24477935600001,2.19176,0.6471119690165271,0.017732985585563403,96.19820000700001,9.98123
257921,0.0,73.98,52.407185,-1.472617,False,-0.21649999999999991,0.4828939796223943,0.5978588923074678,0.02656870548429315,98.683098764,2.20883,0.6337810348307319,0.01460517792504576,96.033550645,9.90478
258021,0.0,73.98,52.407185,-1.472617,False,-0.16427999999999993,0.5421146410123951,0.5729647066889143,0.025506445808418224,97.713490952,2.11329,0.6393608761011979,0.015041014297949884,96.8397749145,9.855279999999999
258120,0.0,73.98,52.407185,-1.472617,False,-0.17298999999999992,0.542436147701581,0.6467957748264427,0.024038570857871033,95.65946863,2.0449,0.583801941300874,0.011752181830528294,96.70301302550001,9.74619
258220,0.0,73.98,52.407185,-1.472617,False,-0.1544799999999999,0.5309120115424006,0.6746591241343872,0.028961815857742323,98.929783146,1.9008100000000003,0.538942341690342,0.020297293196658822,98.1623584175,9.91174
258321,0.0,73.98,52.407185,-1.472617,False,-0.13786999999999988,0.5235443609560579,0.6762792105829255,0.02992858351327554,100.707717489,1.8359800000000004,0.5274380064677454,0.03000633451641724,98.487373285,10.001520000000001
258420,0.0,73.98,52.407185,-1.472617,False,-0.10429999999999988,0.5378081896818672,0.6899815002350902,0.030134677329909723,100.072246614,1.7354699999999998,0.5399255443525962,0.033061029425392796,98.3888909545,9.96858
258521,0.0,73.98,52.407185,-1.472617,False,-0.1776399999999999,0.42431995841712317,0.6891764912641101,0.029847480816831234,100.026951529,1.59502,0.43855344232804855,0.03300781725591714,97.68328607449999,9.97025
258621,0.0,73.98,52.407185,-1.472617,False,-0.0717299999999999,0.43738502501927257,0.5123285078931316,0.025687100091507195,97.28835898700001,1.38726,0.5107467282758139,0.03304237010600547,98.608631143,9.8425
258720,0.0,73.98,52.407185,-1.472617,False,0.01590000000000009,0.34958183273416366,0.49767065816662476,0.02707496588691804,98.093431262,1.41653,0.49242688583067074,0.03201566456873571,99.279368793,9.887379999999999
258820,0.0,73.98,52.407185,-1.472617,False,0.05633000000000009,0.3139053857808455,0.5024882990345823,0.028717621380918292,98.39405580100001,1.3306,0.5681575563951363,0.03368014416701824,99.3194175785,9.90328
258921,0.0,73.98,52.407185,-1.472617,False,0.04437000000000009,0.3206010745459209,0.5010837997115196,0.0264934394394788,98.508930898,1.20966,0.5773847632981778,0.03361861256969319,98.59601483099999,9.909009999999999
259020,0.0,73.98,52.407185,-1.472617,False,-0.02706999999999991,0.2580634032773921,0.5043688113760507,0.026717536895787663,98.14266782600001,1.1798300000000002,0.5595430577216095,0.03401612199465979,97.928079389,9.89207
259120,0.0,73.98,52.407185,-1.472617,False,-0.0009599999999999134,0.24824984815928897,0.36325914288409616,0.027570195259857412,99.90560822799999,1.1723,0.54483695828304,0.03442433893499093,97.782538429,9.98656
259221,0.0,73.98,52.407185,-1.472617,False,0.01082000000000009,0.23087937591353022,0.2423106399278076,0.020255504053082518,98.13430022399999,1.15456,0.539106252565818,0.029606652780902316,98.532041685,9.90118
259320,5.55,73.89,52.407215,-1.472483,False,0.01429000000000009,0.22634597632827275,0.1613215491564132,0.021051429088464853,97.03314463299999,1.08843,0.5143801556782296,0.023553081893176706,98.870431061,9.847
259421,5.55,73.89,52.407215,-1.472483,False,-0.01038999999999991,0.21074295796854567,0.12733585686854434,0.02188783528203122,97.674209933,1.1582700000000001,0.5782093604876694,0.020021499555339658,98.8732282735,9.88026
259521,5.55,73.89,52.407215,-1.472483,False,-0.10120999999999991,0.3033852975636364,0.1447594284014395,0.0220828742090637,98.79450949,1.1865800000000002,0.5916494942108917,0.022004547509801988,99.41073050949998,9.933910000000001
259621,5.55,73.89,52.407215,-1.472483,False,-0.2100899999999999,0.2767120904478116,0.14210488340971772,0.020956844546193745,98.68588545,1.24137,0.5221085818316207,0.02273192566511835,97.98712221849999,9.92747
259720,5.55,73.89,52.407215,-1.472483,False,-0.2299199999999999,0.26230251746154565,0.16085090404885732,0.023071723915746776,98.189655678,1.1871800000000001,0.5468391532759515,0.022899966035880192,98.14154347,9.9021
259820,5.55,73.89,52.407215,-1.472483,False,-0.22376999999999994,0.2682884188083125,0.20036795485639416,0.025841226751065767,98.621281575,1.2433200000000002,0.4977221487269149,0.019382168208032517,98.507668688,9.923219999999999
259921,5.55,73.89,52.407215,-1.472483,False,-0.15302999999999992,0.36136247130362725,0.2282736566784098,0.025256253351067938,99.59930919,1.1764800000000002,0.6197426379823623,0.01964038922447595,99.054120044,9.97053
260021,5.55,73.89,52.407215,-1.472483,False,-0.1514099999999999,0.3615602683739806,0.21397554611060565,0.02322313023211502,99.93813381,1.1053600000000001,0.6379535549099373,0.01456460321006682,99.040400818,9.98781
260121,5.55,73.89,52.407215,-1.472483,False,-0.18699999999999992,0.3591289647652099,0.27348931321798337,0.021254343346975176,99.19698345600001,0.88109,0.6401274828761363,0.01695882595517154,99.55129584199999,9.9488
260220,5.55,73.89,52.407215,-1.472483,False,-0.1856899999999999,0.3588808141678457,0.27323194562699077,0.019683168218330802,99.229042,0.78682,0.6519639028862501,0.01685336761599954,98.681671112,9.95045
260320,5.55,73.89,52.407215,-1.472483,False,-0.1880099999999999,0.35933771008465965,0.27239609415538707,0.02087588986792598,99.497442592,0.7331300000000001,0.6574605489643084,0.024162790493741957,98.2652936125,9.963890000000001
260421,5.55,73.89,52.407215,-1.472483,False,-0.24518999999999994,0.3708919203158155,0.36158496527249634,0.021898259697468538,98.227262337,0.67682,0.5614336842208376,0.026151566768445572,97.950736135,9.89574
260521,5.55,73.89,52.407215,-1.472483,False,-0.06829999999999992,0.5036248603871721,0.36581622647930295,0.022834661761843005,98.36021047599999,0.6396900000000001,0.5057669367735883,0.034383645983390616,98.577359983,9.89984
260621,5.55,73.89,52.407215,-1.472483,False,-0.019339999999999916,0.4645774165841457,0.3819074471939796,0.023322495101891966,98.91569794,0.6302800000000001,0.5022451787280403,0.03941614023609026,98.800791695,9.929239999999998
260721,5.55,73.89,52.407215,-1.472483,False,-0.031829999999999914,0.46991664520895965,0.4058016796690511,0.01988286811414394,98.458768048,0.67559,0.5312218043759592,0.03870342505659071,98.324211863,9.90509
260820,5.55,73.89,52.407215,-1.472483,False,-0.20637999999999992,0.7064501457600829,0.6027590383671911,0.012859864350416321,95.109641067,0.5106300000000001,0.6358804815197456,0.038279434571465834,96.865461321,9.71035
260920,5.55,73.89,52.407215,-1.472483,False,-0.2942999999999999,0.6564420952715037,0.5666985188106918,0.016118867481584635,93.905849643,0.6064100000000001,0.6151373766168958,0.05289211766521675,96.75257941650001,9.65103
261020,5.55,73.89,52.407215,-1.472483,False,-0.2122399999999999,0.7299890276192118,0.5661904669710545,0.017538810931442494,92.907119714,0.8376600000000002,0.9646899504216105,0.05164199410901537,96.422626762,9.59656
261120,5.55,73.89,52.407215,-1.472483,False,-0.24094999999999991,0.7404868057193471,0.5801027867733743,0.017490648294953955,92.4486917,0.9818100000000001,0.9095383107806853,0.0532019840899861,95.822837578,9.57049
261220,5.55,73.89,52.407215,-1.472483,False,-0.2699099999999999,0.7461305135311246,0.5840876057769373,0.015960510295378618,92.58205022,1.11067,0.8916786168046597,0.051732926330014334,95.90554611,9.57607
261320,5.55,73.89,52.407215,-1.472483,False,-0.30621999999999994,0.7544963379632782,0.5748433940358734,0.016377301364998997,91.014672811,1.2405599999999999,0.8761732910788846,0.052045083021037546,95.2560577015,9.49269
261420,5.55,73.89,52.407215,-1.472483,False,-0.3164999999999999,0.7591589337330252,0.5682318444086137,0.016549642493620956,91.342523731,1.0906000000000002,0.9762975104387459,0.054326000527678796,94.784893034,9.50963
261520,5.55,73.89,52.407215,-1.472483,False,-0.4421199999999999,0.6001643641536847,0.516879268516584,0.01660819409541895,90.305436258,1.1911600000000002,1.0378215477088983,0.05315363894723819,94.332823367,9.46284
261621,5.55,73.89,52.407215,-1.472483,False,-0.4361699999999999,0.6037052611443186,0.513591082585288,0.013252437930852914,90.263717684,1.1786100000000002,1.044383697530113,0.05046508253788533,94.589707812,9.46087
261720,5.55,73.89,52.407215,-1.472483,False,-0.43276999999999993,0.6048535122012757,0.5236868046202321,0.013636128482820854,90.917641351,1.22412,1.0541707502424218,0.05091677741395507,94.6882046995,9.49496
261820,5.55,73.89,52.407215,-1.472483,False,-0.3100399999999999,0.4103039014627484,0.37705001967025914,0.012538491846222022,93.828798304,1.39606,0.8504968798688624,0.051656003200660904,94.46921968550001,9.66712
261921,5.55,73.89,52.407215,-1.472483,False,-0.27945999999999993,0.4190345522746273,0.388847794273183,0.01084345168497756,94.333439288,1.4650100000000001,0.8350170636313721,0.03628511173103035,94.1196444655,9.69336
262020,5.55,73.89,52.407215,-1.472483,False,-0.3765799999999999,0.23457908308759992,0.4346718865995473,0.009671269019339837,93.655152469,1.3096600000000003,0.6518719424345069,0.03848125084592092,93.2811360915,9.658869999999999
262121,5.55,73.89,52.407215,-1.472483,False,-0.43762999999999985,0.35249196381698134,0.4298086168414037,0.01088751068375536,93.842403407,1.2774300000000003,0.6598923970365702,0.03174633662155228,93.1455475535,9.66296
262221,5.55,73.89,52.407215,-1.472483,False,-0.4362399999999999,0.3521118168360047,0.4347521955730271,0.013056867073604457,92.3990577,1.1758000000000002,0.6861612865144135,0.03365627067212852,92.49055396,9.58786
262321,5.55,73.89,52.407215,-1.472483,False,-0.4330499999999999,0.35034979108186676,0.464185863157818,0.02045542851068033,91.977323485,1.0902100000000001,0.6623035045287888,0.04171855569035093,91.495998148,9.5648
262420,5.55,73.89,52.407215,-1.472483,False,-0.42116999999999993,0.3433015585620137,0.561562024376861,0.03645600849730471,90.491715372,1.23178,0.5017876394562892,0.043044510554644616,90.91711955150001,9.48285
262521,5.55,73.89,52.407215,-1.472483,False,-0.4403999999999999,0.33692922764942934,0.5550491258538541,0.04502080506708966,90.24501255300001,1.1170000000000002,0.37018075464712547,0.04220513528522883,90.2752244055,9.469510000000001
262621,5.55,73.89,52.407215,-1.472483,False,-0.4100999999999999,0.3827503160605372,0.6326989995250623,0.04476883836876813,91.15899834199999,1.13278,0.3500336485412727,0.04013551489087413,90.711358013,9.513079999999999
262721,5.55,73.89,52.407215,-1.472483,False,-0.4103299999999999,0.38263327685337595,0.6253642586525199,0.04906677989117369,90.555883219,1.08827,0.304887768239768,0.039463704843818496,90.73676228500001,9.48176
262821,5.55,73.89,52.407215,-1.472483,False,-0.4507699999999999,0.411331882898573,0.7500136918009576,0.04904574282125704,92.27694347999999,1.1676800000000003,0.40951607972771914,0.03822797259715603,93.052870892,9.56113
262921,5.55,73.89,52.407215,-1.472483,False,-0.48502999999999996,0.38639394132010557,0.7713401648357915,0.048825262131628334,90.084596816,0.9808200000000001,0.5790296323255967,0.04464042139386954,92.20901805199999,9.44349
263020,5.55,73.89,52.407215,-1.472483,False,-0.5155299999999998,0.3781690834357864,0.766167921542017,0.04848993022611324,91.750936751,1.0005300000000001,0.5979079863249157,0.046547143366221504,92.70304461,9.53038
263120,5.55,73.89,52.407215,-1.472483,False,-0.49605,0.340878695432842,0.7630059737643029,0.04715346222707296,92.87608059099999,1.05775,0.6231565582669538,0.046189195465799145,93.359241999,9.59174
263221,5.55,73.89,52.407215,-1.472483,False,-0.5098699999999999,0.34459018187470264,0.7536092736513694,0.043425349739524215,93.365043495,1.1295100000000002,0.6006226148293523,0.04157905589222669,92.8820505975,9.61702
263321,5.55,73.89,52.407215,-1.472483,False,-0.4326699999999999,0.4050035968290171,0.7243781053811353,0.045380568528831766,95.425888655,1.0906100000000003,0.6308325899599353,0.040628041766467164,93.70160607,9.727219999999999
263420,5.55,73.89,52.407215,-1.472483,False,-0.50301,0.4819733958771268,0.601018550647337,0.04109323950886971,98.280299847,1.09592,0.6327766901171058,0.041882157431430554,94.3860076095,9.87386
263520,5.55,73.89,52.407215,-1.472483,False,-0.54865,0.4952446000602983,0.6350014734016189,0.03014417946396208,97.49331276,1.08386,0.6348863768861006,0.04200947644414453,93.8691626565,9.82897
263620,5.55,73.89,52.407215,-1.472483,False,-0.6248599999999999,0.4169521907045566,0.6842035825200985,0.02977712768776282,98.170679681,1.09342,0.630675633833364,0.039600489615379764,94.66483901149999,9.859129999999999
263721,5.55,73.89,52.407215,-1.472483,False,-0.66245,0.39434095864703433,0.6842725720711686,0.02313151049494553,98.20047573299999,1.0984800000000001,0.6317111062643921,0.03866917951604956,94.37817947599999,9.85902
263821,5.55,73.89,52.407215,-1.472483,False,-0.61249,0.39447748126124743,0.5847203076875566,0.022392151402767034,95.342909469,0.98382,0.5602834120137613,0.041357895927568396,93.8099264745,9.72214
263920,5.55,73.89,52.407215,-1.472483,False,-0.5183899999999999,0.5414941908993797,0.5291533620374745,0.02245420277414051,96.01002023,1.09721,0.3580060100364607,0.03736637823260699,93.047308523,9.75835
264020,5.55,73.89,52.407215,-1.472483,False,-0.5143199999999999,0.541299610608063,0.5910024369192136,0.022075134327010398,97.45457843599999,0.97618,0.374651962344912,0.023844300506970013,94.6027575935,9.829139999999999
264120,5.55,73.89,52.407215,-1.472483,False,-0.4390699999999999,0.5135811783718074,0.5910631002223442,0.018621445223779478,97.402590549,0.8446700000000001,0.37863822384376394,0.02670622898626256,95.13933557,9.83148
264221,5.55,73.89,52.407215,-1.472483,False,-0.4283999999999999,0.5096926001686342,0.5788156057367907,0.01826327523261421,97.938656407,0.7430700000000001,0.3852499882471762,0.023583186100836557,95.651849951,9.860009999999999
264321,5.55,73.89,52.407215,-1.472483,False,-0.5443699999999999,0.48766847356693777,0.5810256392315641,0.01688582903568017,98.14170721800001,0.6761700000000002,0.48115520030213005,0.02295475985498484,96.78379793650001,9.86547
264420,5.55,73.89,52.407215,-1.472483,False,-0.46239999999999987,0.41872347013803846,0.5784409256306543,0.010947977996973658,97.764206934,0.6016500000000001,0.4232015864547096,0.023332973806754472,98.0222533905,9.8535
264521,5.55,73.89,52.407215,-1.472483,False,-0.38193999999999995,0.4062768273535191,0.5321893422457845,0.011529522491798437,99.19078167,0.5261100000000002,0.42553149367716203,0.024069642013679605,98.34204721500001,9.93184
264621,5.55,73.89,52.407215,-1.472483,False,-0.4056699999999999,0.423495800976162,0.4848289344363381,0.011533338150287889,95.13319472,0.5075200000000002,0.4119247525674844,0.024332605011931845,96.6519372005,9.72603
264721,5.55,73.89,52.407215,-1.472483,False,-0.3566999999999999,0.42529520727763925,0.47656392785579216,0.012020357731781403,95.64820706399999,0.42734000000000005,0.3223416069258842,0.027200982416899375,96.92434139849999,9.75468
264820,5.55,73.89,52.407215,-1.472483,False,-0.45097999999999994,0.5254032077049616,0.5125465183224333,0.012284696894013087,97.624690275,0.3612600000000001,0.30422530466745495,0.028585172924282545,96.483799872,9.84563
264920,5.55,73.89,52.407215,-1.472483,False,-0.5805899999999998,0.3898185174610761,0.45121246239684404,0.018127952633065436,99.21988208900001,0.3369600000000001,0.2664015315271402,0.028956143082638736,97.6149511595,9.92788
265021,5.55,73.89,52.407215,-1.472483,False,-0.6436499999999998,0.42794315107914854,0.4173309110685893,0.02108332674571697,96.876626129,0.3033800000000001,0.2803061572241747,0.030312316895209128,97.1656022825,9.80514
265120,5.55,73.89,52.407215,-1.472483,False,-0.7498699999999999,0.45718186036241565,0.44865822428907515,0.020567204206913655,97.99151713699999,0.36531000000000013,0.32948461589445555,0.024429419877589835,97.697053843,9.8519
265220,5.55,73.89,52.407215,-1.472483,False,-0.7143299999999999,0.48741524174863876,0.44949583906120466,0.020516251011224087,98.422340465,0.3920900000000001,0.33116909561264113,0.019720051836759213,98.18049843600001,9.87504
265320,5.55,73.89,52.407215,-1.472483,False,-0.6730099999999999,0.4797507789351511,0.44251478883008766,0.020394868635680508,97.916948296,0.4499700000000001,0.26287195044990813,0.01875922291686067,98.029327757,9.85295
265420,5.55,73.89,52.407215,-1.472483,False,-0.6622999999999999,0.48675908711485216,0.4464337706262375,0.020380570813072544,97.392536492,0.40790000000000004,0.2727313370741029,0.020098855688820354,97.578371713,9.82656
265521,5.55,73.89,52.407215,-1.472483,False,-0.79036,0.48420041810069064,0.4443912635404929,0.02215562381578692,97.456022276,0.4464600000000001,0.2631401958399216,0.01956329897197027,98.323401973,9.82052
265620,5.55,73.89,52.407215,-1.472483,False,-0.76884,0.4892994906553147,0.3416422282316905,0.021763019092028525,98.419557661,0.43507000000000007,0.2532396056877647,0.019625538916875747,96.7763761905,9.87461
265720,5.55,73.89,52.407215,-1.472483,False,-0.8226299999999999,0.4371093126692873,0.3579023758885525,0.022352183587092986,98.01365081700001,0.3938100000000001,0.2847743139556211,0.019166118832751138,96.8309289405,9.85138
265820,5.55,73.89,52.407215,-1.472483,False,-0.8005499999999998,0.41360536008239007,0.3295628377108188,0.02476382666534211,95.76175166099999,0.3787300000000001,0.30304408205188965,0.019108159978862553,96.693220968,9.74008
265921,5.55,73.89,52.407215,-1.472483,False,-0.8095299999999999,0.412950118187543,0.31952782108050076,0.022768752954676907,95.365105785,0.3693700000000001,0.29587422271409936,0.021106249732669332,97.292493937,9.71928
266020,5.55,73.89,52.407215,-1.472483,False,-0.6935999999999998,0.46608858957641147,0.4014089935603279,0.01871256559403622,97.758829687,0.44019000000000014,0.29579974626239036,0.030783465980584502,97.317727908,9.84567
266120,5.55,73.89,52.407215,-1.472483,False,-0.6478499999999998,0.4155791521078291,0.38222108262104904,0.018715460038279622,95.892798907,0.4038900000000001,0.25817910428401175,0.031955561157471696,96.942158022,9.756339999999998
266220,5.55,73.89,52.407215,-1.472483,False,-0.6787099999999999,0.3886169192004951,0.4137296197061894,0.018909095401126036,96.52737967499999,0.36838000000000004,0.2630817101628846,0.031546968510813324,97.47486007,9.78656
266320,5.55,73.89,52.407215,-1.472483,False,-0.6406399999999999,0.4182096900944362,0.42280022810885026,0.019697320742792443,95.72648407199999,0.38411000000000006,0.2694751048076925,0.03135101628691241,96.821716184,9.746680000000001
266421,5.55,73.89,52.407215,-1.472483,False,-0.6226399999999999,0.4365603565245984,0.4350841227727074,0.020805864557859575,95.273110617,0.35267000000000015,0.31306974746497557,0.03312828432355421,96.3328235545,9.72335
266520,5.55,73.89,52.407215,-1.472483,False,-0.54304,0.3519761645970369,0.5237288790755991,0.016382785680911033,96.604878025,0.37952000000000014,0.3429177478314348,0.032975479105272265,97.0304501505,9.79549
266621,5.55,73.89,52.407215,-1.472483,False,-0.5511199999999999,0.3535418592220985,0.5402073520623594,0.01610921061587636,98.518859289,0.3495800000000001,0.33590492967175045,0.03649734236900029,98.46920847499999,9.891409999999999
266721,5.55,73.89,52.407215,-1.472483,False,-0.5732699999999998,0.3677869372642509,0.6297228293287316,0.015234773819565896,97.276601493,0.3547600000000001,0.3306694697461924,0.043317290620105635,97.645126155,9.82188
266820,5.55,73.89,52.407215,-1.472483,False,-0.5746999999999999,0.3701204638732822,0.6154212111319484,0.020473950929575456,99.094922188,0.4448900000000001,0.3429274087422472,0.043830658980520604,97.42833692449999,9.914660000000001
266921,5.55,73.89,52.407215,-1.472483,False,-0.5265199999999999,0.3655667405245912,0.6784865216871386,0.021508654588844444,101.270933797,0.41437000000000007,0.34769328453554693,0.04854272345058551,98.31801979100001,10.022929999999999
267020,5.55,73.89,52.407215,-1.472483,False,-0.58314,0.313475103388515,0.652231769388767,0.025381874547707323,100.55771892499999,0.3456000000000001,0.3399672860078766,0.04463974437401946,99.15827430599998,9.987309999999999
267120,5.55,73.89,52.407215,-1.472483,False,-0.37501999999999996,0.6277830301058526,0.751103995240785,0.03351971890627296,99.333112693,0.3461300000000001,0.3402368555710782,0.043078275009310704,97.6129558,9.91615
267220,5.55,73.89,52.407215,-1.472483,False,-0.43814999999999993,0.6720827416819027,0.7398786477824912,0.032897215349901206,98.38119263,0.33489000000000013,0.3482369418466003,0.04322885353300274,97.4542861525,9.86357
267320,5.55,73.89,52.407215,-1.472483,False,-0.4304799999999999,0.675694093835695,0.8770032291844801,0.03608293071368907,96.373951878,0.23023000000000007,0.4245484530651432,0.04361735638226831,96.050217975,9.75118
267421,5.55,73.89,52.407215,-1.472483,False,-0.51401,0.68860655344285,0.8930153230612708,0.03623469178686202,98.5011437,0.20127000000000006,0.4617858114609768,0.04172153720402317,96.8871271585,9.85355
267520,5.55,73.89,52.407215,-1.472483,False,-0.6938799999999998,0.9037993801478018,0.9120472030303931,0.036304583426583686,95.258667855,0.08928000000000007,0.42727871153772656,0.04135782741983567,95.93177294,9.658850000000001
267621,5.55,73.89,52.407215,-1.472483,False,-0.6688599999999998,0.9086300961092753,0.8735275408111437,0.03727732256718251,93.557217315,0.03546000000000009,0.4335406201653311,0.03822319830795053,96.03803830199999,9.57497
267721,5.55,73.89,52.407215,-1.472483,False,-0.6591699999999999,0.9066225553607654,0.8579483927111026,0.03685880115009465,93.86872148999998,-0.03630999999999992,0.4828835848893212,0.026915662519969862,95.57266149149999,9.59333
267820,5.55,73.89,52.407215,-1.472483,False,-0.55014,0.9101972377213366,0.827928537509266,0.03468527705589853,92.577406571,-0.16322999999999993,0.3640375745258636,0.022708366055022758,95.83616437949999,9.53479
267921,5.55,73.89,52.407215,-1.472483,False,-0.5546299999999998,0.9091610748987811,0.6990724935385698,0.036338967453073745,90.405513152,-0.15717999999999993,0.37169338558669013,0.016705953695880713,95.83822347449998,9.42943
268021,5.55,73.89,52.407215,-1.472483,False,-0.5129399999999998,0.918560494832356,0.6339841190615384,0.034478626229399914,88.481463873,-0.10613999999999994,0.4359772119427118,0.021577665922585035,94.519591399,9.33259
268120,5.55,73.89,52.407215,-1.472483,False,-0.6027499999999999,0.7630907492996244,0.6114049634516756,0.025615769882372526,90.408421669,-0.14846999999999994,0.38804866833943263,0.02033093974982789,94.87076718099999,9.443760000000001
268220,5.55,73.89,52.407215,-1.472483,False,-0.5668499999999999,0.7435841299633345,0.6592065082776158,0.025645058003443796,91.33563534599999,-0.1564599999999999,0.38399374763429317,0.020751267698893287,94.858413988,9.49345
268320,13.25,97.94,52.40728,-1.471221,False,-0.5936299999999999,0.7300172571019553,0.5428006477724865,0.02238204885865251,94.482556774,-0.08795999999999993,0.3780832483285573,0.023039280467160098,95.42825432599999,9.66361
268421,13.25,97.94,52.40728,-1.471221,False,-0.5064299999999999,0.7301804861356741,0.5001716438717236,0.021095310168639577,93.736897039,-0.04827999999999992,0.3570466692184745,0.024051890662575043,96.1190203695,9.632000000000001
268520,13.25,97.94,52.40728,-1.471221,False,-0.31843999999999995,0.33462833844264595,0.3809405722098442,0.02158445943008271,95.339134988,-0.03152999999999992,0.34819316813134066,0.02525243442609969,95.2989014215,9.74712
268620,13.25,97.94,52.40728,-1.471221,False,-0.2809399999999999,0.34545905433527074,0.3958028668977168,0.016755310932490698,96.497713187,0.018150000000000083,0.3487143506271859,0.02646939532533579,95.027465251,9.806650000000001
268720,13.25,97.94,52.40728,-1.471221,False,-0.25512999999999997,0.31161570724210524,0.37817999961806065,0.01821629612309929,99.771654092,0.07952000000000009,0.262917430215491,0.027525051216018896,96.820187791,9.97449
268821,13.25,97.94,52.40728,-1.471221,False,-0.2802199999999999,0.30165828643976467,0.36864385101191366,0.020680307326321545,100.020901268,0.10604000000000009,0.22186700320488742,0.026366485460818878,96.2991539195,9.9869
268920,13.25,97.94,52.40728,-1.471221,False,-0.24982999999999994,0.3051168958138972,0.3742625461416753,0.016105696024836726,99.84612189399999,0.0483000000000001,0.2430807319024459,0.027199470991588055,95.125817523,9.97867
269021,13.25,97.94,52.40728,-1.471221,False,-0.2595199999999999,0.30276743843711995,0.450017997788243,0.017428421870292383,99.232158041,-0.03463999999999991,0.17216519973562233,0.02623437312636518,93.85681095700001,9.944849999999999
269120,13.25,97.94,52.40728,-1.471221,False,-0.28484999999999994,0.2577109933842723,0.4504271750238937,0.016541476489250927,99.75831004899999,-0.0450499999999999,0.16748645218844843,0.024951644345725464,95.083365859,9.9717
269220,13.25,97.94,52.40728,-1.471221,False,-0.1842799999999999,0.24146565341218945,0.44176453770960805,0.016301741556587583,98.69684777500001,-0.05565999999999991,0.16880419426070783,0.024746315101669764,95.01624156049999,9.921429999999999
269321,13.25,97.94,52.40728,-1.471221,False,-0.1910399999999999,0.24834602294200103,0.4422304547530812,0.01654908188121347,98.72838764999999,-0.1487999999999999,0.2534845294424764,0.028412651720277658,96.60547221200001,9.922720000000002
269421,13.25,97.94,52.40728,-1.471221,False,-0.18661999999999992,0.2502790478201793,0.43694262794000466,0.015684741346643487,98.176627357,-0.2872399999999999,0.4732948486702398,0.0331853866768026,95.95676219799999,9.895129999999998
269521,13.25,97.94,52.40728,-1.471221,False,-0.2004999999999999,0.2713611615541136,0.45019539757754795,0.010394635368517782,97.608290552,-0.28894999999999993,0.47266961270826924,0.030637067237072584,96.47371276999999,9.86506
269620,13.25,97.94,52.40728,-1.471221,False,-0.1746999999999999,0.3007059693454686,0.4524628039960926,0.010468158067842199,97.674168173,-0.3616799999999999,0.43590699262827826,0.036228901906259214,97.08594068,9.86803
269720,13.25,97.94,52.40728,-1.471221,False,-0.13957999999999993,0.274384000181413,0.3473881449074361,0.015462646747709176,95.746280669,-0.43604999999999994,0.43630205961263807,0.037603281476192976,97.75896738050001,9.774989999999999
269820,13.25,97.94,52.40728,-1.471221,False,-0.10786999999999991,0.2742138056740041,0.38566785436291806,0.014913603037346559,94.710044454,-0.4312699999999999,0.4404848642878373,0.03493116405478413,97.365472861,9.720949999999998
269920,13.25,97.94,52.40728,-1.471221,False,-0.11217999999999992,0.2741007025002113,0.3934959296697674,0.015268180419857847,95.21381982,-0.47495999999999994,0.4463675471078951,0.036105648988612696,97.529970857,9.746500000000001
270020,13.25,97.94,52.40728,-1.471221,False,-0.13804999999999992,0.2983086144321725,0.3191083925913416,0.012916746236313954,95.951110097,-0.4851099999999999,0.4417660679339074,0.03694887759534213,97.591634069,9.785720000000001
270121,13.25,97.94,52.40728,-1.471221,False,-0.17295999999999992,0.29428238970228376,0.3019368493576234,0.013724090740980402,95.03783256900002,-0.5159199999999999,0.41596199559308994,0.03801690267353338,97.398071309,9.73899
270223,13.25,97.94,52.40728,-1.471221,False,-0.1712599999999999,0.29691896836978215,0.36757828735296755,0.013779860505663795,96.319675542,-0.5784099999999999,0.3967364349007863,0.037620090672700966,97.5082616585,9.80252
270320,13.25,97.94,52.40728,-1.471221,False,-0.15504999999999994,0.2844274492535608,0.3939593752321953,0.013741405394726534,94.688496619,-0.5469999999999999,0.3948896526598105,0.03592469902448758,96.7084421345,9.71864
270420,13.25,97.94,52.40728,-1.471221,False,-0.22062999999999994,0.3336280731926195,0.4004212648365987,0.01424002184767353,94.988632935,-0.4426899999999999,0.24531632391217986,0.03222221455938636,96.582630146,9.73116
270521,13.25,97.94,52.40728,-1.471221,False,-0.21916999999999992,0.331715082060892,0.40430438533363405,0.01409004376619642,95.89056020299999,-0.39433999999999986,0.34054696918667454,0.030722564997083496,96.74942537749999,9.777339999999999
270620,13.25,97.94,52.40728,-1.471221,False,-0.2397899999999999,0.30579783972058294,0.49877051291707797,0.01409004376619642,93.06644244999998,-0.4164999999999999,0.35385651831718923,0.027480781163084743,95.3703053115,9.62813
270720,13.25,97.94,52.40728,-1.471221,False,-0.2219399999999999,0.3150376386684223,0.5017042152060968,0.01348621106496876,92.34127339,-0.28361999999999987,0.44336660727264054,0.025148677897655368,94.0437770295,9.590419999999998
270820,13.25,97.94,52.40728,-1.471221,False,-0.2557999999999999,0.3024785428569874,0.48972539198571774,0.013714615075410004,93.40932728599999,-0.31558999999999987,0.4372956651715007,0.02618999809087468,94.05968587,9.64602
270920,13.25,97.94,52.40728,-1.471221,False,-0.3518499999999999,0.3947810849065554,0.5026335882131326,0.010207970741859676,93.822884861,-0.2620399999999999,0.413700415491434,0.028300767559281206,94.5183523405,9.66082
271021,13.25,97.94,52.40728,-1.471221,False,-0.34621999999999986,0.3929018361994327,0.4909759039120257,0.011753434486235012,94.428840404,-0.2857599999999999,0.42589881740464375,0.028328203457175502,95.1899752505,9.69294
271120,13.25,97.94,52.40728,-1.471221,False,-0.2996199999999999,0.42537780801959185,0.4939245875862331,0.01211812691796865,94.91443420399999,-0.27788999999999986,0.4256908827619803,0.02727167028254811,94.9761333865,9.71814
271221,13.25,97.94,52.40728,-1.471221,False,-0.4057999999999999,0.405263206652989,0.43215166884891026,0.01284888235520016,93.383948688,-0.19323999999999988,0.40571583432524466,0.026455415324655507,94.851812115,9.638639999999999
271320,13.25,97.94,52.40728,-1.471221,False,-0.35831999999999986,0.4468385360880708,0.6084481097203192,0.01681211203600272,97.199416584,-0.1580899999999999,0.39841254289158673,0.027155406664440305,95.94395660149999,9.8264
